,Expected_Inflation_5Y__lvl__L52,Fed_Total_Assets__pct1,CPI__pct4,Sector_Rotation__lvl__L4,Japan_10Y_JGB__d26,CPI_YoY__lvl__rollstd52,sell_jewelry__lvl,Industrial_Production__pct52,CPI__pct52,Building_Permits__pct8,Core_CPI__pct4,Consumer_Sentiment__pct1__rollstd8,credit_card_debt__lvl__rollstd26,Industrial_Production__pct1__rollstd8,USD_CHF__pct1__rollstd8,Industrial_Production__pct1__z8,resume_template__d26,Natural_Gas__pct52,Spread_10Y_3M__lvl__rollstd8,credit_card_debt__lvl__rollstd52,US_3M_Treasury__d1,WTI_Crude_Oil__pct52,Gold__pct1__rollstd8,Building_Permits__pct1__rollstd8,RV_30D__d1,NFCI__lvl__z8,US_10Y_Treasury__lvl__rollstd52,NFCI__d1,US_2Y_Treasury__lvl__rollstd8,NFCI__d1__z8,y_SP500_bin_4w,prob_state_0,prob_state_1,prob_state_2,regime_entropy,regime_persist,regime_label
2005-04-08,2.34,-0.012660500699027,0.0067252974650799,-0.0025443506571953,-0.2260000000000002,0.3229307519476186,22.0,0.0400645647261379,0.0351063829787234,0.0170293282876063,0.0004997501249375,0.0187522553404864,4.20421034385587,0.0009546102463944,0.016765867366423,-0.104917527645175,-1.0,0.2189867230427684,0.0920791584918793,3.7767147973647033,-0.0099999999999997,0.4356489114452013,0.0195286472542546,0.0184604917969227,-0.0086223447428673,1.561211182002523,0.2232073720110076,0.0131899999999999,0.1422209046317869,0.6814593329173814,1.0,0.9999286400677777,7.135838059432112e-05,1.5516279390065123e-09,0.0007527041031252667,0.978292157576934,0
2005-04-15,2.44,0.0105101169281862,0.0067252974650799,-0.0022176778047383,-0.2260000000000002,0.3118459677515615,22.0,0.0400645647261379,0.0351063829787234,0.0170293282876063,0.0004997501249375,0.0187522553404864,4.301162633521321,0.0009546102463944,0.0143268571808879,-0.104917527645175,-1.0,0.2472370857243542,0.1147668443908334,3.54432182435091,0.0,0.337837822812677,0.0188115508628019,0.0184604917969227,0.0120167963644228,1.4451982834779824,0.2234640046800199,0.0116,0.1241830446213439,0.1898649364779426,1.0,0.9838613206069308,0.016121635622625953,1.7043770443268004e-05,0.08273843221275445,0.9780196140093175,0
2005-04-22,2.29,-0.0048578453457646,0.0067252974650799,-0.0145065796288341,-0.2260000000000002,0.2984607895531888,22.0,0.0400645647261379,0.0351063829787234,0.0170293282876063,0.0004997501249375,0.0187522553404864,4.390374086041493,0.0009546102463944,0.0149774733154112,-0.104917527645175,-1.0,0.2915096111230846,0.1582042079989424,3.291460224161891,0.1400000000000001,0.5191991437333185,0.0194015321208764,0.0184604917969227,0.0163060449943048,1.3451924357310998,0.2230032059506172,0.00944,0.1133578404875381,-0.8479802655189894,1.0,0.9978301477991757,0.0021695940222943555,2.581785300662572e-07,0.015477999904608748,0.978256562421072,0
2005-04-29,2.34,0.0099826264384947,0.0,0.0017892917371354,-0.2260000000000002,0.2824483606730071,22.0,0.0400645647261379,0.0351063829787234,0.0426770126091173,0.0,0.0187085487462963,4.472307956920957,0.000761026774546,0.0150461379061473,-0.3535533905932728,-1.0,0.123336753838714,0.1936076666132561,3.3315417508123413,-0.0300000000000002,0.3301230551091072,0.0193969604339614,0.0150886025083453,0.0089961119357278,1.2530754214500124,0.2221846656297991,0.0070599999999999,0.1028782220463917,-1.7808099932534762,1.0,0.9991323702212027,0.0008675216449481824,1.0813384895274099e-07,0.006984902636796678,0.9782786510432461,0
2005-05-06,2.46,-0.0091195694723492,-0.001027749229188,-0.0169369716226289,-0.2139999999999999,0.2854325808153882,20.0,0.0335347906492753,0.0280274986779482,0.0111542192046556,0.0014985014985016,0.018524901038906,4.42510321478929,0.0007818200214563,0.0135665265003112,0.6632551117623344,10.0,0.0519541875718541,0.1830690736150889,3.315203334991368,-0.0299999999999998,0.2762333757825479,0.0170601604185939,0.0196976319135735,0.0024681949548483,1.1759067931338003,0.2128981940403465,0.00519,0.1028782220463917,-1.692286574849717,1.0,0.9958195351666977,0.004180089299443218,3.755338589517198e-07,0.02707338636845143,0.9782224579498437,0
2005-05-13,2.51,0.0074350832240794,-0.001027749229188,-0.049793686379645,-0.2139999999999999,0.2883048283251104,20.0,0.0335347906492753,0.0280274986779482,0.0111542192046556,0.0014985014985016,0.018524901038906,4.374225206118932,0.0007818200214563,0.0136551556783367,-0.4880653610784616,10.0,0.0210904158040863,0.1907082663576593,3.298326738820478,-0.04,0.1761719891894173,0.0169359211897057,0.0196976319135735,-0.0001919504328403,1.1094762976151196,0.2045031318099074,0.00368,0.1083644643914935,-1.4793868483911563,1.0,0.9983061390479447,0.0016936854236982597,1.7552835691558113e-07,0.012502305910568879,0.9782646363139887,0
2005-05-20,2.57,-0.0084514917526207,-0.001027749229188,0.0160516399602301,-0.2139999999999999,0.2910684180408173,20.0,0.0335347906492753,0.0280274986779482,0.0111542192046556,0.0014985014985016,0.018524901038906,4.3195441354918005,0.0007818200214563,0.0099273102654445,-0.4880653610784616,10.0,-0.0015740954861693,0.176534092215319,3.2809036572942047,0.0699999999999998,0.1720510613418218,0.0128014318847664,0.0196976319135735,0.0043111618527563,1.0217660530766108,0.1961245948674352,0.0017099999999999,0.0788194138521605,-1.4277976457547812,1.0,0.9981976155035917,0.0018023195522927533,6.494411575523973e-08,0.013190115989716627,0.9782627955565262,0
2005-05-27,2.55,0.010746731940525,-0.001027749229188,-0.0136961424361666,-0.2139999999999999,0.2937264169709133,20.0,0.0335347906492753,0.0280274986779482,-0.0302325581395348,0.0014985014985016,0.0032251164478291,4.26091358928865,0.0003182423859905,0.010047242208273,-0.3535533905932682,10.0,-0.0111766575106331,0.1801140511691754,3.2629253362010844,0.0700000000000002,0.3001503782700767,0.0130021350668555,0.0106888234365408,-0.0180910712174218,0.8770627028864031,0.1918745347983219,-0.00026,0.0724568837309345,-1.4125505010450816,1.0,0.9991606872168505,0.0008393069049434718,5.878206135197478e-09,0.006783827379515818,0.9782791314002136,0
2005-06-03,2.6,0.0088562753036436,0.0005144032921811,0.0116830726476065,-0.254,0.3023778873987442,26.0,0.0463470835890644,0.0253031101739589,0.0130232558139535,0.0004987531172069,0.0376198250882481,4.223013870903843,0.0015764699463887,0.0107452176914321,2.4249722487396213,11.0,0.0988659866755206,0.1631771605166802,3.349151757718556,0.0399999999999995,0.4297219116538353,0.0135338115123726,0.0202757215700371,-0.0142442222856843,0.7141575977843868,0.1838785257097593,-0.0006199999999999,0.0618177043526106,-1.2004772737135236,1.0,0.4310802729648079,0.5688259897520109,9.37372831804362e-05,0.6845272845062322,0.9686431988673144,1
2005-06-10,2.55,-0.0038698942294163,0.0005144032921811,-0.0140425602469221,-0.254,0.3101309007604719,26.0,0.0463470835890644,0.0253031101739589,0.0130232558139535,0.0004987531172069,0.0376198250882481,4.140048308896908,0.0015764699463887,0.0107981174106396,-0.4279925066183848,11.0,0.1224093308753366,0.1547751825805991,3.429257050961427,0.0,0.3924577335023771,0.0138204386488246,0.0202757215700371,-0.0144598063353758,0.4140174467241068,0.1703518672416005,-0.0013699999999999,0.0542316460064565,-1.140956315820279,1.0,0.9961472998010986,0.0038526838584654467,1.6340435969071703e-08,0.025262574787178686,0.9782280176956587,0
2005-06-17,2.54,-0.0036527908107869,0.0005144032921811,0.0125334127699087,-0.254,0.3170513751474561,26.0,0.0463470835890644,0.0253031101739589,0.0130232558139535,0.0004987531172069,0.0376198250882481,4.009220142851516,0.0015764699463887,0.0076825224481462,-0.4279925066183848,11.0,0.1794478649872148,0.1508783805397126,3.503661088867053,-0.0199999999999995,0.5089032573084677,0.0145948299578951,0.0202757215700371,-0.0113963474437752,-0.1020290243206971,0.1591705261983399,-0.00117,0.0568048036197986,-0.9211711814961075,1.0,0.9998749778903062,0.0001250214763728559,6.333209206675817e-10,0.0012485988446238859,0.9782912473483234,0
2005-06-24,2.42,-0.0009479806409778,0.0005144032921811,0.0155009027970616,-0.254,0.323192796047346,26.0,0.0463470835890644,0.0253031101739589,0.0130232558139535,0.0004987531172069,0.0376198250882481,3.825622121352923,0.0015764699463887,0.0076512478824509,-0.4279925066183848,11.0,0.1585077826982648,0.1846038228980428,3.572720085375636,0.0999999999999996,0.5936085584131754,0.0146568351957664,0.0202757215700371,-0.0038167918308489,-1.2729009246829146,0.1547979513156533,-0.00157,0.0629625739172399,-0.8883233896991994,1.0,0.9998735905276298,0.00012640606459190205,3.4077782104844913e-09,0.0012610901631435701,0.9782912238145535,0
2005-07-01,2.41,-0.0004281682911149,0.0046272493573265,-0.001487993183677,-0.102,0.3237317870458505,31.0,0.0352984933452609,0.0316789862724393,0.0565947242206235,0.0014955134596212,0.0368055189172075,4.012480529547806,0.0020713480992724,0.008050518219691,-1.6090191886167493,15.0,0.1663956212882824,0.1586325493531708,3.739842956511216,0.08,0.5303464687170971,0.0166283167711132,0.015712324635076,-0.0067810225258273,-1.8027791697240507,0.1527380815927299,-0.0019399999999999,0.0685435211067571,-0.9050578096559184,1.0,0.9999511380734407,4.886150845009905e-05,4.18109209153603e-10,0.0005338945331206009,0.9782925391931834,0
2005-07-08,2.41,0.0141639982125265,0.0046272493573265,0.0023773822037734,-0.0150000000000001,0.3242333906933498,31.0,0.0352984933452609,0.0316789862724393,0.0565947242206235,0.0014955134596212,0.0368055189172075,4.185138541958303,0.0020713480992724,0.0079449557557477,-0.0803323867956184,15.0,0.2167400053266617,0.1312508503373829,3.8950697846702345,0.0,0.4922423031607574,0.0163501625607318,0.015712324635076,0.0131707821554133,-1.6137016550779992,0.1489767765112004,-0.0015899999999999,0.0762982868184254,-0.6314370273034866,1.0,0.9999190998049932,8.089974031736682e-05,4.546895270078384e-10,0.0008431683221568492,0.9782919957534336,0
2005-07-15,2.37,-0.0154523854734187,0.0046272493573265,0.0099775298622766,-0.0150000000000001,0.3246977802614624,31.0,0.0352984933452609,0.0316789862724393,0.0565947242206235,0.0014955134596212,0.0368055189172075,4.345289226454176,0.0020713480992724,0.0090388797095637,-0.0803323867956184,15.0,0.3332766885032756,0.100427656976127,4.039772106530256,0.0899999999999998,0.4082424279415246,0.0162612733724584,0.015712324635076,-0.0055852010564197,-1.694817375543199,0.1473428554214305,-0.00296,0.098985929736061,-1.8528016576363324,1.0,0.9999454682737464,5.453161264537204e-05,1.1360817663383605e-10,0.0005898549572932187,0.9782924430209821,0
2005-07-22,2.38,0.0098199814306785,0.0046272493573265,-0.0152194280805912,-0.0150000000000001,0.3251251152134258,31.0,0.0352984933452609,0.0316789862724393,0.0565947242206235,0.0014955134596212,0.0368055189172075,4.49426985599016,0.0020713480992724,0.009034020591849,-0.0803323867956184,15.0,0.2037822034168408,0.0922341740199539,4.175044368041276,0.1200000000000001,0.4061376843259747,0.0164677288468453,0.015712324635076,0.0040195197954559,-1.566660134627489,0.1436135410413565,-0.002,0.1204085307846267,-0.5059321510228959,1.0,0.9999554698884614,4.453000375952575e-05,1.0777912791047779e-10,0.0004906931690411419,0.978292612670442,0
2005-07-29,2.41,-0.0031158025670785,0.0,-0.0052776289490553,-0.0150000000000001,0.325515541484541,31.0,0.0352984933452609,0.0316789862724393,0.0114784205693296,0.0,0.0018414239093398,4.633158085599296,0.0011195064824656,0.0086058554788604,0.3535533905932734,15.0,0.2900851183975275,0.0956836304853522,4.30177626506666,0.04,0.3828767294492108,0.0166970404103915,0.004058234510942,0.0051083326043843,-1.379979839743157,0.1381010789022548,-0.0011099999999999,0.1345893224378657,1.0101482965874586,0.0,0.9999385412172325,6.145816192800171e-05,6.208394985043762e-10,0.000657439311053241,0.9782923255226269,0
2005-08-05,2.34,0.0056272021555794,0.0051177072671442,0.010666957937995,-0.054,0.3310453851157977,33.0,0.0379759408807436,0.0364116094986808,0.0188246097337005,0.000995520159283,0.027435529106878,4.633158085599296,0.0017174290424781,0.0102158982166011,1.890911901759131,-8.0,0.5569076750902495,0.0852622006351179,4.29563600503847,0.1,0.4177474469086588,0.0174155893862093,0.0044816843858197,0.0006721970847623,-0.9285824726066952,0.1405906255121601,0.0010099999999999,0.1685229954635216,2.1287589910920053,1.0,0.9999088895912697,9.110907673321666e-05,1.3319970799590897e-09,0.000938762504067322,0.9782918225653483,0
2005-08-12,2.41,-0.0125750908906613,0.0051177072671442,0.0015973621478897,-0.054,0.3353914080773001,33.0,0.0379759408807436,0.0364116094986808,0.0188246097337005,0.000995520159283,0.027435529106878,4.633158085599296,0.0017174290424781,0.0112302023236943,-0.0067430122508332,-8.0,0.7328755305922972,0.0674933859193431,4.289135314911735,0.0,0.4353799480912919,0.0164667189238383,0.0044816843858197,-0.0034843766589615,-0.1419975447576645,0.1406431842608616,0.00251,0.1738585221215338,1.922510380349314,1.0,0.9999169648332781,8.303119446333198e-05,3.9722585609658875e-09,0.0008632940879180565,0.9782919595382864,0
2005-08-19,2.36,0.0064684173032019,0.0051177072671442,0.0200387627336551,-0.054,0.3385991975253272,33.0,0.0379759408807436,0.0364116094986808,0.0188246097337005,0.000995520159283,0.027435529106878,4.633158085599296,0.0017174290424781,0.0134347876011161,-0.0067430122508332,-8.0,0.641030256829026,0.0908589959379773,4.2822725532375,0.0,0.3654408199064387,0.0180860394883571,0.0044816843858197,-0.0056002843432835,1.4524678761539425,0.1405848589432822,0.00504,0.1310874844194776,1.88116415007836,1.0,0.999859651834745,0.0001403424399463207,5.725308698495125e-09,0.0013854844204820443,0.9782909873826953,0
2005-08-26,2.29,-0.0030241811608628,0.0051177072671442,-0.0114140788274132,-0.054,0.3407009052888344,33.0,0.0379759408807436,0.0364116094986808,0.0072628234226055,0.000995520159283,0.0271118662216603,4.633158085599296,0.0011522614931132,0.0126923172399517,-0.3535533905932734,-8.0,0.9268005201109506,0.1108328857849906,4.275045976308041,0.0299999999999998,0.5314959885605022,0.0141325847711105,0.0025677958463424,0.0018362481239884,2.0497691102237288,0.1405659483019309,0.0066399999999999,0.113570305475122,1.6233506723491702,1.0,0.9998098632451023,0.00019012545051070803,1.1304386897143268e-08,0.001819287387669427,0.9782901428562534,0
2005-09-02,2.36,0.0146971637333557,0.0122199592668024,0.0069825070622619,0.125,0.3946968083427314,34.0,0.0165744500873097,0.0468667719852553,0.0272355878347707,0.000994530084535,0.0519962105179702,4.61235798197044,0.0071063530659392,0.0133369150360892,-2.442796242097241,-4.0,1.5007485578098994,0.1266885945931999,4.2731050592820905,-0.0899999999999998,0.5360308505716627,0.0134310648647772,0.0071132051986805,-0.0006911700812382,1.95779263023838,0.1421611899273801,0.0078699999999999,0.1213024555163001,1.4075314922539683,1.0,0.9952473625553916,0.00475223989940189,3.9754520647698107e-07,0.03016757753483601,0.9782127526314317,0
2005-09-09,2.26,-0.0008952464478637,0.0122199592668024,0.0087883247198791,0.125,0.4381913009305376,34.0,0.0165744500873097,0.0468667719852553,0.0272355878347707,0.000994530084535,0.0519962105179702,4.583079247036389,0.0071063530659392,0.0147038094432795,0.2834543113693018,-4.0,1.4645512279078066,0.1157506556599764,4.270810111035721,0.0300000000000002,0.4968465259390049,0.0126527082249451,0.0071132051986805,0.008590407260186,1.769506776273977,0.1424334673079029,0.00782,0.1187734939165347,1.1034185263883287,0.0,0.9998126693008149,0.00018732901561134105,1.6835737064965354e-09,0.0017951254241907945,0.9782901904567477,0
2005-09-16,2.18,0.0013252279635258,0.0122199592668024,-0.0121227943871565,0.125,0.4740835832956097,34.0,0.0165744500873097,0.0468667719852553,0.0272355878347707,0.000994530084535,0.0519962105179702,4.545158032286861,0.0071063530659392,0.018012283244591,0.2834543113693018,-4.0,1.1816758978410888,0.1068710838881533,4.268160560491581,0.0099999999999997,0.3818819870397354,0.0137544804767928,0.0071132051986805,-0.0013293122996936,1.610581890289926,0.1423476667185352,0.00738,0.1166113814587261,0.7943210740896072,0.0,0.9998810450258706,0.0001189546581291516,3.1600026060913266e-10,0.0011939204785532968,0.9782913502604506,0
2005-09-23,2.2,-0.0129481902402894,0.0122199592668024,-0.0129345782911887,0.125,0.5040004501323031,34.0,0.0165744500873097,0.0468667719852553,0.0272355878347707,0.000994530084535,0.0519962105179702,4.4983757752532,0.0071063530659392,0.0187614889106953,0.2834543113693018,-4.0,1.2856082910234703,0.0943303465790007,4.265155746803952,-0.02,0.3132160605306908,0.0137280034222265,0.0071132051986805,0.0007424267621573,1.4556659761654578,0.1405027602612334,0.0058099999999999,0.1166113814587261,0.1180068062294557,0.0,0.9997477502843545,0.0002522429442320063,6.771413456642045e-09,0.0023422077970144785,0.9782890892850603,0
2005-09-30,2.35,0.0133406976772794,0.0,-0.0034795965541987,0.193,0.5398844528720018,31.0,0.0079749118158789,0.0413829229963331,0.0198287516899504,0.0,0.0484102285660823,4.333767236658968,0.0068496369624103,0.017572844304444,0.3535533905932738,2.0,1.0556703875034303,0.0746420027292184,4.2834611257353945,0.0699999999999998,0.3216280781209222,0.0134478815759505,0.007010522391214,-0.0046510711390038,1.268049239818961,0.1416476786139184,0.0030499999999999,0.1293665887534819,-1.3002108410178752,0.0,0.999852656750552,0.00014734181563226631,1.4338156932370313e-09,0.0014473223892202747,0.9782908687322346,0
2005-10-07,2.32,-0.0080532089621994,0.0020120724346075,0.0033379116598592,0.256,0.5582107565473992,31.0,0.020209103457029,0.0434782608695651,-0.0220820189274447,0.0034773969200199,0.0482280767972672,4.132609531332693,0.0085866267201015,0.0168737087658814,1.518865923351174,2.0,0.8464330078085995,0.0746420027292184,4.299496620716616,0.08,0.1600074762626158,0.0128058682910543,0.0170105647994706,0.0133321092064298,0.990707566935965,0.1426186627207653,-0.00078,0.1448583051517131,-2.070869623438425,1.0,0.9987965154143782,0.001203407476002852,7.710961895177283e-08,0.009294047922951845,0.9782729542161427,0
2005-10-14,2.34,0.0112208846252219,0.0020120724346075,-0.0020107372084787,0.256,0.5750746709898453,31.0,0.020209103457029,0.0434782608695651,-0.0220820189274447,0.0034773969200199,0.0482280767972672,3.889235637776935,0.0085866267201015,0.0152358928992498,0.1053426194650185,2.0,0.970338298509438,0.0745342682452657,4.31328754804228,0.1499999999999999,0.1401784219945456,0.0104745672811285,0.0170105647994706,-0.0017110260608311,0.5407291582341814,0.1456488059018455,-0.00409,0.1721658253793991,-1.8559841188430013,1.0,0.9994586341563853,0.0005413416569447876,2.4186669962263005e-08,0.004613323043456233,0.9782841852309851,0
2005-10-21,2.43,-0.0145527201787231,0.0020120724346075,0.0031553503227268,0.256,0.5906014797809754,31.0,0.020209103457029,0.0434782608695651,-0.0220820189274447,0.0034773969200199,0.0482280767972672,3.595082110969892,0.0085866267201015,0.0134563039597766,0.1053426194650185,2.0,0.5881555172856863,0.0978336781043658,4.324855379930673,0.0900000000000003,0.0989668856332011,0.0112011303375495,0.0170105647994706,0.010517314448586,-0.2546859315327233,0.1438863459226982,-0.0058099999999999,0.1838817554843285,-1.5267181083271633,1.0,0.9984736377342966,0.0015261957091631231,1.6655654017195915e-07,0.011425140615679627,0.9782674774647069,0
2005-10-28,2.49,0.0059242448245753,0.0020120724346075,-0.0029765941660144,0.256,0.6048941567261311,31.0,0.020209103457029,0.0434782608695651,-0.0410958904109589,0.0034773969200199,0.0124134480442371,3.2363322069661726,0.0042912178519445,0.0114340889219813,-0.3535533905932739,2.0,0.4962750411910772,0.087993506253912,4.334217916442332,0.06,0.18276667708535,0.010989452962774,0.0145295913942441,0.0213921691167307,-1.3925027892992476,0.1493989970910948,-0.0061499999999999,0.1711306935815813,-1.202014651435226,1.0,0.9992772407114788,0.0007227375114069816,2.177711423818518e-08,0.005950055598395241,0.9782811083987536,0
2005-11-04,2.6,-0.0055353098809065,-0.0080321285140562,-0.0065819962389937,0.2159999999999999,0.6047051392856962,32.0,0.0291207231806274,0.0345549738219894,-0.0198851082633672,0.0024752475247524,0.0390182136890468,3.1741746353004943,0.0054161768717372,0.01298572337276,1.5357726912896217,-5.0,0.435126976028112,0.0864270956190416,4.323765397157106,0.0499999999999998,0.2211247951166954,0.0186749508627087,0.0174566689151186,0.0007806487285718,-1.662302016822483,0.1601379260339329,-0.0039599999999999,0.1702047086808764,-0.6351885653867683,1.0,0.999422033430265,0.0005779571690870634,9.400647886493091e-09,0.004887228153385922,0.9782835644074261,0
2005-11-11,2.59,0.0127920095363081,-0.0080321285140562,0.0051546326588118,0.2159999999999999,0.604513217535628,32.0,0.0291207231806274,0.0345549738219894,-0.0198851082633672,0.0024752475247524,0.0390182136890468,3.0864467995016995,0.0054161768717372,0.0108849523475586,-0.5395322194934835,-5.0,0.6321069816308056,0.0914857522084339,4.304536524505217,-0.0099999999999997,0.2157649862704758,0.0191695394009524,0.0174566689151186,0.0006376599065947,-1.3641431539183495,0.1652284857059691,-0.00146,0.1544344521148035,0.0501086133003318,1.0,0.9994034172333907,0.0005965786723394613,4.094269709300231e-09,0.005025662551218178,0.9782832486376278,0
2005-11-18,2.64,-0.0020945683043814,-0.0080321285140562,0.0036736486773403,0.2159999999999999,0.6043183887088408,32.0,0.0291207231806274,0.0345549738219894,-0.0198851082633672,0.0024752475247524,0.0390182136890468,2.970884354220863,0.0054161768717372,0.0102077194395257,-0.5395322194934835,-5.0,0.604216433544781,0.1032939633141401,4.276412911617472,0.0399999999999995,0.158959557829009,0.0227355834742873,0.0174566689151186,-0.0099415922402075,-0.844456263086314,0.168381972573618,0.0025199999999999,0.120356612970431,1.3017217864193944,1.0,0.9995974432582442,0.00040255552815279024,1.2136029349938917e-09,0.003549549919750013,0.9782865397482713,0
2005-11-25,2.7,0.0119779462941975,-0.0080321285140562,0.0108477409943963,0.2159999999999999,0.6041206499927393,32.0,0.0291207231806274,0.0345549738219894,-0.0198851082633672,0.0024752475247524,0.0390182136890468,2.8240723459899377,0.0054161768717372,0.0101919374691518,-0.5395322194934835,-5.0,0.4568706281456844,0.0975045786470713,4.239217535017596,-0.0599999999999996,0.1875000144671472,0.0227972167745338,0.0174566689151186,-0.0053727066870293,-0.1264643902786861,0.1699173563646947,0.0049,0.1062930585020219,1.7068427169030431,1.0,0.9997903625772983,0.00020963706170428715,3.6099743862499195e-10,0.001985277048547645,0.978289812085984,0
2005-12-02,2.68,0.0023225834329583,-0.0040485829959513,0.0184681902701434,0.345,0.603786310460665,28.0,0.0262590737571501,0.0341565948502364,-0.0230414746543778,0.0014814814814816,0.0514884937282914,2.8748244093537063,0.0041296532531272,0.0094345928272474,0.754139769577834,-8.0,1.0498822466214977,0.0874132222754171,4.146269834983582,0.04,0.3944522430222157,0.0234871474870862,0.0184416236840607,-0.0137720799839099,1.030871619115677,0.1734996011922683,0.0065399999999999,0.0881557064030954,1.5078532699191856,0.0,0.9998120186731995,0.0001879808597573439,4.670431207725173e-10,0.0018006935211369837,0.9782901794211224,0
2005-12-09,2.59,-0.002166313996975,-0.0040485829959513,0.0031222658440934,0.345,0.6034357694356669,28.0,0.0262590737571501,0.0341565948502364,-0.0230414746543778,0.0014814814814816,0.0514884937282914,2.9225910527371037,0.0041296532531272,0.0112127595667764,-0.4965672602680066,-8.0,1.0914804048356572,0.073666720534348,4.035429444234745,-0.0500000000000002,0.458855335919194,0.0257033323931647,0.0184416236840607,-0.0156738776933599,1.7863263594916503,0.176666808958649,0.0064299999999999,0.080000000000002,1.1248843234963184,1.0,0.9998727599185192,0.0001272394940869109,5.873938997400746e-10,0.0012685114114095034,0.9782912097266445,0
2005-12-16,2.69,-0.0027602760276027,-0.0040485829959513,0.0117289402292771,0.345,0.6030689986658146,28.0,0.0262590737571501,0.0341565948502364,-0.0230414746543778,0.0014814814814816,0.0514884937282914,2.96751644412535,0.0041296532531272,0.0117607520933884,-0.4965672602680066,-8.0,0.8282152042828763,0.073666720534348,3.905173117021388,-0.0099999999999997,0.2545376599980347,0.032957049584636,0.0184416236840607,-0.015838939175637,1.6770056172598118,0.1779529993703866,0.0048,0.0438951673226808,0.6286098192618441,1.0,0.9999243482687928,7.565153468534938e-05,1.9652181273344414e-10,0.0007935388797419127,0.9782920847790586,0
2005-12-23,2.7,0.0209001744990673,-0.0040485829959513,0.008863015614736,0.345,0.6026859685207724,28.0,0.0262590737571501,0.0341565948502364,-0.0230414746543778,0.0014814814814816,0.0514884937282914,3.00972781800316,0.0041296532531272,0.0124344073099206,-0.4965672602680066,-8.0,0.8420815214165522,0.0874948978104274,3.753480034318045,0.06,0.3225441353908407,0.0331354501830756,0.0184416236840607,-0.0008241192086992,1.324932095337999,0.1782784906015338,0.0014,0.0459813626840932,-0.3276543645510459,1.0,0.9999259272587712,7.407255950992463e-05,1.817189067675374e-10,0.000778538588611033,0.9782921115622187,0
2005-12-30,2.64,-0.0007273224513949,0.0,0.0074791453642821,0.193,0.6022866479796101,28.0,0.0262590737571501,0.0341565948502364,-0.0441839495040576,0.0,0.0428943451822721,2.968812246311085,0.0018260984380057,0.0098186306293179,-0.3535533905932744,-7.0,0.8255000935218082,0.0964735344907752,3.7935008326240314,0.0899999999999998,0.4048331379453329,0.028497722009154,0.0156213851569615,0.007077027808712,0.905148430322156,0.1787205238382694,-0.00179,0.0380788655293242,-1.4219695217241073,1.0,0.9998105509566076,0.0001894466368957634,2.4064966424696518e-09,0.0018133023584660532,0.9782901545246849,0
2006-01-06,2.57,0.0049026778341394,0.0076219512195121,-0.0046819673352879,0.252,0.6040688772826668,35.0,0.0241948016324555,0.0398531725222863,-0.0027051397655545,0.0019723865877709,0.0430752257764729,2.9267992493771007,0.0018316056626398,0.0157704383970306,0.4012817540623347,-12.0,0.6050658366632873,0.142327589936536,3.8322183439748696,0.1399999999999996,0.4133831972956709,0.0300105822884923,0.0234074966544272,0.0103549460975208,0.1324015117440042,0.1791595722752708,-0.0061999999999999,0.035757117173672,-1.9208748483602536,0.0,0.9955107106448619,0.004489270966926355,1.8388211736962174e-08,0.02874881536895966,0.9782172197379511,0
2006-01-13,2.58,-0.0264117409515223,0.0076219512195121,-0.019495517659035,0.252,0.6052036178844961,35.0,0.0241948016324555,0.0398531725222863,-0.0027051397655545,0.0019723865877709,0.0430752257764729,2.883640861027102,0.0018316056626398,0.0159189567909802,-0.4601720624470423,-12.0,0.3746677705130015,0.198692152408119,3.869671688187388,0.1100000000000003,0.3212070433597342,0.0295140182750392,0.0234074966544272,-0.004062873106073,-1.2622200361851834,0.1791937700920955,-0.0098099999999999,0.0389138242053635,-1.7182341703950397,0.0,0.9999097144333378,9.02852664086867e-05,3.0025354765591394e-10,0.0009310728926732065,0.9782918365568759,0
2006-01-20,2.51,0.0080604612971253,0.0076219512195121,0.0040608340728803,0.252,0.605694508916285,35.0,0.0241948016324555,0.0398531725222863,-0.0027051397655545,0.0019723865877709,0.0430752257764729,2.839284850369714,0.0018316056626398,0.0159819737783059,-0.4601720624470423,-12.0,0.4871794989358278,0.229035243700926,3.905897231431445,0.0199999999999995,0.4084071748066789,0.0305441164024541,0.0234074966544272,0.0131642924300938,-1.9376778643982135,0.17848311326133,-0.01061,0.0338061701891445,-1.3392516328719344,1.0,0.9994024447052512,0.0005975032325145801,5.206223425081571e-08,0.005033367485138529,0.978283232123471,0
2006-01-27,2.58,-0.0085414369134565,0.0076219512195121,0.0007045036416738,0.252,0.605543116213958,35.0,0.0241948016324555,0.0398531725222863,0.0433962264150944,0.0019723865877709,0.0011591914445674,2.793674172951436,0.0005578519858675,0.0159307548653548,-0.3535533905932807,-12.0,0.3420673995895498,0.2265108007516255,3.9409288321830784,0.1000000000000005,0.4362018164039096,0.0304378362347576,0.01534288298801,0.0022981102584647,-1.867857492189288,0.1800053418010777,-0.01212,0.0545108115095429,-1.1932009588472716,1.0,0.9998800602181537,0.00011993887720324863,9.0464306088597e-10,0.0012028229738906013,0.9782913335557182,0
2006-02-03,2.57,0.0035070533151726,0.0020171457387794,0.0141731743211238,0.2330000000000001,0.601804913428958,25.0,0.0172423612053085,0.0359749739311781,0.0099056603773584,0.0019685039370078,0.0173175165568822,2.793674172951436,0.0005564699470537,0.0162154659301852,0.3084801540045027,9.0,0.4128936419289408,0.1889066284853815,3.9409288321830784,0.0300000000000002,0.406411432667515,0.0273598521016741,0.0203453551014534,0.0032039655318339,-1.6665388714052638,0.1802926228780676,-0.0107399999999999,0.0881557064030974,-0.8019721614146121,1.0,0.9997948208146232,0.00020517023203359372,8.953343047795481e-09,0.0019475620628352035,0.9782898877043151,0
2006-02-10,2.7,-0.0050432311302608,0.0020171457387794,0.0013768861687228,0.2330000000000001,0.5978238388133317,25.0,0.0172423612053085,0.0359749739311781,0.0099056603773584,0.0019685039370078,0.0173175165568822,2.793674172951436,0.0005564699470537,0.0160123439420675,-0.4491331299715217,9.0,0.2007221504362164,0.1393607856300623,3.9409288321830784,0.0499999999999998,0.311280753873483,0.023450097337813,0.0203453551014534,0.0012643399185506,-1.4823523023493077,0.1817166134446976,-0.0085399999999999,0.1282853961179675,-0.258201114495071,1.0,0.9999390046916776,6.099376813952563e-05,1.5401829174010386e-09,0.0006529532924054928,0.9782923333838327,0
2006-02-17,2.78,0.0092156599763415,0.0020171457387794,-0.0119012557500219,0.2330000000000001,0.5935950057681826,25.0,0.0172423612053085,0.0359749739311781,0.0099056603773584,0.0019685039370078,0.0173175165568822,2.793674172951436,0.0005564699470537,0.0145986293287813,-0.4491331299715217,9.0,0.215639839115078,0.1014801176867363,3.9409288321830784,0.0099999999999997,0.2384695544543911,0.0232100436526447,0.0203453551014534,-0.0057594383480744,-1.334040978889763,0.1840187379795914,-0.00658,0.141162267317747,0.5149946690187437,1.0,0.9999417647550242,5.823444073226891e-05,8.042435407671786e-10,0.0006260963800506599,0.9782923802008733,0
2006-02-24,2.8,0.0063634404482544,0.0020171457387794,0.0173769912011787,0.2330000000000001,0.5891130788613481,25.0,0.0172423612053085,0.0359749739311781,0.0099056603773584,0.0019685039370078,0.0173175165568822,2.793674172951436,0.0005564699470537,0.0146303427075879,-0.4491331299715217,9.0,0.0591213442958773,0.0552268050859322,3.9409288321830784,0.0599999999999996,0.2217905961677444,0.0223004150865276,0.0203453551014534,-0.0011861308141035,-1.198325215694531,0.1870960706914355,-0.0041299999999999,0.1608681802861375,1.632153559376343,1.0,0.9999645750439731,3.5424627483123185e-05,3.2854382565983656e-10,0.00039846674414325487,0.9782927671138905,0
2006-03-03,2.85,-0.0014264384840968,0.0055359838953197,-0.001070580068557,0.3089999999999999,0.5870849066949437,25.0,0.0209154176032915,0.0336264873254008,-0.0424954792043399,0.0034381139489194,0.0207251504534198,2.669485689445509,0.0007897478712899,0.0076273501113891,2.4313106052955,0.0,0.0068208784254022,0.0329501788419094,3.9326916162364354,0.0200000000000004,0.1838973524383136,0.0178569798338072,0.0114408549837402,0.0041190741741696,-1.037779378969717,0.193129638624509,-0.0012199999999999,0.1617537811437127,1.805377828315976,1.0,0.999856663910023,0.0001433346574717561,1.4325052023533553e-09,0.0014119137778766618,0.978290936702503,0
2006-03-10,2.88,-0.0001453495298776,0.0055359838953197,-0.0031010351771871,0.3089999999999999,0.5850201029416922,25.0,0.0209154176032915,0.0336264873254008,-0.0424954792043399,0.0034381139489194,0.0207251504534198,2.533771891864089,0.0007897478712899,0.0088572057693154,-0.4235911384103703,0.0,-0.0186060145559263,0.049407200169317,3.924052757704581,0.0,0.1015983602478691,0.0227963891706819,0.0114408549837402,-0.012439151317335,-0.8569973395130329,0.1994648761120937,0.0004199999999999,0.1358307770720721,1.527229695924062,1.0,0.999791891553425,0.00020810574023466622,2.70634042526315e-09,0.0019723491514672675,0.9782898380199164,0
2006-03-17,2.92,0.0044993410657814,0.0055359838953197,-0.0024768582398502,0.3089999999999999,0.5829182783342692,25.0,0.0209154176032915,0.0336264873254008,-0.0424954792043399,0.0034381139489194,0.0207251504534198,2.384565756307505,0.0007897478712899,0.0131310800851446,-0.4235911384103703,0.0,-0.0302488378036354,0.048236767245383,3.915009597795338,0.0199999999999995,0.1066643001913805,0.0250765995703218,0.0114408549837402,-0.0026417449374028,-0.6402909591165122,0.2035762463659849,0.0012999999999999,0.0851469318296517,1.2733998772682826,1.0,0.9998748837221723,0.0001251133038774081,2.973950368186516e-09,0.0012494713707582364,0.978291245750149,0
2006-03-24,2.85,-0.0059394313234718,0.0055359838953197,-0.0003025482591534,0.3089999999999999,0.5807790309402128,25.0,0.0209154176032915,0.0336264873254008,-0.0424954792043399,0.0034381139489194,0.0207251504534198,2.219147445442941,0.0007897478712899,0.0140907901999117,-0.4235911384103703,0.0,0.0322854956895257,0.0486973158544504,3.905559328080733,0.0100000000000006,0.171772464577538,0.025144529036695,0.0114408549837402,-0.0048022099252535,-0.3203885351954288,0.2054971347688081,0.00153,0.0575543221661383,1.0623756658182928,1.0,0.9999681107628796,3.1888766673922803e-05,4.704464734818698e-10,0.00036205142147369867,0.9782928270874328,0
2006-03-31,2.85,-0.0051646593150621,0.0,0.0100919717199316,0.3089999999999999,0.5813568697521388,26.0,0.0187226082530118,0.0267214799588901,-0.0107426436244745,0.0,0.008971366312632,2.240878948434968,0.0007971400624423,0.0139258788958157,-0.3535533905932772,0.0,-0.0695573660202361,0.0819298480408671,3.736615127271136,-0.0200000000000004,0.1634362968541836,0.0282938345705582,0.0037980980773681,-0.0017250981603663,0.5215694920418724,0.2168883017706275,0.0025199999999999,0.0557417514718261,1.0598826772902052,1.0,0.999773152894311,0.0002268447741707643,2.3315181483659544e-09,0.0021303777006493247,0.9782895201710445,0
2006-04-07,2.8,0.0010963504962964,0.0085085085085083,-0.0154530532112141,0.443,0.5813295464299241,26.0,0.0218161426626328,0.0354573484069886,-0.0667912190565156,0.0024473813020069,0.0114613781837191,2.261721604306143,0.0012424117016855,0.013615613940384,1.9118165799189577,0.0,-0.0689036268133654,0.1112188961334468,3.552875749799644,0.0600000000000005,0.2638784654042299,0.0248013925411198,0.0198480032614963,0.0046463299608346,1.646837897122727,0.2322114810807185,0.00217,0.0790569415042363,0.8146744068435517,1.0,0.9999228112422672,7.718761555793e-05,1.1421748054148154e-09,0.0008081197871448695,0.9782920587073431,0
2006-04-14,2.7,0.0027234962358717,0.0085085085085083,0.0176579926195622,0.443,0.5813014228110989,26.0,0.0218161426626328,0.0354573484069886,-0.0667912190565156,0.0024473813020069,0.0114613781837191,2.281699771257029,0.0012424117016855,0.0134334306850935,-0.5323650375107608,0.0,0.0204372794917844,0.1353038907686784,3.3519090258608024,0.0099999999999997,0.3729450859651708,0.0247362627588013,0.0198480032614963,-0.0068284969105463,1.7113401864173108,0.2503617292541186,0.00238,0.1000000000000233,0.77138277135589,1.0,0.9999365068678163,6.349178123440183e-05,1.3509492967559029e-09,0.0006771413807787375,0.9782922910152986,0
2006-04-21,2.81,-0.0006094194741785,0.0085085085085083,0.0040321079748086,0.443,0.5812724987795013,26.0,0.0218161426626328,0.0354573484069886,-0.0667912190565156,0.0024473813020069,0.0114613781837191,2.3008359684789976,0.0012424117016855,0.0145839973975705,-0.5323650375107608,0.0,0.109242495646997,0.1245276790803655,3.130398805543741,0.0499999999999998,0.3571041523245342,0.0304199261706608,0.0198480032614963,0.009783311850931,1.517470323456595,0.2644521785713452,0.0018799999999999,0.1055597325823728,0.4070012919912518,0.0,0.9999156434665768,8.43556963976625e-05,8.370255777416627e-10,0.000875666399219461,0.9782919371261634,0
2006-04-28,2.73,0.0098283976124884,0.0085085085085083,0.0214638369073914,0.443,0.5812427742156401,26.0,0.0218161426626328,0.0354573484069886,-0.0566572237960339,0.0024473813020069,0.0059654677827885,2.31915103830304,0.001073628454476,0.0165025427512635,-0.3535533905932756,0.0,-0.0045558404912009,0.1224453230746558,2.883614708282311,0.0199999999999995,0.4456958062882659,0.030830695245056,0.0200313535746897,-0.005362430096171,1.526248580189061,0.2791045663803412,0.0028399999999999,0.1060239191342052,1.2312029514827665,0.0,0.9998497866269292,0.00015021220092151656,1.1721492478951381e-09,0.001472613536331308,0.9782908200487019,0
2006-05-05,2.68,-0.0008347423310268,0.0049627791563275,0.0198737891579103,0.395,0.5774558433677284,27.0,0.0211566649645131,0.0416666666666667,-0.1005665722379604,0.0029296875,0.0332516181816941,2.302172886644382,0.0010645134736171,0.0140154474483053,-0.1476791921797692,1.0,0.0232593696775778,0.1229909985091813,2.806478177123912,0.0600000000000005,0.3773548607223762,0.0179207141062048,0.0240393865118659,0.0045848230289381,1.7278915205604335,0.2951551347079939,0.00531,0.1083562246877251,2.2588666166469222,0.0,0.9999478685436922,5.213099911485187e-05,4.5719286271098935e-10,0.000566242851679687,0.9782924837347288,0
2006-05-12,2.53,-0.0064725839498404,0.0049627791563275,0.0082296813839369,0.395,0.5724197949734628,27.0,0.0211566649645131,0.0416666666666667,-0.1005665722379604,0.0029296875,0.0332516181816941,2.284395223787264,0.0010645134736171,0.0134993670543491,-0.3864237948073766,1.0,-0.0391676214718261,0.1041204659448429,2.722178614686492,0.0199999999999995,0.4801726654161586,0.0182739101997052,0.0240393865118659,0.0095958818116363,1.8444812913593065,0.3101590600545724,0.0073199999999999,0.0895125689498732,2.028448205452521,0.0,0.9994799133956366,0.0005200360752506415,5.052911288622366e-08,0.004453111482341519,0.9782845461639944,0
2006-05-19,2.55,-0.0003005707265582,0.0049627791563275,0.0120728803192577,0.395,0.56610129349055,27.0,0.0211566649645131,0.0416666666666667,-0.1005665722379604,0.0029296875,0.0332516181816941,2.265799230701315,0.0010645134736171,0.012861775155157,-0.3864237948073766,1.0,-0.060066221954431,0.0450396650583815,2.6300273269632037,-0.0299999999999993,0.4643162371043057,0.0421663942132521,0.0240393865118659,0.0103338023827191,1.927130549616768,0.3177610683059195,0.01131,0.0603412912405554,2.044450562957062,1.0,0.9991644554884244,0.0008352721670785481,2.723444971109264e-07,0.006759514916280458,0.9782791952187926,0
2006-05-26,2.5,0.0025031229381746,0.0049627791563275,-0.0136239290906299,0.395,0.5584568107581576,27.0,0.0211566649645131,0.0416666666666667,-0.1005665722379604,0.0029296875,0.0332516181816941,2.246364584423989,0.0010645134736171,0.0140221984550579,-0.3864237948073766,1.0,-0.069858666062623,0.0468851179556377,2.529166216290061,0.0199999999999995,0.3764706817147467,0.0426289326475956,0.0240393865118659,0.0023851259850761,1.8669357797272288,0.3233977793372125,0.01327,0.0462717130499586,1.681906909324169,0.0,0.9996467969038161,0.00035319116111766835,1.1935066236838444e-08,0.003160698791252412,0.9782873768910076,0
2006-06-02,2.42,0.0134828759501626,0.0019753086419753,0.0100504268884032,0.413,0.5424533001484406,24.0,0.0198033862514446,0.0431876606683805,-0.0655655655655655,0.0024342745861734,0.0452555928573966,2.186672920566532,0.0011102268945038,0.0138543788435541,2.466920888875711,7.0,-0.0373546461057444,0.057507763451056,2.529166216290061,-0.0300000000000002,0.314374040260134,0.0447919667886598,0.0169528827135392,0.0063006079901648,1.7597377477194391,0.3230765100909504,0.0141,0.04309458036864,1.3582145816559312,0.0,0.999578002544102,0.00042198435314350514,1.3102754462648843e-08,0.0037011934987704344,0.9782862099864121,0
2006-06-09,2.37,-0.0029427652128983,0.0019753086419753,-0.0090077585601668,0.413,0.5236649315426628,24.0,0.0198033862514446,0.0431876606683805,-0.0655655655655655,0.0024342745861734,0.0452555928573966,2.122407921351568,0.0011102268945038,0.0172558603428096,-0.3851193170526478,7.0,-0.1096364990358012,0.0747256888320763,2.529166216290061,0.0700000000000002,0.3378781477129986,0.0485448036372522,0.0169528827135392,0.0099897293746411,1.634198650376735,0.323136203532166,0.0135499999999999,0.04955156044832,0.9715332893721008,1.0,0.9841407497693532,0.01585280248305877,6.447747587868099e-06,0.08151038124170744,0.9780243577060649,0
2006-06-16,2.43,-0.0037747004383599,0.0019753086419753,-0.024635053435787,0.413,0.5017789777771837,24.0,0.0198033862514446,0.0431876606683805,-0.0655655655655655,0.0024342745861734,0.0452555928573966,2.0531401840559025,0.0011102268945038,0.0166627970943871,-0.3851193170526478,7.0,-0.0656697153034157,0.0744503669759718,2.529166216290061,0.0,0.195142736352035,0.0457340756455503,0.0169528827135392,0.0210279568133111,1.515707474292205,0.327966620363105,0.0122999999999999,0.0864270956190799,0.5387993846482061,1.0,0.9889411083273293,0.01105842789108672,4.637815840437114e-07,0.0608176580686915,0.9781057846180486,0
2006-06-23,2.32,-0.0012957089100085,0.0019753086419753,-0.0069150594320616,0.413,0.4763686900674046,24.0,0.0198033862514446,0.0431876606683805,-0.0655655655655655,0.0024342745861734,0.0452555928573966,1.9783442960836304,0.0011102268945038,0.0146306118280972,-0.3851193170526478,7.0,-0.1540761251072964,0.070698050084242,2.529166216290061,0.1000000000000005,0.1843249091889771,0.0437184420290123,0.0169528827135392,-0.0021008688177397,1.3748072872696118,0.3294918158496722,0.00879,0.1226420459246283,-0.6036438204192918,1.0,0.9911514334186768,0.008848354850029508,2.1173129376672748e-07,0.05064336343241273,0.9781432767036711,0
2006-06-30,2.34,-0.0003989237345417,0.0,-0.0021836123175634,0.413,0.4733341738349896,31.0,0.0230427924300797,0.0383828045035823,-0.0199475065616797,0.0,0.0259242688424904,1.9283312833800152,0.001119495606984,0.0154229320257149,-0.3535533905932754,5.0,-0.1514433084772017,0.0734846922834932,2.486160790277488,0.0299999999999993,0.2592340996924867,0.044196142059601,0.0070525085787634,0.0059016206335407,1.1957524276137368,0.3312025599940391,0.0040199999999999,0.1245491870708418,-1.8424775066552816,1.0,0.9878826739864487,0.012117241324702965,8.468884856138158e-08,0.06551990395938172,0.9780878313775594,0
2006-07-07,2.33,0.0085536381679607,0.0029571217348447,-0.0355881155730807,0.3800000000000001,0.4663576274852775,31.0,0.0225183652738376,0.041453428863869,-0.0745406824146981,0.0019426906265178,0.0260562929472583,1.876166303929498,0.0011593475956085,0.0134015585305441,-0.7282886169084525,10.0,-0.260840514820752,0.0599404466354463,2.44178062269146,0.0099999999999997,0.2424953045574789,0.0426188402687346,0.0199480616283957,0.0032155921249452,0.9656531288883704,0.3327877133275482,-0.0006699999999999,0.1288340571654951,-1.9338399837282805,1.0,0.9716545712139805,0.02834518660527231,2.4218074726922045e-07,0.12894588401591722,0.9778125668827857,0
2006-07-14,2.23,-0.0085339320079984,0.0029571217348447,0.0039110938250976,0.3800000000000001,0.4584900462805197,31.0,0.0225183652738376,0.041453428863869,-0.0745406824146981,0.0019426906265178,0.0260562929472583,1.8216644966793445,0.0011593475956085,0.0131333496708811,-0.286130393224317,10.0,-0.1913619390268099,0.0834950811211546,2.3959493217382373,0.04,0.3260457665167557,0.0401519737417093,0.0199480616283957,-0.0101597850014852,0.5703305111844867,0.3331858082293249,-0.0057599999999999,0.1200520720354629,-1.7634027110394894,1.0,0.9274265866935847,0.07256840930618026,5.004000234833818e-06,0.26029822267771374,0.9770623608808269,0
2006-07-21,2.32,0.0065171229915999,0.0029571217348447,0.006585290105497,0.3800000000000001,0.4496846646194433,31.0,0.0225183652738376,0.041453428863869,-0.0745406824146981,0.0019426906265178,0.0260562929472583,1.764609348792707,0.0011593475956085,0.0129805932895558,-0.286130393224317,10.0,-0.1686077891584121,0.1070297021525181,2.348581934715597,0.04,0.2690536806266588,0.0478402017219315,0.0199480616283957,0.0042888670991788,-0.2587850746386941,0.3334826400152669,-0.01007,0.1082243041096045,-1.5801367191817977,1.0,0.952811901857919,0.04718659929401408,1.4988480669527702e-06,0.19016804196541845,0.9774929531578724,0
2006-07-28,2.32,-0.0098153416779033,0.0029571217348447,0.0131027073092864,0.3800000000000001,0.4398851689707904,31.0,0.0225183652738376,0.041453428863869,-0.0557043385109802,0.0019426906265178,0.0008328701780751,1.7047445105218288,0.0001812367973074,0.011499849017769,0.3535533905933391,10.0,-0.0889030048541235,0.1231651040560696,2.2995835415472765,-0.0299999999999993,0.2091794326032987,0.0482068359634592,0.0196944577513125,-0.0086018074555442,-1.6029627935485118,0.3331160868228211,-0.01341,0.0947081984685123,-1.4167650423803018,1.0,0.9813049639713572,0.018694584976706424,4.5105193638850404e-07,0.09292127560343837,0.9779762587627605,0
2006-08-04,2.41,0.01035111318136,0.001965601965602,-0.0161454056692671,0.0699999999999998,0.4385755926508953,35.0,0.0236697045685831,0.0381873727087576,-0.077664702731655,0.0024236548715463,0.011181742002547,1.6473755351608876,0.0015877108517937,0.0098611959850425,2.459028061453488,-9.0,-0.1671264400071427,0.1564277560317938,2.2774221355977176,0.0199999999999995,0.1998074223807688,0.044907843795259,0.0202289326105443,-0.0056779491573026,-1.9094818439485968,0.3329515158630966,-0.014,0.1148212897133482,-1.1556327642978248,1.0,0.9987568415208676,0.0012431396099058703,1.8869226528196873e-08,0.009559468185342515,0.978272281281129,0
2006-08-11,2.38,-0.0120633262884543,0.001965601965602,-0.0195386912509212,0.0699999999999998,0.4372349005408111,35.0,0.0236697045685831,0.0381873727087576,-0.077664702731655,0.0024236548715463,0.011181742002547,1.5869661428215815,0.0015877108517937,0.0113492414743121,-0.3051662587677763,-9.0,-0.2418648489961008,0.1437259296617782,2.2548757294034742,-0.0199999999999995,0.1120250941578648,0.0400710013645746,0.0202289326105443,-0.017116273095503,-1.720824457316206,0.3300410756464636,-0.0130099999999999,0.1217652894477464,-0.8612295541868661,1.0,0.9995932039657235,0.00040678469226605247,1.134201044315424e-08,0.003582781019888289,0.9782864678367281,0
2006-08-18,2.42,0.0034166422620791,0.001965601965602,-0.0382475247379315,0.0699999999999998,0.4358628055088066,35.0,0.0236697045685831,0.0381873727087576,-0.077664702731655,0.0024236548715463,0.011181742002547,1.5231546211729372,0.0015877108517937,0.0105133322288694,-0.3051662587677763,-9.0,-0.2612227086485731,0.1375746550578457,2.2319326554764736,0.0299999999999993,0.0885998630561593,0.0432571202348925,0.0202289326105443,0.0023360220762053,-1.5175415447379272,0.3239788459287887,-0.0103799999999999,0.1126229486891359,-0.3751295030937887,1.0,0.9997335344211391,0.000266463457517517,2.1213434235069327e-09,0.002459539557704461,0.9782888481543867,0
2006-08-25,2.44,-0.0058003787033916,0.001965601965602,0.0121364468693947,0.0699999999999998,0.4344590100277681,35.0,0.0236697045685831,0.0381873727087576,-0.077664702731655,0.0024236548715463,0.011181742002547,1.455493572112916,0.0015877108517937,0.0081399761671751,-0.3051662587677763,-9.0,-0.2690972019319696,0.1434212078360182,2.208580551915348,0.0100000000000006,0.0964767147708107,0.0400836235984244,0.0202289326105443,-0.0129423793115876,-1.327960253550694,0.3166759743015682,-0.00675,0.11166755507823,0.5450556049512195,1.0,0.999902391772944,9.760704793328557e-05,1.1791226162493787e-09,0.0009989859281942495,0.9782917123480671,0
2006-09-01,2.53,0.0154393803245158,-0.0049043648847474,0.0040306451528576,-0.131,0.4908839712688932,27.0,0.0421592751349677,0.0206237424547284,-0.0612592172433352,0.0019342359767891,0.01972628630624,1.440085467549282,0.001735849893041,0.0084259817774091,-1.153599469577355,3.0,-0.4973056314505166,0.1227948346982511,2.129304264679844,-0.0900000000000007,0.0239751776513048,0.0383802261308611,0.0149839829233468,-0.0195483418911738,-1.1370002232310483,0.3020519942655855,-0.00287,0.1084221247848575,1.64734350086695,1.0,0.9998744906018711,0.00012550792075503967,1.477373898455148e-09,0.0012529869960214064,0.9782912390825207,0
2006-09-08,2.62,-0.0027393718600347,-0.0049043648847474,-0.0082213871331462,-0.131,0.536643014269464,27.0,0.0421592751349677,0.0206237424547284,-0.0612592172433352,0.0019342359767891,0.01972628630624,1.4234303095530634,0.001735849893041,0.0089757753119414,-0.1963851344824749,3.0,-0.4961377585697544,0.1030603152111806,2.0440104901544167,-0.0899999999999998,0.0338638905577197,0.0318931008732352,0.0149839829233468,-0.005849815367367,-0.9408638228878848,0.2909418703894295,-7.00000000000145e-05,0.1012687372433504,1.6988227993594058,1.0,0.9998412163215723,0.000158778531193728,5.147234021454579e-09,0.00154786393018572,0.9782906746759237,0
2006-09-15,2.65,-0.0090832600749003,-0.0049043648847474,0.0120156886280916,-0.131,0.5742913772126461,27.0,0.0421592751349677,0.0206237424547284,-0.0612592172433352,0.0019342359767891,0.01972628630624,1.4054837656070958,0.001735849893041,0.0092868564156676,-0.1963851344824749,3.0,-0.5529433013065698,0.0901486867030521,1.951910538711056,0.0300000000000002,0.0052381243024552,0.0278382366421348,0.0149839829233468,-0.0040966050856277,-0.7433213823180933,0.2834262335498455,0.0011000000000001,0.0720614816865598,1.380271261444289,1.0,0.9998937715248126,0.00010622664620016946,1.8289872107543226e-09,0.0010782266001150126,0.9782915661293923,0
2006-09-22,2.64,-0.0032037636492937,-0.0049043648847474,-0.0106343534494372,-0.131,0.6053442465064524,27.0,0.0421592751349677,0.0206237424547284,-0.0612592172433352,0.0019342359767891,0.01972628630624,1.3861956793825867,0.001735849893041,0.0117460943614439,-0.1963851344824749,3.0,-0.6245537390122198,0.0870036945028323,1.8519892692436764,-0.0300000000000002,-0.056706699889416,0.0275082295952268,0.0149839829233468,0.0005736656803993,-0.5743109672750983,0.2756336454166461,0.00056,0.0901486867030819,1.0034778156530328,1.0,0.999912083246525,8.79148448111196e-05,1.908663822631935e-09,0.000909000418117152,0.9782918767365738,0
2006-09-29,2.72,0.0140528661690877,0.0,-0.0031987140354375,-0.131,0.6307764558678585,27.0,0.0421592751349677,0.0206237424547284,-0.0389082462253194,0.0,0.0146595308294771,1.365509203416761,0.0005874573845846,0.0116392855815178,0.3535533905932798,2.0,-0.5962933642323549,0.0854818276427345,1.8519892692436764,-0.04,-0.0502717108053952,0.0276462983834888,0.0137561423749996,-0.0066487286588796,-0.5507203764675797,0.2700572533007213,-0.00101,0.0951596403043932,0.5667626905685054,1.0,0.9998006843397378,0.00019931154238950546,4.117872652550509e-09,0.0018976374862939938,0.9782899871644488,0
2006-10-06,2.59,-0.0090297198375003,-0.0054213898472152,-0.0043399130474841,-0.238,0.7022905808225234,34.0,0.028481025781383,0.0130522088353415,-0.0882694541231127,0.001930501930502,0.0350023358360406,1.4443523968043088,0.0006644173634752,0.0109232117575373,-1.1976930748096426,3.0,-0.5140631992031419,0.0666413642460203,1.8837840996082096,0.0600000000000005,-0.033635217107412,0.0302957012565496,0.0211562822325978,0.0054097684102576,-1.23432774527776,0.2641502925872023,-0.0034899999999999,0.0768927824961741,-0.1575047303239806,1.0,0.999905664240758,9.433493688783028e-05,8.22354118494085e-10,0.0009687068693003191,0.9782917678564764,0
2006-10-13,2.63,0.0202339795036423,-0.0054213898472152,0.0067654209619631,-0.238,0.7626032386323703,34.0,0.028481025781383,0.0130522088353415,-0.0882694541231127,0.001930501930502,0.0350023358360406,1.5028178660310294,0.0006644173634752,0.0110361848913125,0.5283573272068556,3.0,-0.5719040790769812,0.0666413642460203,1.9132782035456728,0.0999999999999996,-0.0648251844810833,0.0319361460474045,0.0211562822325978,0.0031289588238208,-2.212430944359979,0.2612823695189092,-0.0060099999999999,0.0768927824961741,-1.24391636257849,1.0,0.9999608133567432,3.9186477226007654e-05,1.660307723149658e-10,0.0004368218067706066,0.9782927033074343,0
2006-10-20,2.6,-0.017617028902447,-0.0054213898472152,0.0009571908461048,-0.238,0.8142075019666942,34.0,0.028481025781383,0.0130522088353415,-0.0882694541231127,0.001930501930502,0.0350023358360406,1.5432233997509863,0.0006644173634752,0.0126069156421481,0.5283573272068556,3.0,-0.4374611310287191,0.0639056223772829,1.9405764875604516,0.04,-0.0628401996729414,0.0312574350142123,0.0211562822325978,-0.0096524982955945,-2.046755812090984,0.2558692633742204,-0.0064899999999999,0.0783308003643409,-1.4430794198027097,1.0,0.9999667446209562,3.3255213786426556e-05,1.65257348306058e-10,0.0003761630008334603,0.9782928039147651,0
2006-10-27,2.64,0.0100071073205401,-0.0054213898472152,0.0160554016320072,-0.238,0.8586748686032629,34.0,0.028481025781383,0.0130522088353415,-0.0513595166163142,0.001930501930502,0.033947749448066,1.5669666924938643,0.000405461341853,0.0127786363740915,0.3535533905932864,3.0,-0.4520873450233614,0.0910160896294051,1.9657704325951235,0.0200000000000004,-0.0076772494500405,0.0315149734462207,0.0181583312389294,0.002866870380522,-1.817471685187872,0.2547689930486096,-0.00619,0.0787287386264902,-1.0809787423711203,1.0,0.9999623750023244,3.762478529964962e-05,2.1237587476519798e-10,0.00042094459642730064,0.9782927297963724,0
2006-11-03,2.66,0.0033870952608814,-0.0014866204162538,0.0115479003114929,-0.159,0.8817753689100107,46.0,0.0166216601361064,0.0197368421052632,-0.0725075528700905,0.0009633911368016,0.0352066487598251,1.7382573059069804,0.0004114227677184,0.0119057475009626,-0.5455434458246717,-2.0,-0.3093298422364519,0.0847580590352791,2.0220317425857077,-0.0200000000000004,-0.0237702607771805,0.0353611356439837,0.0187338157918689,-7.850404994790006e-05,-1.5263856758468404,0.2543770671811637,-0.0036199999999999,0.0795410945001996,-0.1559062844983532,1.0,0.9999554762921001,4.4523165910245585e-05,5.419896621100158e-10,0.0004906341823617737,0.9782926127788993,0
2006-11-10,2.47,0.0036164462979932,-0.0014866204162538,0.016029322950777,-0.159,0.9033698783503364,46.0,0.0166216601361064,0.0197368421052632,-0.0725075528700905,0.0009633911368016,0.0352066487598251,1.8810798862520584,0.0004114227677184,0.0123615540546391,0.4761410400753934,-2.0,-0.3345286697529713,0.0968061391205527,2.072225288683372,0.0099999999999997,0.0358074294629107,0.0265303821243193,0.0187338157918689,0.0021394579294761,-1.232619694077948,0.2537418314818007,-0.00121,0.0743423547803637,0.828423559662257,1.0,0.999966065429568,3.3934306663373966e-05,2.6376862858329093e-10,0.00038316061468320485,0.9782927923941434,0
2006-11-17,2.38,-0.0035859450520014,-0.0014866204162538,-0.0229670420998153,-0.159,0.9235640409055448,46.0,0.0166216601361064,0.0197368421052632,-0.0725075528700905,0.0009633911368016,0.0352066487598251,2.0015378702773408,0.0004114227677184,0.0104998544701605,0.4761410400753934,-2.0,-0.2834238463372771,0.1094058629925383,2.1167827547410933,-0.0099999999999997,-0.0058781264685633,0.0271165486318391,0.0187338157918689,-0.00758262381761,-0.8749375536625432,0.2518459002367545,0.00146,0.0627352714644495,1.6566350006691728,1.0,0.9999566107888822,4.338906325775605e-05,1.4786000212868083e-10,0.0004792479102681617,0.9782926320226157,0
2006-11-24,2.4,0.0111916180332907,-0.0014866204162538,0.0077068003184395,-0.159,0.9424478780524774,46.0,0.0166216601361064,0.0197368421052632,-0.0725075528700905,0.0009633911368016,0.0352066487598251,2.1034769750619757,0.0004114227677184,0.0130983241671168,0.4761410400753934,-2.0,-0.3358003432735142,0.1097968904061327,2.1560535983957854,-0.0499999999999998,0.0090274672501964,0.0269703926751758,0.0187338157918689,-0.0038862901587773,-0.3647124077478131,0.2491272095051744,0.0034799999999999,0.0597614304667523,1.6788825498776436,1.0,0.999963908345569,3.609136047370463e-05,2.9395727772106594e-10,0.0004052924763731453,0.9782927558052271,0
2006-12-01,2.36,-0.0097731428716741,0.0014888337468983,0.0080480657787934,-0.256,0.9482584611190128,33.0,0.0217073349842726,0.0254065040650406,0.043312101910828,0.001443695861405,0.005654618916587,2.1034769750619757,0.0036281065273368,0.0124885289145861,2.4728390033174805,-5.0,-0.3954489929702887,0.11829140773047,2.124694991862718,-0.0099999999999997,0.0692852432821264,0.0182413252351963,0.0260454253787018,0.0166787974451148,0.4779872713284069,0.2512763797186733,0.00417,0.1115795680221232,1.3507398776431832,1.0,0.9997593905631628,0.00024060639623657448,3.040600673261758e-09,0.0022454563833583293,0.978289286731272,0
2006-12-08,2.31,0.0064283721522031,0.0014888337468983,0.0190646474144229,-0.256,0.9537309940025834,33.0,0.0217073349842726,0.0254065040650406,0.043312101910828,0.001443695861405,0.005654618916587,2.1034769750619757,0.0036281065273368,0.0117506898427754,-0.3367116076204663,-5.0,-0.4717020873952671,0.0921857596687983,2.092145766070264,-0.0600000000000005,0.0444519181138194,0.0228863309521636,0.0260454253787018,0.0025324997514125,1.3532247753032196,0.2509186740668639,0.00267,0.1041890452152264,0.7868000529108212,1.0,0.9998985917176453,0.00010140630408890545,1.978265852826176e-09,0.001034013216885216,0.9782916478904443,0
2006-12-15,2.28,-0.0096580984437087,0.0014888337468983,-0.0008039219164674,-0.256,0.9588712647470932,33.0,0.0217073349842726,0.0254065040650406,0.043312101910828,0.001443695861405,0.005654618916587,2.1034769750619757,0.0036281065273368,0.013552190413567,-0.3367116076204663,-5.0,-0.4565393004677012,0.0899205998963163,2.0583494390586505,-0.0599999999999996,0.0924905064565688,0.0246320977711689,0.0260454253787018,-0.0052759852282706,1.2028387766379904,0.2479036541067012,-0.0006599999999999,0.0886304526833768,-0.1854221451809049,1.0,0.9999544886913544,4.55111966698545e-05,1.1197570532901121e-10,0.0005005134022154471,0.978292596027172,0
2006-12-22,2.26,0.0130690249235523,0.0014888337468983,0.0105401060287041,-0.256,0.9636845902023136,33.0,0.0217073349842726,0.0254065040650406,0.043312101910828,0.001443695861405,0.005654618916587,2.1034769750619757,0.0036281065273368,0.0135275486847823,-0.3367116076204663,-5.0,-0.4598224999590439,0.0953845599964345,2.023243516932281,0.08,0.0681156858026539,0.0245952167201534,0.0260454253787018,-0.0039400820148926,0.1683088632414243,0.2423135099495493,-0.00457,0.0868496237347073,-1.4689193031876755,1.0,0.9998921937881924,0.00010780506059664045,1.1512110602865444e-09,0.0010926433708332269,0.9782915393677508,0
2006-12-29,2.3,0.0057548467647772,0.0,-0.0067618999151943,-0.256,0.9681758466457882,33.0,0.0217073349842726,0.0254065040650406,0.067100977198697,0.0,0.0015355196116965,2.0788310324648687,0.0036038930687817,0.0132603249412761,-0.3535533905932739,-3.0,-0.4388419089254228,0.1037768898027976,1.9867585794685936,0.0299999999999993,0.0001637994984147,0.01981756157591,0.0237237780007212,0.0026055415275012,-1.4067150560097403,0.236017101918882,-0.0084199999999999,0.0868496237347073,-1.855568421351646,1.0,0.999962239604801,3.7759820684507123e-05,5.74514539307917e-10,0.0004223279253984591,0.9782927274995962,0
2007-01-05,2.33,0.0053311080152829,0.0030525272547075,0.0035516938341893,-0.2219999999999999,0.9748726863240984,39.0,0.0166466564629901,0.0207564296520423,0.0592833876221499,0.0024026910139356,0.0203250876995243,2.258658553553184,0.0039560540889625,0.0139403385397466,-1.0703614015232692,-8.0,-0.3579734183085666,0.0994269293788834,2.061644264636008,0.0300000000000002,-0.1230337614674103,0.026423105066809,0.0242297946646881,0.0022738741048886,-2.056467645128575,0.2296350143575722,-0.01173,0.0884691229429163,-1.693825975595562,1.0,0.9999550468682415,4.4951932390142976e-05,1.1993682884113016e-09,0.0004949418617332239,0.9782926054946772,0
2007-01-12,2.38,-0.0226462510833201,0.0030525272547075,0.0021562473660851,-0.2219999999999999,0.9801218141972016,39.0,0.0166466564629901,0.0207564296520423,0.0592833876221499,0.0024026910139356,0.0203250876995243,2.419472288298972,0.0039560540889625,0.0142992585027715,-0.2151834406297754,-8.0,-0.2491184669352417,0.1016998384603257,2.133196639662912,0.04,-0.1709949437356008,0.0294551329519003,0.0242297946646881,-0.0106793386120356,-1.957685754683558,0.2211747055543915,-0.0129599999999999,0.1058890929227523,-1.3645456090199766,1.0,0.9999663542782599,3.364554891510607e-05,1.7282496857830384e-10,0.0003801857383951301,0.9782927972936886,0
2007-01-19,2.47,0.0053157452045404,0.0030525272547075,-0.0139132967123494,-0.2219999999999999,0.9839464001670198,39.0,0.0166466564629901,0.0207564296520423,0.0592833876221499,0.0024026910139356,0.0203250876995243,2.5648511727704704,0.0039560540889625,0.0094234969623184,-0.2151834406297754,-8.0,-0.2579740997257672,0.0954594154601798,2.201740707208696,0.0499999999999998,-0.2393562130341315,0.0297171387480835,0.0242297946646881,-0.0087775553040981,-1.7488479697512485,0.212457696969317,-0.0121399999999999,0.1276084972540312,-0.9712586949782456,1.0,0.9999761208107961,2.387884305327152e-05,3.461506621199803e-10,0.0002780174549935995,0.9782929629555689,0
2007-01-26,2.52,-0.0088530690755826,0.0030525272547075,0.0023999619878954,-0.2219999999999999,0.9863630151977696,39.0,0.0166466564629901,0.0207564296520423,-0.0073260073260073,0.0024026910139356,0.020048829128517,2.697292089371328,0.0011961171774178,0.0062443162217212,0.3535533905932752,-8.0,-0.1458332718364747,0.0529150262212843,2.2675492913801616,-0.0099999999999997,-0.1821133940119388,0.0286802664559816,0.002590134729621,0.0137190490035715,-1.5317224558805231,0.2085172642063346,-0.00921,0.1118353381411571,-0.3627571051281317,1.0,0.9999566452835544,4.335393976005907e-05,7.766854727809365e-10,0.00047890864515608215,0.9782926326074863,0
2007-02-02,2.57,0.0164073002213078,0.0053503675598767,-0.0075880764764974,-0.028,0.9877248126185272,30.0,0.0257936326168322,0.0241519879214897,-0.0244200244200244,0.0025647171620326,0.0306019586191872,2.8737539105605503,0.0036969350441954,0.0072184837851785,2.344551098702419,13.0,-0.1320097637294833,0.0452769256906784,2.339895963963356,0.0099999999999997,-0.0971393914948302,0.0261537370818107,0.0062665819781455,0.0006211343322037,-1.2716516401611233,0.2046985791245844,-0.00356,0.1054243127285643,0.9630234762606648,0.0,0.9999623277863392,3.7671923028933206e-05,2.906319454909891e-10,0.0004214265271892448,0.9782927289954558,0
2007-02-09,2.57,-0.0123283240733254,0.0053503675598767,0.0083049741924755,-0.028,0.988551689468413,30.0,0.0257936326168322,0.0241519879214897,-0.0244200244200244,0.0025647171620326,0.0306019586191872,3.0354317903465837,0.0036969350441954,0.0061853617226441,-0.2042047876935137,13.0,0.0698469324040962,0.0459619407771171,2.4094459662448235,0.0100000000000006,-0.0315330006165572,0.0262057104683416,0.0062665819781455,-0.0005234541936106,-0.9627504151554646,0.2020285510638162,0.0016399999999999,0.0968706796271878,1.823118062773843,0.0,0.9999755860442814,2.44133239110503e-05,6.318075272330437e-10,0.0002837058548485737,0.9782929538846417,0
2007-02-16,2.6,0.014200222909116,0.0053503675598767,-0.003781295269523,-0.028,0.9888449876576624,30.0,0.0257936326168322,0.0241519879214897,-0.0244200244200244,0.0025647171620326,0.0306019586191872,3.184578223491921,0.0036969350441954,0.0079941601257875,-0.2042047876935137,13.0,0.04469501743025,0.0693721846275522,2.476434940611809,0.0199999999999995,-0.0081830606166724,0.0263594788570467,0.0062665819781455,0.0022659279509865,-0.4375731428276827,0.1988468831947265,0.00784,0.0757698583117079,1.8609215513019508,0.0,0.9999798773381833,2.0122565350324293e-05,9.646643781965876e-11,0.0002377234395087489,0.9782930266746568,0
2007-02-23,2.7,0.0023477886851805,0.0053503675598767,6.022537867367327e-05,-0.028,0.9886051820908038,30.0,0.0257936326168322,0.0241519879214897,-0.0244200244200244,0.0025647171620326,0.0306019586191872,3.32288104835833,0.0036969350441954,0.0079838795898292,-0.2042047876935137,13.0,0.0904105915241391,0.0849789889997977,2.5410654408457667,0.0099999999999997,-0.0281354389136353,0.0260068915275583,0.0062665819781455,-0.0012791136274906,0.6013530037459879,0.1968227069697031,0.0125299999999999,0.0757698583117079,1.625467088798891,0.0,0.9999745342643357,2.546553971921616e-05,1.9594516600769264e-10,0.0002948489664879908,0.9782929360442959,0
2007-03-02,2.76,0.009403671044079,0.0091056958510853,0.0049237802480974,0.0010000000000001,0.9875441300854512,30.0,0.0253080351158001,0.0277877877877876,-0.0184501845018449,0.0013531929136683,0.0218640777136916,3.381397071307456,0.0033007881962114,0.0075779773777175,0.1150786468057606,5.0,0.0667157689557518,0.1174429952907211,2.573211572702183,-0.0599999999999996,-0.0318831292237573,0.0302249768403369,0.0060409331392635,0.0572064181261977,1.7896168799825742,0.2005124468139021,0.0156399999999999,0.1334634781504089,1.3984710560914595,1.0,0.9267208133837519,0.07310676995963103,0.00017241665661760973,0.26325546000500544,0.9770503268179985,0
2007-03-09,2.62,-0.0147069382693817,0.0091056958510853,-0.0089204589274423,0.0010000000000001,0.986351620659158,30.0,0.0253080351158001,0.0277877877877876,-0.0184501845018449,0.0013531929136683,0.0218640777136916,3.434888868429664,0.0033007881962114,0.0083823005332642,-0.4242465137690461,5.0,0.0657538791270162,0.1187359014187094,2.6043819669672708,-0.0200000000000004,0.0015010032348581,0.0284862066509787,0.0060409331392635,0.0049730455116617,1.849076107548878,0.2030807223466481,0.0144,0.1500892591569768,1.0133651133674055,1.0,0.998960158197472,0.0010398170812352364,2.4721292745586383e-08,0.008181936455130443,0.978275729978464,0
2007-03-16,2.62,0.0134215533744743,0.0091056958510853,0.0061456467936911,0.0010000000000001,0.9850271763707552,30.0,0.0253080351158001,0.0277877877877876,-0.0184501845018449,0.0013531929136683,0.0218640777136916,3.483587894023213,0.0033007881962114,0.0107027936511591,-0.4242465137690461,5.0,-0.0182901158951601,0.1180496263683772,2.6346112560657398,-0.0599999999999996,-0.0901704605087676,0.028149729752792,0.0060409331392635,0.0106597569965024,1.6277506270749695,0.205731872392802,0.0120599999999999,0.1672252544153836,0.6163853617188965,1.0,0.9976849266594837,0.002314739707502466,3.3363301382141473e-07,0.01636426780903422,0.9782540991218526,0
2007-03-23,2.55,-0.0148851511457491,0.0091056958510853,0.0035806706009083,0.0010000000000001,0.9835702642425788,30.0,0.0253080351158001,0.0277877877877876,-0.0184501845018449,0.0013531929136683,0.0218640777136916,3.5276926431615108,0.0033007881962114,0.0110919155593818,-0.4242465137690461,5.0,-0.0028806458926136,0.0905439908868249,2.6639314781090726,0.04,-0.0308123761455221,0.0278670163803467,0.0060409331392635,0.0139959228985448,1.405853970386289,0.2065919682061671,0.00821,0.1562449999200091,-0.0580734867335284,1.0,0.9916735878202475,0.008326115272730746,2.969070213355064e-07,0.04816453651517571,0.9781521335627895,0
2007-03-30,2.58,0.0078047243145664,0.0,-0.0228865585292682,0.0010000000000001,0.9819802946682624,30.0,0.0253080351158001,0.0277877877877876,-0.0012515644555695,0.0,0.0112300638852188,3.567373522096376,0.0006293950826485,0.011084650161826,-0.353553390593279,5.0,0.0721220496775694,0.0740535520513884,2.692372332772828,-0.04,-0.0114061914777724,0.0279732691266495,0.0004424948568129,-0.002108520048742,1.2362579569201717,0.2079501151167551,0.0057999999999999,0.1411116579167122,-0.8378350338022328,1.0,0.9848337388183349,0.015165687067110878,5.74114554261428e-07,0.07858373205304633,0.9780361145256076,0
2007-04-06,2.58,-0.0086042471686117,0.0064961626865089,0.0079870086014061,-0.0649999999999999,0.9792504281972266,30.0,0.0290760192706087,0.0257369727047147,-0.0801001251564456,0.0015710206381496,0.0116818123493811,4.161545570874112,0.0023702838433094,0.0116789133449843,2.387874497022576,6.0,0.1281328547659954,0.091495511209172,3.158161158087493,0.0099999999999997,-0.0461492897836304,0.0260732451350315,0.0278523397064828,0.0029776725914849,1.1041415248465265,0.2070437614499705,0.00372,0.1119630040938403,-1.4816573927231491,1.0,0.9913894617826015,0.008610333612119214,2.0460527945546246e-07,0.04951685926214432,0.9781473141926786,0
2007-04-13,2.66,0.0036204699189046,0.0064961626865089,-0.0096577048350456,-0.0649999999999999,0.9761480119650952,30.0,0.0290760192706087,0.0257369727047147,-0.0801001251564456,0.0015710206381496,0.0116818123493811,4.606350131987568,0.0023702838433094,0.0111972762026626,-0.4484175709341164,6.0,0.092577067805377,0.1160972498751396,3.5507524747938923,-0.0300000000000002,-0.0820830734529537,0.0266145786848656,0.0278523397064828,-0.0378523351407545,1.047816799801182,0.2045436925743337,0.0036399999999999,0.0999910710299536,-1.223620151651209,1.0,0.9996480846024842,0.00035191352065034383,1.8768654703188995e-09,0.003150351519090025,0.9782873987369793,0
2007-04-20,2.73,-0.0047444019869639,0.0064961626865089,0.0065392235084028,-0.0649999999999999,0.9726694811361336,30.0,0.0290760192706087,0.0257369727047147,-0.0801001251564456,0.0015710206381496,0.0116818123493811,4.942282250757655,0.0023702838433094,0.0112768586386924,-0.4484175709341164,6.0,-0.0751785376077603,0.1208230701716914,3.8923582169024256,-0.0299999999999993,-0.1568444510844864,0.0257912021563307,0.0278523397064828,-0.0141697756457911,1.1016061485484605,0.2033876000082158,0.0044699999999999,0.0775403120963716,-0.8197589554268224,1.0,0.9997596886327111,0.00024030931165706636,2.055631768524654e-09,0.002242961362723183,0.9782892917875575,0
2007-04-27,2.67,0.0213052993318512,0.0064961626865089,-0.0058251501985923,-0.0649999999999999,0.9688107843821386,30.0,0.0290760192706087,0.0257369727047147,-0.0789473684210526,0.0015710206381496,0.005199314567548,5.1905239101210885,0.0023768748378792,0.0104738747403545,-0.3535533905932742,6.0,0.1946605730440711,0.1078937969883839,4.195451102652869,-0.04,-0.0754034276022121,0.0115870574111343,0.0279121097836795,-0.0191615773743003,1.3178686790226448,0.2003074559847308,0.0066,0.0705083581671804,-0.1916325648217516,1.0,0.9998992979411959,0.00010070091779167965,1.141012529537565e-09,0.0010275068433001331,0.9782916598698674,0
2007-05-04,2.7,0.0126988493621587,0.0061107186747046,-0.0081365210629864,0.0430000000000001,0.9510517398724068,45.0,0.0297984854267112,0.0269086419753086,-0.0645363408521303,0.0014827387280866,0.0076154756449447,5.5025868042641335,0.0023524964201516,0.0090527262686036,-0.0014966903776859,6.0,0.1716605299543467,0.0979704766024617,4.457736847088266,-0.0499999999999998,-0.1176806076210899,0.0115349865703168,0.0292198894374652,-0.0123245197591553,1.600502617102624,0.1960733502358183,0.0088199999999999,0.0710633520177795,0.7389651818630503,1.0,0.9997733508316479,0.00022664001522751994,9.153124673690162e-09,0.0021287893660795914,0.9782895235259484,0
2007-05-11,2.78,-0.0174966352624494,0.0061107186747046,-0.0013799200042117,0.0430000000000001,0.9320740095562586,45.0,0.0297984854267112,0.0269086419753086,-0.0645363408521303,0.0014827387280866,0.0076154756449447,5.776344332374417,0.0023524964201516,0.0055648185620293,-0.4080344028989069,6.0,0.2578025324759883,0.0858570240075196,4.691862600357509,-0.0300000000000002,-0.1342310086167465,0.0160187923697719,0.0292198894374652,0.008470796757685,1.6667211281270915,0.1883510850027616,0.00858,0.0654517270316957,1.08930795085819,1.0,0.9998173475660457,0.0001826496124346336,2.821519687003816e-09,0.0017549283705003708,0.9782902698100249,0
2007-05-18,2.65,-0.0179498897483062,0.0061107186747046,-0.0037356783362614,0.0430000000000001,0.9118015014590516,45.0,0.0297984854267112,0.0269086419753086,-0.0645363408521303,0.0014827387280866,0.0076154756449447,6.017027121811531,0.0023524964201516,0.0054162983380993,-0.4080344028989069,6.0,0.3324387637744517,0.1040518414747427,4.901865006605799,-0.0300000000000002,-0.052385763925844,0.0171282723294081,0.0292198894374652,0.0016239792694482,1.6322488060149687,0.1844917808320149,0.00899,0.0754865172445892,1.1708084571431938,1.0,0.9996728405971326,0.0003271556728554669,3.7300120025205614e-09,0.002952626895204334,0.9782878186525883,0
2007-05-25,2.65,0.0167248554200467,0.0061107186747046,0.0089299593686591,0.0430000000000001,0.8901457567344985,45.0,0.0297984854267112,0.0269086419753086,-0.0645363408521303,0.0014827387280866,0.0076154756449447,6.228470611140932,0.0023524964201516,0.005098176073959,-0.4080344028989069,6.0,0.289451412749748,0.1128842643722166,5.090730344945334,0.04,-0.0864509676460021,0.0170437121171732,0.0292198894374652,0.0030501955601774,1.545112388361978,0.1804706224029995,0.0084799999999999,0.0738724769934421,0.7635962460425417,1.0,0.9996952421787374,0.00030475341545945276,4.4058031977955786e-09,0.002772082109322198,0.9782881986325964,0
2007-06-01,2.66,0.0034911063179756,0.0019379751766057,0.0026405334849194,0.258,0.8617180998992453,36.0,0.027140344521729,0.0268703794972893,-0.0428571428571428,0.0015900370373895,0.0135916230394006,6.142036745625632,0.0003691096604924,0.0045466719035591,1.043971874520618,16.0,0.1894911082795429,0.1627388354739826,5.081648584648319,-0.0899999999999998,-0.1002350313350501,0.0183836827756394,0.0218526732199326,-0.0020770382568015,1.415538261064678,0.1793561469562126,0.0064,0.1115795680221253,-0.2878068153286575,0.0,0.9994914694265545,0.0005085202564859275,1.031695954288355e-08,0.004365211399204635,0.9782847421948149,0
2007-06-08,2.6,-0.0048803515677559,0.0019379751766057,0.0102479880990402,0.258,0.8311129604123192,36.0,0.027140344521729,0.0268703794972893,-0.0428571428571428,0.0015900370373895,0.0135916230394006,6.04801302399901,0.0003691096604924,0.003947725588917,-0.5192876500792907,16.0,0.2415748852987209,0.2296425794266251,5.070691820200177,-0.0200000000000004,-0.0959094706213978,0.0211596585275693,0.0218526732199326,0.0187052251782079,1.2342867900075865,0.1835714893559786,0.0030499999999999,0.1417177778947758,-1.7465180458929532,1.0,0.9924266317389948,0.007572922158223074,4.4610278216697734e-07,0.04453105463108761,0.9781649067937223,0
2007-06-15,2.63,-0.0088426113719854,0.0019379751766057,-0.0023471968733232,0.258,0.7980798682127769,36.0,0.027140344521729,0.0268703794972893,-0.0428571428571428,0.0015900370373895,0.0135916230394006,5.9460394058049015,0.0003691096604924,0.0026218963693796,-0.5192876500792907,16.0,0.1020181328198224,0.3052838257846523,5.057847866208258,-0.2099999999999999,-0.0269032244892656,0.0216998999308649,0.0218526732199326,0.0103885332098179,1.1610296484427816,0.1847597396286055,0.0036899999999999,0.151939837717826,-1.3321834993623618,1.0,0.9985290091136971,0.0014709714090531188,1.9477249736458672e-08,0.011063683057408772,0.9782684167404855,0
2007-06-22,2.63,0.0012716924723898,0.0019379751766057,0.0146783420637259,0.258,0.7623032552321604,36.0,0.027140344521729,0.0268703794972893,-0.0428571428571428,0.0015900370373895,0.0135916230394006,5.835699153947596,0.0003691096604924,0.0051151034918919,-0.5192876500792907,16.0,0.1451976078796231,0.3047129797038511,5.043102303606935,0.1700000000000008,-0.0244109396061372,0.0211398422301183,0.0218526732199326,0.0068078839700374,1.2251687114667489,0.1807759377466289,0.00539,0.1356400172726312,-0.5334030082693257,1.0,0.9850385005007859,0.014960562323329773,9.371758842495981e-07,0.0777313575877007,0.9780395875998823,0
2007-06-29,2.63,-0.0011361418976572,0.0,0.008381647057596,0.258,0.7233761702174076,36.0,0.027140344521729,0.0268703794972893,-0.057602143335566,0.0,0.0120120064754226,5.71650780970879,0.0002040053241387,0.0059371804652845,-0.3535533905933237,16.0,0.1130648678765349,0.2639805187617334,5.011148957706186,0.0899999999999998,-0.0446066896731024,0.0199917522359506,0.0203654330817291,-0.002367176555805,1.5850589360146483,0.1765668917718807,0.0121299999999999,0.110711981542869,1.6619026894809927,0.0,0.9952675535864943,0.004732245304720557,2.0110878512164104e-07,0.030057723067303508,0.9782130951893188,0
2007-07-06,2.63,0.0133001196386566,-0.0002543772078021,0.014091427079339,0.1039999999999998,0.6893675730359262,39.0,0.0264344177471935,0.0235823095823095,-0.0884125920964501,0.001810905357618,0.025761915098057,5.344731410104147,0.0004961842783223,0.0059420996744404,-2.2606951223765117,16.0,0.1667572050071788,0.2132738012173879,4.976263416131327,0.1299999999999999,-0.0172762699765752,0.0192261019897047,0.0219340453850844,0.0031498699266481,1.998451646822116,0.1787482662426809,0.0247399999999999,0.0828078671211197,2.239209928498113,0.0,0.9913691817977706,0.008630623103830531,1.9509839895980406e-07,0.04961298545668924,0.9781469702029354,0
2007-07-13,2.58,-0.0082180123224554,-0.0002543772078021,0.0038546051160929,0.1039999999999998,0.6517466102167293,39.0,0.0264344177471935,0.0235823095823095,-0.0884125920964501,0.001810905357618,0.025761915098057,4.91981863330503,0.0004961842783223,0.0068752072148804,0.1568274441614297,16.0,0.0496297543976902,0.1896943029493194,4.93838353875712,0.0199999999999995,-0.0402440415844101,0.0202080822032257,0.0219340453850844,0.0134104991868296,2.1163737548090173,0.1801443823484443,0.0446199999999999,0.0686606562326059,2.162784881969954,0.0,0.9456548255097844,0.05434407921238926,1.0952778263836015e-06,0.21112876763272276,0.9773715534993471,0
2007-07-20,2.57,0.0040360843655502,-0.0002543772078021,0.0177422806016085,0.1039999999999998,0.609845114078211,39.0,0.0264344177471935,0.0235823095823095,-0.0884125920964501,0.001810905357618,0.025761915098057,4.426493663594935,0.0004961842783223,0.0067292185913317,0.1568274441614297,16.0,0.0500081712444278,0.1875975936488972,4.897439845852177,0.0,0.0153163964123907,0.0216351882310108,0.0219340453850844,-0.0091116230412857,2.068911023263175,0.1778283613305607,0.06827,0.0829371534873103,1.98496130536626,0.0,0.21272202342085683,0.7872421322455407,3.58443336024809e-05,0.5179350727470937,0.9649393827169499,1
2007-07-27,2.54,-0.0103400556296368,-0.0002543772078021,-0.0159283213036784,0.1039999999999998,0.5627076580797972,39.0,0.0264344177471935,0.0235823095823095,-0.0326936744847192,0.001810905357618,0.0211385966239824,3.838469246176929,0.0004241002638925,0.0073552844330852,0.3535533905932855,16.0,-0.1494988696357478,0.2164609829573374,4.853354797492857,-0.1200000000000001,0.051611126290963,0.0242531303334901,0.0115589594650253,0.0226585617418318,1.983027713312334,0.1748776775680991,0.0936699999999999,0.1570657278248454,1.817563070025044,1.0,3.933116548704965e-15,0.3384204343369465,0.6615795656630487,0.6399821976184513,0.9610838188001807,2
2007-08-03,2.59,0.007374781511535,-0.001833902227087,0.013345496951826,-0.0629999999999999,0.5318265186864523,41.0,0.0239175100217523,0.0197008337420303,-0.0611229566453447,0.0016415764827564,0.0369009721725527,3.8390704003002414,0.0008520561316137,0.0075544199464081,2.1537280378975074,-4.0,-0.1595362531482868,0.2468660712671076,4.902980286139699,0.0,0.0096308346726785,0.0200409273152467,0.0143967124047034,0.0196050356362579,1.874042345193164,0.1738309367464087,0.11184,0.2093356839419243,1.5918160665280603,1.0,6.41758119402875e-12,0.9436233627271297,0.056376637266452416,0.21687906008429125,0.9613100838275478,1
2007-08-10,2.64,-0.0055247793478048,-0.001833902227087,0.0035183909126565,-0.0629999999999999,0.4964490581454495,41.0,0.0239175100217523,0.0197008337420303,-0.0611229566453447,0.0016415764827564,0.0369009721725527,3.836063687607978,0.0008520561316137,0.0068708935575988,-0.106559124943638,-4.0,-0.0617691399704989,0.1828348200660115,4.94936655148264,-0.2799999999999993,-0.0387356733358966,0.0199055800203372,0.0143967124047034,0.0348682701795459,1.7557788757083688,0.1714686802177708,0.12014,0.2194799047098216,1.330249698365544,1.0,4.498240949152982e-18,0.7404110250403091,0.2595889749596908,0.5726265587039074,0.9612341095666254,1
2007-08-17,2.55,-0.0006031523375619,-0.001833902227087,0.0037403209428286,-0.0629999999999999,0.4555288931864891,41.0,0.0239175100217523,0.0197008337420303,-0.0611229566453447,0.0016415764827564,0.0369009721725527,3.8294406098822416,0.0008520561316137,0.0075649611850286,-0.106559124943638,-4.0,0.0414500496956276,0.3267125210771251,4.992603881175515,-0.8100000000000005,0.0118077589892049,0.0215307877203649,0.0143967124047034,0.018628256814255,1.6368465908486851,0.1714123744413224,0.11804,0.2840397356507961,1.0162717730353084,1.0,3.076636474017525e-29,2.480973007376897e-05,0.9999751902699254,0.00028789864138957126,0.960957304053419,2
2007-08-24,2.5,-0.0024926843875406,-0.001833902227087,-0.0095402823356583,-0.0629999999999999,0.4073992655378295,41.0,0.0239175100217523,0.0197008337420303,-0.0611229566453447,0.0016415764827564,0.0369009721725527,3.819182353089956,0.0008520561316137,0.0074393398091274,-0.106559124943638,-4.0,-0.2283079902969602,0.3341059498337095,5.032773434842413,0.4800000000000004,-0.0195835851124643,0.0218443598198409,0.0143967124047034,-0.0059396453363116,1.4934098874441988,0.172212993800654,0.09465,0.294421345305381,0.2871124661082583,1.0,2.9833468027164256e-36,0.0003409912850461178,0.9996590087149532,0.003063289481944477,0.9609574222630721,2
2007-08-31,2.4,0.0117040943467299,0.0,-0.0265515587243041,-0.052,0.4086704537473078,42.0,0.0256216628758245,0.0247264662395267,-0.02939015429831,0.0,0.0273769218379746,3.7408349541039674,0.0006809054825761,0.0077286430201954,-0.3535533905932782,-1.0,-0.0695933180159095,0.3522884370187906,5.050723108780428,-0.2300000000000004,0.0700968102758534,0.0218526394693494,0.010390988702227,0.0207046627429073,1.307451619078458,0.1746933318160535,0.0519299999999999,0.2792560269205107,-1.2131529234322669,1.0,2.680596287927836e-38,1.8203659241070894e-05,0.9999817963407585,0.00021687621800128262,0.9609573015836316,2
2007-09-07,2.32,-0.0019670673740623,0.0027559074053589,-0.0086819228161284,0.0689999999999999,0.4119832330299301,42.0,0.027901202497425,0.0275505174963035,-0.0734753857457751,0.0020604493200517,0.0273769218379746,3.6502897672123567,0.0009634564019307,0.0082849828860345,1.7686659291761635,-1.0,-0.0306608383023824,0.3496503355394597,5.063845765488082,0.0600000000000005,0.1577358029923348,0.0251226290809358,0.017837350463514,-0.0075734129794242,1.1020828882388969,0.1819422405156637,0.01604,0.2772537517458363,-1.8692791931671415,1.0,1.8619100255117776e-40,1.880190196032128e-07,0.99999981198098,3.0998450543791355e-06,0.9609572948481895,2
2007-09-14,2.31,0.0173998686802363,0.0027559074053589,-0.0010165943061362,0.0689999999999999,0.4148336860797417,42.0,0.027901202497425,0.0275505174963035,-0.0734753857457751,0.0020604493200517,0.0273769218379746,3.546612685149223,0.0009634564019307,0.0084063853305761,-0.5382294178949412,-1.0,0.2603372067659577,0.3343116595548013,5.072178870239532,-0.0600000000000005,0.2490130457462482,0.0239223504603481,0.017837350463514,-0.006265656249472,0.8178286142025928,0.1855618023833816,-0.0236,0.2292495521104785,-1.8190423792171952,1.0,3.243110268474294e-40,5.19005358084181e-06,0.9999948099464193,6.834661808302486e-05,0.9609572967182824,2
2007-09-21,2.2,-0.0209654817592862,0.0027559074053589,0.0111087715889865,0.0689999999999999,0.4172312886064114,42.0,0.027901202497425,0.0275505174963035,-0.0734753857457751,0.0020604493200517,0.0273769218379746,3.4286126371149663,0.0009634564019307,0.0091707341193987,-0.5382294178949412,-1.0,0.3140263916544941,0.3474987153110884,5.075746012826784,-0.2699999999999996,0.3479769409579987,0.0190846351435774,0.017837350463514,-0.0321033486414264,0.3396519316012528,0.1850750938049375,-0.05656,0.2019149396581146,-1.6071233719959035,1.0,1.9557432643285467e-35,0.00012995970616086312,0.9998700402938383,0.0012928679219244104,0.9609573433654598,2
2007-09-28,2.25,0.0255470583083257,0.0027559074053589,0.0130798359550164,0.0689999999999999,0.419183811179268,42.0,0.027901202497425,0.0275505174963035,-0.0454201362604087,0.0020604493200517,0.0,3.2947510703214635,0.0007858053231331,0.0086345638317984,-0.353553390593277,-1.0,0.2224199333547938,0.2655990533545952,5.074557243909999,0.0799999999999996,0.2980448873021031,0.0189740902653144,0.016058443176076,-0.0136462497256314,-0.5091063922619445,0.1857091702840768,-0.06512,0.1840031055638444,-1.2821415252689234,1.0,8.402463639211039e-26,0.024823892897245015,0.9751761071027544,0.11626103229854134,0.9609665755968396,2
2007-10-05,2.18,-0.0234284751095629,0.0021391913281212,-0.017269515037269,-0.0369999999999999,0.4237499564483241,32.0,0.02617928237054,0.0353617443012883,-0.0976532929598789,0.0024721820433553,0.0105981232192227,3.227049140289932,0.0013547868903932,0.0091943082643623,-2.0264381044000133,1.0,0.1005134438845689,0.2312659260925148,4.974899288035236,0.1800000000000001,0.3591031375822058,0.0188285035262401,0.023310429313832,-0.0089597116101672,-1.557735845032178,0.1860200770883028,-0.0605499999999999,0.1246638336830986,-0.9639893785684512,0.0,1.607815640182867e-19,0.2715146285736972,0.7284853714263021,0.5847595111285449,0.9610588049688618,2
2007-10-12,2.2,0.0199205800350037,0.0021391913281212,0.0049147424396006,-0.0369999999999999,0.4238625650220244,32.0,0.02617928237054,0.0353617443012883,-0.0976532929598789,0.0024721820433553,0.0105981232192227,3.1339333849873565,0.0013547868903932,0.0094224796972907,0.0551271401345996,1.0,0.2323732242155085,0.1976965568021569,4.868249086728963,0.2000000000000001,0.428888558604549,0.0136323664938893,0.023310429313832,-0.0323134596501006,-1.613784072997319,0.1857578947854211,-0.04031,0.131121535770647,-0.5066717541598263,0.0,4.597024929497261e-18,0.6820470408556795,0.31795295914432015,0.6253168163837428,0.9612122892352075,1
2007-10-19,2.15,-0.0190147828824082,0.0021391913281212,0.013435012924184,-0.0369999999999999,0.4195252231583414,32.0,0.02617928237054,0.0353617443012883,-0.0976532929598789,0.0024721820433553,0.0105981232192227,3.0130485456529583,0.0013547868903932,0.0099904497941639,0.0551271401345996,1.0,-0.0276205332489368,0.1853134410359144,4.75413608921233,-0.3400000000000003,0.5593100835970568,0.013701909343906,0.023310429313832,0.0073235218835328,-1.2506678117316024,0.1908110616206538,-0.0068699999999999,0.1371130920080035,0.3925685551950125,0.0,1.6946857495830792e-16,0.18989818904596004,0.8101018109540401,0.48607530408948973,0.9610282913261687,2
2007-10-26,2.16,0.0136697837515196,0.0021391913281212,0.0024081092191065,-0.0369999999999999,0.4105969338742989,32.0,0.02617928237054,0.0353617443012883,-0.0976532929598789,0.0024721820433553,0.0105981232192227,2.8608766811268307,0.0013547868903932,0.0095722645622362,0.0551271401345996,1.0,0.0090871044778026,0.1907082663576562,4.632008773635329,0.1,0.512098775479038,0.0134280218981554,0.023310429313832,0.0007721414018618,-0.7456610322349311,0.1956452757070414,0.03058,0.1543419209787906,1.554905709147144,0.0,4.165383475605786e-17,0.041760518038588886,0.9582394819614107,0.1734993669972667,0.9609729076315499,2
2007-11-02,2.18,0.0022577845347431,0.0059396178734156,0.0042515609860652,-0.236,0.4718236411697779,32.0,0.0320876700614243,0.0430620347394541,-0.0293417922283901,0.0027490015418927,0.0221098127072871,2.8608766811268307,0.002255892957656,0.0085997815072187,2.225522304962211,3.0,0.0677321675055671,0.1612230043847869,4.733110801388468,-0.3500000000000001,0.6220832143256139,0.0108774121441516,0.0227335124751966,-0.0002567342391167,0.1320043341541137,0.203693922781161,0.06672,0.1915165043242115,1.8203258082104088,1.0,7.976321789424536e-22,0.0005632805157433165,0.9994367194842564,0.004777436182556539,0.9609575053695422,2
2007-11-09,2.2,0.0026477696587559,0.0059396178734156,-0.0020876816463576,-0.236,0.5220557472705846,32.0,0.0320876700614243,0.0430620347394541,-0.0293417922283901,0.0027490015418927,0.0221098127072871,2.8608766811268307,0.002255892957656,0.0114294082374935,-0.1393469606290615,3.0,0.0132152534294005,0.1844683480399047,4.825772939597865,-0.3399999999999998,0.6163785777510391,0.0119096219476486,0.0227335124751966,0.0296942344014831,1.5294106180111482,0.2137550331056035,0.09786,0.2621851853720283,1.626812374776197,1.0,1.4853535468372144e-36,8.247734747633224e-09,0.9999999917522651,1.6179315185831962e-07,0.9609572947809791,2
2007-11-16,2.12,0.0043049527843888,0.0059396178734156,-0.0159062152096656,-0.236,0.5642373674098504,32.0,0.0320876700614243,0.0430620347394541,-0.0293417922283901,0.0027490015418927,0.0221098127072871,2.8608766811268307,0.002255892957656,0.010995591411592,-0.1393469606290615,3.0,-0.0217629904167331,0.1662130732351872,4.910473001457109,0.1299999999999999,0.7039956304253576,0.0287396029441683,0.0227335124751966,0.0192198425870199,1.964204471532831,0.2268409686051138,0.1107399999999999,0.3106559879627869,1.338708097129253,1.0,5.064653408355581e-44,6.108951541120748e-08,0.9999999389104844,1.0758705390906674e-06,0.960957294800735,2
2007-11-23,2.17,0.001676152875035,0.0059396178734156,-0.0002056068753927,-0.236,0.6000686285224032,32.0,0.0320876700614243,0.0430620347394541,-0.0293417922283901,0.0027490015418927,0.0221098127072871,2.8608766811268307,0.002255892957656,0.0112434351151268,-0.1393469606290615,3.0,-0.0023322267473767,0.1671398046119304,4.9876166411095255,-0.1699999999999999,0.657326089186512,0.0319748755790645,0.0227335124751966,0.0152484613287132,1.813093077687287,0.2452329055793347,0.1124,0.3867077153908986,1.069329784378021,1.0,4.388963091576805e-53,2.378425688153324e-11,0.9999999999762155,6.332259769630595e-10,0.9609572947779045,2
2007-11-30,2.27,-0.013031015860332,0.0,-0.0138746474330393,-0.4059999999999999,0.6391867708200759,38.0,0.0216733966568003,0.0415113974231911,0.0268456375838925,0.0,0.0209772098250644,3.050598932366185,0.0018861691274804,0.0150374405841144,-0.3535533905932743,-9.0,-0.1329850266789882,0.175209058800378,5.011901371181343,-0.08,0.3985495610542204,0.0391793919072416,0.0094913661904234,0.0311653020135646,1.6014959728231055,0.2623069569572528,0.09336,0.4036264185038875,0.6121026433124128,1.0,3.981240674644261e-67,1.3174092448467153e-13,0.9999999999998685,5.5393492637972704e-11,0.9609572947778962,2
2007-12-07,2.28,0.0038059305198785,-0.0006708631296478,-0.0379926283451981,-0.377,0.6649401958863982,38.0,0.0220297783345895,0.0408126858275519,-0.0360738255033556,0.0023887896172294,0.0207631072092258,3.190370125622007,0.0018725335569602,0.0143706268637306,-0.1931301309983187,-9.0,-0.0536965569972717,0.1870399117071771,5.021372121132212,-0.0299999999999998,0.4231823394580041,0.0392820553893575,0.024862724260868,-0.0034482888786469,1.3971643288726838,0.2729998563527583,0.0629699999999999,0.3132063445808566,-0.1908865848489207,0.0,7.399799394342764e-73,1.270827571580168e-14,0.9999999999999876,5.5274476729732893e-11,0.960957294777896,2
2007-12-14,2.25,-0.0011486648753233,-0.0006708631296478,-0.0174393428171025,-0.377,0.6884338944979015,38.0,0.0220297783345895,0.0408126858275519,-0.0360738255033556,0.0023887896172294,0.0207631072092258,3.286569406164775,0.0018725335569602,0.016990353185928,-0.3794133242163028,-9.0,-0.051828833672002,0.2653703611397263,5.016112800962096,-0.2400000000000002,0.4389089737339782,0.0390616429948765,0.024862724260868,-0.0033919128965624,1.1846062741163152,0.2792385547115673,0.02662,0.2688600273110557,-1.4301352141695214,0.0,4.390202686314895e-81,4.930181347391341e-13,0.9999999999995062,5.575586943321024e-11,0.9609572947778953,2
2007-12-21,2.21,0.007068897079671,-0.0006708631296478,-0.0131418209354887,-0.377,0.7098922572867764,38.0,0.0220297783345895,0.0408126858275519,-0.0360738255033556,0.0023887896172294,0.0207631072092258,3.342960456748542,0.0018725335569602,0.0168677236903221,-0.3794133242163028,-9.0,0.0836472960351584,0.2303994977673102,4.996076892295136,0.1200000000000001,0.4951129272028503,0.0388502344588161,0.024862724260868,-0.0087813885154024,0.9259702269694672,0.287067925701944,-0.01038,0.2075537796055711,-1.853092099857736,0.0,1.550706256954068e-72,9.626779204900866e-13,0.9999999999990372,5.622482763881156e-11,0.9609572947778962,2
2007-12-28,2.26,0.0030169496488108,-0.0006708631296478,0.0048565574582578,-0.377,0.7294949168376312,38.0,0.0220297783345895,0.0408126858275519,-0.0612745098039215,0.0023887896172294,0.0027875431584223,3.3615472627942897,0.0001233270347842,0.0189478390966466,-0.3535533905934164,-9.0,0.1725671387347123,0.2089941899397484,4.961085367551405,0.1800000000000001,0.5724815921328132,0.0394778168364551,0.0216638106981172,-0.0180724199657844,0.5536932292093157,0.2965881910204616,-0.0394999999999999,0.1377368090650221,-1.6522417693467246,0.0,2.484758320285747e-68,1.3789851818267147e-11,0.9999999999862101,3.8626491952762886e-10,0.9609572947779009,2
2008-01-04,2.24,0.0353950207822946,0.0049705764726046,0.0047363739382459,-0.3799999999999999,0.7469462224834917,38.0,0.0241419307534662,0.0428029404790135,-0.1062091503267973,0.0028287547849581,0.0142480860704939,3.2441663620435914,0.0005006526123603,0.0176256653203924,-2.400192002355241,-11.0,0.2679495570441894,0.2334064511288658,4.692143878652784,0.02,0.7387675594792311,0.0389958901522233,0.0255143664473647,0.0067676047315257,-0.0348139217871349,0.3147636116543955,-0.0476599999999999,0.1844683480398637,-1.3100644216160926,1.0,2.1649790220468955e-66,6.420494486981566e-13,0.9999999999993587,5.5903307050880375e-11,0.9609572947778968,2
2008-01-11,2.23,-0.0449290653630988,0.0049705764726046,-0.003898219552182,-0.3799999999999999,0.7615963233149982,38.0,0.0241419307534662,0.0428029404790135,-0.1062091503267973,0.0028287547849581,0.0142480860704939,3.104587176817764,0.0005006526123603,0.0175772356553879,0.2433511907948617,-11.0,0.2437509842306386,0.2357965224510324,4.387525165045369,-0.1100000000000003,0.7491979525464343,0.0312812702866728,0.0255143664473647,-0.0298854896653422,-1.0348248248941223,0.3332438039646717,-0.04474,0.2387916007137027,-0.9917513961084564,0.0,1.6039101591221007e-58,7.58501849182075e-12,0.999999999992415,2.294292957047907e-10,0.9609572947778986,2
2008-01-18,2.25,0.0145636579567052,0.0049705764726046,0.0037552507428428,-0.3799999999999999,0.7736043788045914,38.0,0.0241419307534662,0.0428029404790135,-0.1062091503267973,0.0028287547849581,0.0142480860704939,2.939649377313255,0.0005006526123603,0.0169716374259111,0.2433511907948617,-11.0,0.1607609423426608,0.2340177038479907,4.039165348424773,-0.2299999999999999,0.7420657197696625,0.0303824629805978,0.0255143664473647,0.021501790866457,-1.521301968447583,0.3571968543537038,-0.02366,0.3322622673216103,-0.4841785414008829,1.0,8.545992837552437e-61,6.146797572947516e-11,0.9999999999385327,1.5343643710033797e-09,0.9609572947779195,2
2008-01-25,2.36,-0.0182725460814408,0.0049705764726046,0.0052915794424432,-0.3799999999999999,0.7830919390074849,38.0,0.0241419307534662,0.0428029404790135,-0.1062091503267973,0.0028287547849581,0.0142480860704939,2.744785265525501,0.0005006526123603,0.0140115844277468,0.2433511907948617,-11.0,0.1126131831946506,0.2613939282276579,3.6345086451962,-0.56,0.636773765454618,0.0194634918608001,0.0255143664473647,0.0012448334747512,-1.1279784250204203,0.3794114577851372,0.0074199999999999,0.4096601378843326,0.4114000808560086,1.0,1.5308862333922441e-58,1.1423663975641644e-11,0.9999999999885762,3.268778027441889e-10,0.9609572947778999,2
2008-02-01,2.42,0.0262307452924071,0.0029041121849535,-0.0270438752110761,-0.1479999999999999,0.7902028107322417,42.0,0.0106027965185913,0.0402655541304872,-0.1174934725848564,0.0007858877022608,0.0386269828160838,4.236290104106844,0.001398675949835,0.014461601746843,-2.335264122050385,7.0,0.0353129942338166,0.3198632520312396,4.391262062752644,-0.1999999999999997,0.5072856386731963,0.02088498597935,0.0288067735457749,0.0121207309951733,-0.5224744889021424,0.3992003696682767,0.02978,0.4645716152696656,1.3602502804572163,0.0,5.548545584514536e-65,2.458336020463324e-13,0.9999999999997549,5.5507179475694294e-11,0.9609572947778966,2
2008-02-08,2.37,-0.032481583180045,0.0029041121849535,-0.0474494117624188,-0.1479999999999999,0.7960212666426516,42.0,0.0106027965185913,0.0402655541304872,-0.1174934725848564,0.0007858877022608,0.0386269828160838,5.230825791549377,0.001398675949835,0.0141520526566496,0.4687876998552695,7.0,0.0605595364414277,0.3268901082277394,5.00241269089376,0.1299999999999999,0.532309193159354,0.0197624091639298,0.0288067735457749,0.0103550945991867,0.6292755009241651,0.4164521468891332,0.0613999999999999,0.4635095160064679,1.7902794486848064,0.0,3.0834213458807673e-74,3.1189365941538564e-14,0.999999999999968,5.5294016654966296e-11,0.960957294777895,2
2008-02-15,2.32,0.013757402224054,0.0029041121849535,-0.0025524437857721,-0.1479999999999999,0.8005754864553447,42.0,0.0106027965185913,0.0402655541304872,-0.1174934725848564,0.0007858877022608,0.0386269828160838,5.981638571495246,0.001398675949835,0.0138793437866285,0.4687876998552695,7.0,0.1542049977848647,0.3682366281152849,5.516566302577983,-0.02,0.6080148338348943,0.0232473809053838,0.0288067735457749,0.0053226259215589,1.8505957536962832,0.4286231420355035,0.08476,0.4227609084509385,1.5944495308824318,0.0,1.0301656852896611e-78,1.1078674712005124e-16,1.0,5.526204223185709e-11,0.9609572947778959,2
2008-02-22,2.41,-0.0045934054733551,0.0029041121849535,0.0636536966259751,-0.1479999999999999,0.8038869570945008,42.0,0.0106027965185913,0.0402655541304872,-0.1174934725848564,0.0007858877022608,0.0386269828160838,6.57278772375452,0.001398675949835,0.0118217113614815,0.4687876998552695,7.0,0.1793681203712824,0.3936074004821125,5.958883756706665,-0.0099999999999997,0.6161268980209247,0.0250835434103748,0.0288067735457749,-0.0142144835109507,1.9716019423836453,0.4388633250791743,0.0991499999999999,0.3119266168278845,1.3638905029268178,1.0,1.805868339769012e-89,3.413783155873698e-17,1.0,5.526204223185709e-11,0.9609572947778958,2
2008-02-29,2.4,0.0169247590019443,0.0,0.0213285262401234,-0.1479999999999999,0.8111095653185952,39.0,0.0088069203315943,0.0308786863531886,-0.073126142595978,0.0,0.0342730327615928,6.517314217941642,0.0013866222011085,0.0164514932322594,0.3535533905932749,4.0,0.2931106083133328,0.362922167964428,5.895616645096807,-0.3500000000000001,0.6521738699918482,0.0251603141304505,0.0258539956558152,0.0011240479318112,1.7913554823388165,0.4581849890196074,0.10023,0.2942666429326152,1.0873982424179445,1.0,1.519924105138164e-100,5.066511663989103e-23,1.0,5.526204223185709e-11,0.9609572947778958,2
2008-03-07,2.42,-0.0141157385394232,0.0086682129309896,-0.0210328639656771,-0.4529999999999998,0.8166803631486816,39.0,0.0057342550668766,0.039814562312517,-0.1160877513711151,0.0022483044232233,0.0339590138151611,6.45755371638515,0.0016296421353189,0.0167611744715114,-1.334566443334283,4.0,0.3792178174309526,0.3683142098030672,5.826423401460954,-0.4000000000000001,0.7510408469911249,0.0237569763117633,0.0285644754662112,-0.020617481122015,1.6151135223000097,0.4745124909550857,0.0916399999999999,0.2763538104882965,0.754142226694267,1.0,9.292338412002851e-126,6.093454128297429e-34,1.0,5.526204223185709e-11,0.9609572947778958,2
2008-03-14,2.44,0.0174272135523054,0.0086682129309896,9.969818801339876e-05,-0.4529999999999998,0.8215498036206952,39.0,0.0057342550668766,0.039814562312517,-0.1160877513711151,0.0022483044232233,0.0339590138151611,6.393386005504772,0.0016296421353189,0.0166873782947677,0.5344578789675505,4.0,0.4251878011222614,0.3341700807330658,5.751090132087175,-0.27,0.9297845895049136,0.0214331437509683,0.0285644754662112,0.0230992072525188,1.4220607279663398,0.4941256732810769,0.0613799999999999,0.2714215224648082,-0.1647537147736243,1.0,1.616072126668371e-145,1.1681791250903585e-34,1.0,5.526204223185709e-11,0.9609572947778958,2
2008-03-21,2.49,-0.008832599978808,0.0086682129309896,0.0114305350585299,-0.4529999999999998,0.8257302948184363,39.0,0.0057342550668766,0.039814562312517,-0.1160877513711151,0.0022483044232233,0.0339590138151611,6.324676945231125,0.0016296421353189,0.0169901904015073,0.5344578789675505,4.0,0.2470765598819957,0.4573506782078101,5.669372080648652,-0.5499999999999999,0.6351958627806569,0.0383370355151555,0.0285644754662112,0.0315030217742116,1.2029569089118552,0.5154292094797499,0.0247399999999999,0.2348517769633174,-1.484777009418025,1.0,1.0756039192724405e-147,1.7717197490106723e-29,1.0,5.526204223185709e-11,0.9609572947778958,2
2008-03-28,2.51,0.0059855105407553,0.0086682129309896,0.0078887815354245,-0.4529999999999998,0.8292322566132357,39.0,0.0057342550668766,0.039814562312517,-0.0463510848126232,0.0022483044232233,0.0064917995447915,6.251276792660935,0.0010768673376487,0.0168930430293689,0.3535533905932757,4.0,0.2677878611324358,0.4450822556401406,5.580988792090135,0.7000000000000001,0.6034613381287983,0.038452031609992,0.0163875831931793,0.0018823741987566,0.8937057636776211,0.529809009669524,-0.0202499999999999,0.1966096567893532,-1.976268573833513,1.0,2.863145347539355e-145,2.1548344631101364e-26,1.0,5.526204223185709e-11,0.9609572947778958,2
2008-04-04,2.55,-0.0114736035527117,0.0060647783897194,-0.0197869438271029,-0.016,0.8283739707010674,70.0,-0.0074276763347481,0.0393688977482751,-0.0059171597633136,0.0006529241675217,0.0347723632431842,6.046104912700758,0.0023793717131554,0.0139812025468799,-2.2126911888151954,1.0,0.2254502043028179,0.3953998879976734,5.613225064607912,0.02,0.6526136492576888,0.0394213255949811,0.0237371339818417,0.0146443047497568,0.4148457087748344,0.5404894156655237,-0.05274,0.1838429065416566,-1.726501506659364,1.0,6.923271958906737e-142,7.824165537349028e-24,1.0,5.526204223185709e-11,0.9609572947778958,2
2008-04-11,2.5,0.010547601696488,0.0060647783897194,0.0168378628583008,-0.016,0.8266675916316866,70.0,-0.0074276763347481,0.0393688977482751,-0.0059171597633136,0.0006529241675217,0.0347723632431842,5.807289848510663,0.0023793717131554,0.0142635290816135,0.4989705935649753,1.0,0.2691962405843611,0.3537452675099916,5.644676077874845,-0.1600000000000001,0.7309444843752988,0.0391885069848008,0.0237371339818417,0.0023921919017449,-0.4837677521631601,0.5501710621131678,-0.0736599999999999,0.1666476179589686,-1.4568645622481515,1.0,4.3243841433353906e-124,9.317981309306372e-22,1.0,5.526204223185709e-11,0.9609572947778958,2
2008-04-18,2.44,-0.0124576021607361,0.0060647783897194,-0.0025010709792094,-0.016,0.8241078512944279,70.0,-0.0074276763347481,0.0393688977482751,-0.0059171597633136,0.0006529241675217,0.0347723632431842,5.530475010896754,0.0023793717131554,0.0187589721828708,0.4989705935649753,1.0,0.4343584653841486,0.2935223281845155,5.675354886877634,0.1600000000000001,0.8411170791240301,0.0353213318171093,0.0237371339818417,-0.0086934936740123,-1.6286676097968775,0.5531163597206767,-0.0822899999999999,0.2257962102680172,-1.2014855313654818,1.0,2.2874025648473487e-117,4.078632821224446e-18,1.0,5.526204223185709e-11,0.9609572947778958,2
2008-04-25,2.47,0.0043961701046826,0.0060647783897194,-0.0067048129448111,-0.016,0.8206867647696111,70.0,-0.0074276763347481,0.0393688977482751,-0.0059171597633136,0.0006529241675217,0.0347723632431842,5.209606511052401,0.0023793717131554,0.0141483256139283,0.4989705935649753,1.0,0.3999489855473463,0.2180268659723281,5.705273948686636,-0.01,0.7833282918409903,0.03341570162753,0.0237371339818417,-0.0268056963987454,-1.8221533886112693,0.5528217755619342,-0.08557,0.3393691626700924,-0.995038413146776,1.0,7.981809683499467e-102,4.4478169633215276e-15,0.9999999999999947,5.526737130237529e-11,0.960957294777895,2
2008-05-02,2.42,0.0026530259736887,0.0084208860317562,0.029503260794846,0.2809999999999999,0.8222909350855578,54.0,-0.0143830863083477,0.0417554304180352,0.0289555325749741,0.0017524235645041,0.0363808056947082,5.209606511052401,0.0028973806253456,0.0144467417340695,-1.5510744867833743,7.0,0.3576467816526185,0.198835897879924,5.705273948686636,0.1599999999999999,0.8782496225032765,0.0340741910205187,0.0162797832068705,-0.0643600813657149,-1.6297503733548326,0.5532156101487213,-0.0750999999999999,0.3878420149640841,-0.6750267637637735,1.0,4.160054438270426e-89,8.196203925381152e-14,0.9999999999999183,5.53437546464695e-11,0.9609572947778962,2
2008-05-09,2.38,0.0012351781437647,0.0084208860317562,-0.0231817593896275,0.2809999999999999,0.8228825260155966,54.0,-0.0143830863083477,0.0417554304180352,0.0289555325749741,0.0017524235645041,0.0363808056947082,5.209606511052401,0.0028973806253456,0.0134630610284803,0.5397044494682014,7.0,0.4605645597294214,0.2216174309802525,5.705273948686636,0.1899999999999999,1.0195607061342988,0.0352614181005814,0.0162797832068705,-0.0002445994742431,-1.4294913154120297,0.5547654512335444,-0.0546699999999999,0.3528658182854482,-0.059080828593546,1.0,5.4554977800583685e-67,3.3780789332090033e-12,0.9999999999966214,1.2023726240247763e-10,0.9609572947778965,2
2008-05-16,2.37,-0.0101807410472904,0.0084208860317562,0.0377726483433985,0.2809999999999999,0.8224637225809996,54.0,-0.0143830863083477,0.0417554304180352,0.0289555325749741,0.0017524235645041,0.0363808056947082,5.209606511052401,0.0028973806253456,0.013455112588154,0.5397044494682014,7.0,0.3965257033783469,0.1932984369163058,5.705273948686636,0.1500000000000001,0.9447181424034544,0.0250403788543851,0.0162797832068705,-0.0263822132567931,-1.2506174153798937,0.5520705574946867,-0.03252,0.3345786262492444,1.1356342115497062,0.0,2.3737935374822115e-63,1.9203585734449885e-10,0.9999999998079634,4.516150967291138e-09,0.960957294777967,2
2008-05-23,2.37,0.0208049535603715,0.0084208860317562,0.0045240178178668,0.2809999999999999,0.821032978596987,54.0,-0.0143830863083477,0.0417554304180352,0.0289555325749741,0.0017524235645041,0.0363808056947082,5.209606511052401,0.0028973806253456,0.0153748840666453,0.5397044494682014,7.0,0.5519634238431441,0.2126323117496524,5.705273948686636,0.02,1.0274541200721656,0.0271837608541563,0.0162797832068705,0.0003693360556215,-1.0404514296707643,0.5476342580071047,-0.005,0.2915445322514037,1.9000103052091752,0.0,1.595042811278813e-58,3.249421592568477e-11,0.9999999999675051,8.448598995742472e-10,0.9609572947779073,2
2008-05-30,2.34,0.006195971672378,0.0,-0.0021759060850901,0.2809999999999999,0.8185091426355015,54.0,-0.0149514732884498,0.0397404392566425,-0.0128968253968253,0.0,0.0158138896750984,5.22479296608594,0.0021417495005531,0.0163035531311998,0.3535533905932743,13.0,0.4855293718805162,0.211554619762506,5.630228423121989,0.0299999999999998,0.9568222939623918,0.0299813722707487,0.0045597163469371,-0.0130702282464214,-0.7368732365053479,0.5382670086017028,0.0211699999999999,0.2745255647735968,1.7647311695254084,0.0,8.09826764170437e-61,1.2197838317357353e-11,0.9999999999878018,3.4635804183817946e-10,0.9609572947779,2
2008-06-06,2.38,-0.0089762337205521,0.0100769969348941,0.0073621677673693,0.0749999999999999,0.8359674663188541,48.0,-0.0172493572507129,0.0502179004761174,0.1706349206349207,0.0022704432947482,0.0237346325119518,5.420757823830075,0.0021823431723617,0.0180732984245435,-0.5883328241842183,12.0,0.6564008433850996,0.2162009647130615,5.574397410094743,-0.0399999999999998,1.139283334097137,0.0294598927200366,0.0665406615512306,0.0302251853387907,-0.1532419851951312,0.5236097011662034,0.04558,0.1447904890324747,1.5905212712279035,0.0,7.415957151889903e-70,2.3917570682362373e-14,0.9999999999999769,5.5285134870769295e-11,0.9609572947778966,2
2008-06-13,2.42,-0.0059479495813888,0.0100769969348941,0.0201074092391867,0.0749999999999999,0.8506556779228605,48.0,-0.0172493572507129,0.0502179004761174,0.1706349206349207,0.0022704432947482,0.0237346325119518,5.599999999999965,0.0021823431723617,0.018166779170377,0.4805926424594553,12.0,0.594468255521597,0.2024669285163838,5.51738647771701,0.1399999999999999,0.9832353030934052,0.0306325246392524,0.0665406615512306,0.0036159842728113,0.9553959575822852,0.5052488821173693,0.0539399999999999,0.2398213620890857,1.3089094851485648,0.0,3.228499738629046e-83,1.1444421544190908e-14,0.9999999999999893,5.5272700372893493e-11,0.9609572947778966,2
2008-06-20,2.39,0.0131303264054973,0.0100769969348941,-0.037892716283189,0.0749999999999999,0.8627152771884908,48.0,-0.0172493572507129,0.0502179004761174,0.1706349206349207,0.0022704432947482,0.0237346325119518,5.764079751756999,0.0021823431723617,0.0188729665843656,0.4805926424594553,12.0,0.8224404244479289,0.1448891201673142,5.459158659812087,-0.1199999999999998,0.9470638748276105,0.0322409982508658,0.0665406615512306,-9.610372769541796e-05,1.807105524959369,0.4860889487155159,0.0564099999999999,0.2665118598271954,1.0787905305779184,0.0,1.8060168868979694e-80,3.2215659390213535e-17,1.0,5.526204223185709e-11,0.9609572947778958,2
2008-06-27,2.33,-0.0106294552611979,0.0100769969348941,0.0004696094481385,0.0749999999999999,0.8722552986824466,48.0,-0.0172493572507129,0.0502179004761174,0.185929648241206,0.0022704432947482,0.0201016977929285,5.9142591707213175,0.0008247559830988,0.0171387075219325,0.3535533905932776,12.0,0.9486195799636864,0.1288132646230909,5.399674589379562,-0.1900000000000001,0.9837295714272916,0.0296283363133074,0.0657360575474931,0.0094432304511219,1.7262359761860109,0.4701523693198634,0.0520899999999999,0.2634794651797518,0.8096155155201571,1.0,5.363448407730875e-90,2.0131127010142078e-21,1.0,5.526204223185709e-11,0.9609572947778958,2
2008-07-04,2.38,0.011480733449608,0.0052510111281218,-0.00931849103867,0.1079999999999998,0.8904248001025978,54.0,-0.0195854710270371,0.0560012290025395,-0.0743718592964823,0.0025113265002971,0.0385003956611161,5.941380311005151,0.0014067646273556,0.0171628426444946,-2.015605240341074,26.0,1.106921190965223,0.1255203455335367,5.316101498587839,0.1600000000000001,0.9954676302414498,0.0282504160152413,0.1086314633966817,0.0019176059214459,1.4651408207243894,0.4457367602373124,0.03229,0.225226076896672,0.1340494306473703,1.0,3.2240023156450517e-97,1.0273157426246468e-22,1.0,5.526204223185709e-11,0.9609572947778958,2
2008-07-11,2.34,-0.0054575940072782,0.0052510111281218,0.0014471987070635,0.1079999999999998,0.9038569315580292,54.0,-0.0195854710270371,0.0560012290025395,-0.0743718592964823,0.0025113265002971,0.0385003956611161,5.968120435988302,0.0014067646273556,0.0172825722636138,0.5248359298266293,26.0,0.7868507898411496,0.1229111177117196,5.229391065894777,-0.2199999999999999,0.9623968785632178,0.0292543748196881,0.1086314633966817,0.0140966347260362,1.1849861929058867,0.4227438562819579,0.0089099999999999,0.2161968349179781,-1.0591390562314291,1.0,5.626920798102633e-101,1.2629762568440486e-20,1.0,5.526204223185709e-11,0.9609572947778958,2
2008-07-18,2.28,0.014082985722144,0.0052510111281218,-0.008006820208591,0.1079999999999998,0.9127608615310135,54.0,-0.0195854710270371,0.0560012290025395,-0.0743718592964823,0.0025113265002971,0.0385003956611161,5.994484644558348,0.0014067646273556,0.0158585235233901,0.5248359298266293,26.0,0.6397765330728657,0.1656804152578131,5.139384496368031,-0.1400000000000001,0.705438737637569,0.02812901237715,0.1086314633966817,0.0115240048397332,0.8767277824467072,0.4041184566417375,-0.0098999999999999,0.2016671585983281,-1.7611895502215955,1.0,2.3596368455540502e-98,1.3848764149480638e-22,1.0,5.526204223185709e-11,0.9609572947778958,2
2008-07-25,2.15,-0.0120964421131,0.0052510111281218,-0.028235437782724,0.1079999999999998,0.9172684653305038,54.0,-0.0195854710270371,0.0560012290025395,-0.0743718592964823,0.0025113265002971,0.0385003956611161,6.020477875231627,0.0014067646273556,0.0156710094973264,0.5248359298266293,26.0,0.4867429517655421,0.1619027485869261,5.045905408113766,0.27,0.6003636394254084,0.0260743714365647,0.1086314633966817,-0.0058995717776736,0.4015102396943552,0.3906758270100201,-0.02831,0.2016317364475086,-1.6889920216838932,1.0,2.1973723217286628e-98,1.2576134165536944e-17,1.0,5.526204223185709e-11,0.9609572947778958,2
2008-08-01,2.11,0.0210745110680086,-0.0039915622556417,-0.0383851583101286,0.002,0.8946505313044274,59.0,-0.0368328048457242,0.0537185511526234,-0.2728813559322034,0.0019818026069038,0.0303993598574429,5.477225575051636,0.0055139253835354,0.0141437573010547,-2.410380600586408,8.0,0.5417076689193634,0.1360606482418829,5.062021070208377,-0.09,0.6573925928771094,0.0274120540235431,0.0779149278203547,0.0202371772866024,-0.3463158706568204,0.3795539972157083,-0.0306999999999999,0.1823458252880515,-1.2905030549344996,1.0,7.013758394031547e-89,1.5569004305045226e-17,1.0,5.526204223185709e-11,0.9609572947778958,2
2008-08-08,2.07,-0.0184133895768131,-0.0039915622556417,-0.0348142690938895,0.002,0.866424071630028,59.0,-0.0368328048457242,0.0537185511526234,-0.2728813559322034,0.0019818026069038,0.0303993598574429,4.842122865660642,0.0055139253835354,0.0156193798847148,0.4369317003398077,8.0,0.2093841550372355,0.1391235319522134,5.073331034222506,0.04,0.6118650480010284,0.0331057596543332,0.0779149278203547,0.0119987884577809,-1.1519657421681448,0.3636862449505386,-0.01566,0.1237509018725339,-0.6800579012888357,0.0,2.0194595015563844e-89,1.3886056381972983e-16,1.0,5.526204223185709e-11,0.9609572947778959,2
2008-08-15,2.03,0.0143305497332846,-0.0039915622556417,0.0373001054693982,0.002,0.832018469566489,59.0,-0.0368328048457242,0.0537185511526234,-0.2728813559322034,0.0019818026069038,0.0303993598574429,4.072421317179154,0.0055139253835354,0.0143074765544134,0.4369317003398077,8.0,0.1543508906447137,0.1847730267884704,5.0798673988940575,0.1500000000000001,0.5805778179657075,0.0402028707882669,0.0779149278203547,-0.0026247516916897,-1.08141473919234,0.3523172054740028,0.0077699999999999,0.0991391518450228,0.1958253794764953,0.0,3.1551298918822485e-87,1.6155866105504738e-16,1.0,5.526204223185709e-11,0.9609572947778959,2
2008-08-22,2.03,-0.0175163344383314,-0.0039915622556417,-0.0089344866215153,0.002,0.7906274461228335,59.0,-0.0368328048457242,0.0537185511526234,-0.2728813559322034,0.0019818026069038,0.0303993598574429,3.0684498717405293,0.0055139253835354,0.012027671358859,0.4369317003398077,8.0,0.4200616098154379,0.1895813055883221,5.081648584648291,-0.1500000000000001,0.6119004394548648,0.0443467040887188,0.0779149278203547,-0.0116367736117571,0.5186418510786222,0.3414702374687032,0.05579,0.1057540948209916,1.7711660519387704,0.0,3.8620332923333424e-91,9.138650050052687e-19,1.0,5.526204223185709e-11,0.9609572947778958,2
2008-08-29,1.97,0.0126539737439226,0.0,0.010140845863199,0.002,0.7410814708848216,59.0,-0.0368328048457242,0.0537185511526234,-0.0684039087947883,0.0,0.0103986291350961,3.174901573277484,0.0055507414115676,0.0121170125878026,0.3535533905932739,10.0,0.4526334919505823,0.1938657488351924,5.078679594672136,0.02,0.5594273049267195,0.0443206592958156,0.0241844338842305,-0.0006456402135655,2.0376425488130727,0.3331482895130028,0.10792,0.123685950235638,2.016985442851896,0.0,4.425324743624185e-106,3.4522106160509743e-22,1.0,5.526204223185709e-11,0.9609572947778958,2
2008-09-05,1.96,-0.0051968060906699,-0.0013830185406644,-0.0130433112684988,0.236,0.714778236289629,52.0,-0.0813003112957857,0.0493692743057219,-0.1346362649294245,0.0014787909035873,0.0408011716868523,3.2703798885426822,0.0157683583547707,0.0097519274974903,-2.3198062823388863,9.0,0.354117429538229,0.2161307474655129,5.070952085436235,-0.04,0.3850066177788573,0.0412546633104963,0.0322958685031317,0.0044709443949245,2.1749794024365925,0.3310062814676644,0.1674000000000001,0.1554658896900562,1.86918905958876,0.0,2.658220765632521e-132,1.035712767994294e-28,1.0,5.526204223185709e-11,0.9609572947778958,2
2008-09-12,2.07,0.0226146723623119,-0.0013830185406644,-0.0016940657058992,0.236,0.6848532145948191,52.0,-0.0813003112957857,0.0493692743057219,-0.1346362649294245,0.0014787909035873,0.0408011716868523,3.355821577727022,0.0157683583547707,0.0095881982294519,0.4736375320052688,9.0,0.173116802628672,0.1446609336147357,5.058444248997009,-0.1899999999999999,0.2791403572312145,0.0412037150385317,0.0322958685031317,0.0094245630617808,2.035581493042276,0.3244846825361923,0.2208299999999998,0.15620499351806,1.6729370793909089,0.0,1.5487802884143906e-177,8.24579556520433e-50,1.0,5.526204223185709e-11,0.9609572947778958,2
2008-09-19,2.13,0.074933700613033,-0.0013830185406644,-0.0036231637023662,0.236,0.6508069928108062,52.0,-0.0813003112957857,0.0493692743057219,-0.1346362649294245,0.0014787909035873,0.0408011716868523,3.431976331279303,0.0157683583547707,0.0149261653022892,0.4736375320052688,9.0,0.2386513539195229,0.25595758577211,5.041120503181962,-0.5,0.2809360393722357,0.0696548891201558,0.0322958685031317,0.1072857703518458,1.913446260570942,0.3101570540710879,0.28352,0.1328533025557751,1.5887142658337057,0.0,0.0,1.5928100122139635e-134,1.0,5.526204223185709e-11,0.9609572947778958,2
2008-09-26,2.11,0.2178007482717696,-0.0013830185406644,0.0151895237160756,0.236,0.6119521028030501,52.0,-0.0813003112957857,0.0493692743057219,-0.071095571095571,0.0014787909035873,0.0409672976401729,3.499450506315761,0.0155733279189397,0.0179061717800232,0.3535533905932738,9.0,0.0876274012429971,0.3700554977683386,5.018930979298484,-0.12,0.3089639308851255,0.070368938772025,0.0251360802170043,0.0154776574411386,1.7563326292607402,0.2960348186891712,0.2813000000000001,0.1401784576886753,1.2080109584831944,0.0,0.0,3.821354011298497e-102,1.0,5.526204223185709e-11,0.9609572947778958,2
2008-10-03,2.14,0.2410942173993768,-0.0101013332845787,-0.0140816942134659,-0.1140000000000001,0.6087180354361026,58.0,-0.0695431796191607,0.036551862771375,-0.1421911421911421,0.0003460798383114,0.0806562090189453,4.607185024085053,0.0164475459687032,0.0193428784364567,0.8636387366605394,6.0,0.0402940547513961,0.463894615495498,5.32333149636681,-0.36,0.155872886511208,0.0709255537081682,0.0342012368106818,0.1263770786185585,1.629278355216705,0.2799280100300928,0.28054,0.263082686621477,0.9631404760130122,0.0,0.0,2.1255931252604222e-113,1.0,5.526204223185709e-11,0.9609572947778958,2
2008-10-10,2.2,0.0582437770489012,-0.0101013332845787,-0.0165092010166325,-0.1140000000000001,0.6054578726811886,58.0,-0.0695431796191607,0.036551862771375,-0.1421911421911421,0.0003460798383114,0.0806562090189453,5.448500146476418,0.0164475459687032,0.0193984791686868,0.259207451231464,6.0,-0.0629481117207448,0.5924766420953433,5.575581052446275,-0.26,-0.0715737282641117,0.0633015934255785,0.0342012368106818,0.0593028156531263,1.5110428049303164,0.2559497146125929,0.2515199999999997,0.3133431482758185,0.5209731926168653,1.0,0.0,3.0029878852859555e-214,1.0,5.526204223185709e-11,0.9609572947778958,2
2008-10-17,2.19,0.1126058456119583,-0.0101013332845787,0.0365189502432613,-0.1140000000000001,0.602171190696135,58.0,-0.0695431796191607,0.036551862771375,-0.1421911421911421,0.0003460798383114,0.0806562090189453,6.134016126988379,0.0164475459687032,0.0195397280589601,0.259207451231464,6.0,-0.0362164633500082,0.5850457857540499,5.7825086019411245,0.58,-0.1890519219917645,0.0687449775741143,0.0342012368106818,0.1643423561587146,1.3875380104495534,0.2453042405614245,0.1957500000000003,0.3177572074038834,-0.438238834090197,0.0,0.0,3.6327654433123944e-140,1.0,5.526204223185709e-11,0.9609572947778958,2
2008-10-24,2.24,0.0179539408259163,-0.0101013332845787,-0.0314213780517128,-0.1140000000000001,0.5988575528483381,58.0,-0.0695431796191607,0.036551862771375,-0.1421911421911421,0.0003460798383114,0.0806562090189453,6.71164315545407,0.0164475459687032,0.0200103644746936,0.259207451231464,6.0,-0.1356331532763264,0.524370370744084,5.948845534856863,0.06,-0.3016546799516356,0.0725249129451871,0.0342012368106818,0.0302062554514086,1.270728704046271,0.2337674264158796,0.1421699999999996,0.3103454296654878,-1.5513052893427972,0.0,0.0,2.885705877976932e-153,1.0,5.526204223185709e-11,0.9609572947778958,2
2008-10-31,2.31,0.0923576030649029,0.0,-0.0896643332135128,-0.292,0.6086381777714296,58.0,-0.0744807249234448,0.0304314934555161,-0.0765370138017565,0.0,0.0638709539194107,7.885332049981223,0.003514819690788,0.0201361364786433,-0.3535533905932745,-4.0,-0.1942266792478865,0.4403874106154419,6.637653686017745,-0.43,-0.2931304352874567,0.0718848305308859,0.0270599207354952,0.03581290879645,1.194832586678846,0.2260674361141015,0.1212200000000001,0.2971501544433112,-1.572312901784205,0.0,0.0,3.332310534767684e-173,1.0,5.526204223185709e-11,0.9609572947778958,2
2008-11-07,2.37,0.0533846667946449,-0.0191528953285958,-0.0026927046800536,-0.401,0.7671393042123416,58.0,-0.0866982723074788,0.0106957469180739,-0.2145545796737766,0.0007334354300052,0.063412737978135,8.805592628464085,0.0062308393883044,0.0193750960693401,-2.053227623126369,-4.0,-0.1443586032879604,0.3279263854674045,7.231441113163545,-0.15,-0.3662790582545304,0.0711569450863101,0.0558199037834633,0.0316707843034343,1.1414825321271636,0.2198161853787419,0.0928,0.28612871728841,-1.437472384523419,0.0,0.0,8.580628963808657e-176,1.0,5.526204223185709e-11,0.9609572947778958,2
2008-11-14,2.31,0.0668434412220586,-0.0191528953285958,-0.0363822417060805,-0.401,0.8936804332485228,58.0,-0.0866982723074788,0.0106957469180739,-0.2145545796737766,0.0007334354300052,0.063412737978135,9.546001982304071,0.0062308393883044,0.0165611722096814,0.0653872047358167,-4.0,-0.211098677812454,0.3027493069474238,7.752073629070326,-0.16,-0.4002102856915477,0.0475892683690482,0.0558199037834633,-0.0153731832723889,1.1203971097692775,0.216310328858917,0.0806599999999999,0.2616124450949112,-1.207545006549924,1.0,0.0,3.3034560133281134e-180,1.0,5.526204223185709e-11,0.9609572947778958,2
2008-11-21,2.28,-0.0116207500546805,-0.0191528953285958,-0.0720239397139483,-0.401,1.00046311553827,58.0,-0.0866982723074788,0.0106957469180739,-0.2145545796737766,0.0007334354300052,0.063412737978135,10.14601096301092,0.0062308393883044,0.0137444552324825,0.0653872047358167,-4.0,-0.1584415351184382,0.2799489749426334,8.213474379800038,-0.13,-0.4914442844777257,0.0544924184101548,0.0558199037834633,0.0167916703952533,1.1479836691647194,0.2324082069563074,0.0766599999999999,0.2107088377018847,-0.9950118706202036,1.0,0.0,1.7587231891894918e-211,1.0,5.526204223185709e-11,0.9609572947778958,2
2008-11-28,2.24,-0.0370438614499228,-0.0191528953285958,0.0899545541939096,-0.401,1.0932922291918197,58.0,-0.0866982723074788,0.0106957469180739,-0.1494565217391305,0.0007334354300052,0.0141175833049396,10.629422156665653,0.0046671694676503,0.0120355115959919,0.3535533905932742,-4.0,-0.1084634089194015,0.3083597157310223,8.635050814216568,-0.01,-0.3864276759450116,0.0523627731985191,0.0528408600071469,-0.0983720962191712,1.0905398203182726,0.2624579259537428,0.0269500000000002,0.2536272574354927,-1.341084098933239,1.0,0.0,1.473640601417822e-191,1.0,5.526204223185709e-11,0.9609572947778958,2
2008-12-05,2.14,0.0146273924952886,-0.0103424738142874,-0.0597634142317178,-0.387,1.232124284863206,54.0,-0.1127619278318192,0.000914129006456,-0.2472826086956522,-0.00010140725615,0.0355647881046161,11.07158525234752,0.0103868018936026,0.010363766930363,-2.216659677164836,-6.0,-0.1974842858669002,0.3484634639589757,9.192982929565774,0.01,-0.5377208661350634,0.0572100833381937,0.0619016658124411,0.0351213403752466,0.9311582215663086,0.3022965765786549,-0.00678,0.2761857552962033,-1.5356740192417169,1.0,0.0,2.128717739701993e-185,1.0,5.526204223185709e-11,0.9609572947778958,2
2008-12-12,2.24,0.0529209274639621,-0.0103424738142874,-0.0528926551707007,-0.387,1.3523932002914518,54.0,-0.1127619278318192,0.000914129006456,-0.2472826086956522,-0.00010140725615,0.0355647881046161,11.350093188366976,0.0103868018936026,0.0196220023271627,0.4982250417598176,-6.0,-0.2187900581388363,0.4078164853390412,9.690613704343864,0.0,-0.4929330504931855,0.060739844226711,0.0619016658124411,-0.0658011655313872,0.4346677010472167,0.3366180728934581,-0.0645700000000002,0.2886916298454437,-1.7854261992657376,1.0,0.0,1.5540075331045654e-175,1.0,5.526204223185709e-11,0.9609572947778958,2
2008-12-19,2.26,0.0022093215502849,-0.0103424738142874,-0.0855177140377473,-0.387,1.4586977901353937,54.0,-0.1127619278318192,0.000914129006456,-0.2472826086956522,-0.00010140725615,0.0355647881046161,11.476866364058631,0.0103868018936026,0.0290790541998219,0.4982250417598176,-6.0,-0.2581362909351267,0.5380918668246716,10.136827858590202,0.0,-0.6370163989060638,0.0518793568282817,0.0619016658124411,-0.0261668800460238,-0.861557277888131,0.3989660467830385,-0.1241599999999998,0.2795627964211571,-1.7531803566082098,1.0,0.0,1.0022396543345609e-158,1.0,5.526204223185709e-11,0.9609572947778958,2
2008-12-26,2.29,-0.0100541777920276,-0.0103424738142874,0.1023312983404537,-0.387,1.5539066502218355,54.0,-0.1127619278318192,0.000914129006456,-0.2472826086956522,-0.00010140725615,0.0355647881046161,11.456942806069046,0.0103868018936026,0.030189780875852,0.4982250417598176,-6.0,-0.2112103858307189,0.5678971234802532,10.538158774041486,0.0099999999999999,-0.6071875095367432,0.0502385582385991,0.0619016658124411,-0.0260535046560705,-1.948675617628037,0.4487617873435794,-0.1592699999999998,0.2064495787629215,-1.5406365411600689,1.0,0.0,1.1324392085267658e-143,1.0,5.526204223185709e-11,0.9609572947778958,2
2009-01-02,2.25,0.0032011668625024,0.004352417375421,-0.0092289616708469,-0.2649999999999999,1.6418048180928997,56.0,-0.1337456770417664,0.0002984650369528,-0.1293929712460063,0.0019407629364986,0.0304450357184075,11.02333189892443,0.0123306849265686,0.0295595073893062,-1.4841114422567725,-23.0,-0.2384899714901127,0.5109095530801658,10.494324401577744,0.05,-0.526708217553451,0.0505606061909056,0.0402472604513781,-0.0396710078062816,-1.894779635890029,0.4778844704729073,-0.1527400000000001,0.1586944503484195,-1.1366062992070485,0.0,0.0,1.3349310580616088e-138,1.0,5.526204223185709e-11,0.9609572947778958,2
2009-01-09,2.15,-0.0526993820376993,0.004352417375421,0.0177678440841426,-0.2649999999999999,1.7212773105826116,56.0,-0.1337456770417664,0.0002984650369528,-0.1293929712460063,0.0019407629364986,0.0304450357184075,10.534631533113073,0.0123306849265686,0.0339683333899329,0.5387150674080033,-23.0,-0.328136447213546,0.37391509731489,10.442184430772809,-0.0099999999999999,-0.5594993984721786,0.0537889823335249,0.0402472604513781,-0.1239855728778374,-1.708224951405351,0.5057370709341564,-0.15226,0.123952755976797,-0.8978206737312187,1.0,0.0,1.475015550548969e-135,1.0,5.526204223185709e-11,0.9609572947778958,2
2009-01-16,2.04,-0.0338095981076995,0.004352417375421,-0.0154393817988412,-0.2649999999999999,1.793444572671259,56.0,-0.1337456770417664,0.0002984650369528,-0.1293929712460063,0.0019407629364986,0.0304450357184075,9.9827543601645,0.0123306849265686,0.0310118999260975,0.5387150674080033,-23.0,-0.3993494182503172,0.2793583208507942,10.38161372181991,0.0499999999999999,-0.5968864033945709,0.0513479037607784,0.0402472604513781,-0.112681550441217,-1.5192595928665045,0.5347304475936704,-0.1234899999999998,0.1011010809605202,-0.403777658166266,1.0,0.0,2.2307146573435207e-104,1.0,5.526204223185709e-11,0.9609572947778958,2
2009-01-23,2.05,-0.0061481748185356,0.004352417375421,-0.0140610346667528,-0.2649999999999999,1.8591575045341144,56.0,-0.1337456770417664,0.0002984650369528,-0.1293929712460063,0.0019407629364986,0.0304450357184075,9.356527955636858,0.0123306849265686,0.035993307027409,0.5387150674080033,-23.0,-0.4340473207879503,0.2047951938610263,10.312463720855764,-0.0099999999999999,-0.4877080620690067,0.0550114737707676,0.0402472604513781,0.0093520165202963,-1.3508186637501574,0.5503433728630841,-0.0899499999999999,0.0770783460417273,0.3634764351846867,0.0,0.0,3.8565804567786175e-102,1.0,5.526204223185709e-11,0.9609572947778958,2
2009-01-30,2.09,-0.0540127396039098,0.0,0.0312297497122402,-0.159,1.9208375653134555,56.0,-0.1303348853833027,-0.0025981019684165,-0.0162454873646209,0.0,0.0064710271156837,9.105281645624837,0.0088186243631874,0.0357620918159613,0.3535533905932738,-23.0,-0.4293281721562084,0.201028604929756,10.302128966228386,0.13,-0.5314748118915984,0.0401469630158398,0.0057436471396021,-0.0122210424274751,-1.2087869545138734,0.5587908123311609,-0.0596100000000001,0.0792374370391185,1.4060058672309352,0.0,0.0,7.673860495838733e-98,1.0,5.526204223185709e-11,0.9609572947778958,2
2009-02-06,2.02,-0.0392536487809029,0.0049729330359047,-0.0068086631969175,-0.1540000000000001,1.9708537956031111,56.0,-0.1356273037730327,0.0023619108803787,0.0072202166064982,0.0020520276425606,0.0299252140376779,9.010762795337849,0.0087736134475294,0.0337662580079376,-0.2515531076850553,4.0,-0.4248885225790819,0.237185882499669,10.536798979292268,0.04,-0.5622752572915091,0.0329380535521803,0.0108605238809499,0.0076305747964932,-1.0767137715159267,0.5630327542452204,-0.0302000000000002,0.097678408200219,1.715030097793691,0.0,0.0,2.2083052328890295e-95,1.0,5.526204223185709e-11,0.9609572947778958,2
2009-02-13,2.08,-0.00434095246017,0.0049729330359047,-0.06272523946408,-0.1540000000000001,2.016947614001027,56.0,-0.1356273037730327,0.0023619108803787,0.0072202166064982,0.0020520276425606,0.0299252140376779,8.83881300767326,0.0087736134475294,0.0250733056001817,0.4420701140252602,4.0,-0.4859122148282483,0.2153361160073867,10.762116536158567,0.0099999999999999,-0.6072251484656209,0.0333548600532794,0.0108605238809499,0.0191270309186054,-0.9125099648386392,0.5694087788804114,0.0005600000000001,0.096621500121204,1.5774746747902209,0.0,0.0,5.115115118285168e-90,1.0,5.526204223185709e-11,0.9609572947778958,2
2009-02-20,2.17,0.0391461429966366,0.0049729330359047,-0.0249314291721405,-0.1540000000000001,2.059382415740957,56.0,-0.1356273037730327,0.0023619108803787,0.0072202166064982,0.0020520276425606,0.0299252140376779,8.584780808993328,0.0087736134475294,0.0184842959805079,0.4420701140252602,4.0,-0.5619943054819277,0.1702886205408866,10.978657479871176,-0.0199999999999999,-0.6059103371233485,0.0367404735802119,0.0108605238809499,-0.0018136163860322,-0.7005051639131874,0.5774747387604968,0.0167000000000001,0.1014801176865298,1.362372298905813,1.0,0.0,3.887009453083003e-98,1.0,5.526204223185709e-11,0.9609572947778958,2
2009-02-27,2.3,0.000288688123903,0.0049729330359047,-0.0075999255010824,-0.1540000000000001,2.098380197571228,56.0,-0.1356273037730327,0.0023619108803787,0.0238532110091742,0.0020520276425606,0.0283073793122065,8.24107909289695,0.0021515781588547,0.0184241898881281,0.3535533905932738,4.0,-0.551783058341631,0.1833371211730012,11.136798487132014,-0.01,-0.5604870391685218,0.0461777930081244,0.0084333836288305,0.0210564993138024,-0.4478870963336709,0.5814257648748895,0.0163199999999998,0.1097968904059445,1.0677884459853644,1.0,0.0,2.392428681991661e-103,1.0,5.526204223185709e-11,0.9609572947778958,2
2009-03-06,2.37,-0.0077229185095883,0.0024317484554154,0.0255511673860202,-0.1580000000000001,2.1525345928216906,56.0,-0.1465603504652647,-0.0038355625491738,-0.0587155963302752,0.0021166985013223,0.0298585625726963,8.004710151865787,0.0056448924561056,0.0163804667062666,-2.29201349571136,-1.0,-0.5961715721490395,0.1668992424873787,11.4255904725777,-0.05,-0.5670946286523776,0.043918644437341,0.0308671161430003,-0.0099911242227135,-0.1824068304516754,0.5886924694009856,0.00407,0.0925723655153144,0.7052303125975302,1.0,0.0,2.9398056085093485e-104,1.0,5.526204223185709e-11,0.9609572947778958,2
2009-03-13,2.25,-0.0009482900536837,0.0024317484554154,-0.0144043188243364,-0.1580000000000001,2.202099421656474,56.0,-0.1465603504652647,-0.0038355625491738,-0.0587155963302752,0.0021166985013223,0.0298585625726963,7.625967782215131,0.0056448924561056,0.0188067727004688,0.4814403175633616,-1.0,-0.6015403415445194,0.0947176254528808,11.678237098100745,-0.0099999999999999,-0.5803466075292246,0.0434958299277063,0.0308671161430003,0.0430483474429368,-0.8579134024745735,0.5944297430790559,-0.03729,0.055484875673736,-0.3840686966269828,1.0,0.0,1.913763018378769e-108,1.0,5.526204223185709e-11,0.9609572947778958,2
2009-03-20,2.14,0.0881425459354339,0.0024317484554154,-0.0494465876119326,-0.1580000000000001,2.247378366509804,56.0,-0.1465603504652647,-0.0038355625491738,-0.0587155963302752,0.0021166985013223,0.0298585625726963,7.082046640299904,0.0056448924561056,0.0241368197745634,0.4814403175633616,-1.0,-0.5337010003112985,0.1167338242082789,11.897041344812603,0.0199999999999999,-0.4986252630657881,0.0386337894045919,0.0308671161430003,0.0102701272883609,-2.2170040472102603,0.6050948842987719,-0.0724200000000001,0.0389138242048289,-1.5076124459452436,1.0,0.0,9.504123864126208e-86,1.0,5.526204223185709e-11,0.9609572947778958,2
2009-03-27,2.21,0.0022322832474255,0.0024317484554154,0.0331742407913969,-0.1580000000000001,2.288625821641347,56.0,-0.1465603504652647,-0.0038355625491738,-0.0587155963302752,0.0021166985013223,0.0298585625726963,6.330512192183437,0.0056448924561056,0.0252732013283857,0.4814403175633616,-1.0,-0.6294897988477084,0.1168332144554948,12.083841722284774,-0.0799999999999999,-0.5040712014201278,0.039598403775023,0.0308671161430003,0.0302405141996467,-2.184845815743487,0.6124183388170839,-0.1050899999999996,0.0434248118668675,-1.7844630777926078,1.0,0.0,7.185744927126401e-85,1.0,5.526204223185709e-11,0.9609572947778958,2
2009-04-03,2.18,0.0035625394630895,0.002496368277788,-0.0359253403676818,-0.084,2.336380966067714,53.0,-0.1481395936696125,-0.0073688571521671,-0.0663082437275985,0.0020755728443595,0.0476377794266322,6.197269870366497,0.0058816924012057,0.0251531157220724,-0.9006347452849076,-3.0,-0.592254848552276,0.1068293030961246,12.126827893193283,0.0699999999999999,-0.5056952211034087,0.0407480449312968,0.0298038441713245,-0.0020089344946521,-2.003387469334986,0.6168830079930454,-0.1244400000000001,0.0406860804553061,-1.5348581782121544,1.0,0.0,5.738378807493208e-74,1.0,5.526204223185709e-11,0.9609572947778958,2
2009-04-10,2.17,0.0046355443361412,0.002496368277788,0.0767298055908169,-0.084,2.379720602752115,53.0,-0.1481395936696125,-0.0073688571521671,-0.0663082437275985,0.0020755728443595,0.0476377794266322,6.048648927335125,0.0058816924012057,0.026596265578808,0.5089182698800091,-3.0,-0.6353903760478161,0.1204085307846496,12.15726201115377,-0.03,-0.5256945526787737,0.0387612833812204,0.0298038441713245,-0.0120314886023206,-1.8400006620073075,0.6203510354950968,-0.14002,0.0399999999994811,-1.3191358558320585,1.0,0.0,1.496980969459733e-65,1.0,5.526204223185709e-11,0.9609572947778958,2
2009-04-17,2.24,0.0468860796342767,0.002496368277788,0.0030314854125255,-0.084,2.4188820841789065,53.0,-0.1481395936696125,-0.0073688571521671,-0.0663082437275985,0.0020755728443595,0.0476377794266322,5.883484054145395,0.0058816924012057,0.0265925915879053,0.5089182698800091,-3.0,-0.6477755616157208,0.125442075420163,12.175238204625236,-0.0399999999999999,-0.5686862560798472,0.0258468465977034,0.0298038441713245,-0.0610954435561791,-1.691116269126339,0.6214425149574995,-0.1417899999999998,0.0429077082647158,-1.0536422230224805,1.0,0.0,5.911445466730587e-62,1.0,5.526204223185709e-11,0.9609572947778958,2
2009-04-24,2.31,0.0047171321446439,0.002496368277788,0.0449536509063555,-0.084,2.454065440977462,53.0,-0.1481395936696125,-0.0073688571521671,-0.0663082437275985,0.0020755728443595,0.0476377794266322,5.7003373719320045,0.0058816924012057,0.0282031272374215,0.5089182698800091,-3.0,-0.6992611655704009,0.1520279579551194,12.180811629185502,-0.04,-0.5650523059639633,0.0299122718286847,0.0298038441713245,-0.0165620221799775,-1.5727632318857308,0.6195708386720203,-0.1390500000000001,0.0413175853251539,-0.817628381471842,1.0,5.609481376659249e-263,5.549518957318792e-49,1.0,5.526204223185709e-11,0.9609572947778958,2
2009-05-01,2.32,-0.0592221819618611,0.0028887638341774,0.0437253885964535,-0.0049999999999998,2.496897831872213,48.0,-0.1516036119416679,-0.012814357989586,0.0838206627680311,0.0009053249567914,0.0492918165301429,5.737997506501192,0.0042838562005964,0.0279353678745116,-1.820975951664839,3.0,-0.6709659586864445,0.1895671761822646,12.076974714322146,0.06,-0.5426409826124969,0.0311011407757403,0.0236030230161422,-0.0096176515856314,-1.4905333338717406,0.616068031149601,-0.13501,0.0401559460100062,-0.6032164358307334,1.0,3.808131179786206e-299,3.974378537171994e-54,1.0,5.526204223185709e-11,0.9609572947778958,2
2009-05-08,2.32,0.0063124421786877,0.0028887638341774,0.0234831878373405,0.104,2.5345814047543875,48.0,-0.1516036119416679,-0.012814357989586,0.0838206627680311,0.0009053249567914,0.0492918165301429,5.771148399248832,0.0042838562005964,0.0248889713560767,0.5366111955001143,3.0,-0.6263326704096682,0.2214521876807154,11.959632328372962,0.03,-0.5345347610808082,0.0335605659559982,0.0236030230161422,-0.0507084549356385,-1.424137557146744,0.6137190979770308,-0.1238599999999998,0.0429077082647162,-0.0485602601849767,1.0,6.36652700346111e-272,1.2250169208822565e-45,1.0,5.526204223185709e-11,0.9609572947778958,2
2009-05-15,2.37,0.0560608493872845,0.0028887638341774,0.0131389318567978,0.104,2.567342893373537,48.0,-0.1516036119416679,-0.012814357989586,0.0838206627680311,0.0009053249567914,0.0492918165301429,5.7998673724887935,0.0042838562005964,0.016418471145626,0.5366111955001143,3.0,-0.6306111321147552,0.1644851274214797,11.828382538798882,-0.0199999999999999,-0.5538839199924268,0.0324782852684698,0.0236030230161422,-0.0167725557991181,-1.353036687428246,0.6107652581829942,-0.10142,0.045039665057924,1.578069979209639,1.0,2.2268026797023375e-174,5.680477909383757e-30,1.0,5.526204223185709e-11,0.9609572947778958,2
2009-05-22,2.42,-0.0067015700131718,0.0028887638341774,0.0384704638560358,0.104,2.5953686996831093,48.0,-0.1516036119416679,-0.012814357989586,0.0838206627680311,0.0009053249567914,0.0492918165301429,5.824219987392044,0.0042838562005964,0.0165933437585324,0.5366111955001143,3.0,-0.7035506451155742,0.1847778589086372,11.682756627323554,0.0099999999999999,-0.5334745666845662,0.0314797243361684,0.0236030230161422,-0.0151092510720943,-1.2899011516905745,0.6069577414031325,-0.0840299999999999,0.0423421438145936,1.907542889984387,1.0,4.304837113044847e-177,1.8164664889125238e-32,1.0,5.526204223185709e-11,0.9609572947778958,2
2009-05-29,2.4,-0.0465325957815067,0.0,-0.016355913232855,0.104,2.618810868074344,48.0,-0.1516036119416679,-0.012814357989586,0.0671785028790787,0.0,0.0195513395719783,5.844260827117756,0.0035707352084369,0.0167931105586979,0.3535533905932738,3.0,-0.6723062449247177,0.1945645320783316,11.522209519757658,-0.0399999999999999,-0.4793090039018047,0.028425214032002,0.0237511874678783,0.0086463974466076,-1.21515624475349,0.5988971765289266,-0.05928,0.0436708467641901,1.8263232307977133,1.0,1.826717192492182e-192,2.0924559820160957e-30,1.0,5.526204223185709e-11,0.9609572947778958,2
2009-06-05,2.45,-0.0011633972160193,0.0085898922639533,0.030393264041129,0.149,2.623935785667303,52.0,-0.1528248036907635,-0.0142677604368987,0.1535508637236085,0.000950188210357,0.020944739874153,5.83991570012906,0.0036285313350454,0.0150384500344923,-0.5609069933552816,7.0,-0.6952651005009551,0.2606824833832528,11.174250593205707,0.06,-0.5059910079535368,0.0287707424544839,0.0344782658086063,-0.0277889331806997,-1.1556920697005455,0.5970880822616589,-0.04713,0.1392582390482382,1.5300649774142598,0.0,8.493189752987124e-224,2.0081880501924183e-36,1.0,5.526204223185709e-11,0.9609572947778958,2
2009-06-12,2.56,-0.0122241233674817,0.0085898922639533,-0.042528019552253,0.149,2.623079710134147,52.0,-0.1528248036907635,-0.0142677604368987,0.1535508637236085,0.000950188210357,0.020944739874153,5.803579797119789,0.0036285313350454,0.0134927774019703,0.4777546064697655,7.0,-0.6944950405914005,0.2772537517458426,10.798214337604346,-0.01,-0.4658163978237613,0.0296181120340754,0.0344782658086063,-0.0115017345822371,-1.107902326182657,0.5863091087820024,-0.03566,0.1765897181927311,1.3589149923963713,0.0,2.365294881445943e-155,2.887954551783176e-23,1.0,5.526204223185709e-11,0.9609572947778958,2
2009-06-19,2.53,0.0098572477570253,0.0085898922639533,0.0045752192502747,0.149,2.6162367702446505,52.0,-0.1528248036907635,-0.0142677604368987,0.1535508637236085,0.000950188210357,0.020944739874153,5.734645049709036,0.0036285313350454,0.0122763220150354,0.4777546064697655,7.0,-0.6897029452124619,0.271806128386712,10.39105297361398,0.0,-0.4833605290862317,0.0242710207210661,0.0344782658086063,-0.0105649349797006,-1.0905508394299852,0.5782089616378082,-0.0302,0.191231908574649,1.166018609254261,1.0,7.074212306490043e-119,2.473837864441132e-20,1.0,5.526204223185709e-11,0.9609572947778958,2
2009-06-26,2.62,-0.0226563996512469,0.0085898922639533,0.0186963274425663,0.149,2.603359756947481,52.0,-0.1528248036907635,-0.0142677604368987,0.080935251798561,0.000950188210357,0.0108073088827637,5.631914553547492,0.0013324777324117,0.0131633872928144,0.3535533905932738,7.0,-0.7007880061038625,0.2489370258863577,9.948945842579588,0.01,-0.5067398876654554,0.0206334302750572,0.0286149326919016,-0.0081977383183286,-1.158674818109282,0.5711825208254829,-0.03676,0.1822821596159264,0.8104770425381677,1.0,4.062909894725677e-100,5.713287485081346e-18,1.0,5.526204223185709e-11,0.9609572947778958,2
2009-07-03,2.72,-0.0098461125282698,-0.0015855869221532,0.0155434811482404,0.1139999999999998,2.582651659874092,57.0,-0.1401872065492195,-0.0209716135367605,0.0701438848920863,0.0006891452773012,0.0276651267059685,5.491251783869017,0.0043850661965758,0.0128172221977228,2.3602941329316187,17.0,-0.7337408780350474,0.2271524032136057,9.5547955314103,-0.03,-0.5407116357592768,0.0192112298095202,0.0293279757521068,0.0003069859874815,-1.3119145260368354,0.5638472135617499,-0.0453599999999999,0.1837651840178198,0.3797339785206327,1.0,9.838910885116166e-98,6.0382299702115036e-18,1.0,5.526204223185709e-11,0.9609572947778958,2
2009-07-10,2.6,-0.0064254220749919,-0.0015855869221532,-0.0013766023366835,0.1139999999999998,2.553040399083613,57.0,-0.1401872065492195,-0.0209716135367605,0.0701438848920863,0.0006891452773012,0.0276651267059685,5.344299623106564,0.0043850661965758,0.0128150134328981,-0.214403991045798,17.0,-0.7166498801618202,0.1870637782759114,9.128771251107798,0.0099999999999999,-0.5871932820941772,0.0194684522803726,0.0293279757521068,-0.0229770772824125,-1.5001262927884973,0.5561592597197033,-0.05503,0.1792643698164102,-0.3403760195555926,1.0,1.4207945077435658e-88,4.684638643645143e-15,0.9999999999999947,5.526737130237529e-11,0.9609572947778953,2
2009-07-17,2.5,0.0400007025502573,-0.0015855869221532,-0.0408478728062641,0.1139999999999998,2.5142114217785023,57.0,-0.1401872065492195,-0.0209716135367605,0.0701438848920863,0.0006891452773012,0.0276651267059685,5.19052391012092,0.0043850661965758,0.0094971136575305,-0.214403991045798,17.0,-0.6528855235302228,0.1804706149408956,8.666173555991339,-0.0099999999999999,-0.5068280651363677,0.0189508859338265,0.0293279757521068,0.0089279911113644,-1.627036076762156,0.5467178911364714,-0.06655,0.169115345252761,-1.5487098532264207,1.0,7.446244470957546e-99,2.6077541654009704e-18,1.0,5.526204223185709e-11,0.9609572947778958,2
2009-07-24,2.24,-0.0161403092280589,-0.0015855869221532,-0.019384016568965,0.1139999999999998,2.46572929949656,57.0,-0.1401872065492195,-0.0209716135367605,0.0701438848920863,0.0006891452773012,0.0276651267059685,5.029298773571188,0.0043850661965758,0.0081933460961935,-0.214403991045798,17.0,-0.5932408540067761,0.1769584293394576,8.160785274077012,0.0099999999999999,-0.4479149612820304,0.0181890366659926,0.0293279757521068,0.0111533016660972,-1.6471368427323354,0.5368070439304015,-0.07132,0.1550057602615028,-1.5391818519426892,1.0,1.199403310326075e-90,8.566942390211688e-13,0.9999999999991429,5.6119134406867344e-11,0.9609572947778957,2
2009-07-31,2.17,-0.0188592354785505,0.0,-0.0160254543579616,0.1139999999999998,2.415835065372294,66.0,-0.12647294750543,-0.0170480998329424,-0.0099833610648918,0.0,0.023969721396154,4.727009137352486,0.0039916961660639,0.0056013682673298,-0.3535533905932738,14.0,-0.6109276664079926,0.1647292150339959,7.929625418392571,0.0,-0.4448441423233988,0.0172692866403452,0.0035296511540097,-0.0152403050752453,-1.5862689687128595,0.528937008512717,-0.06852,0.1322065483572273,-1.0583321588782353,1.0,3.29977029603191e-114,3.6008728300158336e-17,1.0,5.526204223185709e-11,0.9609572947778958,2
2009-08-07,2.04,-0.0056704491321623,0.0022428500448106,-0.0179919506605384,0.0370000000000001,2.343770917813302,66.0,-0.1168929917206105,-0.014843486119606,0.0249584026622295,0.0010626507892348,0.0237933655716885,4.6813870396906,0.0051522660324943,0.0074751907472466,1.588588750812555,-13.0,-0.5545586857147152,0.1801388353465243,7.675621041390736,0.01,-0.384288175484556,0.0149249427976485,0.0134443984022621,-0.024503393791105,-1.488420494269205,0.5277306705446513,-0.05978,0.1368001670841311,-0.3651174647749248,1.0,1.0756811304361657e-84,1.5564522993832593e-12,0.9999999999984439,7.150488745195411e-11,0.9609572947778967,2
2009-08-14,1.95,0.012917736399955,0.0022428500448106,0.0422797843369235,0.0370000000000001,2.2615955742992053,66.0,-0.1168929917206105,-0.014843486119606,0.0249584026622295,0.0010626507892348,0.0237933655716885,4.632327874671658,0.0051522660324943,0.0083586255825532,-0.5399858028467327,-13.0,-0.5998517161364594,0.1674973347335991,7.3964189696541744,-0.01,-0.406609790558126,0.015473167721882,0.0134443984022621,-0.0185314690914701,-1.38462500669213,0.5230403345379472,-0.0488899999999999,0.1216258901008224,0.6235838004006435,1.0,2.13336454564262e-50,3.649746230017413e-07,0.999999635025377,5.775180887333929e-06,0.9609572949143476,2
2009-08-21,1.94,0.0227018823276006,0.0022428500448106,0.0044358824122924,0.0370000000000001,2.168159667226884,66.0,-0.1168929917206105,-0.014843486119606,0.0249584026622295,0.0010626507892348,0.0237933655716885,4.579721187348052,0.0051522660324943,0.0081747474753455,-0.5399858028467327,-13.0,-0.6424837531553299,0.1642950307917416,7.089042593106443,-0.0099999999999999,-0.355179319739486,0.01551672781023,0.0134443984022621,0.010186267135923,-1.296339431056041,0.5176770760356437,-0.0405,0.123049061063186,1.443352890498893,1.0,1.957678550414581e-42,9.010095968464584e-08,0.999999909899041,1.5517765397125146e-06,0.9609572948115822,2
2009-08-28,1.89,0.0069206620658328,0.0022428500448106,0.0211538127324735,0.0370000000000001,2.0619329566904767,66.0,-0.1168929917206105,-0.014843486119606,0.0352941176470589,0.0010626507892348,0.0016070608663324,4.523443208611882,0.0038774138016494,0.0080781476416314,-0.3535533905932737,-13.0,-0.618154343000267,0.1665136202065402,6.749643865248878,-0.02,-0.369998281304752,0.0146882770979495,0.0124783549621156,-0.0265364059202311,-1.2441189898278329,0.5121019588808621,-0.0365999999999999,0.1201189886259942,1.4832254598339747,1.0,7.240184204973148e-44,1.8277701651830402e-06,0.9999981722298351,2.597705192134474e-05,0.960957295461238,2
2009-09-04,1.6,0.0042498392695173,0.0006254806934959,0.0466630541551909,-0.0649999999999999,1.9600792861105436,59.0,-0.0680587912292953,-0.0128620596664273,0.0235294117647058,0.0019316980719465,0.0422339173817673,4.180725001535024,0.0046144972291998,0.0085958528069197,1.3742995831614309,-3.0,-0.6337763499904139,0.1352246807565707,6.3802343725420165,-0.0099999999999999,-0.3596912878321323,0.0161022005455322,0.0136445880432101,0.0099187691620551,-1.2215576455876629,0.5095931524221049,-0.03218,0.1143850015141361,1.3460182660904465,1.0,1.2422574633973469e-35,1.0000526174385195e-05,0.9999899994738259,0.000125135290067604,0.9609572985167566,2
2009-09-11,1.5,0.0020281035839748,0.0006254806934959,-0.0178615839578815,-0.0649999999999999,1.8447351901738245,59.0,-0.0680587912292953,-0.0128620596664273,0.0235294117647058,0.0019316980719465,0.0422339173817673,3.7874285979558575,0.0046144972291998,0.011046664982803,-0.5358480065053868,-3.0,-0.5981536834601469,0.1534135400990294,5.965303146442666,0.0,-0.3151808588007795,0.0146857226252341,0.0136445880432101,0.000405149271082,-1.2505336559274118,0.5049218911265255,-0.033,0.1306508433080438,0.9994622514678788,1.0,9.11194322649315e-42,1.2489969401833178e-05,0.9999875100305986,0.00015350897625993268,0.9609572994474759,2
2009-09-18,1.37,0.0248267914974813,0.0006254806934959,0.0004075175994655,-0.0649999999999999,1.7131780000818495,59.0,-0.0680587912292953,-0.0128620596664273,0.0235294117647058,0.0019316980719465,0.0422339173817673,3.32565782966295,0.0046144972291998,0.0110939155695219,-0.5358480065053868,-3.0,-0.4983401875639656,0.1450554081328016,5.494546864744014,-0.06,-0.3109517091083802,0.0143958480660906,0.0136445880432101,-0.0011086001142487,-1.3058945186913182,0.5003543239266753,-0.0327899999999999,0.1312508503372296,0.8163754119067403,1.0,6.427474967399533e-41,1.9059051022814624e-05,0.999980940948977,0.0002261920622304164,0.9609573019034341,2
2009-09-25,1.15,0.008808369820678,0.0006254806934959,0.0071242990130526,-0.0649999999999999,1.561314709511182,59.0,-0.0680587912292953,-0.0128620596664273,0.0235294117647058,0.0019316980719465,0.0422339173817673,2.7612706105367253,0.0046144972291998,0.011140661284185,-0.5358480065053868,-3.0,-0.4666756116176725,0.1529647485066952,4.952070426427226,0.02,-0.382355720646959,0.0170887182558535,0.0136445880432101,-0.0031694151817762,-1.335504037887714,0.4928748353469411,-0.02884,0.1315566146459492,0.980809084812299,1.0,6.641811807315419e-32,0.0006690583850921373,0.9993309416149081,0.005559409961696397,0.9609575449163317,2
2009-10-02,0.96,-0.0081584115117405,0.0009631011858184,-0.0070743868946601,0.002,1.459410617162053,56.0,-0.0747451223001227,-0.0018284827748612,-0.0535714285714286,0.0026418697708259,0.0460840274830769,2.883374091900776,0.0031259079974072,0.0093305450565498,0.4020365602858506,10.0,-0.3587931418398112,0.0959073213353212,4.974899288035187,0.0,-0.2548998828853771,0.0173244312627525,0.0150549238359392,0.0028829755856681,-1.308482760438562,0.4894480839146132,-0.02216,0.0851469318293927,1.536201360706977,1.0,2.230834628774373e-26,0.00014969787156571718,0.9998503021284342,0.0014680596042718145,0.960957350744897,2
2009-10-09,0.2,-0.0013703748680535,0.0009631011858184,0.0209300194195916,0.002,1.345713972397362,56.0,-0.0747451223001227,-0.0018284827748612,-0.0535714285714286,0.0026418697708259,0.0460840274830769,2.967516444125005,0.0031259079974072,0.0092039861751846,-0.4602594129578308,10.0,-0.2700841480791379,0.0924951736192728,4.997548418582649,-0.03,-0.0763191832443171,0.0204164805461488,0.0150549238359392,0.0027721016515596,-1.283767005822989,0.4807621447441851,-0.02071,0.0791810763825674,1.5023742260045514,1.0,6.383948652523719e-31,0.00015452098737310196,0.9998454790126274,0.0015104586513843108,0.9609573525480983,2
2009-10-16,0.04,0.0255840971785044,0.0009631011858184,0.0175121428640723,0.002,1.2169239336114956,56.0,-0.0747451223001227,-0.0018284827748612,-0.0535714285714286,0.0026418697708259,0.0460840274830769,3.016875612539723,0.0031259079974072,0.0094451671354866,-0.4602594129578308,10.0,-0.2954612001329747,0.0884388408530485,5.020020250780855,0.0,0.0929714745586498,0.02062721155982,0.0150549238359392,-0.0111434429046244,-1.2460823015145186,0.4692156736686383,-0.01693,0.0516685867534786,1.552015461836482,1.0,3.28454332509213e-25,0.005581115529287474,0.9944188844707128,0.03452238551784822,0.9609593813693486,2
2009-10-23,-0.8,0.0037997306623944,0.0009631011858184,-0.021753651418075,0.002,1.0675919836521304,56.0,-0.0747451223001227,-0.0018284827748612,-0.0535714285714286,0.0026418697708259,0.0460840274830769,3.033150177620368,0.0031259079974072,0.0097221198977866,-0.4602594129578308,10.0,-0.232729556131775,0.1037768898028125,5.042317155099315,0.0,0.2548713653190686,0.0205889709456954,0.0150549238359392,0.0063325077853291,-1.1999659668285094,0.4645302448886554,-0.0132199999999999,0.0565685424945608,1.515629553156861,1.0,7.74344823872206e-28,0.004316140600022879,0.9956838593999767,0.027809897303138105,0.9609589084377518,2
2009-10-30,-0.96,-0.017982671541157,0.0,-0.0127867746018812,-0.0770000000000001,0.8874077110274236,56.0,-0.0747451223001227,-0.0018284827748612,-0.0426929392446633,0.0,0.0139497256152447,3.124346085429226,0.0009529882722844,0.0121592850334012,-0.3535533905932739,11.0,-0.256228795228001,0.1056949789319757,5.098871610893292,-0.02,0.1355257745506521,0.0193487541531469,0.0150942334243434,0.0378016943226442,-1.1326851134972922,0.4509227592855053,-0.00794,0.0607100838878778,1.530622108542399,1.0,5.046491608414667e-30,0.0012388338483844523,0.9987611661516149,0.009530305605102988,0.96095775793622,2
2009-11-06,-1.0,0.0016330971896387,0.0007077533687673,0.0307873495115601,-0.2280000000000002,0.92218666341529,60.0,-0.0583001235670767,0.0183829586913029,0.0229885057471264,0.0007482959260955,0.0196857303653014,3.1339333849871363,0.0016861109479814,0.009771292193978,2.051414228982088,4.0,-0.3199645092578531,0.1103241975789113,5.111538716893196,0.0099999999999999,0.2685124368253269,0.0257290038710058,0.0303459585007879,0.0031469402801571,-1.1325517430560526,0.4444068360156725,-0.00893,0.0676123403779768,1.1178628322655908,1.0,1.3875234700690523e-25,0.00025349285181102543,0.9997465071481891,0.0023524259047538504,0.9609573895503506,2
2009-11-13,-1.1,-0.0138711642642006,0.0007077533687673,0.0030742602480557,-0.2280000000000002,0.9554676281844016,60.0,-0.0583001235670767,0.0183829586913029,0.0229885057471264,0.0007482959260955,0.0196857303653014,3.139083648749205,0.0016861109479814,0.0095631792486797,-0.5214340709051549,4.0,-0.3041824557915206,0.1078358540958133,5.120567464782309,0.0,0.3385343136159946,0.0257050136834011,0.0303459585007879,-0.0111363889695687,-1.2275260452587469,0.4391481452930819,-0.01183,0.0747256888318005,0.6217064888580454,1.0,1.7089703907802e-24,0.018870815409075405,0.9811291845909246,0.09361138562223109,0.9609643499413172,2
2009-11-20,-1.94,0.0345127831628053,0.0007077533687673,0.0058148799954062,-0.2280000000000002,0.9874020886006024,60.0,-0.0583001235670767,0.0183829586913029,0.0229885057471264,0.0007482959260955,0.0196857303653014,3.1398187110819005,0.0016861109479814,0.0097517027478241,-0.5214340709051549,4.0,-0.3172839855933366,0.1001070855206096,5.125977080093171,-0.0399999999999999,0.5365511866970742,0.0225292466690157,0.0303459585007879,0.0006861122234191,-1.3736676189460004,0.4399675618784912,-0.01389,0.0939604780135223,0.1087856401705403,1.0,4.1114250087623275e-20,0.11930950541459202,0.8806904945854083,0.36554696781508644,0.9610019005906377,2
2009-11-27,-2.24,-0.0010693971760127,0.0007077533687673,-0.0337792839466012,-0.2280000000000002,1.0181167567497085,60.0,-0.0583001235670767,0.0183829586913029,0.0686106346483705,0.0007482959260955,0.0160250828597516,3.136141676548285,0.0015337526811212,0.0097514000911008,-0.3535533905932738,4.0,-0.2024577988142796,0.0882771609356531,5.127779016987599,0.0099999999999999,0.3972074706111324,0.0224797319307024,0.0242575225106878,0.0038234120570314,-1.5762666890490895,0.4387251430351885,-0.01846,0.1223577891733356,-0.9953417806971916,1.0,1.501830482845864e-18,0.16500311855891375,0.8349968814410865,0.4478738422308147,0.9610189838963166,2
2009-12-04,-0.12,-0.001035642884952,-0.0017611981694632,0.0154081828115677,-0.0909999999999999,1.1131152282035437,71.0,-0.0270422311932423,0.0272133112620582,0.1389365351629503,0.0009743231852663,0.0330906583535755,3.136141676548285,0.0019447785831216,0.0104627875415495,1.5469881109381238,-3.0,-0.2013236009392911,0.089990078818258,5.038426997221884,0.03,0.8493016094357717,0.0215534968646619,0.0311214673745436,-0.0028859531230525,-1.7223301638342483,0.4349109234225346,-0.02444,0.114984471001028,-1.8515620927969076,1.0,1.797689137257914e-18,0.3382972616633347,0.6617027383366657,0.6398995960116457,0.9610837727500604,2
2009-12-11,-0.38,-0.0080265000176945,-0.0017611981694632,0.0071942437624154,-0.0909999999999999,1.1984461821518746,71.0,-0.0270422311932423,0.0272133112620582,0.1389365351629503,0.0009743231852663,0.0330906583535755,3.136141676548285,0.0019447785831216,0.0124479797196915,-0.539661657277155,-3.0,-0.0592200827687835,0.1043945127184193,4.938230824925139,-0.03,0.509723521813013,0.0293594571791219,0.0311214673745436,-0.0256077272033643,-1.7655646653401964,0.4296613331879267,-0.03069,0.105694978931764,-1.8363244191051549,1.0,1.647896583625643e-18,0.5973088965086132,0.4026911034913865,0.6740877392158775,0.9611806084920373,1
2009-12-18,-0.31,0.0225852469581038,-0.0017611981694632,-0.0117970548995542,-0.0909999999999999,1.276050528443868,71.0,-0.0270422311932423,0.0272133112620582,0.1389365351629503,0.0009743231852663,0.0330906583535755,3.136141676548285,0.0019447785831216,0.0113006665346788,-0.539661657277155,-3.0,0.0839894909884126,0.1105747969217561,4.826515188909879,0.02,1.1659286366640962,0.0298989151336232,0.0311214673745436,-0.0273003400657621,-1.7075407254430002,0.4043136093690008,-0.03242,0.0681909084846151,-1.4407118565782475,1.0,8.87628663626632e-19,0.7170348174675386,0.28296518253246183,0.5957320589540237,0.9612253699885513,1
2009-12-25,-0.28,1.7890983972757013e-05,-0.0017611981694632,-0.0106054718320795,-0.0909999999999999,1.347264120408853,71.0,-0.0270422311932423,0.0272133112620582,0.1389365351629503,0.0009743231852663,0.0330906583535755,3.136141676548285,0.0019447785831216,0.0109240864394414,-0.539661657277155,-3.0,-0.0314109304888325,0.1702728902170244,4.702459162177296,0.0,1.069742904976506,0.0291166244437563,0.0311214673745436,-0.011279627627106,-1.6093549523879338,0.3828760634196022,-0.0306299999999999,0.0916515138988838,-0.9840748966790636,0.0,4.335583163261284e-13,0.95621980224031,0.04378019775925689,0.179777118840087,0.9613147932126708,1
2010-01-01,-0.25,-0.0007764548128793,0.0034174735701484,-0.0034959315273778,-0.0779999999999998,1.409397440352527,69.0,0.0087230439200634,0.0262570864295761,0.0208667736757623,-0.0011227765176723,0.0270319718304981,3.3468699498990007,0.0039152254852831,0.0106210245822595,2.3063552229640103,-12.0,-0.0668230036587328,0.2094849125150308,4.732154697858476,0.0099999999999999,0.7125593515113453,0.0228668479474599,0.0293728831515555,-0.0077562637891076,-1.4824599594195775,0.3739772377551834,-0.0249699999999999,0.1449137674617484,-0.1961927122809445,0.0,2.229801845590269e-13,0.9937864351743759,0.006213564825401164,0.03776547081903257,0.9613288381136843,1
2010-01-08,-0.09,0.0005536987028589,0.0034174735701484,-0.0160177613383446,-0.0779999999999998,1.4671741049991986,69.0,0.0087230439200634,0.0262570864295761,0.0208667736757623,-0.0011227765176723,0.0270319718304981,3.5381437984429094,0.0039152254852831,0.0108058992493745,-0.4775485774687788,-12.0,0.0422408062317327,0.2264477233901298,4.761585854436516,-0.0099999999999999,1.0266959659321295,0.0261148451295612,0.0293728831515555,-0.0047836372711528,-1.3625280440145875,0.3608739601065424,-0.0202,0.1478174549908024,0.6442965310162423,0.0,7.501418382115694e-17,0.9879348417829804,0.012065158217020039,0.0652891134113459,0.9613266503996496,1
2010-01-15,0.0,0.0252296779319503,0.0034174735701484,0.0076622364635433,-0.0779999999999998,1.5210906411732588,69.0,0.0087230439200634,0.0262570864295761,0.0208667736757623,-0.0011227765176723,0.0270319718304981,3.7129710268398712,0.0039152254852831,0.0109207376673157,-0.4775485774687788,-12.0,0.1853780138645291,0.2135415650406289,4.79075750441022,0.0099999999999999,1.1364010842475565,0.0242881241275019,0.0293728831515555,-0.0067936908037884,-1.1954510832322292,0.338192783740843,-0.0094799999999999,0.138564064605359,1.870557161187753,0.0,8.520993522608297e-09,0.9997573289241303,0.0002426625548763056,0.0022626839308657566,0.9613310705778252,1
2010-01-22,0.09,-0.0174080377012697,0.0034174735701484,0.0158057618820305,-0.0779999999999998,1.5715443989039193,69.0,0.0087230439200634,0.0262570864295761,0.0208667736757623,-0.0011227765176723,0.0270319718304981,3.8735791439718734,0.0039152254852831,0.0103894856043988,-0.4775485774687788,-12.0,0.2879591866243276,0.144098180815327,4.819674359865279,0.0,0.6040455983960376,0.0245226093382999,0.0293728831515555,0.0328269170937901,-0.9694172491774494,0.3256469949335045,0.0012099999999999,0.1121223821160918,1.9255353555115005,1.0,1.8431545603305635e-11,0.9988160061246829,0.0011839938568854033,0.009162064262021425,0.9613307185014778,1
2010-01-29,0.38,-0.0021849129099043,0.0,0.0001735269175354,-0.0779999999999998,1.6188591759521325,69.0,0.0087230439200634,0.0262570864295761,-0.0421686746987951,0.0,0.0092655371327891,3.928789204752925,0.0038535944633924,0.0110694211627865,-0.3535533905932738,-9.0,0.1616482351518711,0.1239167347167365,4.848340979800177,0.02,0.748800356428909,0.0244970629205424,0.0149088779165839,0.00392402333725,-0.7387790886750926,0.3200817085540043,0.00413,0.1142365965877761,1.497107186292587,1.0,3.4781411826420363e-10,0.999253146844656,0.0007468528075299561,0.006123654933560524,0.9613308819394062,1
2010-02-05,0.7,0.0010828319727835,0.0002492073820765,0.0352751331262772,-0.0190000000000001,1.6486502448558455,56.0,0.0187081823448556,0.0214333177814536,-0.0210843373493976,0.000444176528443,0.0105055608418836,4.917785618000633,0.003892282387562,0.0109266583483044,0.4936426022245713,16.0,0.1552156834073059,0.1283967066778396,5.142428427868111,0.02,0.7722182147481882,0.0222141960906846,0.0177762571065747,0.0290571063159411,-0.4998645371169344,0.3179882915211118,0.0036299999999999,0.1221240587036147,1.1167618957095162,1.0,3.894766971683671e-11,0.9989263730491229,0.0010736269119298338,0.008413130111383376,0.9613307597643163,1
2010-02-12,0.67,0.003272101467155,0.0002492073820765,-0.0266303354220149,-0.0190000000000001,1.6770948847896183,56.0,0.0187081823448556,0.0214333177814536,-0.0210843373493976,0.000444176528443,0.0105055608418836,5.706271853104873,0.003892282387562,0.0109729017662733,-0.4705651645196336,16.0,0.228211986027772,0.1184347318749301,5.416130034909823,0.0,0.9762730090782884,0.0269015913503875,0.0177762571065747,0.0078262546972969,-0.4642457557812071,0.3127175562467474,-0.0032699999999999,0.1203269355902064,0.4880505360954548,1.0,8.677077426955114e-11,0.9993254289821712,0.0006745709310577209,0.005599680401117198,0.9613309089587414,1
2010-02-19,0.57,0.0092591813013724,0.0002492073820765,-0.0246106413895306,-0.0190000000000001,1.704260514046256,56.0,0.0187081823448556,0.0214333177814536,-0.0210843373493976,0.000444176528443,0.0105055608418836,6.369156446983563,0.003892282387562,0.0099001399557152,-0.4705651645196336,16.0,0.2591113569492707,0.1083562246877047,5.672397510253341,0.0099999999999999,1.0495634405043868,0.0289691047756646,0.0177762571065747,0.0016506075764883,-1.5052728748291315,0.3042466526373723,-0.01702,0.116058790520585,-0.7697298391444259,1.0,8.224121488876625e-13,0.9997271261481202,0.00027287385105730425,0.002512176164972071,0.9613310591383163,1
2010-02-26,0.58,0.0037553115727524,0.0002492073820765,-0.0139168728778005,-0.0190000000000001,1.7302073781233156,56.0,0.0187081823448556,0.0214333177814536,0.0220125786163523,0.000444176528443,0.0038016493612177,6.9425111838916,0.0013268748823732,0.0112422737644681,-0.3535533905932738,16.0,0.1464983932018786,0.0995705062470145,5.913497866201878,0.02,0.7797141789387965,0.0287557363892865,0.0077826218055125,0.0009545824956642,-2.266215374302144,0.2998976698276333,-0.0286099999999999,0.0676123403779686,-1.6311293496306378,1.0,1.0231389856667549e-10,0.9999500268763281,4.997302135800912e-05,0.0005449083948625845,0.9613311424751639,1
2010-03-05,0.37,-0.002615777688641,0.0041062835365712,0.0117903225927647,0.1029999999999999,1.758187654718112,51.0,0.042006721075372,0.0231395944694394,0.080188679245283,0.0002355808653973,0.0038016493612177,7.123525488451191,0.0025919975726635,0.010476863472174,2.133700096517318,5.0,0.1642585583961446,0.0665475125648779,5.854540206168246,0.0199999999999999,0.7904217746135755,0.0254532237485694,0.0205145787509472,-0.009960728212925,-2.129562446247989,0.2894541594229724,-0.0396,0.0587822859611192,-1.7666990185929494,1.0,3.311934773374676e-09,0.9999625546705211,3.74420175441769e-05,0.0004191451858498662,0.9613311472145272,1
2010-03-12,0.5,0.001020548236583,0.0041062835365712,0.0091509741252512,0.1029999999999999,1.784192383666703,51.0,0.042006721075372,0.0231395944694394,0.080188679245283,0.0002355808653973,0.0038016493612177,7.29478211832571,0.0025919975726635,0.0123288059174429,-0.5116580177015565,5.0,0.1190234442717479,0.0592814112035711,5.794722465006845,0.0,0.7565404943517737,0.0274635785219965,0.0205145787509472,-0.0202997917506301,-1.948866256462132,0.2805029419676523,-0.0460299999999999,0.0713016729914967,-1.4989590781906104,1.0,1.950295341032306e-08,0.9999706843486561,2.9296148390543883e-05,0.00033545624539763183,0.9613311505346293,1
2010-03-19,0.63,0.0111821646161138,0.0041062835365712,0.0084440578725535,0.1029999999999999,1.8083067962891828,51.0,0.042006721075372,0.0231395944694394,0.080188679245283,0.0002355808653973,0.0038016493612177,7.456953389029075,0.0025919975726635,0.0117685568528689,-0.5116580177015565,5.0,-0.0137213353425096,0.0594618725379168,5.734017725471173,0.01,0.5801018044503754,0.0239678904977932,0.0205145787509472,-0.0512253493763256,-1.763994413543562,0.2574133865666847,-0.0455099999999999,0.08895223437305,-1.121824044246858,1.0,1.1716602341966445e-06,0.9999328826124836,6.59457272822978e-05,0.000717954915862914,0.961331156375714,1
2010-03-26,0.9,0.0022322386034296,0.0041062835365712,0.0048435457684561,0.1029999999999999,1.830605597040855,51.0,0.042006721075372,0.0231395944694394,0.080188679245283,0.0002355808653973,0.0038016493612177,7.610620110183979,0.0025919975726635,0.0107098740780563,-0.5116580177015565,5.0,0.0663728819257445,0.0838259250726578,5.672397510253342,-0.0199999999999999,0.5273004652284672,0.0238541903061671,0.0205145787509472,-0.0086092426575228,-1.592784544766041,0.2424052270840415,-0.04059,0.0989859297358599,-0.6918349316505158,1.0,4.874748226429734e-06,0.9998677148804889,0.0001274103712846836,0.0013345301909735963,0.9613311962086946,1
2010-04-02,0.8,-0.0025934343183253,0.0017368849106973,0.0153975551384328,-0.1179999999999998,1.8463696048760736,50.0,0.0542821035580629,0.0223644719564808,-0.02,0.0001766440350934,0.0067252003645457,7.570082816333794,0.0025464950957307,0.0071611646058665,0.8290472284360986,-8.0,0.074980225873527,0.1078027298885774,5.671599751443383,0.0199999999999999,0.6162636728133106,0.0206976395458157,0.0348584150329719,-0.010444960265778,-1.4107460349370522,0.2352855202049583,-0.02827,0.1014097064949276,0.1892103304835298,1.0,0.00031547167329224894,0.9996139404064089,7.058792029886929e-05,0.0036038668860161284,0.9613364858619863,1
2010-04-09,0.82,0.0001842099560063,0.0017368849106973,0.0176607866783066,-0.1179999999999998,1.8602089620922224,50.0,0.0542821035580629,0.0223644719564808,-0.02,0.0001766440350934,0.0067252003645457,7.528509914880891,0.0025464950957307,0.0074202648201791,-0.5030963385858412,-8.0,0.1274239030284907,0.1160587905207694,5.668407593456033,0.0,0.6255741853076764,0.0200846562165517,0.0348584150329719,-0.0097934856237967,-1.2012986920465771,0.2267705599892676,-0.0116399999999999,0.0975320460154462,1.5837007958574538,0.0,0.00019785315461829178,0.999729240457532,7.290638784988548e-05,0.002652542329892763,0.9613344899255469,1
2010-04-16,0.73,0.013767699858076,0.0017368849106973,-0.0101300318719763,-0.1179999999999998,1.872166351164152,50.0,0.0542821035580629,0.0223644719564808,-0.02,0.0001766440350934,0.0067252003645457,7.485884152086503,0.0025464950957307,0.0070146086870717,-0.5030963385858412,-8.0,0.0831321896402685,0.1150077637130933,5.662816987088706,0.0,0.6538842605884563,0.0204730350115002,0.0348584150329719,0.0187842257489349,-0.8748661570111881,0.2146408660005912,0.0112399999999999,0.0965105471658144,2.018896924100305,0.0,8.650265903667229e-05,0.9998260582547506,8.743908621282227e-05,0.0018002685065152003,0.9613325957421216,1
2010-04-23,0.73,-0.0007647439774808,0.0017368849106973,0.0158053269297614,-0.1179999999999998,1.8822776387024949,50.0,0.0542821035580629,0.0223644719564808,-0.02,0.0001766440350934,0.0067252003645457,7.442187436913435,0.0025464950957307,0.0075801943988052,-0.5030963385858412,-8.0,0.2911738119928091,0.0993460762040644,5.654820818708923,0.0,0.6512124928488301,0.0208493922105176,0.0348584150329719,-0.0038130113661239,-0.2327450150359063,0.2044748266930396,0.03553,0.0700892288440926,1.866665478122364,0.0,7.041093136064744e-05,0.9998453652507197,8.422381791960093e-05,0.0016180237388264387,0.9613323239929887,1
2010-04-30,0.79,-0.0030305156325666,0.0,0.0008125104484329,-0.1179999999999998,1.8819434951539544,50.0,0.0650385286805028,0.0194196094568306,-0.0727802037845706,0.0,0.0067252003645457,7.591999837885923,0.0011993581275441,0.0075040309020658,-0.353553390593274,-7.0,0.1054709735129464,0.1009950493836253,5.777420029919157,0.0,0.6193609077143718,0.021693644801538,0.0257316878161044,0.0422293297902542,1.1318250222818178,0.1983278514268758,0.05893,0.0580486249372242,1.6893724292085903,0.0,1.0905956657691034e-05,0.9998932368565171,9.58571868249442e-05,0.0011183042079231803,0.961331310307974,1
2010-05-07,1.04,-0.0018485525678918,0.0007751973542378,0.0208637598199186,0.004,1.8756560715531856,50.0,0.0794260960542632,0.0202098608409397,-0.1630276564774381,0.0006339948012425,0.0102664795279221,7.774613519951569,0.0047553460812585,0.0107555358409541,2.396525166135351,0.0,-0.0686615663929673,0.1535298947157508,5.892289872338905,-0.03,0.2810847559612044,0.0174947058967438,0.0399161450654671,0.0527464810256999,1.997262894490217,0.1948538532663574,0.0766699999999999,0.0914857522082118,1.5042681332897148,0.0,2.553438077267129e-31,0.000580457431386069,0.9994195425686152,0.004905680172219481,0.960957511791415,2
2010-05-14,1.0,0.0042726996032953,0.0007751973542378,0.0100434905390042,0.004,1.867146311842787,50.0,0.0794260960542632,0.0202098608409397,-0.1630276564774381,0.0006339948012425,0.0102664795279221,7.946068210127469,0.0047553460812585,0.0116452374139937,-0.4442700118064041,0.0,0.0522205333431695,0.1948442601522733,5.99987430738124,0.03,0.2710330212354865,0.0172989401505007,0.0399161450654671,0.0516667141558136,1.883633708141502,0.1855093676616173,0.07626,0.1213907504123499,1.1597953174667337,0.0,1.7595050427035725e-21,0.1467538935660201,0.8532461064339798,0.4170368175351289,0.9610121611246529,2
2010-05-21,1.19,0.0063297722745958,0.0007751973542378,0.0219792966718351,0.004,1.8563836543596417,50.0,0.0794260960542632,0.0202098608409397,-0.1630276564774381,0.0006339948012425,0.0102664795279221,8.107071936563397,0.0047553460812585,0.0118628026619817,-0.4442700118064041,0.0,0.1479373334249476,0.267124235409029,6.100558785572737,0.01,0.1357224419506606,0.0258956908593306,0.0399161450654671,0.0283976083625887,1.6892281282076096,0.1924505577923516,0.07296,0.1426033459834412,0.8750732898413491,1.0,6.991210619312559e-29,0.0034040211117369215,0.9965959788882622,0.022742584784812798,0.9609585674269413,2
2010-05-28,1.36,-0.0071670728957968,0.0007751973542378,-0.0171331670800376,0.004,1.8433286374900548,50.0,0.0794260960542632,0.0202098608409397,-0.097331240188383,0.0006339948012425,0.0068556059117807,8.258235982245843,0.0047761401023531,0.0110583796715706,-0.3535533905932738,0.0,0.1319426432668728,0.2620795953249998,6.194679758892563,-0.01,0.1155180808948264,0.0269478361648393,0.0344117899792511,0.0164755045394983,1.4884979392400322,0.1956621391579535,0.05456,0.1410610303580423,0.2373082441816148,1.0,7.012127931724101e-27,0.0022470892555955537,0.9977529107444052,0.015947581637573614,0.9609581348890194,2
2010-06-04,1.71,0.0009318602372452,-0.0009762670846739,-0.0404548091100228,-0.1919999999999999,1.8171558706387936,53.0,0.085513281468484,0.0105334897284565,-0.0784929356357927,0.0010499542907829,0.0125432456816228,8.700221040516418,0.0047272387356584,0.0108458877847646,-0.0149266569245031,12.0,0.2401757739111396,0.2536026137765287,6.47608432426275,-0.0199999999999999,0.0448568028245257,0.0254201522209237,0.0362099248461572,0.0271659715974915,1.2877571830428485,0.199533675811435,0.03109,0.1359556125041783,-0.874597784760803,0.0,4.081839035619787e-33,0.005102252117222679,0.9948977478827782,0.032019273851798834,0.9609592023384192,2
2010-06-11,1.67,-0.0020062357247788,-0.0009762670846739,0.0058723011987705,-0.1919999999999999,1.7893048013820736,53.0,0.085513281468484,0.0105334897284565,-0.0784929356357927,0.0010499542907829,0.0125432456816228,9.096491293138929,0.0047272387356584,0.0115928369328495,-0.4061084855462351,12.0,0.2395644277512296,0.2287192602296571,6.7377059708496,-0.06,0.0241532182350998,0.0228719429907328,0.0362099248461572,0.0079319605271088,1.0797850975311654,0.2020012992208106,0.0091499999999999,0.1321254814829457,-1.73766202470912,1.0,3.463720335010525e-33,0.000253120449474931,0.9997468795505254,0.0023493421689299034,0.9609573894111221,2
2010-06-18,1.54,0.005484383852828,-0.0009762670846739,-0.0101152380052237,-0.1919999999999999,1.7596957430040765,53.0,0.085513281468484,0.0105334897284565,-0.0784929356357927,0.0010499542907829,0.0125432456816228,9.45279771366039,0.0047272387356584,0.0199797842702415,-0.4061084855462351,12.0,0.2393353514551162,0.1633357628585154,6.981768976356572,0.03,0.109705203718537,0.0232963395466268,0.0362099248461572,-0.0181554620506327,0.8025812520980987,0.20431349569939,-0.0144199999999999,0.0799999999997303,-1.7709889081184282,0.0,9.704321489616157e-34,0.009344241138607566,0.9906557588613926,0.05296603967776389,0.9609607882754927,2
2010-06-25,1.21,7.720802144417505e-05,-0.0009762670846739,0.0078383302426707,-0.1919999999999999,1.728238341575089,53.0,0.085513281468484,0.0105334897284565,-0.0784929356357927,0.0010499542907829,0.0125432456816228,9.773512084278453,0.0047272387356584,0.0211718979026994,-0.4061084855462351,12.0,0.2309445952396218,0.11563489339914,7.210056660230901,0.02,0.1402544308070434,0.0230573832859263,0.0362099248461572,-0.0312495488469182,0.3982126687142518,0.2129384838125886,-0.02728,0.0523722936562216,-1.484738043269367,1.0,1.5035304828598616e-29,0.018574865278780706,0.9814251347212194,0.09243968319694759,0.9609642392955137,2
2010-07-02,1.27,-0.0058204382432563,0.0002110430573716,-0.0173071404120213,-0.2330000000000001,1.6733674206326068,58.0,0.0774701380469928,0.0123519277830146,0.0069565217391305,0.000764035190828,0.0413972096551148,10.01568001454942,0.0014067211024062,0.0202351949706705,2.197489972721673,13.0,0.2965421259906655,0.1348477977997066,7.421255803931706,0.04,0.0810729171370965,0.0269436616026409,0.0093711115934887,-0.0158040390810182,-0.3681305616611274,0.2259563219448966,-0.03442,0.0563154381265443,-1.2488490074670524,1.0,4.6472801192255124e-27,0.030988704649616693,0.9690112953503839,0.13816238289523766,0.9609688804126864,2
2010-07-09,1.06,0.0005002464765015,0.0002110430573716,0.0064495342127464,-0.2330000000000001,1.6140429937878182,58.0,0.0774701380469928,0.0123519277830146,0.0069565217391305,0.000764035190828,0.0413972096551148,10.2447735267981,0.0014067211024062,0.0176263610115239,-0.5017204701312881,13.0,0.3050696923749949,0.1184121132799793,7.620623759619063,-0.01,0.2704958609674364,0.026348927864183,0.0093711115934887,0.0129635018980932,-1.596647181760401,0.2331814038879892,-0.04162,0.0583095189480743,-1.1148822767374762,1.0,4.524811268297303e-23,0.016582695458781733,0.9834173045412191,0.08442346452177671,0.960963494490198,2
2010-07-16,1.37,0.0037306760628246,0.0002110430573716,-0.0009325018608348,-0.2330000000000001,1.5497537060362117,58.0,0.0774701380469928,0.0123519277830146,0.0069565217391305,0.000764035190828,0.0413972096551148,10.461651583098742,0.0014067211024062,0.0148516879594643,-0.5017204701312881,13.0,0.2316707996237028,0.142227182453192,7.809066741844481,-0.01,0.1958779184068921,0.0220536470486842,0.0093711115934887,-0.0191181165250826,-1.794158420299015,0.2453498133687465,-0.0403399999999999,0.0620915223103183,-0.9032775106830264,1.0,3.848660172406638e-23,0.2128273599290912,0.787172640070909,0.5176786977542363,0.9610368637722548,2
2010-07-23,1.39,-0.0035865078948031,0.0002110430573716,-0.0076607334097861,-0.2330000000000001,1.4798526329222488,58.0,0.0774701380469928,0.0123519277830146,0.0069565217391305,0.000764035190828,0.0413972096551148,10.66705928764589,0.0014067211024062,0.0143771748414201,-0.5017204701312881,13.0,0.2395128569560121,0.1368458465364876,7.987358035428427,0.01,0.1606171905218372,0.0185673776637347,0.0093711115934887,-0.0280275593566327,-1.5856639785826696,0.2534108200937596,-0.0332699999999999,0.0606953752058916,-0.5492310636179663,1.0,4.063525184178908e-15,0.7626053640624978,0.23739463593749827,0.5480581247445987,0.961242407283785,1
2010-07-30,1.32,-0.0030115910238809,0.0,-0.0409540127801132,-0.2330000000000001,1.4035015437032343,58.0,0.0774701380469928,0.0123519277830146,-0.0136286201022146,0.0,0.0381465500376952,10.86164741719152,0.0013424550544632,0.0123924696408593,-0.3535533905932749,13.0,0.3476593764189348,0.1442220510185674,8.122251246372521,-0.01,0.1367890628862071,0.0184356719208284,0.0048184448462459,-0.0076019964811812,-1.3953224049097916,0.2651935176620529,-0.02458,0.0684522774323062,0.0760106745401937,0.0,1.6947944653360146e-14,0.994538088121029,0.005461911878954178,0.03390329112728651,0.961329119131446,1
2010-08-06,1.48,0.0005078918917058,0.0013806642784079,0.018194078622111,-0.272,1.348006917207597,57.0,0.0696874285859381,0.011481045618392,-0.0119250425894378,0.0006595501506574,0.0393774089832338,10.555640125617067,0.0017274035653344,0.0126914466589205,1.581521119507983,-20.0,0.2158410390533396,0.1310874844194935,8.299811915221552,0.0,0.1377413872977735,0.019471405455297,0.0049427651133452,-0.0017538017028269,-1.2263990148854422,0.2733074197700761,-0.0144299999999999,0.0706980500839242,1.3586746557389628,1.0,3.489291618934607e-11,0.9998189253600913,0.00018107460501591758,0.0017413067854583322,0.9613310934595461,1
2010-08-13,1.13,0.0004530451381681,0.0013806642784079,-0.0112504862919145,-0.272,1.2881003895903833,57.0,0.0696874285859381,0.011481045618392,-0.0119250425894378,0.0006595501506574,0.0393774089832338,10.104378335081297,0.0017274035653344,0.012481657829918,-0.5399483976422049,-20.0,0.3366276037179752,0.1382479656269941,8.457573114459294,0.0,0.1167234040004425,0.0174283934254208,0.0049427651133452,-0.004420019974972,-1.052083680183218,0.2943379717756081,-0.0050199999999999,0.0527629469550655,1.7787209582388892,1.0,4.146643508231347e-14,0.9987723298355913,0.001227670164366924,0.009455543863528718,0.9613307021720626,1
2010-08-20,1.36,-0.0059595288230069,0.0013806642784079,0.0355996577138363,-0.272,1.2231338756029386,57.0,0.0696874285859381,0.011481045618392,-0.0119250425894378,0.0006595501506574,0.0393774089832338,9.48715731113133,0.0017274035653344,0.012416684536377,-0.5399483976422049,-20.0,0.4682597177681706,0.1588743888377672,8.596624964735465,0.0,-0.0058194655396901,0.0181448023255148,0.0049427651133452,-0.0134907202118023,-0.8997632566935481,0.3159323867562931,-0.00149,0.056426310985061,1.457247497902303,1.0,1.9079592872918912e-11,0.9998113041299853,0.00018869585093492176,0.0018068160484095894,0.9613310906099498,1
2010-08-27,1.18,-0.0054662262681411,0.0013806642784079,0.0021477772144803,-0.272,1.152251813100432,57.0,0.0696874285859381,0.011481045618392,0.0017271157167531,0.0006595501506574,0.0057361169565278,8.668599390017643,0.0012956437786964,0.0093249042069139,-0.353553390593275,-20.0,0.2037586653716236,0.1723316984356535,8.717862766855118,0.0,0.0334066590120993,0.0110775563884237,0.0006106276176072,-0.0123156777107973,-0.8091471899318071,0.3338341637232447,-0.0021999999999999,0.0507092552832589,1.0770321099616884,1.0,4.036896110415971e-09,0.9998465643579739,0.00015343160512978915,0.0015009774769399605,0.9613311038622169,1
2010-09-03,1.24,0.0004263335962608,0.0005817362307156,-0.0035151371620392,-0.4629999999999999,1.0848315608585588,55.0,0.0634668210415039,0.0114368265815927,-0.0276338514680483,0.0009119268291581,0.0071897297548723,8.337496396031911,0.001542417769667,0.0094784642341158,1.375251252722229,-15.0,0.4439149555311754,0.1529472364668938,8.961540079881223,-0.0099999999999999,0.09673628573643,0.0113832154025634,0.0104674661048173,0.0101903387606106,-0.901370293365412,0.34773925105892,-0.0072499999999999,0.0434042460063824,0.5900747094067469,1.0,4.970715702917525e-10,0.998690375223916,0.001309624279012576,0.010002083090409343,0.9613306715406057,1
2010-09-10,1.36,0.0016533477903524,0.0005817362307156,-0.0303448226572801,-0.4629999999999999,1.0107334123565774,55.0,0.0634668210415039,0.0114368265815927,-0.0276338514680483,0.0009119268291581,0.0071897297548723,7.817534531669506,0.001542417769667,0.0096307875574828,-0.5358790864773423,-15.0,0.311824272621976,0.1405092777821449,9.173108938730056,0.0,0.1033337557816418,0.0081253444665447,0.0104674661048173,0.0006654334660139,-1.3880086667223992,0.3574345070746282,-0.0146499999999999,0.0380788655287148,-0.1581535854676974,1.0,1.4661045260487975e-10,0.9998911652034933,0.0001088346498961417,0.001102022468554935,0.9613311204695313,1
2010-09-17,1.45,-0.0042167540838284,0.0005817362307156,0.002945809434412,-0.4629999999999999,0.9283597293348604,55.0,0.0634668210415039,0.0114368265815927,-0.0276338514680483,0.0009119268291581,0.0071897297548723,7.067150443043818,0.001542417769667,0.0095059198512895,-0.5358790864773423,-15.0,0.0651138284601726,0.1090134329861758,9.354748110836224,0.0199999999999999,0.022487544780595,0.0100812565670908,0.0104674661048173,-0.0094551579887323,-1.8772920923846523,0.3683000776672109,-0.0191,0.0357571171730218,-0.9547009137886144,1.0,4.088664225073107e-09,0.9998954176156145,0.00010457829572136475,0.0010631760514109166,0.961331122127705,1
2010-09-24,1.36,0.0048308442348892,0.0005817362307156,-0.0137159871011491,-0.4629999999999999,0.8352656966648335,55.0,0.0634668210415039,0.0114368265815927,-0.0276338514680483,0.0009119268291581,0.0071897297548723,6.000512798599213,0.001542417769667,0.011986036161497,-0.5358790864773423,-15.0,-0.0260978308336077,0.0887914892961679,9.50817303426223,-0.01,0.1585883331274407,0.0085116556589025,0.0104674661048173,-0.006749452807742,-1.8931453017570552,0.3832413162560789,-0.02179,0.0434248118668109,-1.419159923085178,1.0,3.9916319793662093e-08,0.9998500972943614,0.00014986278931865946,0.0014702318178259947,0.9613311058050712,1
2010-10-01,1.33,-0.0036754969614302,0.0012451988884769,0.025161412308569,-0.383,0.796398448996162,54.0,0.057602585064906,0.0117218760552695,-0.0379310344827585,0.0005367347583113,0.0041183494202925,5.959994837375081,0.0015453778548756,0.0119357327265709,-1.842869929714955,-6.0,-0.1952098381674495,0.0891227083456294,9.798728639790916,0.01,0.1662616924975399,0.0082451897414466,0.0103898719824,-0.0101231619138414,-1.7766202671790448,0.3998583836791629,-0.0239199999999999,0.0550324579546013,-1.325384985042888,1.0,8.824056637588853e-07,0.9999415486177847,5.756897655153556e-05,0.0006327696234062105,0.9613311546011036,1
2010-10-08,1.46,0.0040897188878366,0.0012451988884769,-0.0045129178782217,-0.383,0.754617444489023,54.0,0.057602585064906,0.0117218760552695,-0.0379310344827585,0.0005367347583113,0.0041183494202925,5.803447251418696,0.0015453778548756,0.007711392249383,-0.0092285351090722,-6.0,-0.234591187109602,0.1216552506059767,10.067401059983824,-0.04,0.1517348129915934,0.0089193674038116,0.0103898719824,-0.0007271015213146,-1.6469083497930648,0.4208055820188718,-0.02366,0.0751070664353541,-0.9993851458425328,1.0,5.553621274077732e-07,0.999934322633717,6.5122004155788e-05,0.0007014016009072005,0.9613311462299005,1
2010-10-15,1.57,0.0007768321193435,0.0012451988884769,0.0115168124412954,-0.383,0.7094080475410071,54.0,0.057602585064906,0.0117218760552695,-0.0379310344827585,0.0005367347583113,0.0041183494202925,5.521008826431789,0.0015453778548756,0.0078779170353012,-0.0092285351090722,-6.0,-0.2606149373997903,0.1224453230746693,10.315900246143594,0.02,0.0346364607536477,0.0091836047506021,0.0103898719824,-0.0349248897283289,-1.525140592279591,0.433156841306309,-0.0216599999999999,0.0845048603840307,-0.6017886522821331,1.0,4.197951337344559e-05,0.9997967420385764,0.00016127844804984971,0.002034665046465071,0.9613318129252603,1
2010-10-22,1.56,-0.0020165506074977,0.0012451988884769,0.0001113452312644,-0.383,0.6600661790532008,54.0,0.057602585064906,0.0117218760552695,-0.0379310344827585,0.0005367347583113,0.0041183494202925,5.091773153445974,0.0015453778548756,0.0144157049605018,-0.0092285351090722,-6.0,-0.303948215506481,0.1227002736054821,10.545652389194556,-0.01,0.01478263902368,0.0194217276092351,0.0103898719824,0.0030284572156107,-1.405924439787508,0.4439855741409518,-0.01743,0.0838365757204111,0.2237039520654964,1.0,0.00039771709161367,0.9995737668237673,2.8516084618955515e-05,0.0038385975619718905,0.9613378966550284,1
2010-10-29,1.61,-0.0042663911189657,0.0,0.0021991836665373,-0.383,0.6055825591684334,54.0,0.057602585064906,0.0117218760552695,-0.0088809946714032,0.0,0.0025920336553755,5.043960592782006,0.0010018532138286,0.014895848375999,0.3535533905932758,-7.0,-0.1996035588213833,0.1174429952907374,10.757858679987462,-0.01,0.0575324714957894,0.0202264576072979,0.0031399057779158,-0.0023555552079214,-1.304561882348849,0.4534245011912843,-0.01366,0.0834522960393436,1.4770398733937002,1.0,7.841584908287908e-06,0.9998880746356114,0.00010408377948042031,0.0011585863013093074,0.9613312552538206,1
2010-11-05,1.7,0.0021612866124827,0.0004206464238194,0.0137290821830945,-0.0959999999999998,0.6124749274209293,47.0,0.0539500875348351,0.0114316091157027,-0.0053285968028419,0.0014380381373122,0.0208955567329768,5.444121741700945,0.0010891414327883,0.0168742425669907,1.0238116645419,-12.0,-0.1431990824801717,0.0879935062539288,11.164342073613248,0.01,0.121658247860237,0.0202860290157436,0.0035498853376583,-0.0135147700805369,-1.1996205317971802,0.4624752653285863,-0.00911,0.0517549169502154,1.861996815731352,1.0,1.3521218731626781e-05,0.9996045051948091,0.0003819735864591289,0.003553199251365461,0.9613312476992881,1
2010-11-12,1.73,0.0053969977651255,0.0004206464238194,-0.0021251090893717,-0.0959999999999998,0.6189963034922835,47.0,0.0539500875348351,0.0114316091157027,-0.0053285968028419,0.0014380381373122,0.0208955567329768,5.68736791900729,0.0010891414327883,0.0191874187219796,0.2254191171720456,-12.0,-0.1350182483574524,0.0976875485558942,11.530927656062666,0.0,0.1117223176132495,0.0236143985320533,0.0035498853376583,0.0085390211391476,-1.0608009568503125,0.4672658833378978,-0.0034299999999999,0.0595069023603458,1.7854934523870902,1.0,0.0003597141304570908,0.999568852800944,7.143306859870013e-05,0.003965613194135897,0.9613372359957232,1
2010-11-19,1.8,0.0008600084401029,0.0004206464238194,0.001438586455482,-0.0959999999999998,0.6251582975715071,47.0,0.0539500875348351,0.0114316091157027,-0.0053285968028419,0.0014380381373122,0.0208955567329768,5.793497681419654,0.0010891414327883,0.0189057854952269,0.2254191171720456,-12.0,-0.058770290370562,0.1407568826026032,11.86131524733582,0.01,0.0624348388857265,0.0242303467941584,0.0035498853376583,0.0005333681894185,-0.9517384125220956,0.4699464043123601,-0.00217,0.0723088613416352,1.394425531214866,1.0,0.0011092304318290182,0.9988576116495835,3.315791858730157e-05,0.009031036309192358,0.961349963756051,1
2010-11-26,1.74,0.013497745119682,0.0004206464238194,0.0060398081781683,-0.0959999999999998,0.6309714387953338,47.0,0.0539500875348351,0.0114316091157027,0.0035842293906809,0.0014380381373122,0.0203671820282682,5.770081988485583,0.0003074367359024,0.0185625419345055,-0.3535533905932955,-12.0,-0.1527349302419002,0.152221642913981,12.158456082029575,0.0199999999999999,0.1013806545047133,0.023924410364408,0.0012672164537403,0.0144801442033029,-0.9012381092152404,0.4728537285114098,-0.00252,0.0814050717967759,1.0564634027119033,1.0,0.00038099690255588515,0.9995583727259425,6.063037150147073e-05,0.004029775649566143,0.961337601037271,1
2010-12-03,1.81,0.0003917304383076,0.001718440789203,0.0336975587584549,0.0529999999999999,0.6167806896948483,55.0,0.0599620046775659,0.014957235273143,0.1326164874551971,0.000873287748313,0.023163578067993,6.394228166569714,0.0034292668408978,0.0201983514284316,2.46511183017637,-18.0,-0.0516790210052696,0.1644036843521894,12.59825636143414,-0.0199999999999999,0.181794103601252,0.025197513340972,0.0452932022711044,0.0062555461176805,-1.049623358100811,0.4725360401076581,-0.00583,0.08016723591492,0.4942559478171378,1.0,2.331483277156627e-05,0.999196838944348,0.0007798462228808099,0.0066324265300974836,0.961331265069394,1
2010-12-10,1.79,0.0150725205801647,0.001718440789203,-0.0040235312988317,0.0529999999999999,0.6013144483610292,55.0,0.0599620046775659,0.014957235273143,0.1326164874551971,0.000873287748313,0.023163578067993,6.864512980651879,0.0034292668408978,0.0199951871379061,-0.3883832523246471,-18.0,-0.1444896909711075,0.2504139430166492,12.991643676989597,-0.01,0.2564762768643507,0.02542897027336,0.0452932022711044,0.0006119194805482,-1.5479667512836237,0.4705893099535485,-0.01172,0.1030603152109563,-0.6146340509466595,1.0,1.487402683476871e-06,0.9999062106819281,9.230191538801644e-05,0.0009712695312533215,0.9613311518777097,1
2010-12-17,1.92,0.0014523816120093,0.001718440789203,0.003227603035678,0.0529999999999999,0.5844714676160694,55.0,0.0599620046775659,0.014957235273143,0.1326164874551971,0.000873287748313,0.023163578067993,7.21110255092796,0.0034292668408978,0.018429787757884,-0.3883832523246471,-18.0,-0.2967831305538395,0.2886792584958554,13.342723880189752,-0.02,0.1998363673765595,0.0213224304427888,0.0452932022711044,-0.0098115035442212,-1.893087511885665,0.4686338091290967,-0.0152299999999999,0.1016998384601008,-1.399432360835032,1.0,0.01221163398169657,0.987780254822829,8.111195474390239e-06,0.06603657899501301,0.9615382943856435,1
2010-12-24,2.05,0.0176744961970094,0.001718440789203,0.0003296450062916,0.0529999999999999,0.5661288820834989,55.0,0.0599620046775659,0.014957235273143,0.1326164874551971,0.000873287748313,0.023163578067993,7.451277639541978,0.0034292668408978,0.0183892894840705,-0.3883832523246471,-18.0,-0.2764486811941867,0.3069085485007864,13.654760660215992,0.03,0.1724535369402464,0.0198250378675708,0.0452932022711044,-0.002224319238343,-1.9097223650392492,0.4618264530100808,-0.01932,0.0941787813527908,-1.679869178914024,1.0,0.017760557257705683,0.9822265963885521,1.2846353742170352e-05,0.08934800704724585,0.9616324145996895,1
2010-12-31,2.13,-0.0030276932404308,0.0,0.0289783178474923,0.058,0.549689479149779,57.0,0.0485333984012106,0.0115004591876761,0.1285714285714285,0.0,0.0143198998983309,8.120723726747126,0.0034596599578162,0.0181412281262572,-0.3535533905932739,-19.0,-0.2094400235645871,0.2637334964369512,14.23815694260221,-0.02,0.1514616500834367,0.0198567435631181,0.0454568645048495,-0.0190425715745021,-1.7982772789139916,0.4532665086938284,-0.0210899999999999,0.0698978847009588,-1.4143487943861446,1.0,0.08712990755726345,0.9128342681061578,3.5824336578790644e-05,0.29624598515766415,0.962809063277325,1
2011-01-07,2.18,0.0064009716719615,0.0047632300539741,0.0082140924363583,0.1380000000000001,0.5315790004966595,57.0,0.0463250453870829,0.0163184685744877,0.0285714285714284,0.0020688755661297,0.0145914843359132,8.599910554096567,0.0036413969109677,0.0203607774414008,-0.8419963032689772,-19.0,-0.230822773423889,0.2310225715626735,14.767325637557764,0.02,0.0638066317739802,0.0228301136231367,0.0587759421453538,-0.0206525488265763,-1.6791619173859078,0.445070325081891,-0.02163,0.0659951296900878,-1.1307689821504432,1.0,0.035950264251939305,0.963981856311329,6.787943673176951e-05,0.1555699272109358,0.961940931597116,1
2011-01-14,2.1,0.0131634472657533,0.0047632300539741,-0.0123581964707282,0.1380000000000001,0.512102554245396,57.0,0.0463250453870829,0.0163184685744877,0.0285714285714284,0.0020688755661297,0.0145914843359132,8.919555007872399,0.0036413969109677,0.0180334089315156,-0.2636097195508884,-19.0,-0.2127921224590888,0.1976830074350685,15.247913587710292,0.0099999999999999,0.1735897553272736,0.0226289252967817,0.0587759421453538,-0.0318996962994186,-1.5604510888962062,0.4399329785786117,-0.0202299999999999,0.0611788945863817,-0.754073284062053,1.0,0.015234240486295852,0.9846194472641655,0.00014631224953901082,0.0802968212043994,0.9615895127936517,1
2011-01-21,1.95,-0.0174087193913127,0.0047632300539741,0.0108889097034749,0.1380000000000001,0.4910976485128482,57.0,0.0463250453870829,0.0163184685744877,0.0285714285714284,0.0020688755661297,0.0145914843359132,9.09649129313902,0.0036413969109677,0.0177786266682938,-0.2636097195508884,-19.0,-0.1861144096196062,0.1222920976304636,15.684387141358108,0.01,0.1954655153725542,0.0230391728026206,0.0587759421453538,0.0091541171308527,-1.4477941752865549,0.4371859139755144,-0.01734,0.0529150262208631,-0.1450685515931583,1.0,0.0027417650114689913,0.9968789619735131,0.00037927301501783557,0.022277884876855718,0.9613775257444711,1
2011-01-28,1.91,0.0075718590577791,0.0047632300539741,0.0060258205017293,0.1380000000000001,0.4683586838093195,57.0,0.0463250453870829,0.0163184685744877,-0.0886075949367088,0.0020688755661297,0.0014237049285627,9.139011897439389,0.0007446312124747,0.0166520612903661,0.3535533905932768,-19.0,-0.1574741923855305,0.036815175442455,16.08033893146625,-0.01,0.2256824953489895,0.0188119045549545,0.0313275156221888,0.0185339516153093,-1.320428923718493,0.4334074800238188,-0.0119799999999999,0.0383359212371056,1.349514539407085,1.0,0.014423045091826268,0.9852906374471285,0.000286317461045327,0.07807479022091444,0.9615757007863391,1
2011-02-04,1.89,0.0105961587492178,0.0049313650254514,0.0039203885616196,0.2180000000000002,0.4675103399004034,55.0,0.0382736437851467,0.0210758462865816,-0.1424050632911392,0.0018401906617055,0.0159896692068668,8.800349643403612,0.0014922271917669,0.0176818051621611,-2.1519652642799363,10.0,-0.2184950050549927,0.1140723454655047,15.59469685937326,0.0,0.2505969339244516,0.0187731811340403,0.0350735126357737,0.0113359484643352,-1.1513094835619375,0.4352456354722128,-0.0049299999999999,0.0681909084845985,2.0313824281263027,1.0,0.008954850616147085,0.9909395401323973,0.00010560925145595077,0.05221335751719814,0.9614830157013102,1
2011-02-11,1.96,0.0125786672897552,0.0049313650254514,0.0133231800778995,0.2180000000000002,0.466659421241704,55.0,0.0382736437851467,0.0210758462865816,-0.1424050632911392,0.0018401906617055,0.0159896692068668,8.42605848178505,0.0014922271917669,0.0192717921098911,0.5090527225469389,10.0,-0.284930480577388,0.1439680023973628,15.051382582575547,-0.03,0.1544584513944358,0.0192115401964656,0.0350735126357737,0.0017984928917062,-0.9240657996249068,0.4341585280182851,0.0016399999999999,0.1031988372025345,1.862347408179192,0.0,0.02832533509546064,0.971478834548815,0.0001958303557246517,0.13073402077176866,0.9618115481350558,1
2011-02-18,1.97,0.0033541546606432,0.0049313650254514,-0.0171762900700814,0.2180000000000002,0.4658059137228211,55.0,0.0382736437851467,0.0210758462865816,-0.1424050632911392,0.0018401906617055,0.0159896692068668,8.011146081458122,0.0014922271917669,0.0216520455440349,0.5090527225469389,10.0,-0.231562289215341,0.158017856133869,14.443889458340712,-0.0199999999999999,0.0800651495441673,0.0207974577068732,0.0350735126357737,-0.0036001115034834,-0.500311899731958,0.4298091407077345,0.00938,0.1120506900595106,1.7274287847929453,0.0,0.22727804562610646,0.7726802809849072,4.167338898624791e-05,0.536417628094928,0.9651862827971155,1
2011-02-25,1.83,0.0097067681520111,0.0049313650254514,0.0139084993518326,0.2180000000000002,0.4649498030866571,55.0,0.0382736437851467,0.0210758462865816,-0.1424050632911392,0.0018401906617055,0.0159896692068668,7.548917395637216,0.0014922271917669,0.0209172210670866,0.5090527225469389,10.0,-0.1678786731345319,0.1479382110399998,13.76372207104127,0.03,0.228721977827061,0.018355957798758,0.0350735126357737,0.0221892545820009,0.3871625700299428,0.4268695460576412,0.0148899999999999,0.1101946330036661,1.5280255367156272,1.0,0.5959145275136613,0.4040246308343185,6.084165202027745e-05,0.6752297604176135,0.9714391638863195,0
2011-03-04,1.89,0.0046967872128014,0.0097510720305094,0.0201986366926725,0.3159999999999999,0.4792653644671687,58.0,0.0419302535750358,0.0268160326424085,0.0121527777777776,0.0010796862189927,0.0503325246228509,7.399896049165951,0.0041198680152399,0.0168039150380163,2.3298662952167875,22.0,-0.1706945201308234,0.1367414139378245,13.212427875945956,-0.01,0.2812269713981021,0.0116687228581175,0.0361979466021696,0.0156804079535818,1.5074713759105196,0.423023796883862,0.01356,0.1048808848168037,1.113249054345638,1.0,0.36108576526065256,0.6388649136006244,4.93211387230919e-05,0.654556697587298,0.9674559541554815,1
2011-03-11,1.93,0.0125561908893061,0.0097510720305094,0.0119199875322756,0.3159999999999999,0.493062194511482,58.0,0.0419302535750358,0.0268160326424085,0.0121527777777776,0.0010796862189927,0.0503325246228509,7.2444142938914515,0.0041198680152399,0.0168384728696235,-0.1951483539523578,22.0,-0.1161363966652175,0.1223504918549329,12.602565636944094,-0.0399999999999999,0.2451994869786122,0.0115053593412071,0.0361979466021696,0.0162598240323322,1.7025874090594642,0.4174312743174671,0.01046,0.0990580637805712,0.6962004985547575,1.0,0.36424845401763617,0.6357138376196975,3.770836266624335e-05,0.6562282107327936,0.9675096046779831,1
2011-03-18,1.86,0.0023165789445092,0.0097510720305094,0.0063819407633518,0.3159999999999999,0.5063826948328828,58.0,0.0419302535750358,0.0268160326424085,0.0121527777777776,0.0010796862189927,0.0503325246228509,7.08204664030003,0.0041198680152399,0.0185980999556278,-0.1951483539523578,22.0,-0.000239848281379,0.1323145602613107,11.92515308153734,-0.0099999999999999,0.2527268134918485,0.0093395412859853,0.0361979466021696,0.0017775717090542,1.4231083447301691,0.4108962723198628,0.00546,0.1013392463811456,0.0691657454486642,1.0,0.048482474337213206,0.9513549357169406,0.0001625899458461514,0.19559548068658142,0.9621534701277045,1
2011-03-25,1.86,0.0070827232654779,0.0097510720305094,-0.0102457255967934,0.3159999999999999,0.5192635241253231,58.0,0.0419302535750358,0.0268160326424085,0.0121527777777776,0.0010796862189927,0.0503325246228509,6.912307863514207,0.0041198680152399,0.019425317316128,-0.1951483539523578,22.0,0.1371384043873453,0.1162202342844995,11.167904751157224,0.0199999999999999,0.3175000190734862,0.0088938976621686,0.0361979466021696,0.0077856311057863,0.9331507791353436,0.4011110136220308,-0.00492,0.0821149020751603,-1.3623731236448442,1.0,0.0025051561851752347,0.9974323504071536,6.249340767088662e-05,0.0181737076013764,0.961373630769863,1
2011-04-01,1.86,0.0081427233107846,0.006439429535457,-0.0126316496665481,0.312,0.5566454059120414,53.0,0.0350533283443212,0.0316363085927646,0.0719557195571956,0.0012217279619071,0.0488192497994797,6.754713454037425,0.0040039420605633,0.0191104855149212,-1.030691196064998,38.0,0.0675477301045646,0.1012775535700977,10.934675082294603,-0.0199999999999999,0.2718274884909593,0.0091626417986594,0.0269448356640573,0.0009374476016114,0.2852222511442863,0.3870501816783958,-0.01068,0.0848422906672749,-1.725894185704317,1.0,0.03667117959245219,0.9633008130706355,2.8007336912169856e-05,0.15753725149906594,0.9619531748190754,1
2011-04-08,1.97,0.0099724578201982,0.006439429535457,-0.0199351080612539,0.312,0.5911220605347459,53.0,0.0350533283443212,0.0316363085927646,0.0719557195571956,0.0012217279619071,0.0488192497994797,6.569978339737185,0.0040039420605633,0.0164996393159732,-0.2239185841217159,38.0,-0.0071253761829105,0.1079599793574373,10.662429635478189,-0.03,0.3281912782326686,0.0126370001198983,0.0269448356640573,-0.0158555786625549,-0.761965439455067,0.3773813778846033,-0.01422,0.0811414109526364,-1.5164665439522222,1.0,0.00458353377615867,0.9953364896990357,7.997652480570053e-05,0.030090735670608434,0.9614088781041094,1
2011-04-15,1.9,0.0063171184395525,0.006439429535457,0.010934321984009,0.312,0.6231758620731691,53.0,0.0350533283443212,0.0316363085927646,0.0719557195571956,0.0012217279619071,0.0488192497994797,6.355736355087822,0.0040039420605633,0.0152226884011655,-0.2239185841217159,38.0,0.0408516861724426,0.097211110476124,10.348089498039094,0.03,0.3173955607444727,0.0118802271889796,0.0269448356640573,-0.0173518140058399,-1.6776878144331049,0.368304736030134,-0.0133099999999999,0.0788760329338673,-1.0930549815773525,1.0,0.538003714308047,0.4619886849763626,7.600715590423853e-06,0.6903471513072809,0.970456888599288,0
2011-04-22,1.99,0.0076438579009292,0.006439429535457,0.0114093359792456,0.312,0.6531636102710884,53.0,0.0350533283443212,0.0316363085927646,0.0719557195571956,0.0012217279619071,0.0488192497994797,6.108883820998889,0.0040039420605633,0.0141788565939082,-0.2239185841217159,38.0,0.0364106673524819,0.0933407735129785,9.98768094900238,-0.01,0.3191963967604114,0.0117147597524643,0.0269448356640573,-0.0064371262412292,-1.655327564740132,0.3567899344365792,-0.00947,0.0803118920207704,-0.5924068275562024,1.0,0.9828922696949385,0.017107490541415225,2.3976364627038786e-07,0.086561564194502,0.9780031830497602,0
2011-04-29,2.01,0.0019372383909044,0.0,-0.0026741652439492,0.312,0.6813581514783674,53.0,0.0350533283443212,0.0316363085927646,-0.0034305317324184,0.0,0.0120470044202151,5.825276487330591,0.0011420731918486,0.0152353791026015,0.3535533905932754,38.0,0.1984693527519587,0.0981252843490026,9.811035126652564,-0.0199999999999999,0.3224608042630381,0.0151034480121098,0.0012128761255354,-0.0311329016591756,-1.3400050789933664,0.348779600397037,-0.0036999999999999,0.0883883476480683,0.1511404058923795,0.0,0.9977594162687985,0.0022403453004073265,2.384307941798226e-07,0.015910334954997267,0.9782553626656062,0
2011-05-06,1.75,0.0103203845432062,0.0047041875272335,-0.0060902946524043,-0.0429999999999999,0.7289463631272005,65.0,0.0224889188983152,0.0356864578463456,0.0600343053173242,0.0020024404743281,0.0242120030479691,5.825276487330591,0.0012748730383491,0.0159364746976125,1.1445089138122528,44.0,0.0547945888778769,0.1180723144033887,9.565287291310671,-0.02,0.2938357011780208,0.0237297342332556,0.0227204510086671,-0.0024644114991489,-0.9333951184928704,0.3456879385075324,0.0031399999999999,0.0989949493658928,1.241547349185383,0.0,0.996849962806864,0.0031476171462303686,2.4200469058021693e-06,0.021310133262212892,0.9782399355122383,0
2011-05-13,1.83,0.0094679296457902,0.0047041875272335,-0.0275167527681693,-0.0429999999999999,0.7724443650412136,65.0,0.0224889188983152,0.0356864578463456,0.0600343053173242,0.0020024404743281,0.0242120030479691,5.825276487330591,0.0012748730383491,0.0163374375689161,0.1984698738756846,44.0,-0.0153061196279652,0.128667622745034,9.293439843929177,0.0099999999999999,0.3915654332709786,0.0234734351322642,0.0227204510086671,0.0093673515711412,-0.3424708404439318,0.3426427766613722,0.00926,0.1050170054254408,1.7889418169452351,0.0,0.9985241069937866,0.0014756351565717752,2.578496416197039e-07,0.011097889004001563,0.9782683335005943,0
2011-05-20,1.61,0.0049229403701513,0.0047041875272335,0.0115464446846039,-0.0429999999999999,0.812509335877854,65.0,0.0224889188983152,0.0356864578463456,0.0600343053173242,0.0020024404743281,0.0242120030479691,5.825276487330591,0.0012748730383491,0.015731805207141,0.1984698738756846,44.0,0.0483271819171051,0.1499523733914059,8.99312625056899,0.02,0.4204739657807932,0.0235043891171956,0.0227204510086671,0.0065182882220565,0.6485656387244444,0.3424322438512241,0.01226,0.1082325538562266,1.5036309962105114,0.0,0.9982841616544758,0.0017155697247988964,2.6862072534682914e-07,0.012643194927785425,0.9782642634940909,0
2011-05-27,1.69,0.006159153215236,0.0047041875272335,-0.0079949988998644,-0.0429999999999999,0.8496270780351904,65.0,0.0224889188983152,0.0356864578463456,0.0636833046471601,0.0020024404743281,0.0227935567001393,5.825276487330591,0.0004264135549715,0.0163077403616493,-0.3535533905932856,44.0,0.040774024996548,0.171916715716822,8.661386023214623,0.0,0.3598755533038569,0.0236520052835151,0.0225154482821879,0.0039696389513164,1.714671596767323,0.341174607968115,0.0137199999999999,0.110324197578697,1.224583114831129,0.0,0.9984396297571744,0.0015602152590218352,1.5498380370788108e-07,0.011645146683230188,0.9782669006186914,0
2011-06-03,1.66,0.0049466737970071,-0.0010709670566992,-0.0296286559954802,-0.0489999999999999,0.8774360732670436,63.0,0.0236888104286421,0.0355882825224234,0.0946643717728055,0.0023285379725659,0.0279970790802736,5.907491983783137,0.0010932849093565,0.0165992458333352,2.2830376974903985,51.0,-0.0187617581563807,0.1513687550322115,8.64883883957852,-0.01,0.4014822853700737,0.0218890341005141,0.0233825294199532,0.0142163539059008,1.7989915936950178,0.3411664844848797,0.0132999999999999,0.0957582521618741,0.9422934879680204,1.0,0.9892852895866402,0.010712483668478344,2.2267448815117196e-06,0.05928161009159523,0.9781116220326478,0
2011-06-10,1.65,0.0080621130173201,-0.0010709670566992,-0.0281230853787096,-0.0489999999999999,0.9017692865720244,63.0,0.0236888104286421,0.0355882825224234,0.0946643717728055,0.0023285379725659,0.0279970790802736,5.986266333482424,0.0010932849093565,0.0174107271817033,-0.483744028885013,51.0,-0.0050199052828489,0.1503745324182313,8.611087594641848,0.01,0.3457576925765515,0.0224303640551081,0.0233825294199532,0.0031433124705352,1.615705015474172,0.3408057062488682,0.01227,0.0934936972663142,0.6726634140935732,1.0,0.983207141000452,0.016790860936368356,1.998063179417815e-06,0.08530019854935146,0.9780085233046039,0
2011-06-17,1.69,0.0058135191800245,-0.0010709670566992,-0.0076160028915851,-0.0489999999999999,0.9229016861690106,63.0,0.0236888104286421,0.0355882825224234,0.0946643717728055,0.0023285379725659,0.0279970790802736,6.061733694630265,0.0010932849093565,0.0179443919835574,-0.483744028885013,51.0,-0.1344807642448295,0.1329809331123466,8.547798354659287,-0.01,0.2051049723822444,0.0222251842261112,0.0233825294199532,0.0133084512969378,1.4198846534190854,0.3407127543774966,0.00883,0.0875764971730212,0.0321980137744644,1.0,0.8345850494239002,0.16536719031394448,4.776026215501822e-05,0.4489779981242101,0.9754875475369276,0
2011-06-24,1.61,0.0102045976922062,-0.0010709670566992,0.0168600498548786,-0.0489999999999999,0.9410489312768195,63.0,0.0236888104286421,0.0355882825224234,0.0946643717728055,0.0023285379725659,0.0279970790802736,6.134016126988448,0.0010932849093565,0.0168094996882089,-0.483744028885013,51.0,-0.1300143924186326,0.117404976774541,8.458397881452838,-0.02,0.1559726471793008,0.0198706956032399,0.0233825294199532,0.0031532591203544,1.286957915495982,0.3418079757813114,0.0071299999999999,0.0886304526830936,-0.7876941986028566,1.0,0.5849129720539418,0.41504200924168494,4.5018704373230764e-05,0.6791126259143566,0.9712525591426874,0
2011-07-01,1.48,0.00309760212407,0.0008860456667936,-0.0103763990527663,-0.058,0.96191469498328,70.0,0.0248413237299129,0.0362871598222107,0.0048543689320388,0.0023186780419852,0.038965354716952,6.02673530707455,0.0019094650451814,0.0173987876252879,2.0598178366848203,59.0,-0.0802218783315399,0.1235198075498209,8.392070522948574,0.0,0.3160521658533508,0.013757315758166,0.0141459021402456,0.0163004213633916,1.2345629058380092,0.3421960729433981,0.00711,0.0799553446794521,-1.2429250145076491,0.0,1.4249918710321523e-05,0.9995868374800186,0.00039891260127110074,0.003694285036316719,0.96133125372672,1
2011-07-08,1.47,0.0016933944007,0.0008860456667936,-0.0145576095871201,-0.1380000000000001,0.9801358029220276,70.0,0.0248413237299129,0.0362871598222107,0.0048543689320388,0.0023186780419852,0.038965354716952,5.916469841435506,0.0019094650451814,0.0146766138427689,-0.5205669578263187,59.0,-0.0447523918496594,0.1108328857849985,8.294540173014429,0.0099999999999999,0.264292306192915,0.0198906638720439,0.0141459021402456,-0.0017838019059147,1.3684939073360447,0.3422670294624342,0.0121899999999999,0.0673874723411112,0.4914427341610962,0.0,0.01006504514140158,0.989922809457102,1.2145401496440403e-05,0.056449702270485784,0.9615018819934741,1
2011-07-15,1.36,0.0027772522449542,0.0008860456667936,-0.013436654174463,-0.1380000000000001,0.9958574327140094,70.0,0.0248413237299129,0.0362871598222107,0.0048543689320388,0.0023186780419852,0.038965354716952,5.803049596150727,0.0019094650451814,0.015954222554033,-0.5205669578263187,59.0,0.0059747621353947,0.1048723714126667,8.164688712975497,-0.0099999999999999,0.2793052904996524,0.022124495810738,0.0141459021402456,-0.0064520128093056,1.6932762902144145,0.3424163867289031,0.02254,0.0523552426078206,2.090458007048734,0.0,0.002825832098752153,0.9971274925424349,4.667535881278764e-05,0.019918512365985085,0.9613790760548755,1
2011-07-22,1.39,-0.0023533098870981,0.0008860456667936,0.0128846638164602,-0.1380000000000001,1.009196404468014,70.0,0.0248413237299129,0.0362871598222107,0.0048543689320388,0.0023186780419852,0.038965354716952,5.686285796004861,0.0019094650451814,0.0139351473911424,-0.5205669578263187,59.0,-0.0395195980075285,0.1036391404276081,8.000942629231892,0.03,0.264497322129001,0.0216475779469655,0.0141459021402456,0.0047210292293921,1.9095492259234392,0.3425450394801002,0.0343299999999999,0.0450198368970604,2.100913319158866,0.0,0.0006187610188976896,0.9993607278886083,2.0511092493815037e-05,0.005431752994912589,0.9613416490406417,1
2011-07-29,1.43,-0.0026904180369804,0.0,0.0301327632294237,-0.1380000000000001,1.0202461769925408,70.0,0.0248413237299129,0.0362871598222107,-0.0235849056603774,0.0,0.0385694607919934,5.565968020030341,0.0017420122035772,0.0169103014177067,-0.3535533905932745,59.0,-0.1580336990118147,0.1351189951751601,7.80116787482247,0.05,0.2121596028810606,0.0219933850765934,0.008338523363049,-0.0027756247550332,1.9513027143462969,0.3439055694867519,0.04887,0.0468851179551295,1.9549034644679504,0.0,1.4756522948922806e-08,0.9993502250605811,0.0006497601828955527,0.0054183595660544336,0.9613309184834771,1
2011-08-05,1.46,0.0012707886921807,0.0027575889023645,0.005316636080279,-0.2180000000000002,1.0311962595100663,71.0,0.0279929434994417,0.0377120817911977,0.0172955974842767,0.0028594517312114,0.0541017287937993,5.515990740216516,0.0027466037200833,0.0183214428592758,1.9265047073378925,25.0,-0.1177524114595487,0.1866576315840678,7.584491400477843,-0.09,0.0765799323281188,0.0211076844534608,0.0179975779609969,0.0640284068732826,1.9033505462276208,0.349520895958941,0.0637099999999999,0.0616441400292998,1.7764410514907778,1.0,2.6695381125714916e-15,0.9931573371632748,0.006842662836723094,0.040926987089187586,0.9613286029150858,1
2011-08-12,1.34,0.0018163967473663,0.0027575889023645,-0.0096478229179475,-0.2180000000000002,1.0395384290173977,71.0,0.0279929434994417,0.0377120817911977,0.0172955974842767,0.0028594517312114,0.0541017287937993,5.437335320229563,0.0027466037200833,0.0198721281266232,-0.5314875390833126,25.0,-0.0619223940926839,0.300757971037942,7.33881599518357,0.01,0.1325109158329722,0.0264616359289882,0.0179975779609969,0.1517075604547343,1.8039509420854352,0.3642122017498789,0.07135,0.0886002257330739,1.4886745996943025,1.0,1.6690532951305645e-69,1.3481341059689264e-12,0.9999999999986517,6.582688127369281e-11,0.9609572947778962,2
2011-08-19,1.24,-0.0050539213757861,0.0027575889023645,0.0102091450106084,-0.2180000000000002,1.0453351237747224,71.0,0.0279929434994417,0.0377120817911977,0.0172955974842767,0.0028594517312114,0.0541017287937993,5.328731989449759,0.0027466037200833,0.0225734123324879,-0.5314875390833126,25.0,-0.0429924802886272,0.3993119081620316,7.06111545245379,0.0,0.1197931277080275,0.0252998143841535,0.0179975779609969,0.0214669627545211,1.650591712443877,0.3847501686909544,0.0631799999999999,0.1048042392815291,0.913226687760625,1.0,1.4067043354682227e-54,0.0002261517426199965,0.99977384825738,0.002124512754317478,0.960957379328429,2
2011-08-26,1.27,0.0005343072865238,0.0027575889023645,-0.0125730388995797,-0.2180000000000002,1.0486285578826369,71.0,0.0279929434994417,0.0377120817911977,0.0418679549114331,0.0028594517312114,0.0438472807800135,5.188300447975439,0.0023868851309231,0.0245636876005042,-0.3535533905932742,25.0,0.0766913091302232,0.3801503461977759,6.747436807342535,-0.01,0.1356924946933231,0.0295421750172287,0.0148025574161435,0.0216310003980922,1.5225854111380832,0.3994022683282196,0.0582,0.0917196816389535,0.5306242736063206,0.0,3.239714468390502e-51,1.5734243554125365e-09,0.9999999984265759,3.349438481633213e-08,0.9609572947784843,2
2011-09-02,1.25,-0.0019391956377365,0.0015184621156945,-0.0450055541609422,-0.239,1.051781735917309,100.0,0.024123837996766,0.0386835684104029,-0.0177133655394524,0.0011334354605909,0.0525916089855816,4.850376670543688,0.0024458428438375,0.0253207360532284,-0.6409187993761268,23.0,-0.0170093714422956,0.3848190669466858,6.571884674502678,0.01,0.1588471677815366,0.0299257531146516,0.0267099402419125,0.0093733785416789,1.3794973670265194,0.4217050429958248,0.0425399999999999,0.0881455776377553,-0.4837420933193267,0.0,4.609527786519373e-68,1.9520599831515703e-06,0.9999980479400171,2.761508695100861e-05,0.9609572955077057,2
2011-09-09,1.34,0.0016721048618586,0.0015184621156945,-0.0070872384570085,-0.239,1.0522685530892018,100.0,0.024123837996766,0.0386835684104029,-0.0177133655394524,0.0011334354605909,0.0525916089855816,4.459216902620464,0.0024458428438375,0.0517463477754435,-0.3027611876256237,23.0,0.00824106765353,0.3725587202039486,6.381534447172827,-0.01,0.141138016301457,0.0320689778067074,0.0267099402419125,0.0138512810414064,1.2565382952227615,0.4475856128660435,0.03181,0.0860958767883247,-1.36497846402612,1.0,1.3433726010160586e-61,1.1928334561390833e-06,0.999998807166544,1.7462129431471078e-05,0.9609572952238563,2
2011-09-16,1.25,0.0017070935333338,0.0015184621156945,-0.0648261360201508,-0.239,1.0500927177352783,100.0,0.024123837996766,0.0386835684104029,-0.0177133655394524,0.0011334354605909,0.0525916089855816,3.9992306952521295,0.0024458428438375,0.0521912246372054,-0.3027611876256237,23.0,-0.0534294591500827,0.2837975888350283,6.175017785039283,0.0,0.1941351440594507,0.0355360689993643,0.0267099402419125,-0.0210776936392858,1.129335600060266,0.4646373811130872,0.01785,0.064128776691514,-1.75441658389471,1.0,1.5090209682824875e-56,2.4460473440718722e-09,0.9999999975539531,5.0975843032873884e-08,0.9609572947788108,2
2011-09-23,1.31,-0.0020230204571963,0.0015184621156945,0.0281202263809147,-0.239,1.045237601729812,100.0,0.024123837996766,0.0386835684104029,-0.0177133655394524,0.0011334354605909,0.0525916089855816,3.4429414973023964,0.0024458428438375,0.0492840087685869,-0.3027611876256237,23.0,-0.0463798157204399,0.2268416691376333,5.950651763484178,0.0,0.0439273199658836,0.0533018239556412,0.0267099402419125,-0.108329686991256,1.013086654048522,0.4891104909917765,0.0089099999999999,0.034121631177826,-1.542331997727642,1.0,3.289909362523641e-54,3.487067814177749e-07,0.9999996512932179,5.533667493216102e-06,0.9609572949082649,2
2011-09-30,1.33,-0.0023885949316017,0.0,-0.010725392538332,-0.2400000000000001,1.0384848661343449,72.0,0.0270341125231012,0.0373918092825691,-0.0571870170015456,0.0,0.0234435043941776,3.518741033599829,0.0002924170707998,0.0450526379663207,0.3535533905933012,4.0,-0.0345009334555336,0.1362180499892067,5.858918251428674,0.01,-0.029173876310291,0.0532683488752108,0.0202186637588117,-0.0124146739828875,0.8523802243028828,0.5074002513627512,-0.0023199999999999,0.0255999441953879,-1.4399775426907169,1.0,5.542198026483599e-35,0.004594514269650711,0.9954054857303495,0.029315718510544753,0.9609590125123082,2
2011-10-07,1.48,0.0030797065229095,-0.0020626826333582,-0.0054225796758406,-0.177,1.0226722492874136,72.0,0.0341621507320617,0.035251999213574,0.0370942812982999,0.0017159182373804,0.023612024456113,3.571898870133685,0.0025123056469369,0.0451513919309069,2.4583967844792203,4.0,-0.0465626061978121,0.115263672879703,5.746793978005651,-0.01,0.0038712760784802,0.0485614744789509,0.0431628742164603,0.0038170132264865,0.5666028889573889,0.515902466023859,-0.0117,0.0424053568038787,-1.3711629938206176,1.0,9.851943919251918e-32,1.7878116833613446e-05,0.999982121883166,0.00021332036212042894,0.9609573014619223,2
2011-10-14,1.58,0.0003919990236742,-0.0020626826333582,0.0167910383269231,-0.177,1.0045351046415558,72.0,0.0341621507320617,0.035251999213574,0.0370942812982999,0.0017159182373804,0.023612024456113,3.603417181595293,0.0025123056469369,0.0480537259355049,-0.3041692999525537,4.0,0.0475247464652843,0.1422711194465562,5.613057122140417,0.01,0.0683077298677885,0.0428454366244757,0.0431628742164603,0.0049977318405439,-0.1313003795250926,0.5226254567318356,-0.0213799999999999,0.0471888303969892,-1.341544474222542,1.0,8.394254626492758e-45,1.0474798425972915e-05,0.9999895252015741,0.00013058444890598446,0.9609572986940709,2
2011-10-21,1.56,-0.0029474046270617,-0.0020626826333582,-0.0550511545329313,-0.177,0.9839448959032208,72.0,0.0341621507320617,0.035251999213574,0.0370942812982999,0.0017159182373804,0.023612024456113,3.6138621999186418,0.0025123056469369,0.04875883192265,-0.3041692999525537,4.0,0.0891356331948782,0.147139389695638,5.456118654247889,0.0,0.0698983830802093,0.0427337263541817,0.0431628742164603,-0.0177144233052026,-1.2632936367571137,0.529973782043149,-0.01804,0.0522186337836979,-1.0219436266830562,1.0,2.6274567806148637e-43,0.000541514724807872,0.9994584852751919,0.004614176326265958,0.9609574972320448,2
2011-10-28,1.48,-0.0023506603234481,-0.0020626826333582,-0.0175684175896518,-0.177,0.960743917291654,72.0,0.0341621507320617,0.035251999213574,0.1,0.0017159182373804,0.0077246959289285,3.6034171815953,0.0024538056198203,0.0489436601484215,-0.3535533905932741,4.0,-0.0284794468783582,0.1794386086819639,5.2739077128921785,-0.01,0.1460149741506595,0.0476098680710643,0.0353553390593274,0.0185882687449092,-1.6841918512572056,0.5349570400423072,-0.01401,0.0513913555816715,-0.6797375282887671,0.0,1.0241888683544459e-53,1.274268603274827e-06,0.9999987257313966,1.8570119263994517e-05,0.9609572952543018,2
2011-11-04,1.57,-0.008311179909231,-0.0008435613304419,0.0306047257079482,-0.056,0.9321468321753846,65.0,0.0331741957876878,0.0339437759080085,0.1573770491803279,0.0017350533760696,0.0175166195819492,3.3284322944086435,0.0024583656749504,0.0221679056083106,-0.3837164514378059,-7.0,-0.0391160890148504,0.1691153452528913,5.243540880484318,0.0,0.0853195600725009,0.0478194160817241,0.0374674060611921,-0.0032135911717345,-1.3034310093330372,0.546718029077401,-0.0015699999999999,0.0427617987054084,0.2725975874734021,1.0,3.043380768245566e-35,0.002557607109182939,0.9974423928908176,0.017819880202953504,0.9609582509812046,2
2011-11-11,1.57,0.0062904982718139,-0.0008435613304419,0.0444739928465045,-0.056,0.9005246001275281,65.0,0.0331741957876878,0.0339437759080085,0.1573770491803279,0.0017350533760696,0.0175166195819492,3.00358759844612,0.0024583656749504,0.022635851805135,-0.3484948837545371,-7.0,-0.0565938175219893,0.1703777316100202,5.209451614487009,0.0,0.1662346968299808,0.0478894734185491,0.0374674060611921,0.0020678815315814,-0.8198495209859133,0.5602852914749457,0.0072199999999999,0.0315096357136618,1.216151262540244,1.0,6.57002563588801e-29,0.0015010055777909543,0.9984989944222095,0.011258846432613096,0.9609578559534161,2
2011-11-18,1.59,-0.0028910629181212,-0.0008435613304419,-0.0041207589661375,-0.056,0.8655457184422043,65.0,0.0331741957876878,0.0339437759080085,0.1573770491803279,0.0017350533760696,0.0175166195819492,2.6103344907975,0.0024583656749504,0.0200277127748738,-0.3484948837545371,-7.0,-0.2036503464455534,0.1423213165441555,5.171566304246399,0.0,0.1950681034126915,0.0329910092408651,0.0374674060611921,-0.0153116613788721,-0.2141199294934159,0.5744655526588007,0.01237,0.0297609523648842,1.53413524560874,1.0,2.880961100713231e-30,0.0028771771590516576,0.9971228228409483,0.019707241229848446,0.9609583704577013,2
2011-11-25,1.6,-0.0033889254605915,-0.0008435613304419,0.0372188578371974,-0.056,0.8267842660397974,65.0,0.0331741957876878,0.0339437759080085,0.1573770491803279,0.0017350533760696,0.0175166195819492,2.1107782013716,0.0024583656749504,0.020489848611538,-0.3484948837545371,-7.0,-0.1948170220127708,0.1327457290139051,5.129800845248928,0.01,0.1553246678011777,0.0341820775707926,0.0374674060611921,-0.0048338345402925,0.6213116934410127,0.5890146628069088,0.0127199999999999,0.0287538817246712,1.2312996854677234,1.0,1.3954132571197883e-32,0.00019399276428136813,0.9998060072357194,0.00185216392666116,0.9609573673052688,2
2011-12-02,1.62,-0.0027445268924656,-0.0024665163771382,-0.0111857281307209,-0.1130000000000001,0.7978065737761352,68.0,0.0285913446706669,0.0296241884487109,0.0387481371087927,0.002230067122376,0.0360936225203759,2.262741699797156,0.0018806744719781,0.0205384478476592,2.474552523842249,-24.0,-0.175902476549019,0.1358570677482311,5.217299220994396,0.0,0.1319654257302971,0.0359280221239311,0.0195999255950665,0.0208694183968807,1.1191341888136332,0.6000533850056513,0.00161,0.0276457178281973,0.3120647516970273,1.0,5.8301171930690844e-36,2.4089863722109062e-05,0.9999759101362777,0.00028025445235643347,0.9609573037842858,2
2011-12-09,1.65,0.0022940514917908,-0.0024665163771382,-0.0102869436301853,-0.1130000000000001,0.7666786266936048,68.0,0.0285913446706669,0.0296241884487109,0.0387481371087927,0.002230067122376,0.0360936225203759,2.3948663042820466,0.0018806744719781,0.0179373567724631,-0.3469302663334065,-24.0,-0.2490377972000794,0.1247569064793223,5.29986908970639,-0.01,0.1323613466841509,0.0361586109599011,0.0195999255950665,-0.0196861045315477,0.7797732906317295,0.6067594363293327,-0.00619,0.0316227766009012,-0.4737399419407581,1.0,5.483900095436106e-29,0.02630525638778566,0.9736947436122145,0.12165436643192093,0.9609671294288442,2
2011-12-16,1.75,0.0289989226044256,-0.0024665163771382,-0.0232165099445957,-0.1130000000000001,0.7331265818234219,68.0,0.0285913446706669,0.0296241884487109,0.0387481371087927,0.002230067122376,0.0360936225203759,2.510286529768944,0.0018806744719781,0.0172887020557272,-0.3469302663334065,-24.0,-0.2309394724065382,0.1346357519914027,5.377737473308468,-0.01,0.0625994358824428,0.0432404204329018,0.0195999255950665,-0.0258642982635882,-0.2280758757358243,0.6180059343094193,-0.0137699999999999,0.0276457178281941,-1.272402685815108,1.0,1.9299985628624185e-26,0.061233509341623825,0.9387664906583757,0.2303481638181516,0.960980187928292,2
2011-12-23,1.83,0.0046846016245372,-0.0024665163771382,-0.0234761554572079,-0.1130000000000001,0.6968003546227027,68.0,0.0285913446706669,0.0296241884487109,0.0387481371087927,0.002230067122376,0.0360936225203759,2.6112184011419832,0.0018806744719781,0.0117309646869274,-0.3469302663334065,-24.0,-0.2373255100744253,0.0659003576838701,5.451105855951751,0.01,0.0892798380310675,0.0332554383108417,0.0195999255950665,-0.0087815738005488,-1.6306813653992245,0.6217833969801788,-0.02434,0.0276457178281941,-1.7637404017794391,1.0,7.913166599623402e-20,0.10280074592595806,0.897199254074042,0.3311936190258493,0.9609957285205095,2
2011-12-30,1.83,0.0034326845753809,0.0,0.0356523212017598,-0.1039999999999999,0.657240111608749,68.0,0.0285913446706669,0.0296241884487109,-0.0127478753541075,0.0,0.0344117899792511,2.6867194752081023,0.0018760570531175,0.009363868510356,-0.3535533905932744,-23.0,-0.3214529081382189,0.07629828681847,5.451105855951751,0.01,0.0815277391284672,0.0329579841489045,0.0045070545543054,-0.0084850823610249,-2.061193745940354,0.6299428976492016,-0.03401,0.0244584195250785,-1.6431048282292622,1.0,5.679054760427785e-21,0.6413842484191791,0.3586157515808212,0.6526175872758687,0.9611970867842495,1
2012-01-06,1.91,-0.0028727707063509,0.0044001914282676,-0.0015013253593259,-0.1159999999999999,0.6212013510362605,78.0,0.0369100163241029,0.0292521671215084,0.0084985835694051,0.0020755920054529,0.0399495852717643,3.0503467646509246,0.002614549062229,0.0092178805392117,1.7423471434167983,-35.0,-0.3075531244264636,0.0733752585783078,5.56908483346717,0.0,0.1536975913542657,0.0351583484714063,0.0093810810638291,-0.0107330985182631,-1.954674926000456,0.6338707729993358,-0.0412299999999999,0.0237546987822659,-1.4512504933408374,1.0,3.75575267901199e-16,0.9820330975889108,0.01796690241108873,0.0900175270333011,0.9613244439359188,1
2012-01-13,1.93,-0.0063543441401739,0.0044001914282676,-0.0336419135549185,-0.1159999999999999,0.581855763983303,78.0,0.0369100163241029,0.0292521671215084,0.0084985835694051,0.0020755920054529,0.0399495852717643,3.3585711247494814,0.002614549062229,0.0095082556743462,-0.5388387667726661,-35.0,-0.4040178426503376,0.0811414109529381,5.683554376172459,0.0099999999999999,0.0782171286989834,0.0344511914477609,0.0093810810638291,-0.0641283080111543,-1.8057501457751683,0.6386383752633451,-0.0461199999999999,0.0203100960103688,-1.2914886852639649,1.0,7.377886755784236e-11,0.9997086677495345,0.00029133217668649204,0.00266304031057233,0.9613310522386063,1
2012-01-20,1.92,0.006993086591962,0.0044001914282676,0.0030208624447882,-0.1159999999999999,0.5384789679842977,78.0,0.0369100163241029,0.0292521671215084,0.0084985835694051,0.0020755920054529,0.0399495852717643,3.6255503560999394,0.002614549062229,0.0125673163305432,-0.5388387667726661,-35.0,-0.505278736284891,0.0829371534873028,5.794722465006985,0.02,0.1049264775006066,0.0349180942181756,0.0093810810638291,0.000563711652707,-1.6708377661205076,0.6366532912606615,-0.0458699999999999,0.0172688820039009,-1.0596202698306745,1.0,7.374859534513083e-13,0.9996500600320839,0.0003499399671784173,0.003134613162479738,0.9613310303258848,1
2012-01-27,1.93,4.178907955432187e-05,0.0044001914282676,-0.0079368581613042,-0.1159999999999999,0.4900015562952823,78.0,0.0369100163241029,0.0292521671215084,0.0215208034433285,0.0020755920054529,0.0257957409445735,3.859852528071839,0.0021086887585237,0.0143305162677267,-0.3535533905932742,-35.0,-0.3805227847202092,0.0822452777628647,5.902775633631742,0.0099999999999999,0.1143944665281866,0.035629471891621,0.0076087530256803,-0.0301993934151277,-1.5443863625818384,0.6378167890627277,-0.0415099999999999,0.0199999999987581,-0.647957159959801,1.0,3.6689377517924085e-12,0.9993864122056321,0.0006135877906989465,0.005151609774751651,0.9613309317568779,1
2012-02-03,1.99,0.0018502883154738,0.0044029735512762,0.0344081425131423,-0.0609999999999999,0.4651759631384783,72.0,0.0443914844990129,0.028710987804382,0.0588235294117647,0.0006889681714257,0.0256319565686671,3.9301595191741097,0.0022481463069157,0.0145850581464148,0.9199450379320316,7.0,-0.42018559033492,0.0665340943749206,5.766804416876379,0.02,0.0989553822238447,0.0347912292409022,0.0140182503125115,-0.0334673552919184,-1.4127723901205786,0.628082954383224,-0.03254,0.0184681192470096,0.2108914083313308,1.0,2.036648806227861e-08,0.9998636479076056,0.00013633172590652752,0.0013501130229475451,0.961331110532273,1
2012-02-10,1.88,0.0011377983942957,0.0044029735512762,0.0139826330701587,-0.0609999999999999,0.4384474823890141,72.0,0.0443914844990129,0.028710987804382,0.0588235294117647,0.0006889681714257,0.0256319565686671,3.997691641627638,0.0022481463069157,0.0133903117342325,-0.510416928009851,7.0,-0.3664961780770889,0.0654107898482853,5.623258906006646,0.0099999999999999,0.1529562521362395,0.0211378027596067,0.0140182503125115,-0.0094865415781711,-1.290104277020098,0.6179659074294719,-0.0238099999999999,0.0199999999987596,1.3856273371434935,1.0,5.5775303033890234e-08,0.9995297633249132,0.00047018089978408264,0.004073768507954635,0.9613309863179031,1
2012-02-17,2.04,0.0032845275802306,0.0044029735512762,0.0175256461412944,-0.0609999999999999,0.4094436219629759,72.0,0.0443914844990129,0.028710987804382,0.0588235294117647,0.0006889681714257,0.0256319565686671,4.062587277169119,0.0022481463069157,0.013379788248061,-0.510416928009851,7.0,-0.3075335228461716,0.0509901951359784,5.471543000418715,0.0,0.1976798320046207,0.0213516441137794,0.0140182503125115,-0.0062233771972712,-1.174456101354748,0.6066989967849643,-0.0156499999999999,0.0223207142731742,1.7859329344779078,1.0,1.2539876520101953e-05,0.9998787788386312,0.0001086812848487959,0.0012546903163694048,0.961331333228362,1
2012-02-24,2.17,-0.0017291303665586,0.0044029735512762,0.006977081496895,-0.0609999999999999,0.3776404784189552,72.0,0.0443914844990129,0.028710987804382,0.0588235294117647,0.0006889681714257,0.0256319565686671,4.124970862368076,0.0022481463069157,0.0155020921237967,-0.510416928009851,7.0,-0.3632959102493673,0.0501248441394599,5.310956545373803,0.01,0.1214752730209465,0.0173848405242504,0.0140182503125115,-0.001853985497361,-1.092219575926633,0.5995959864008659,-0.0120399999999999,0.0304431554579383,1.490348271337118,1.0,2.4553682394986014e-05,0.999884951401135,9.049491647002097e-05,0.001218197992820973,0.9613315438082938,1
2012-03-02,2.24,-0.0024178152510917,0.0075945586239309,0.0176424757060018,-0.009,0.3786833857920453,63.0,0.0282869254284705,0.0265139819302178,0.1320224719101124,0.0019470780673058,0.0042602116759858,4.015546710550931,0.0022887333785035,0.015820387920027,-2.155107442220778,-5.0,-0.3478603419206586,0.0458062690657016,5.051581596036928,-0.03,0.0218348862217749,0.0241710056549374,0.0332830439988058,-0.0032096636504189,-1.0602474395515893,0.5887055039979153,-0.01092,0.0310529501696094,1.1796431229451607,1.0,1.9871335129617912e-07,0.9997462316611283,0.00025356962552066634,0.002356326634419777,0.9613310697261206,1
2012-03-09,2.17,-0.0140050900256415,0.0075945586239309,-0.0015096180870797,-0.009,0.3797225228576376,63.0,0.0282869254284705,0.0265139819302178,0.1320224719101124,0.0019470780673058,0.0042602116759858,3.8995068721769,0.0022887333785035,0.0164406386330797,0.1071586695138825,-5.0,-0.4024170948269605,0.0452769256907438,4.766770031260295,0.0199999999999999,0.0616844369105811,0.0242491027568778,0.0332830439988058,0.0152711239220688,-1.0527933330433226,0.5783086002335661,-0.0081799999999999,0.0373927036420871,1.071036205036831,1.0,0.0036696092019066194,0.9962992133799206,3.1177418172679985e-05,0.024595379242210648,0.9613933941707874,1
2012-03-16,2.18,0.003055033942318,0.0075945586239309,0.0039431611341631,-0.009,0.3807579204846878,63.0,0.0282869254284705,0.0265139819302178,0.1320224719101124,0.0019470780673058,0.0042602116759858,3.7762415176999777,0.0022887333785035,0.0148910875095937,0.1071586695138825,-5.0,-0.4419386152274414,0.1166190378969277,4.451642298675365,0.0,0.0592658343905811,0.0268972224400511,0.0332830439988058,0.0092629531874406,-1.0922289845653612,0.5675224661834636,-0.00746,0.0497852531230108,0.9265855922433271,1.0,7.801403898536356e-08,0.9998856759544733,0.00011424603148794467,0.0011526233978329768,0.9613311197672013,1
2012-03-23,2.19,-0.0003158738716321,0.0075945586239309,0.0048656456430834,-0.009,0.3817896090968049,63.0,0.0282869254284705,0.0265139819302178,0.1320224719101124,0.0019470780673058,0.0042602116759858,3.6450176743268177,0.0022887333785035,0.0134118851461909,0.1071586695138825,-5.0,-0.4833068002633813,0.1372953021774777,4.099212667662196,-0.0099999999999999,0.0139468804499229,0.0214272802995373,0.0332830439988058,-0.0023805144411878,-1.0810830112643313,0.5502935936531709,-0.0036299999999999,0.0489715660936562,1.1140407242588286,1.0,0.026954662559242244,0.9730382451357199,7.0923050379695726e-06,0.12408240669448942,0.9617883690667939,1
2012-03-30,2.25,-0.0050158228832701,0.0,-0.0011361357921024,-0.009,0.3926303653289167,63.0,0.0316193352378941,0.0199461108196312,0.0921409214092141,0.0,0.0042257377361744,3.67967389859496,0.0018306018619621,0.0131280954386587,0.3535533905932743,-7.0,-0.5126089103396376,0.1456451166363115,4.049979982447009,-0.0099999999999999,-0.0455809309529207,0.0214673183127441,0.032576735176616,-0.0005726595443572,-0.8898306906837967,0.5315982333959154,0.0020799999999999,0.03833592123706,1.5460754420353269,1.0,0.031149526513745557,0.9688384511382067,1.2022348047816307e-05,0.13886344680764082,0.9618595213736901,1
2012-04-06,2.38,-0.0043983312816588,0.0030210295040804,-0.0082142854863533,-0.124,0.4167828764933957,53.0,0.0390402975636337,0.0230273981129893,-0.008130081300813,0.0018688889083413,0.0041949486727746,3.742479638709459,0.0033391073396201,0.0147221136562948,2.078859591932607,-11.0,-0.4830487394612907,0.1344565782272335,4.064849506229831,0.0,-0.0840500335134628,0.0225704973113115,0.0491633888738796,0.0068678810948814,-0.3427642580676122,0.5068722294756444,0.0075799999999999,0.0329501788411773,1.7651289728395634,1.0,0.007106544152777596,0.9928354423567027,5.8013490519884105e-05,0.042858963304856244,0.9614516821392243,1
2012-04-13,2.23,0.0006009468577319,0.0030210295040804,0.0181904711223288,-0.124,0.4389742639014481,53.0,0.0390402975636337,0.0230273981129893,-0.008130081300813,0.0018688889083413,0.0041949486727746,3.800607238931225,0.0033391073396201,0.0147294407715015,-0.0754612014136147,-11.0,-0.528782124550002,0.1333563968148259,4.07041157342537,0.0199999999999999,-0.0622834361021881,0.0242739673667712,0.0491633888738796,0.0275270654335373,0.9398578432132596,0.4871842869097901,0.01274,0.0365474251578075,1.6793346721075213,1.0,0.0005700797296456308,0.9993733324011311,5.658786922317269e-05,0.005438228614811706,0.9613408098106503,1
2012-04-20,2.29,0.0028843470982142,0.0030210295040804,-0.00617645526168,-0.124,0.4594887577160578,53.0,0.0390402975636337,0.0230273981129893,-0.008130081300813,0.0018688889083413,0.0041949486727746,3.8542683631768138,0.0033391073396201,0.011684958402628,-0.0754612014136147,-11.0,-0.5632366347532353,0.1289241194324526,4.0667043738826605,-0.0099999999999999,-0.0822869159180125,0.0200412214389782,0.0491633888738796,-0.0039373859148904,1.936703308617928,0.4659293895843743,0.0156399999999999,0.0381725406161822,1.4494196728630135,0.0,0.0006332021344658503,0.9993500844195824,1.671344595180309e-05,0.005496897463390308,0.9613418954136436,1
2012-04-27,2.45,-0.0030982761079058,0.0030210295040804,-0.0126798896122096,-0.124,0.4785420654832683,53.0,0.0390402975636337,0.0230273981129893,-0.0918114143920595,0.0018688889083413,0.0009279616550997,3.9036472097850505,0.0025432892755206,0.0089989861059591,-0.3535533905932741,-11.0,-0.5346955874800303,0.1361656029567532,4.053702476840202,0.0099999999999999,-0.0789958744482784,0.0178778615977402,0.0324602368534767,-0.0017101642900811,1.968422033513262,0.4470564023114967,0.02098,0.0416619044891791,1.455487859405561,0.0,0.00039779711046264416,0.999587789855955,1.4413033582377074e-05,0.0036873724099185557,0.9613379032849815,1
2012-05-04,2.25,-0.000795727005286,-0.0011734793663211,-0.0075642126310608,-0.216,0.5223649176584626,72.0,0.0401851141785956,0.0170425377493759,-0.0124069478908188,0.0013935912278018,0.0133193580113323,3.874968982506274,0.0025576581788971,0.009766439356184,0.4384364650390531,-3.0,-0.4618654139267296,0.1498332406377329,3.9070555353438174,-0.0199999999999999,0.0134801147816416,0.0180013428610047,0.047915460049994,0.0092254190647037,1.855602641671836,0.4323027540874457,0.02599,0.0444007721935067,1.4228030590806529,0.0,7.10868432628943e-07,0.9999358442525277,6.344487903952171e-05,0.0006874335649013187,0.961331149494651,1
2012-05-11,2.15,-4.538662421271766e-05,-0.0011734793663211,-0.0002196285128012,-0.216,0.560451889253151,72.0,0.0401851141785956,0.0170425377493759,-0.0124069478908188,0.0013935912278018,0.0133193580113323,3.836063687608136,0.0025576581788971,0.0104323876005973,-0.4644247869453005,-3.0,-0.4090908682535709,0.1509730344891504,3.740195831332001,0.03,-0.035323675048282,0.0190919378677168,0.047915460049994,-0.0059723518666582,1.7722994371740042,0.4172312313963637,0.0313899999999999,0.0388219378328003,1.4518323755436635,1.0,9.191742176493577e-06,0.999924142175633,6.666608219053007e-05,0.0008235021289656961,0.9613312921446863,1
2012-05-18,2.07,-0.0045968262835396,-0.0011734793663211,-0.0163431663383078,-0.216,0.5939075242310662,72.0,0.0401851141785956,0.0170425377493759,-0.0124069478908188,0.0013935912278018,0.0133193580113323,3.786616106560404,0.0025576581788971,0.0108309786365061,-0.4644247869453005,-3.0,-0.3517730282191778,0.160267633306665,3.55027456291734,-0.02,-0.0805105505962912,0.0191617177842885,0.047915460049994,0.0038744400465544,1.6870306754106814,0.4041420161661084,0.03318,0.0279987244598652,1.2962337316310086,1.0,1.948173153233493e-14,0.7150940295521445,0.28490597044783555,0.5975273351532029,0.961224644393201,1
2012-05-25,2.03,0.0029852850805196,-0.0011734793663211,0.0140941235938702,-0.216,0.6234778173382569,72.0,0.0401851141785956,0.0170425377493759,-0.0124069478908188,0.0013935912278018,0.0133193580113323,3.726206567625652,0.0025576581788971,0.0103530480304375,-0.4644247869453005,-3.0,-0.4316069042387951,0.1328533025558855,3.333352186975549,0.0099999999999999,-0.096729258194375,0.0189732269342725,0.047915460049994,-0.0140511661321346,1.547756213595542,0.391327361773281,0.0265199999999999,0.0237546987822736,0.5218663996156638,1.0,8.22435035069697e-09,0.9758666554800465,0.02413333629560359,0.1137163505100518,0.9613221386531162,1
2012-06-01,2.03,-0.0058895014679165,-0.0014663968844504,-0.0226207745427389,-0.1819999999999999,0.6515254777741922,64.0,0.037105509068513,0.0166399376223851,0.0846994535519125,0.0017406554287509,0.0320004346871254,3.726206567625652,0.0008138664802557,0.0097240174474183,-0.2952199381164058,10.0,-0.5058423444788493,0.1795032828987664,3.349151757718762,-0.0199999999999999,-0.1695270171305863,0.0222519726550015,0.0310511254241719,0.0176278361296189,1.3929541957322813,0.387944072410301,0.0188899999999999,0.0229518128747261,-0.5838239835130314,1.0,3.069177992708614e-11,0.9888747346793788,0.011125265289930224,0.06111056266192325,0.9613270017945356,1
2012-06-08,1.99,0.0032941047345191,-0.0014663968844504,-0.0197750520466986,-0.1819999999999999,0.6764160088718952,64.0,0.037105509068513,0.0166399376223851,0.0846994535519125,0.0017406554287509,0.0320004346871254,3.726206567625652,0.0008138664802557,0.0104936802696868,-0.3631590515859484,10.0,-0.5167122052671211,0.1733236032067693,3.3630836779716207,0.0199999999999999,-0.1529862252124401,0.0215762517808116,0.0310511254241719,0.0115431968133108,1.1876045053780364,0.3768312751813336,0.00728,0.0226778683794677,-1.7717090470001196,1.0,2.3756052479391505e-13,0.993962763489066,0.006037236510696424,0.03686810051302125,0.961328904036913,1
2012-06-15,1.9,0.0059792750256133,-0.0014663968844504,-0.0366824774588516,-0.1819999999999999,0.6984870044036328,64.0,0.037105509068513,0.0166399376223851,0.0846994535519125,0.0017406554287509,0.0320004346871254,3.726206567625652,0.0008138664802557,0.010856588642157,-0.3631590515859484,10.0,-0.4295953488033647,0.1618144881382226,3.375171075492328,0.0,-0.096548792072714,0.0235828991947911,0.0310511254241719,0.0137994227749365,0.8952641720271008,0.3671189449738489,-0.00547,0.0226778683794677,-1.9380291653519368,1.0,2.9299723511253804e-10,0.9998183911596691,0.00018160854733347343,0.0017459125197248166,0.9613310932643007,1
2012-06-22,1.79,0.0006186671574177,-0.0014663968844504,0.0131508914857357,-0.1819999999999999,0.7179985257482211,64.0,0.037105509068513,0.0166399376223851,0.0846994535519125,0.0017406554287509,0.0320004346871254,3.726206567625652,0.0008138664802557,0.010260630589615,-0.3631590515859484,10.0,-0.3792858966252243,0.1357255634412144,3.385433707463995,0.0,-0.1250548603325397,0.025926768317234,0.0310511254241719,0.0090674217626137,0.4382606305659896,0.3557026801723444,-0.01534,0.0232609421245625,-1.7031918556953478,1.0,1.6146265968303814e-12,0.9998826493806455,0.00011735061774023882,0.0011794072801102223,0.9613311172832383,1
2012-06-29,2.05,-0.0025424561261732,0.0,-0.0185713636340639,-0.1819999999999999,0.733912362305751,64.0,0.0320205841328882,0.0157399456449571,-0.0025125628140703,0.0,0.027196414661021,3.726206567625652,1.9549157433285005e-05,0.0113838474829291,-0.3535533905991417,10.0,-0.3449315781242015,0.1016998384603624,3.401434796185469,0.0,-0.1051190551958632,0.0280376073263427,0.0008883251019944,0.012015723125666,-0.3576653918309511,0.3231859688127652,-0.0193399999999999,0.0266926956291587,-1.3780638267623313,1.0,3.4158656265991874e-09,0.9999799542158453,2.0042368288929778e-05,0.00023692374301970517,0.9613311537214337,1
2012-07-06,2.01,0.0008070410578209,-0.0016297858618254,0.0108303293146898,-0.1789999999999999,0.7565443398199455,72.0,0.0341867788156728,0.0140845070422535,0.0665829145728642,0.0015111726612753,0.0269214301769916,3.5796432998061825,0.0007395633149696,0.0146986300297447,2.4740266083518976,15.0,-0.3398335140892057,0.084166077319995,3.416919572731743,-0.0099999999999999,-0.1221413760160697,0.0251600576224275,0.0246330733776864,-0.0027377222919255,-1.5617166392311437,0.300500587883436,-0.02302,0.0266926956291587,-1.1875249749410908,1.0,3.8531488564588287e-10,0.9999794656945283,2.053392015662157e-05,0.00024217392616185233,0.9613311534862542,1
2012-07-13,1.98,0.0001469019051187,-0.0016297858618254,-0.0042232355765874,-0.1789999999999999,0.776127367309197,72.0,0.0341867788156728,0.0140845070422535,0.0665829145728642,0.0015111726612753,0.0269214301769916,3.4196266102964046,0.0007395633149696,0.0140735127078168,-0.364113070663745,15.0,-0.3677958490832422,0.0895624283471339,3.4318950259414085,0.02,-0.1042780708804033,0.0252844750102599,0.0246330733776864,8.991411476458322e-05,-1.8194201403926564,0.2808836519677237,-0.0236799999999999,0.0282842712465922,-0.988819370590798,1.0,4.6321685600770266e-09,0.9999874153822784,1.2579985553015284e-05,0.00015461848341862856,0.9613311565319991,1
2012-07-20,2.03,-0.0036535173303087,-0.0016297858618254,-0.0010294642983838,-0.1789999999999999,0.7928873892699592,72.0,0.0341867788156728,0.0140845070422535,0.0665829145728642,0.0015111726612753,0.0269214301769916,3.2441663620437984,0.0007395633149696,0.013371558673638,-0.364113070663745,15.0,-0.299613554878871,0.0814160391359005,3.4463677952873226,-0.01,-0.0844097333867783,0.0247517111835086,0.0246330733776864,-0.0242706327817197,-1.6680349270719863,0.2541816193708421,-0.0238099999999999,0.0354562104164213,-0.8229283342645187,1.0,2.5339276096398485e-09,0.9999744860105813,2.5511455491215858e-05,0.00029538274265968317,0.9613311516617665,1
2012-07-27,2.07,-0.0031689816573738,-0.0016297858618254,0.0036085815874149,-0.1789999999999999,0.8070003119235315,72.0,0.0341867788156728,0.0140845070422535,0.0692695214105794,0.0015111726612753,0.0043469679171302,3.0505989323663867,0.0007421029062391,0.0147674891313403,-0.3535533905932778,15.0,-0.2738238831570646,0.0730826342476682,3.4603441881486203,0.02,-0.0582027154905416,0.0230452831897867,0.0244904741594837,0.0065565918807025,-1.51723671531891,0.2312171871466676,-0.0213499999999999,0.0354562104164213,-0.5192564527904057,1.0,2.0418313211491097e-06,0.999986662410995,1.1295757683737628e-05,0.00016875980388203726,0.961331191567522,1
2012-08-03,1.82,0.0015319186007094,0.0055651581814371,-0.0022661523361297,-0.1619999999999999,0.8072414975794221,75.0,0.0228559673114325,0.0169237899755014,0.0579345088161209,0.0011436274296647,0.0112558819214178,2.8673225248547776,0.0017777284446166,0.0146067923701284,-2.253761454279108,-16.0,-0.2699822114693554,0.0696419413859712,3.437877910119603,-0.02,0.0520258335100616,0.0220478853320644,0.0252993163432233,-0.0077941836894981,-1.4404211099086304,0.2192232276230173,-0.02138,0.0374165738670796,-0.3560874491202171,1.0,2.6659572104874014e-05,0.9999686678602921,4.67256760308637e-06,0.00036947008964228437,0.9613316116149215,1
2012-08-10,1.84,0.0017757946181111,0.0055651581814371,-0.0151521420938505,-0.1619999999999999,0.8054620378440452,75.0,0.0228559673114325,0.0169237899755014,0.0579345088161209,0.0011436274296647,0.0112558819214178,2.657066051117499,0.0017777284446166,0.0137110434553168,0.1532928850915988,-16.0,-0.3177339852300275,0.0720614816865721,3.414270027254139,0.01,0.087725529797487,0.0205387889668017,0.0252993163432233,-0.0115761747443865,-1.384764844290536,0.2186592733640536,-0.0191399999999999,0.0365474251577985,0.6076286099861209,1.0,5.5017733903002564e-05,0.9999413704000204,3.6118660764440874e-06,0.0006434951640351136,0.9613320930284881,1
2012-08-17,1.7,-0.0080050949152031,0.0055651581814371,0.0079241467400636,-0.1619999999999999,0.8016484768435097,75.0,0.0228559673114325,0.0169237899755014,0.0579345088161209,0.0011436274296647,0.0112558819214178,2.412786451706745,0.0017777284446166,0.0137167254407853,0.1532928850915988,-16.0,-0.3098984615224491,0.1016647150476567,3.389496685764258,-0.01,0.1671529253941508,0.0142511349890423,0.0252993163432233,-0.0213154037120046,-1.354283787950589,0.218336211741222,-0.01817,0.0338061701884095,1.4078791726733002,1.0,0.002573501480920881,0.9974241074394524,2.391079626860292e-06,0.017947993017658797,0.9613748125271464,1
2012-08-24,1.64,-0.002702133224062,0.0055651581814371,0.0003387652066015,-0.1619999999999999,0.795771571160455,75.0,0.0228559673114325,0.0169237899755014,0.0579345088161209,0.0011436274296647,0.0112558819214178,2.122770323458247,0.0017777284446166,0.0149940188055594,0.1532928850915988,-16.0,-0.3126431171054927,0.1016647150476567,3.3635321339762845,0.01,0.1262738483363639,0.0162975883319068,0.0252993163432233,-0.0079779758245616,-1.3534351965189342,0.2175906738753017,-0.01804,0.022951812874721,1.275302761070095,1.0,0.006138933478532899,0.9938489060497738,1.216047169316183e-05,0.03753598921670539,0.9614352864697263,1
2012-08-31,1.72,-0.0045493780039431,0.0,0.0080978930693489,-0.1659999999999999,0.784722710613364,71.0,0.0237026516842602,0.0153819709197007,-0.0106007067137808,0.0,0.0097801767798968,1.9783442960838136,0.0015128864128755,0.0091384383891939,0.3535533905932747,-11.0,-0.277117758274224,0.1021116335893843,3.264311799350678,-0.01,0.1159052009968251,0.0139544541659415,0.0037479158013424,-0.004018374650461,-1.3603587368519845,0.2221860233212655,-0.01733,0.0260494036116347,1.1856310660844551,1.0,0.02195883531361219,0.9780164478800921,2.4716806295626547e-05,0.1058540145044026,0.9617036222224942,1
2012-09-07,1.65,0.0033287045036167,0.0044622122676112,0.0192363294312392,-0.2089999999999999,0.7660651743103185,71.0,0.0229515704950098,0.0199128208066499,0.0954063604240282,0.0018502994792231,0.0201184397640751,1.8012815950363263,0.0014979943470403,0.0089310961312211,-0.0714911276074371,-11.0,-0.3149425420353577,0.0950093980314189,3.1543381509341857,0.02,0.105226966184833,0.0161794813539236,0.0385948154704424,-0.0028397397114818,-1.392087578898081,0.2245299262522647,-0.0183899999999999,0.0260494036116347,0.5849059826974917,1.0,0.0076702473711015755,0.9923226162178153,7.1364110831296024e-06,0.045089627556874276,0.9614612628110406,1
2012-09-14,1.69,0.000453197522898,0.0044622122676112,0.0153634994415222,-0.2089999999999999,0.7451609211059773,71.0,0.0229515704950098,0.0199128208066499,0.0954063604240282,0.0018502994792231,0.0201184397640751,1.5806522509593266,0.0014979943470403,0.0097383258500603,0.4182909425833727,-11.0,-0.2273562440504893,0.1095445115010634,3.0324414845908514,0.0,0.1255116078949141,0.0147844364555182,0.0385948154704424,-0.0071668129601662,-1.4255616984721102,0.2230978756999309,-0.01915,0.022951812874721,-0.0207428629152418,0.0,5.128788317069258e-07,0.9998788137540415,0.00012067336712657537,0.0012173732187930719,0.9613311247405029,1
2012-09-21,1.48,-0.0006637274708087,0.0044622122676112,-0.0017261407961641,-0.2089999999999999,0.7218147779795142,71.0,0.0229515704950098,0.0199128208066499,0.0954063604240282,0.0018502994792231,0.0201184397640751,1.2943664919125049,0.0014979943470403,0.0106783321023397,0.4182909425833727,-11.0,-0.2204809484485689,0.1026697201154163,2.897117202404154,0.0,0.1633062137096161,0.0148182945577343,0.0385948154704424,-0.0114439966644793,-1.4078849746964612,0.2236550214671985,-0.0161499999999999,0.0229518128747216,1.5175437094082016,0.0,0.06681244372386547,0.933170193132581,1.7363143553524776e-05,0.24552105269976515,0.9624644411552814,1
2012-09-28,1.5,-0.0060664721180447,0.0044622122676112,-5.336165132459802e-05,-0.2089999999999999,0.6957809837796798,71.0,0.0229515704950098,0.0199128208066499,0.1071428571428572,0.0018502994792231,0.0190338299108087,0.8805592628471449,0.0002593988602387,0.0115724837318654,0.3535533905933083,-11.0,-0.094380787390063,0.0983343422063184,2.9017989947156995,-0.0099999999999999,0.1640152271931667,0.0139960378342542,0.0378807204207079,0.0109590406594061,-1.3512946089788316,0.2261830803178329,-0.0130599999999999,0.0244948974268215,2.166304188836849,0.0,0.5403826817192536,0.45960614395917854,1.1174321568011392e-05,0.6900119995805784,0.9704972398005383,0
2012-10-05,1.63,0.0014459127025303,-0.0003889251405532,0.0154571922099873,-0.154,0.6784170908093234,68.0,0.0194300247869738,0.0216234359887113,0.0559523809523809,0.0015824225371652,0.0251730374922437,0.9519211344198334,0.0012910800462658,0.0110100294882503,2.4254476188376,-1.0,-0.0244182819451449,0.0957675757834298,2.9364177188556417,0.0099999999999999,0.0831524899656179,0.0142455042651181,0.043348610285463,-0.0023535290846928,-1.2905396175639745,0.2250101388700311,-0.0109799999999999,0.0244948974268215,1.873034786800811,0.0,0.40270835496747864,0.5972836114064031,8.03362611826191e-06,0.6741926831548608,0.9681619805674339,1
2012-10-12,1.66,0.001107704008386,-0.0003889251405532,0.0280300355860195,-0.154,0.6595358851072912,68.0,0.0194300247869738,0.0216234359887113,0.0559523809523809,0.0015824225371652,0.0251730374922437,1.0167822548842276,0.0012910800462658,0.0116677999327092,-0.2653101241477884,-1.0,-0.0248447220965279,0.0873007936472233,2.968601399393013,0.0,0.0582949006992146,0.0158739101260766,0.043348610285463,0.0040413340496816,-1.196483143026941,0.2201188318860336,-0.00695,0.0218762754718875,1.8735190995056537,0.0,0.1826894917570574,0.8172126212840994,9.788695884286243e-05,0.47642907863337003,0.9644299415072041,1
2012-10-19,1.74,0.0125539590478525,-0.0003889251405532,-0.021503638450476,-0.154,0.639002880522174,68.0,0.0194300247869738,0.0216234359887113,0.0559523809523809,0.0015824225371652,0.0251730374922437,1.076318511623229,0.0012910800462658,0.0106005962236409,-0.2653101241477884,-1.0,-0.0033066535340446,0.0917975256436258,2.998428447093477,-0.0099999999999999,0.0303203830619414,0.0162564801611411,0.043348610285463,0.0012848330542906,-1.092659556861018,0.2144763696126322,-0.0041299999999999,0.0256347977775009,1.6513072465623695,0.0,6.116503449719752e-06,0.9991744002767367,0.0008194832198140645,0.006722617878966405,0.9613309585288342,1
2012-10-26,1.93,-0.002092085481854,-0.0003889251405532,-0.0180500943584824,-0.154,0.6166530968188835,68.0,0.0194300247869738,0.0216234359887113,0.0559523809523809,0.0015824225371652,0.0251730374922437,1.1313708498990542,0.0012910800462658,0.0112382549987038,-0.2653101241477884,-1.0,-0.1333163367165512,0.0739570338585125,3.025968550925984,0.0199999999999999,-0.0754393585356795,0.0165401657805526,0.043348610285463,-0.0060860852462337,-0.9280453707377774,0.2038870942695876,0.0001499999999999,0.0232992948993691,1.6124927795739714,1.0,0.1503788388936214,0.8495728795246438,4.828158173475514e-05,0.42388591632461076,0.963881900075892,1
2012-11-02,1.93,-0.006274982717134,-0.0047380866948819,-0.0049078847265488,-0.133,0.6014667921782387,59.0,0.0232575366333327,0.0176413384608584,-0.0139784946236559,0.0013245377103678,0.0193595750992105,1.3767296813049177,0.0016537766993877,0.0110980638944403,1.677943636548571,-6.0,-0.0605339920736378,0.0668553876448944,3.051098261826356,-0.03,-0.0997241811250274,0.0134128409134623,0.0215885976272035,0.0085220484690897,-0.7503406919437995,0.2022378570634224,0.0012299999999999,0.0219983765623566,1.321398023961068,1.0,0.5520423842637758,0.4479380560849087,1.9559651315273182e-05,0.6879364560356511,0.9706950109518304,0
2012-11-09,1.88,0.0027111684626002,-0.0047380866948819,-0.0067628410224241,-0.133,0.5841740046845981,59.0,0.0232575366333327,0.0176413384608584,-0.0139784946236559,0.0013245377103678,0.0193595750992105,1.5689290811058996,0.0016537766993877,0.0077095636752971,-0.5397971566386968,-6.0,-0.0226004707436331,0.0616441400297419,3.0660772271089063,0.0,-0.1305182184843145,0.0175221629487391,0.0215885976272035,0.0228291732716272,-0.5085007455799642,0.2029781099582286,0.0018,0.0219983765623566,1.132523580868119,1.0,0.37930113147053324,0.6205750572510703,0.00012381127839667926,0.6648996114971464,0.967764899115492,1
2012-11-16,1.64,0.016409900978207,-0.0047380866948819,0.0018677014510741,-0.133,0.5645812065456127,59.0,0.0232575366333327,0.0176413384608584,-0.0139784946236559,0.0013245377103678,0.0193595750992105,1.7258219892164122,0.0016537766993877,0.0075255837540897,-0.5397971566386968,-6.0,0.1429432989423877,0.0681909084849771,3.0710539801542387,-0.03,-0.1102556728199951,0.0174763278082135,0.0215885976272035,0.000367923009499,-0.2734401291349492,0.2046130881374575,0.00048,0.0250713268201357,0.7570990444355475,1.0,0.7066596999764266,0.2933322236419593,8.076381614014615e-06,0.6052083797619288,0.9733176661356332,0
2012-11-23,1.64,-0.0021141759266853,-0.0047380866948819,-0.0077348804194922,-0.133,0.5424392271941232,59.0,0.0232575366333327,0.0176413384608584,-0.0139784946236559,0.0013245377103678,0.0193595750992105,1.8563819235693972,0.0016537766993877,0.0099751409651163,-0.5397971566386968,-6.0,0.1013551558353487,0.0649037749287858,3.0660772271089103,0.04,-0.0877337827662086,0.0197464162924446,0.0215885976272035,0.0161473820232603,-0.8096162346589175,0.2044264130954796,-0.00372,0.019820624178059,-0.2108491453001449,1.0,0.624600295347501,0.37538776635003396,1.1938302464868191e-05,0.6619026478649219,0.9719257560970791,0
2012-11-30,1.76,-0.0068958167096864,0.0,0.0101456321811528,-0.076,0.5339425002729626,61.0,0.0178564942282404,0.0201575738239569,0.0338218714768883,0.0,0.0004280307392154,1.853479057174909,0.001296709403246,0.0090249132692434,-0.3535533905932752,-23.0,-0.0064174110483857,0.0675991335532446,3.0712995367835987,-0.02,-0.1193541554242796,0.0209865613146988,0.0119578373368638,-0.003337785672979,-2.0808701441377364,0.2038505648517805,-0.0056599999999999,0.0220389265996548,-1.0468053027705766,1.0,0.9010504330419589,0.09894811116704878,1.4557909924231625e-06,0.32278644095928655,0.9766149644334273,0
2012-12-07,1.64,0.0029617424935872,-0.0026930644902072,0.0066700976468172,-0.008,0.524606111571259,61.0,0.020268355938483,0.0174102236874755,0.060879368658399,0.0017075173993861,0.041959576466625,1.849740106485189,0.0014397638157802,0.009235384829545,1.1216423839489518,-23.0,0.0705457377700322,0.0694365074829887,3.076390413924322,0.0099999999999999,-0.1356000690106761,0.0207991129036069,0.0140356471566563,-0.0139367998888813,-2.164363382502984,0.2020971310462301,-0.0084899999999999,0.0237546987822698,-1.6565852600865585,1.0,0.9899589652350672,0.010040851881038565,1.828838942503878e-07,0.05619218784582985,0.9781230498224723,0
2012-12-14,1.58,0.0200898172499053,-0.0026930644902072,-0.0081585292223615,-0.008,0.5140073017360688,61.0,0.020268355938483,0.0174102236874755,0.060879368658399,0.0017075173993861,0.041959576466625,1.8451599888943957,0.0014397638157802,0.0105232323219483,-0.5241482873601226,-23.0,0.0598016604515436,0.0674933859193901,3.081350509972989,-0.0499999999999999,-0.07270389726412,0.0197637390985119,0.0140356471566563,-0.001322138200189,-2.0339484389869136,0.2023320859417792,-0.0113799999999999,0.0232992948993678,-1.6571759505072987,1.0,0.9894777769239023,0.010521353210327633,8.698657700544497e-07,0.05839671686900916,0.9781148875499686,0
2012-12-21,1.68,0.0010184213954189,-0.0026930644902072,0.0208199342687048,-0.008,0.5020661265391005,61.0,0.020268355938483,0.0174102236874755,0.060879368658399,0.0017075173993861,0.041959576466625,1.839732422015976,0.0014397638157802,0.0100351474401836,-0.5241482873601226,-23.0,0.1082209005499783,0.0764852927039345,3.0861804555021037,0.0199999999999999,-0.1105537380550569,0.0209578556336511,0.0140356471566563,-0.0171519210521799,-1.8613397011732655,0.1998848650500117,-0.01238,0.0185164019941145,-1.345961066684648,1.0,0.9616118623152611,0.03837909700601222,9.040678726799767e-06,0.16287185198301937,0.9776422170877213,0
2012-12-28,1.59,-0.0044280743543918,-0.0026930644902072,-0.0131717758802737,-0.008,0.4886841923347452,61.0,0.020268355938483,0.0174102236874755,0.0261723009814613,0.0017075173993861,0.0418962905418873,1.8334498797457897,0.0008377623860865,0.0095804407568012,-0.3535533905932771,-23.0,0.1605888276689977,0.0858570240075619,3.090880860648396,-0.0499999999999999,-0.0812506185421688,0.0196821354867449,0.0092533057516234,-0.0019948708108334,-1.6943600455762302,0.1997187879707865,-0.0120599999999999,0.0172688820039045,-1.0066153097768495,1.0,0.8885975739344775,0.11131701964343606,8.540642208671623e-05,0.3501354741626914,0.9764037050751438,0
2013-01-04,1.71,0.003401437760121,0.002957304192926,-0.0044219843486569,-0.005,0.4773618350006596,64.0,0.0144679042378248,0.0159486466812255,0.0250817884405669,0.0021749919085123,0.0427387421291226,2.1894853627845,0.0008298265160671,0.0106854232651332,-0.0984469619353234,-23.0,0.0734813527007287,0.1164658135003227,3.197555155796469,0.06,-0.0833989899991527,0.0137750194580593,0.0093144063227917,0.0169269650090818,-1.625284278317033,0.198943665901066,-0.01448,0.0172688820039045,-1.1760996943326385,1.0,0.14292370435273935,0.8569585963448834,0.00011769930237781174,0.4113999710591132,0.9637554185888175,1
2013-01-11,1.69,0.0039555201942691,0.002957304192926,0.0038872904531277,-0.005,0.4643292849053341,64.0,0.0144679042378248,0.0159486466812255,0.0250817884405669,0.0021749919085123,0.0427387421291226,2.4648295306949857,0.0008298265160671,0.0115006259836434,-0.393861318026235,-23.0,0.2460673436920697,0.1178376607274614,3.299755464224865,0.0,-0.0520769964394611,0.0144322141155875,0.0093144063227917,-0.0049242579891736,-1.5283525633327706,0.198943665901066,-0.01266,0.0155264750836096,-0.6782682924182045,1.0,0.9706721236457632,0.0293276162306398,2.6012359711800503e-07,0.13240126732382204,0.9777959023972133,0
2013-01-18,1.76,0.0119792619867737,0.002957304192926,0.0183468184914362,-0.005,0.4494377929751437,64.0,0.0144679042378248,0.0159486466812255,0.0250817884405669,0.0021749919085123,0.0427387421291226,2.684428029609906,0.0008298265160671,0.0139600408875856,-0.393861318026235,-23.0,0.521980402663857,0.1174049767745578,3.397885510532453,0.0099999999999999,-0.0294536009835919,0.0131010865985619,0.0093144063227917,-0.0011578427378477,-1.4043693196144411,0.1959980453623592,-0.0094999999999999,0.0103509833877431,0.4737358744557219,1.0,0.9996929344069442,0.00030706168150882167,3.9115470182616995e-09,0.002790750884538601,0.9782881594878787,0
2013-01-25,1.88,0.0161565578383513,0.002957304192926,0.0037465009794596,-0.005,0.4324953829998703,64.0,0.0144679042378248,0.0159486466812255,0.0250817884405669,0.0021749919085123,0.0427387421291226,2.861145547880316,0.0008298265160671,0.014432182304189,-0.393861318026235,-23.0,0.2860343689555147,0.1123689713145551,3.4922884232798093,0.0,-0.0369626395682666,0.0121554745515824,0.0093144063227917,-0.0001740546002076,-1.282694695754867,0.1968020151892433,-0.0067399999999999,0.0124642345455974,1.670011067880476,1.0,0.9997134723858507,0.0002865216198041974,5.994345075024224e-09,0.0026239564818878306,0.9782885078565463,0
2013-02-01,1.88,-0.000993791872157,0.0081900295292687,0.0116227791452954,-0.131,0.4129294342100945,59.0,0.0159455387763707,0.0197792350974905,0.0414452709883104,0.0014640721012448,0.0181040897460815,2.8131559064238982,0.0016433954385766,0.016257844695247,2.471499866808523,6.0,0.3209283803584311,0.1034753248709474,3.3528088672264738,-0.02,-0.0007154507097738,0.0128530026768906,0.0151030782927547,-0.0057062145715465,-1.1456800096106028,0.1982605352031712,-0.00355,0.0118773493895726,1.8895162814988415,1.0,0.9997598966155054,0.0002400959792946957,7.405199989189671e-09,0.002241286359662593,0.9782892953134047,0
2013-02-08,1.88,0.002084286124524,0.0081900295292687,-0.0023566660451572,-0.131,0.3916216904641101,59.0,0.0159455387763707,0.0197792350974905,0.0414452709883104,0.0014640721012448,0.0181040897460815,2.7637766802806363,0.0016433954385766,0.0171127328674018,-0.3743811807789144,6.0,0.3209527964901548,0.0957302758498625,3.2030340066355514,0.01,-0.0298976082191786,0.012818730961859,0.0151030782927547,-0.0003772173439133,-0.998206818037881,0.1987907447066861,-0.0013199999999999,0.0092582009950558,1.6336585200213964,1.0,0.9999223618274896,7.763517263294075e-05,2.9998774396187913e-09,0.0008123937084106947,0.9782920510835822,0
2013-02-15,1.93,0.0196519042446454,0.0081900295292687,0.000579276602214,-0.131,0.3682699400316295,59.0,0.0159455387763707,0.0197792350974905,0.0414452709883104,0.0014640721012448,0.0181040897460815,2.7129319932503875,0.0016433954385766,0.0171510100030227,-0.3743811807789144,6.0,0.1747392319013294,0.0829371534873021,3.041443255086005,0.03,-0.0714838958361491,0.0159740065060643,0.0151030782927547,-0.0439298028766616,-0.902979362955675,0.1987907447066861,-0.00139,0.012464234545601,1.2088510810455106,1.0,0.9999260951951531,7.390099466765966e-05,3.810179295425832e-09,0.0007769801560372892,0.9782921144094339,0
2013-02-22,2.03,0.0068065935317032,0.0081900295292687,0.0003149892814027,-0.131,0.3424563015975424,59.0,0.0159455387763707,0.0197792350974905,0.0414452709883104,0.0014640721012448,0.0181040897460815,2.6605378287976027,0.0016433954385766,0.0172371674039088,-0.3743811807789144,6.0,0.2905882160446358,0.0615861765566099,2.866038725991946,0.03,-0.1515896866040353,0.0172849977443299,0.0151030782927547,0.0156447872561745,-0.8550953051462441,0.198614355326656,-0.0010099999999999,0.012464234545601,0.9899791649933296,1.0,0.9999186294322195,8.136101499851696e-05,9.552781881576715e-09,0.0008476889627284589,0.9782919877714716,0
2013-03-01,1.95,-0.0014700418396523,0.0026145085843749,-0.0072848945680018,-0.308,0.3299694828298577,56.0,0.0253473227206946,0.0147389621259677,-0.0042553191489361,0.0009674548198599,0.0181237253713861,2.637014629054545,0.0020223656039795,0.0172302339129983,1.453938187544397,1.0,0.3913044020766223,0.0765203054284417,2.760691543416265,-0.02,-0.1501405539012092,0.0174033199682228,0.0233786031687297,0.0221413956433332,-0.8233423379097574,0.1969376217173995,-0.00047,0.0140788595299785,0.900991490107991,1.0,0.9998513101386398,0.000148644004795988,4.585656421639517e-08,0.0014595954476423287,0.9782908458741167,0
2013-03-08,2.07,0.0058904419853749,0.0026145085843749,-0.0007714089159723,-0.265,0.3153375437856367,56.0,0.0253473227206946,0.0147389621259677,-0.0042553191489361,0.0009674548198599,0.0181237253713861,2.6126909205176525,0.0020223656039795,0.0156940225594165,-0.5380758410666586,1.0,0.5615318989507325,0.0809651600558036,2.64603633679276,-0.0099999999999999,-0.1438547891818595,0.0170122317512516,0.0233786031687297,0.0022318600711396,-1.109818678897898,0.1974470354932712,-0.00229,0.0138873014948095,0.3094788667133025,1.0,0.9964890001364042,0.00351083319097463,1.6667262160583801e-07,0.023350315135348836,0.9782338136312205,0
2013-03-15,2.12,0.0182034575986593,0.0026145085843749,0.0012456661467053,-0.265,0.2982449316738353,56.0,0.0253473227206946,0.0147389621259677,-0.0042553191489361,0.0009674548198599,0.0181237253713861,2.587544128200745,0.0020223656039795,0.0150071085767348,-0.5380758410666586,1.0,0.6646603698604059,0.0726537777997544,2.5208033386399364,-0.01,-0.1271249852486017,0.0159985282661253,0.0233786031687297,-0.0015346866342588,-1.6009785259998013,0.1861342668861488,-0.0028699999999999,0.0150594061714363,-0.2067247591668138,1.0,0.9999545658235933,4.543378293801223e-05,3.934686628534833e-10,0.0004997456288101159,0.9782925973353997,0
2013-03-22,2.04,0.0131079965982139,0.0026145085843749,-0.0195366618303905,-0.265,0.2782385268867718,56.0,0.0253473227206946,0.0147389621259677,-0.0042553191489361,0.0009674548198599,0.0181237253713861,2.5615500115242726,0.0020223656039795,0.0143678744017023,-0.5380758410666586,1.0,0.7261537939153901,0.0738241153011987,2.3833256863680803,-0.0199999999999999,-0.1231402949742159,0.0161701082741856,0.0233786031687297,-0.0048858599241189,-1.7626726740783407,0.1755589006625797,-0.003,0.0140788595299774,-0.9244056283991056,1.0,0.9999196635895274,8.032477252875823e-05,1.1637943752206467e-08,0.000837962816374728,0.9782920053122823,0
2013-03-29,2.02,-0.0014443909484833,0.0,-0.0026478470008438,-0.265,0.254632445390859,56.0,0.0253473227206946,0.0147389621259677,-0.0448979591836734,0.0,0.004556100394243,2.534682501738024,0.0014243183495382,0.0098382411420357,-0.3535533905932749,1.0,0.8927564934300316,0.0707106781186889,2.231341269559308,0.0,-0.0562026157522933,0.0154912939387251,0.0158738257001062,0.0021187221744859,-1.8283477709137903,0.1642868173989757,-0.00465,0.0145773797354161,-1.860443860261052,1.0,0.9999434502862983,5.654653467418531e-05,3.179027555619372e-09,0.0006096606826305341,0.9782924087903155,0
2013-04-05,1.85,0.0041145992075586,-0.001039639477087,0.0115231391489381,-0.171,0.2625361436183888,54.0,0.0171456311277464,0.0106308538148944,0.0326530612244897,0.0001632344476232,0.011470341343581,2.545886576723323,0.0014986445240222,0.0118333415922745,-0.839874311870908,-7.0,0.974629021715721,0.1012687372433477,2.231341269559308,0.0,-0.102700618150087,0.0155728874085717,0.0347316504314916,-0.0024828222538463,-1.8871497116834024,0.159058314813643,-0.0071499999999999,0.0160356745132022,-1.971314352378895,1.0,0.9999152287330698,8.473452673420594e-05,3.6740195895306536e-08,0.0008798664989747873,0.9782919300779448,0
2013-04-12,1.91,0.0038346324848419,-0.001039639477087,0.0005164377171375,-0.171,0.2680556653277562,54.0,0.0171456311277464,0.0106308538148944,0.0326530612244897,0.0001632344476232,0.011470341343581,2.556439832146681,0.0014986445240222,0.0119264335357522,-0.2640393246178547,-7.0,1.1312469641045833,0.108026121179778,2.231341269559308,-0.01,-0.1122240660316924,0.0190919041026411,0.0347316504314916,-0.0200305100116888,-1.903127930072506,0.1550423238086605,-0.01036,0.0164208056164508,-1.920273147461687,1.0,0.9998296084243672,0.00017038415624029386,7.419392582182842e-09,0.0016490167791944638,0.9782904777795208,0
2013-04-19,1.96,0.0208649212674292,-0.001039639477087,-0.0177857741615694,-0.171,0.2713365461389253,54.0,0.0171456311277464,0.0106308538148944,0.0326530612244897,0.0001632344476232,0.011470341343581,2.56635029685259,0.0014986445240222,0.0114933078888313,-0.2640393246178547,-7.0,1.2874934549338168,0.1159356348521747,2.231341269559308,-0.0099999999999999,-0.1459485732181236,0.0290404339882443,0.0347316504314916,0.0422240973866613,-1.7957515726840445,0.1517443819919118,-0.0106499999999999,0.014880476181189,-1.436210820862262,1.0,0.9997588234814252,0.0002410768857240118,9.963285081186009e-08,0.0022510192899332896,0.9782892770762017,0
2013-04-26,2.06,0.0071439214909128,-0.001039639477087,-0.0152346894327845,-0.171,0.2724596692629948,54.0,0.0171456311277464,0.0106308538148944,0.0811965811965811,0.0001632344476232,0.0098958964288192,2.575625390822136,0.0003051066590462,0.0107562399639891,0.3535533905932981,-7.0,0.8989020203301454,0.1256909475090379,2.231341269559308,0.0,-0.1136948467595432,0.0351400518663484,0.0287073265866333,0.002589323570289,-1.71967753774256,0.1492296710477151,-0.0121,0.0176776695282585,-1.376834961299048,1.0,0.9999099738331368,9.00144064673933e-05,1.1760395748524502e-08,0.0009287697205118839,0.9782918409525843,0
2013-05-03,1.93,-0.0004384314219431,0.0017804077735872,-0.0235342283421783,0.166,0.2760607759674671,55.0,0.0155947774390774,0.0136196505885168,0.0715811965811965,0.0007043705332601,0.040111920898002,2.553127795168714,0.0004397737907173,0.0102595635689428,1.7991687872920177,2.0,0.7731460340445824,0.1016647150476502,2.2427190726022994,0.0,-0.0292415201125452,0.0353894274614499,0.0293221133748203,0.0043514061375038,-1.5693494645154686,0.1476329066067798,-0.0096899999999999,0.0158113882992685,-0.5817095096547072,1.0,0.9997645616405252,0.00023541983187122225,1.852760355651541e-08,0.0022024707694970357,0.9782893744383657,0
2013-05-10,1.91,0.0022371317444804,0.0017804077735872,-0.0060095717152141,0.166,0.2794574664282385,55.0,0.0155947774390774,0.0136196505885168,0.0715811965811965,0.0007043705332601,0.040111920898002,2.5298221281350037,0.0004397737907173,0.0134024673105183,0.0233057066330172,2.0,0.558389791846047,0.0884792146697579,2.25253334840418,-0.01,-0.0009361941169452,0.0346724444674558,0.0293221133748203,-0.0016443157248214,-1.3480664198938526,0.148575437517539,-0.0049,0.0172688820038978,0.8695444016553433,1.0,0.9998068021524512,0.00019318576783273794,1.2079716131615394e-08,0.001845496730788836,0.978290090933077,0
2013-05-17,1.85,0.0089195290281731,0.0017804077735872,-0.0336963571722115,0.166,0.2826571101513113,55.0,0.0155947774390774,0.0136196505885168,0.0715811965811965,0.0007043705332601,0.040111920898002,2.505685841932913,0.0004397737907173,0.0139605752061993,0.0233057066330172,2.0,0.4788474383741905,0.0992741514336072,2.260804459128439,0.0,0.0496282588493008,0.0358161830801152,0.0293221133748203,-0.0016411482344694,-0.9951663479380748,0.1509562281109123,0.0022699999999999,0.0172688820038978,2.0120463665368096,0.0,0.9998728391506319,0.00012715279686206888,8.052506053948565e-09,0.001267878823128835,0.9782912110678049,0
2013-05-24,1.78,0.0132499808453048,0.0017804077735872,0.0250659244444352,0.166,0.2856663283580365,55.0,0.0155947774390774,0.0136196505885168,0.0715811965811965,0.0007043705332601,0.040111920898002,2.4806946917844725,0.0004397737907173,0.0147969955283121,0.0233057066330172,2.0,0.649922063679855,0.1268013068882846,2.267549291380538,0.0,0.03620956299171,0.0378449244236665,0.0293221133748203,-0.0005763111197636,-0.3666130418183453,0.1549874709091256,0.0094999999999999,0.0185164019941083,1.9700664752129529,0.0,0.9997213256176288,0.00027862856073935377,4.582163163807644e-08,0.002560160446893384,0.9782886410497978,0
2013-05-31,1.65,-0.0039971012556812,0.0,0.0221482965247692,0.166,0.2885816195337135,58.0,0.0155386248890352,0.0151082020934467,-0.008893280632411,0.0,0.0374840636623758,2.5056858419329147,0.0002761174335882,0.0129301622167718,-0.3535533905933039,16.0,0.7128116982137358,0.1670703444660516,2.291370130273209,0.0,0.1050101827617124,0.0385581608247066,0.0031442495210867,-0.0278575952569064,0.8932718671911949,0.1590226323099032,0.01606,0.0281577190625857,1.7466116858693042,0.0,0.99540007515541,0.004595084131932014,4.840712658159851e-06,0.029382844549608732,0.9782153413129899,0
2013-06-07,1.79,0.00444739460369,0.0023997080855995,0.0238624755451194,0.0409999999999999,0.2889311006171867,58.0,0.0176458000354267,0.0175441654537689,-0.0691699604743083,0.0015193393878005,0.0377595038708799,2.524952398637676,0.0007460129258435,0.0163983722146228,2.302834879435843,16.0,0.6650717822436758,0.1870399117071898,2.312338209252401,0.0,0.1418549408041527,0.0362564215499102,0.0212818318379555,0.0132632658366233,1.8845990044561232,0.1671618962190691,0.01937,0.0354562104164188,1.4507615641328926,1.0,0.9917008089522903,0.008291295617817291,7.89542989257424e-06,0.04809386310208231,0.9781525924524301,0
2013-06-14,1.86,0.0031348312723167,0.0023997080855995,0.0051245692766471,0.0409999999999999,0.289269501592468,58.0,0.0176458000354267,0.0175441654537689,-0.0691699604743083,0.0015193393878005,0.0377595038708799,2.538624703381131,0.0007460129258435,0.0170160362091614,-0.4785291702731997,16.0,0.5131739069759709,0.1800595139708898,2.330530529519277,0.01,0.1644650707555306,0.0266932530049045,0.0212818318379555,0.0080813464005106,1.8637667125349495,0.1721546316385752,0.0187499999999999,0.0358319490312647,1.0791642335098022,1.0,0.9994877910828385,0.0005120794242162284,1.2949294532962218e-07,0.004394173006528627,0.978284679757432,0
2013-06-21,1.74,0.0174994913279478,0.0023997080855995,0.0022433921872161,0.0409999999999999,0.2895968613016877,58.0,0.0176458000354267,0.0175441654537689,-0.0691699604743083,0.0015193393878005,0.0377595038708799,2.546792854975727,0.0007460129258435,0.0175150614726354,-0.4785291702731997,16.0,0.4365713936941964,0.2242447642325638,2.346011666438737,0.0,0.1746489459890341,0.0301835208262396,0.0212818318379555,0.025112677607234,1.6360853333379557,0.198648905438764,0.01546,0.0486789775682857,0.6343058809993992,1.0,0.0006188002721027701,0.9136920675504914,0.08568913217740577,0.29758360682094376,0.9613096210893239,1
2013-06-28,1.72,0.0023460393657452,0.0023997080855995,0.0248783309623439,0.0409999999999999,0.2899132171470647,58.0,0.0176458000354267,0.0175441654537689,-0.0608175473579262,0.0015193393878005,0.0016736255176008,2.549509756796703,0.000733599785692,0.0176231492466258,-0.353553390593278,16.0,0.2623938408306017,0.2350341920414446,2.3588350014582145,-0.01,0.1365348234359988,0.0314528522453362,0.0215022500759618,0.0058970271729069,1.357903299405855,0.2205685612142432,0.0073299999999999,0.0465794252550831,-0.3661117935059445,1.0,0.260452371786724,0.7392919870719734,0.0002556411413027055,0.5758226139672544,0.9657489125839733,1
2013-07-05,1.76,0.0040446469227337,0.0003939975332329,-0.0047040474756666,0.015,0.2906921239485618,59.0,0.0123641966541774,0.0196068161184439,-0.0059820538384844,0.0022712663381188,0.0047417911943008,2.4856511296767123,0.0014038459992108,0.0159998418647329,-2.118149991508285,16.0,0.3029539168496316,0.2786062249330247,2.42224482348892,0.0,0.2222617519330962,0.0317772618642588,0.0318635670981251,-0.0007539069602878,1.0605994131115368,0.2506265903348008,-0.0001899999999999,0.0535690475656799,-1.5031249872227936,1.0,0.2737313418107308,0.7262375583084184,3.109988085112697e-05,0.5872788156611012,0.9659742371686078,1
2013-07-12,1.78,0.0032504548002687,0.0003939975332329,-0.0128465073374994,0.015,0.2910741558960535,59.0,0.0123641966541774,0.0196068161184439,-0.0059820538384844,0.0022712663381188,0.0047417911943008,2.419472288299192,0.0014038459992108,0.0158801449884026,0.0914449976557474,16.0,0.2679192628768012,0.2669403357627785,2.478565731318496,0.0,0.2164178967204204,0.038419198710999,0.0318635670981251,0.0043729641781962,0.6671076603046628,0.2675146772873311,-0.00728,0.0495695759220738,-1.7932962399286307,1.0,0.5647880001975504,0.4351930028015949,1.8997000855112457e-05,0.6849382728940174,0.9709112049359945,0
2013-07-19,1.77,0.0096361542709315,0.0003939975332329,0.0049939331341091,0.015,0.2910608757479836,59.0,0.0123641966541774,0.0196068161184439,-0.0059820538384844,0.0022712663381188,0.0047417911943008,2.3507772855282174,0.0014038459992108,0.0156446572704508,0.0914449976557474,16.0,0.229795496295613,0.2306976995364936,2.528271516816765,-0.01,0.1816491706788292,0.0380992637926141,0.0318635670981251,-0.0155419730934747,0.023648361100206,0.2758622161381501,-0.0119799999999999,0.0402669662549842,-1.557522422126072,0.0,0.8032040616302646,0.1967914726887058,4.465681029848718e-06,0.4959806594641537,0.9749552729174298,0
2013-07-26,1.79,0.0103771742304177,0.0003939975332329,-0.0070022727043822,0.015,0.2906522293179177,59.0,0.0123641966541774,0.0196068161184439,-0.0059820538384844,0.0022712663381188,0.0047417911943008,2.279338635522633,0.0014038459992108,0.0159795113923636,0.0914449976557474,16.0,0.1810631488440857,0.2114195220071119,2.571745772770033,0.0,0.1616553882039724,0.0394100492673001,0.0318635670981251,-0.0162442796596415,-0.9819429670960828,0.2883857265888737,-0.0115699999999999,0.0388908729646363,-1.1508397362934302,0.0,0.9958546562049543,0.004145305065829371,3.872921638336415e-08,0.026877627981196958,0.9782230538060792,0
2013-08-02,1.87,-0.0007768757899542,0.0012029315570472,0.0172565690441448,0.0389999999999999,0.2917513518332823,69.0,0.022593571227008,0.0151836755954319,0.0233545647558386,0.0019497178040022,0.0137108524624211,2.177154105708088,0.0024540608241251,0.0134509946301184,2.2196237040994147,-7.0,0.1633645376863355,0.1776382761199235,2.5075301375358263,0.01,0.1700218890163514,0.039419487953633,0.0251413343424045,-0.0391846637048814,-1.6018946861310492,0.3017780391564059,-0.00816,0.0412093955993744,-0.6934548266794823,0.0,0.9999068015481047,9.319640462013947e-05,2.047275142215416e-09,0.0009581723919024478,0.978291787147261,0
2013-08-09,1.9,0.0037969683047496,0.0012029315570472,-0.0102767772226574,0.0389999999999999,0.2928073574972218,69.0,0.022593571227008,0.0151836755954319,0.0233545647558386,0.0019497178040022,0.0137108524624211,2.05800500859114,0.0024540608241251,0.0128961728414917,-0.1365177765802354,-7.0,0.1660649968644083,0.0753562965423074,2.437762245629393,0.01,0.1410573714514422,0.0393776212941744,0.0251413343424045,-0.0101585585197282,-1.4183205917170087,0.3118857160070203,-0.00395,0.0370328039902472,-0.145656584766187,0.0,0.9999476963292654,5.229012513916951e-05,1.3545595471490121e-08,0.0005680605256431115,0.9782924808086989,0
2013-08-16,1.86,0.0170035971293252,0.0012029315570472,-0.0047442777905686,0.0389999999999999,0.2938207112021718,69.0,0.022593571227008,0.0151836755954319,0.0233545647558386,0.0019497178040022,0.0137108524624211,1.9187335566826584,0.0024540608241251,0.0118146612176622,-0.1365177765802354,-7.0,0.2386906602791418,0.1088577052853885,2.3619501363190123,0.0,0.1192583761428891,0.0335713895315473,0.0251413343424045,0.0090887971351062,-1.0559276387439036,0.3348790894112797,0.0006599999999999,0.0349489423499487,0.7562858291598751,1.0,0.9557683919601999,0.04418744772706116,4.416031273941541e-05,0.18151601294669417,0.977543085804829,0
2013-08-23,1.94,-0.0001796330166032,0.0012029315570472,-0.0037947460401613,0.0389999999999999,0.2947918527997002,69.0,0.022593571227008,0.0151836755954319,0.0233545647558386,0.0019497178040022,0.0137108524624211,1.754554512821754,0.0024540608241251,0.0109804923574718,-0.1365177765802354,-7.0,0.2897853517984499,0.1215891794997764,2.279490827218757,-0.02,0.1068122358823076,0.0229961782538079,0.0251413343424045,-0.0049018512968778,-0.6568211505191788,0.3525872376888253,0.0038,0.0402669662549849,1.4727689733156717,1.0,0.9996736301046211,0.000326324835718676,4.505966023868495e-08,0.0029466897060283713,0.9782878320289258,0
2013-08-30,1.95,-0.0003324493618178,0.0,0.0093018598565717,0.2159999999999999,0.2957211981608625,69.0,0.022593571227008,0.0151836755954319,-0.033099297893681,0.0,0.0124636917952974,1.7083505314961545,0.0020442861876283,0.0091607263382234,-0.3535533905932743,-3.0,0.2793855155135196,0.1281112797531905,2.25278443429294,0.0,0.1158909522515532,0.0217230032549693,0.0117023689965678,0.0102974785840151,-0.2258724409301462,0.3641538053719306,0.0038099999999999,0.0385217934600673,1.2615254523385786,1.0,0.9996801374124771,0.00031961953970852916,2.430478144350073e-07,0.0028959323039404986,0.9782879423332066,0
2013-09-06,2.03,0.0026687110504284,0.0011630044852635,-0.0004429654855058,0.177,0.3004032187267593,64.0,0.0285476633018761,0.0118492526155216,0.0070210631895686,0.0015533251399697,0.0218451570038686,1.6659485632474629,0.0025220499382248,0.0085126148746294,1.4774651530723335,1.0,0.3161819814753559,0.1607793519081353,2.231932655476891,-0.0099999999999999,0.1463389429403252,0.017701173339966,0.0200302933242481,0.0038689962240296,0.2642291135995354,0.3828788209781061,0.00164,0.0557417514713567,0.7315679947498009,1.0,0.9979876044040289,0.0020115916096993276,8.039862719069637e-07,0.014511280629311191,0.9782592330285131,0
2013-09-13,2.39,0.0021490445741345,0.0011630044852635,0.0174492529031146,0.177,0.304208489619134,64.0,0.0285476633018761,0.0118492526155216,0.0070210631895686,0.0015533251399697,0.0218451570038686,1.6138820851032056,0.0025220499382248,0.0085081945899052,-0.5385842942258179,1.0,0.2494053510265892,0.1536229149573714,2.208153682325609,-0.01,0.093030293782552,0.0294582048818835,0.0200302933242481,0.0009508389050228,0.4775230619370387,0.4004373080863351,-0.00191,0.061861019343667,0.0088976262225132,1.0,0.9997493091196934,0.0002506382213693594,5.2658937264224535e-08,0.002329708802901835,0.9782891157091921,0
2013-09-20,2.18,0.0164272050922507,0.0011630044852635,0.0032180395075723,0.177,0.3071695965530588,64.0,0.0285476633018761,0.0118492526155216,0.0070210631895686,0.0015533251399697,0.0218451570038686,1.551178212248853,0.0025220499382248,0.0110698467502449,-0.5385842942258179,1.0,0.2779896181724377,0.1364276364964214,2.18135178867248,0.0,0.1269243297771105,0.0291376013711965,0.0200302933242481,0.0081303840863501,-0.4290958080895035,0.4096698354252542,-0.0047399999999999,0.0582482372506586,-0.8412811212656284,1.0,0.9999426227029276,5.737313546211994e-05,4.161610372154908e-09,0.0006177582356013381,0.9782923947523079,0
2013-09-27,2.11,0.0031771601250016,0.0011630044852635,-0.0057526456087652,0.177,0.3093107846358412,64.0,0.0285476633018761,0.0118492526155216,0.04149377593361,0.0015533251399697,0.0198093251733136,1.4764823060239225,0.0017976695738528,0.0110612450599771,-0.3535533905932745,1.0,0.0810241141008147,0.1317736153950607,2.151414000631577,0.01,0.1158477060673011,0.0288735297292107,0.0146702651698454,-0.0086823185131141,-1.6397217289061274,0.4125347464684398,-0.00734,0.0520302110037504,-1.5328107043335153,1.0,0.9998947227738111,0.00010519061168020872,8.661450873880591e-08,0.001070198477744505,0.9782915822329762,0
2013-10-04,2.28,0.0035803255367274,-0.0025752832598047,0.010251700810727,0.001,0.3129061879755546,57.0,0.0241784376269578,0.009636127046434,0.0829875518672198,0.0009416276097145,0.0258106797207387,1.4125808349918805,0.0018581186520875,0.010956944974035,-0.7134695343172227,3.0,0.0323910884805349,0.1075622743211692,2.1679135523445963,0.0099999999999999,0.15531819660733,0.0301526556223149,0.0188304426152585,0.0027399484916124,-2.0120756531352897,0.416940437962649,-0.0095699999999999,0.0504090411387022,-1.549173115361566,1.0,0.9996199354135205,0.0003798348545393785,2.297319401032948e-07,0.0033749975852678214,0.9782869211794262,0
2013-10-11,2.15,0.003009030025455,-0.0025752832598047,0.0051291801405604,0.001,0.3147439060783182,57.0,0.0241784376269578,0.009636127046434,0.0829875518672198,0.0009416276097145,0.0258106797207387,1.327229618995985,0.0018581186520875,0.01099960975838,-0.288991719845409,3.0,0.0456937023162853,0.118442270446708,2.1827342505326714,0.05,0.11060304773795,0.0257823881613575,0.0188304426152585,0.0162049941176847,-1.9466516678708197,0.4204378956906345,-0.01217,0.051199888392266,-1.4435854623513462,1.0,0.9995191375254229,0.0004806190498093751,2.4342476782367313e-07,0.004156592722699322,0.9782852114196798,0
2013-10-18,2.19,0.0146158354712833,-0.0025752832598047,-5.529686389745339e-05,0.001,0.3148547177861118,57.0,0.0241784376269578,0.009636127046434,0.0829875518672198,0.0009416276097145,0.0258106797207387,1.2159200378574766,0.0018581186520875,0.0112413687963291,-0.288991719845409,3.0,0.0406413690301592,0.132980933112339,2.1959100883553355,-0.04,0.1194891076311397,0.0292832992693209,0.0188304426152585,0.007622045175352,-1.8086014956775789,0.4225646665729827,-0.01385,0.0537022212890714,-1.305427993189284,1.0,0.9998333654176105,0.00016658520349686722,4.937889276325937e-08,0.0016167433137790955,0.9782905414907301,0
2013-10-25,2.08,0.0066692906097363,-0.0025752832598047,0.0046427024719553,0.001,0.3132404558316148,57.0,0.0241784376269578,0.009636127046434,0.0829875518672198,0.0009416276097145,0.0258106797207387,1.0705857490904955,0.0018581186520875,0.0097697799821136,-0.288991719845409,3.0,0.0902940921139969,0.1537100703086354,2.2074705192858888,0.0,0.1340982830148169,0.0319419833181275,0.0188304426152585,-0.0022014747773522,-1.6723684091686837,0.4226148580568548,-0.0137399999999999,0.0563154381265057,-1.057890085354446,1.0,0.9999665240143129,3.346902029788066e-05,6.965389315158675e-09,0.0003785008345718615,0.9782928001702472,0
2013-11-01,2.12,0.0011364841094099,-0.0020424241905234,0.0028821556874117,-0.274,0.3140382695447564,56.0,0.0228196623697334,0.012370722045339,0.0249003984063744,0.0018644565619931,0.0228135418015229,1.1066234158995611,0.0009086958835849,0.0128011920285009,2.3579562383847,-4.0,-0.0115362663246962,0.1213024555163076,2.2407005745656194,0.0,0.1148951205500068,0.0332132333332171,0.0156415310412321,-0.0053499391319632,-1.5376994593111293,0.4238897306738832,-0.0118899999999999,0.0418969825024271,-0.5675562526402227,1.0,0.9998048958486441,0.00019506765411232834,3.649724374206076e-08,0.0018620100851959732,0.9782900585888287,0
2013-11-08,2.05,0.0021405548634592,-0.0020424241905234,-0.0089511526098295,-0.274,0.3145011742264041,56.0,0.0228196623697334,0.012370722045339,0.0249003984063744,0.0018644565619931,0.0228135418015229,1.1293292767773535,0.0009086958835849,0.0135797501434445,-0.2128537025240906,-4.0,0.0159862957301022,0.0785129652623427,2.272781433607112,0.0199999999999999,0.0991053655111122,0.0275034298054707,0.0156415310412321,0.0104435418705573,-1.4308082406015508,0.4239310040906406,-0.01058,0.0103509833877854,-0.0299404815099036,1.0,0.998984708775992,0.001015031758782416,2.594652255017097e-07,0.008015157155168307,0.978276146322692,0
2013-11-15,2.01,0.0144876588388842,-0.0020424241905234,0.0058081161908353,-0.274,0.3146306480986295,56.0,0.0228196623697334,0.012370722045339,0.0249003984063744,0.0018644565619931,0.0228135418015229,1.1395005653633523,0.0009086958835849,0.0108333840764351,-0.2128537025240906,-4.0,-0.0343007591901869,0.0631183695244794,2.3037611060584853,0.02,0.0827275680215069,0.0263589211551929,0.0156415310412321,-0.006314533759149,-1.3388823029389374,0.4204541733834652,-0.0088599999999999,0.012464234545629,0.91863262494102,1.0,0.9999699394116335,3.0054243195647645e-05,6.345170955597166e-09,0.0003431199139837817,0.9782928581031549,0
2013-11-22,2.06,-0.0002057621594175,-0.0020424241905234,-0.0021431794542486,-0.274,0.3144271030591909,56.0,0.0228196623697334,0.012370722045339,0.0249003984063744,0.0018644565619931,0.0228135418015229,1.1374735838022934,0.0009086958835849,0.0111211380312303,-0.2128537025240906,-4.0,-0.0340938566114858,0.0680204801091983,2.333683447122713,-0.0099999999999999,0.0743089901370974,0.028004115783495,0.0156415310412321,-0.0243488284279038,-1.2511648641280488,0.4201009000397586,-0.0067,0.0130930734122985,1.7020478323928845,1.0,0.9999550716024994,4.4919001983775436e-05,9.395516661827087e-09,0.000494769437158059,0.9782926059111604,0
2013-11-29,2.01,0.004929069118573,0.0,-0.0079917992294656,-0.274,0.3138898912604246,56.0,0.0228196623697334,0.012370722045339,-0.014367816091954,0.0,0.0091769322694974,1.1642098674150232,0.0008259305641444,0.0111760146303593,-0.3535533905932772,-4.0,0.1103622228216723,0.072886898685567,2.34215097539752,-0.01,0.0428522933490491,0.0278698762484902,0.0050797900947311,-0.0116210352838126,-1.1863589357171904,0.4164898116372399,-0.0052699999999999,0.0203100960103884,1.607332623762521,1.0,0.9999246561361645,7.528430480692623e-05,5.9559028583413715e-08,0.0007910990409402695,0.978292089978975,0
2013-12-06,2.1,0.0017193614877291,-8.58114978825597e-05,0.0061104648245603,-0.134,0.311722852856943,57.0,0.0224534406942926,0.0150173561961839,-0.0373563218390804,0.0016995313542289,0.0347350429096069,1.3272296189960404,0.0010098261778684,0.0116249365408492,1.4530307801338231,-14.0,0.1585468055738514,0.1004898715578555,2.4049816322761672,0.0,0.1363900986742716,0.0262554877460355,0.0090462673018009,0.0041736184996943,-1.1291640870934758,0.4155569687401633,-0.0036899999999999,0.0166904592064614,1.4653357344914126,1.0,0.9996498053819799,0.00034988049450904185,3.141235108806114e-07,0.0031391574168123737,0.9782874278084582,0
2013-12-13,2.11,0.0155949230870162,-8.58114978825597e-05,-0.0004687611297716,-0.134,0.3094708856156579,57.0,0.0224534406942926,0.0150173561961839,-0.0373563218390804,0.0016995313542289,0.0347350429096069,1.455493572113417,0.0010098261778684,0.0112472574209549,-0.5380548247052944,-14.0,0.3129148988810946,0.107570574840095,2.4587087807994514,0.01,0.1138013920807539,0.0212228252455914,0.0090462673018009,0.0045086255997068,-1.0954891901523167,0.415609594260846,-0.00299,0.0184681192470312,1.2649051321354177,1.0,0.9994719975872385,0.0005206443042210887,7.35810854081964e-06,0.004551135515129241,0.978284409162357,0
2013-12-20,2.1,0.0035320878677902,-8.58114978825597e-05,0.0050981991573775,-0.134,0.3071321213857091,57.0,0.0224534406942926,0.0150173561961839,-0.0373563218390804,0.0016995313542289,0.0347350429096069,1.5576115838538844,0.0010098261778684,0.0111090561648748,-0.5380548247052944,-14.0,0.2802087084891038,0.0852622006351153,2.503918497703013,0.0,0.1202345543920906,0.0158838135925394,0.0090462673018009,0.003400562201836,-1.046159787777161,0.4160869118951146,-0.0017899999999999,0.0272554057538748,1.2692842229764612,1.0,0.9995870974739528,0.00041191883801835246,9.836880289377476e-07,0.003637200868523664,0.9782863638936242,0
2013-12-27,2.06,0.0061159233564749,-8.58114978825597e-05,0.0062341016979077,-0.134,0.3047045615390594,57.0,0.0224534406942926,0.0150173561961839,-0.0233236151603498,0.0016995313542289,0.0348374845591242,1.6384795954229543,0.0007108722542476,0.0075476952588601,-0.3535533905932783,-14.0,0.270394908165551,0.1044629120788794,2.541065440846164,0.0,0.1048457744835078,0.0165060347123847,0.0082461432208345,-0.0082811986370599,-0.9784314977256008,0.4179590214240852,-0.0008,0.039438016466456,1.2470992365551332,0.0,0.9997768063076753,0.0002231138374858181,7.985483907982636e-08,0.002100376721816198,0.9782895821120148,0
2014-01-03,2.13,-0.0022157058455205,0.003720247673236,-0.0056693775756695,-0.176,0.3045752067373509,58.0,0.0185662770429819,0.0157894736842105,-0.0515063168124392,0.0008568071632473,0.0360574643886952,1.6497085989775386,0.0015306408642938,0.0093516739871618,-2.197917332803671,-17.0,0.3094006626832557,0.1182914077304719,2.50271345955456,0.0,0.0093458242647701,0.0182214691687411,0.0121673349932551,0.0026060438641071,-0.6249441720988536,0.4231493287830043,0.0023499999999999,0.0484030695597767,1.6521523834935554,0.0,0.9999580301364591,4.1910640506086635e-05,5.9223034784080166e-08,0.00046541260295561643,0.9782926560757967,0
2014-01-10,2.18,0.0011295742163812,0.003720247673236,0.0109657104363983,-0.176,0.3044454831727277,58.0,0.0185662770429819,0.0157894736842105,-0.0515063168124392,0.0008568071632473,0.0360574643886952,1.6571523304017066,0.0015306408642938,0.0091309311539088,0.1263309983756173,-17.0,0.2182146353467626,0.0985248337077631,2.462386731667399,-0.02,-0.0089781569026289,0.0185228201214022,0.0121673349932551,-0.0026172607770441,0.0128711278009475,0.4230655112954692,0.00274,0.0495695759220755,1.4121613781781044,0.0,0.9999773607724276,2.2614149120215668e-05,2.507845200885975e-08,0.0002649799539843748,0.9782929839788078,0
2014-01-17,2.2,0.0107599328233434,0.003720247673236,0.0075714787665295,-0.176,0.304315390373601,58.0,0.0185662770429819,0.0157894736842105,-0.0515063168124392,0.0008568071632473,0.0360574643886952,1.6608616855305824,0.0015306408642938,0.0091281381346595,0.1263309983756173,-17.0,0.213124013497995,0.083055489196764,2.419986537489623,0.0,-0.0124528551947906,0.0141359846726012,0.0121673349932551,0.0134299686507328,1.3601680050792635,0.4207812528441974,0.0040999999999999,0.0494072001688328,1.406791469402474,1.0,0.9999792380472051,2.0751685034147665e-05,1.0267760865970143e-08,0.0002447135991145574,0.9782930158270684,0
2014-01-24,2.21,0.006480613666417,0.003720247673236,0.0104311390397003,-0.176,0.3041849278662319,58.0,0.0185662770429819,0.0157894736842105,-0.0515063168124392,0.0008568071632473,0.0360574643886952,1.6608616855305791,0.0015306408642938,0.0109462357458526,0.1263309983756173,-17.0,0.5046458047641211,0.0783649885380641,2.3754018474046936,-0.01,0.0079265973925899,0.0144603983314207,0.0121673349932551,0.0159290789601403,1.876756211893921,0.4187164812906319,0.0041599999999999,0.036936238496056,1.142337878608771,1.0,0.9996517374425801,0.0003453332956888968,2.92926173088779e-06,0.0031381748119994925,0.9782874596027576,0
2014-01-31,2.34,0.0010307683372565,0.0,0.0037380455792953,-0.0939999999999999,0.2957693228682053,55.0,0.0138247122044736,0.0075377100867481,-0.0288557213930348,0.0,0.0055711443366211,1.796149728211926,0.0012577978210377,0.0108320019717916,0.3535533905932751,6.0,0.4974249205403847,0.1020853984242023,2.3139683386119576,-0.02,-0.0028638517838871,0.0150259084936786,0.0102020381365224,0.0052353173057964,1.6265075452406734,0.416323961628051,0.0025399999999999,0.0271240536363236,0.4543268398103876,1.0,0.9997139213775786,0.0002845192237543499,1.5593986670008457e-06,0.0026299056218883495,0.9782885148916713,0
2014-02-07,2.21,0.0017422622057083,0.0036979086509687,-0.0154865575268163,-0.122,0.2895836181720227,55.0,0.0214861008906401,0.0112634925010552,0.0338308457711442,0.000949309419777,0.0060698629281153,1.918733556682736,0.0031113640242791,0.0110700096902988,2.268137240919214,6.0,0.4593520742088011,0.1208304597359442,2.2501885290552104,0.06,0.0434600499337967,0.0162756813549373,0.0262950197940071,0.019194002033269,1.1440351347155044,0.4129584613486329,-0.0006599999999999,0.036936238496056,-0.9625963374733972,1.0,0.9996957385001787,0.0003039751765786569,2.8632324254915443e-07,0.002770291573675642,0.9782882069459037,0
2014-02-14,2.19,0.0024795067755096,0.0036979086509687,-0.0005636730650619,-0.122,0.2822958723251501,55.0,0.0214861008906401,0.0112634925010552,0.0338308457711442,0.000949309419777,0.0060698629281153,2.0309149131899384,0.0031113640242791,0.0112882319348464,-0.160674184411306,6.0,0.6536631882861696,0.1218239361889571,2.1838568563971474,-0.06,0.0463175715954125,0.0177105078655993,0.0262950197940071,0.002324134537801,0.3942525778714506,0.4100358664369975,-0.0037999999999999,0.0413823633925341,-1.8298919754388685,1.0,0.9997468695976134,0.00025298314911346336,1.4725327335018048e-07,0.0023506687396463223,0.9782890742941485,0
2014-02-21,2.2,0.0072217957923754,0.0036979086509687,-0.0174618515286448,-0.122,0.2738181060568664,55.0,0.0214861008906401,0.0112634925010552,0.0338308457711442,0.000949309419777,0.0060698629281153,2.1343347008814044,0.0031113640242791,0.0111434107571097,-0.160674184411306,6.0,0.8641751550010597,0.1036477551269534,2.1147332056129744,0.03,0.0973907437164813,0.0179157799780582,0.0262950197940071,0.0012508538366351,-0.585965950074791,0.4053827121228995,-0.00434,0.0406201920225845,-1.5361361664645807,1.0,0.9998752972850817,0.00012454543538817714,1.572795302976741e-07,0.0012469268390249881,0.9782912527073991,0
2014-02-28,2.2,0.0025903638849096,0.0036979086509687,-0.0098186509115694,-0.122,0.2762785533543107,51.0,0.0173874733975789,0.0086264300412848,0.0645491803278688,0.000949309419777,0.0017416423181929,2.7140659251675725,0.0026717734476576,0.0090569049385503,-0.3535533905932741,-3.0,0.3336227101969127,0.07726346392146,2.34593130017919,0.0,0.1313409350753502,0.0181279170951879,0.0228215815649347,-0.007354507324409,-1.4967531174015063,0.396291633552315,-0.00421,0.0353553390586418,-1.134371118219563,1.0,0.9999271679537634,7.272643917977186e-05,1.0560705710431603e-07,0.0007675219155103762,0.978292132567729,0
2014-03-07,2.18,0.0028341536914191,0.0064400441262282,0.0099121022991648,-0.064,0.2765410342676216,51.0,0.0272410806909018,0.0151220287576308,0.0932377049180328,0.0018629464191206,0.0073852158228976,3.173932285643154,0.0040311085692303,0.0090271237766159,1.867957805299116,-7.0,0.2725268933730211,0.0611204899008035,2.5526137788695022,0.0099999999999999,0.1156063647157705,0.0181753614528113,0.0234409755042545,0.0050105141290751,-1.636330578418077,0.3934580036082007,-0.0029599999999999,0.0337797487930704,-0.6202042388956557,1.0,0.9996671370700103,0.0003326162940350862,2.466359544828869e-07,0.003000324754513781,0.978287721817367,0
2014-03-14,2.3,0.0023009462188878,0.0064400441262282,-0.0078417778141465,-0.064,0.2768012673150654,51.0,0.0272410806909018,0.0151220287576308,0.0932377049180328,0.0018629464191206,0.0073852158228976,3.547480145767861,0.0040311085692303,0.0079548840590366,-0.534658215771225,-7.0,0.1428203033864119,0.0543631965842442,2.740333346084774,-0.0099999999999999,0.0582129761268928,0.0195049092923803,0.0234409755042545,-0.0184994409100387,-1.286237764624235,0.3873382501901461,-0.00046,0.0269589635230505,0.2352612548851859,0.0,0.999679488103881,0.000314475076775622,6.036819343029108e-06,0.002929126314523768,0.978287929153403,0
2014-03-21,2.23,0.0097384559716322,0.0064400441262282,-0.0043908673601176,-0.064,0.2770592588306911,51.0,0.0272410806909018,0.0151220287576308,0.0932377049180328,0.0018629464191206,0.0073852158228976,3.859852528071932,0.0040311085692303,0.0091386326127451,-0.534658215771225,-7.0,0.098293901681449,0.0526273964503556,2.9127586401776617,0.0099999999999999,0.0613595139918505,0.0248965476995289,0.0234409755042545,-0.0247321074679976,-0.8942391589235203,0.3791818611975908,0.0009099999999999,0.0467325215602597,0.9812380519317366,1.0,0.9994525440881971,0.000545562436270036,1.8934755329678278e-06,0.004671445363681115,0.9782840812311248,0
2014-03-28,2.24,0.0011581966333662,0.0064400441262282,0.0067123516190256,-0.064,0.27731501507052,51.0,0.0272410806909018,0.0151220287576308,0.0932377049180328,0.0018629464191206,0.0073852158228976,4.124970862368159,0.0040311085692303,0.0078776995874503,-0.534658215771225,-7.0,0.1145626109440285,0.052762946955497,3.0724656627651323,-0.0199999999999999,0.0456648633006049,0.0270491280549986,0.0234409755042545,-0.0061459361235752,-0.3068884782408108,0.3678696158949179,0.00279,0.0578174466991484,1.659957635563818,1.0,0.9999184511518154,8.135723237699665e-05,1.9161580770525282e-07,0.0008506228557512767,0.9782919846793755,0
2014-04-04,2.1,0.0022403749635377,0.0032967544531576,0.0142589248584317,0.02,0.2835599325048816,49.0,0.0291232159343737,0.0195285789851675,0.0490856592877766,0.0018890649762282,0.0203043864055084,4.107778737206746,0.0033923049442831,0.0081402902796305,-0.1072837409331302,-8.0,0.0761212435635654,0.0513913555821542,3.0552355973074814,-0.01,0.0910464155259744,0.0265569826114548,0.0113188218631303,0.0078092547934886,0.3432901987425891,0.3489726356786736,0.0019199999999999,0.0551459103517509,1.0947106591820706,1.0,0.9999457248078738,5.423462457977006e-05,4.0567546434679856e-08,0.000587667033623648,0.9782924473572427,0
2014-04-11,2.11,0.0018286575925405,0.0032967544531576,-0.0244298260719868,0.02,0.2886378317345152,49.0,0.0291232159343737,0.0195285789851675,0.0490856592877766,0.0018890649762282,0.0203043864055084,4.089009660052381,0.0033923049442831,0.0102453058644361,-0.3925382812569376,-8.0,0.0942680606303736,0.0560452623204807,3.037411277714451,0.01,0.1363785389789011,0.0216312979217406,0.0113188218631303,0.0269241858281769,1.3917879847477364,0.3287615593343584,0.00256,0.0497852531230224,1.014560067380003,1.0,0.9996796465379776,0.0003174263934320243,2.927068590561956e-06,0.002914551004057142,0.9782879330034268,0
2014-04-18,2.04,0.0093725819874144,0.0032967544531576,0.0148665948749153,0.02,0.2926094758244353,49.0,0.0291232159343737,0.0195285789851675,0.0490856592877766,0.0018890649762282,0.0203043864055084,4.068641807022071,0.0033923049442831,0.0110351502333599,-0.3925382812569376,-8.0,0.0755445062799065,0.0573055719056064,3.0189821784282165,-0.01,0.1850926090231435,0.0225903083430851,0.0113188218631303,-0.0016155394824965,1.627743646789919,0.3055785996155774,0.00186,0.0456696210370353,0.5935099028916262,1.0,0.9998473438100018,0.00015257356383930348,8.262615893598776e-08,0.0014947877645601264,0.9782907785826831,0
2014-04-25,2.11,0.0028879774283976,0.0032967544531576,-0.0082895701870279,0.02,0.295519470803056,49.0,0.0291232159343737,0.0195285789851675,0.0490856592877766,0.0018890649762282,0.0203043864055084,4.046651037016446,0.0033923049442831,0.0105999673960933,-0.3925382812569376,-8.0,0.1194892340026361,0.0533017019294081,2.9999371536909805,0.0,0.0817204137002267,0.0227843898780455,0.0113188218631303,-0.0021596021092782,1.31752079572545,0.2769432915364246,0.0006299999999999,0.0365474251578215,-0.1458526157769827,1.0,0.9999641325124065,3.583425015699521e-05,3.323743656104392e-08,0.0004032602943283451,0.9782927595952751,0
2014-05-02,2.03,-6.749932907990086e-05,0.0034926098400485,0.0004460681024361,-0.039,0.3089083720423655,52.0,0.0322602761133612,0.0212711154993667,-0.0459231490159325,0.0019276844165485,0.0214881381652694,3.9955744749180977,0.0013490048210399,0.0105798823542628,2.3956392088835723,6.0,0.1566443737520784,0.0538350655773205,2.9999371536909805,-0.0099999999999999,0.0434055171988945,0.0221092155855545,0.0255801172126093,-0.0065147664903108,0.7940199351433501,0.2493666184702157,-0.0012999999999999,0.0341216311778621,-1.66639479796429,1.0,0.9999729386417545,2.7044893350645907e-05,1.6464894990392005e-08,0.00031181459894304896,0.9782929089729333,0
2014-05-09,2.05,0.0016512847036893,0.0034926098400485,-0.016491886341235,-0.039,0.321053721071421,52.0,0.0322602761133612,0.0212711154993667,-0.0459231490159325,0.0019276844165485,0.0214881381652694,3.9403240788234,0.0013490048210399,0.0103004890106854,-0.4447086966077699,6.0,0.1588235390962862,0.0552914356581828,2.9999371536909805,0.0099999999999999,0.0411286642085355,0.0174678104950655,0.0255801172126093,0.0003117049231775,-0.128850898264813,0.2258277884700616,-0.0029399999999999,0.0265921578119425,-1.8760946768602271,1.0,0.9999435260857573,5.6456018329624354e-05,1.7895913109199076e-08,0.0006090470776968178,0.9782924100705395,0
2014-05-16,1.98,0.0077864017068454,0.0034926098400485,0.0130364485410311,-0.039,0.3320919844132681,52.0,0.0322602761133612,0.0212711154993667,-0.0459231490159325,0.0019276844165485,0.0214881381652694,3.880721582386659,0.0013490048210399,0.0092562995543699,-0.4447086966077699,6.0,0.088286138995862,0.0759699188589061,2.9999371536909805,0.0,0.0624869840633686,0.0152548085138736,0.0255801172126093,0.0030247518061265,-1.5664410147574497,0.2032409910734508,-0.00419,0.0277424378361951,-1.6373576255550275,1.0,0.9999678748466777,3.210575106075034e-05,1.940226135291381e-08,0.00036465054326552756,0.9782928230786953,0
2014-05-23,1.93,-0.0020958578847399,0.0034926098400485,-0.0139399875531594,-0.039,0.3421303336611267,52.0,0.0322602761133612,0.0212711154993667,-0.0459231490159325,0.0019276844165485,0.0214881381652694,3.816563093433076,0.0013490048210399,0.0093420257741358,-0.4447086966077699,6.0,0.0396507485735682,0.0821909796927708,2.9999371536909805,0.01,0.1083377247257773,0.0104027116716283,0.0255801172126093,-0.0312545958279411,-2.04839275356715,0.1814035275815609,-0.00619,0.0272226271422066,-1.6208367479207677,1.0,0.9999579568555043,4.20366953894137e-05,6.4491063315664856e-09,0.0004657663048071121,0.9782926548525205,0
2014-05-30,1.87,-0.0011336642357355,0.0,0.0089231130567347,-0.039,0.3512545076043873,52.0,0.0322602761133612,0.0212711154993667,-0.0660550458715596,0.0,0.0092487212759237,3.74761462594768,0.0013546903805352,0.0092180078788034,-0.353553390593275,6.0,0.1400602042823544,0.0864787339672124,2.9997486068629287,0.0,0.116777185182334,0.0157168777456873,0.0233539854336841,-0.0123646233501252,-1.8666579207831104,0.1682197621748205,-0.0058,0.027222627142205,-1.1421767578312916,1.0,0.9999765583339738,2.342989482375569e-05,1.1771202547895114e-08,0.0002734540772773527,0.9782929703726562,0
2014-06-06,1.89,0.0019115571128291,0.0018621269440941,-0.0014343243931846,-0.1519999999999999,0.3577480601554959,55.0,0.0336584173209093,0.0207234137316705,-0.073394495412844,0.0012966837733496,0.0099544991297109,3.565648069264228,0.0016846368503414,0.0049974861222598,1.4983710851448329,13.0,0.2304075114058499,0.0860128727907327,2.999434335811279,0.0,0.0690409764353956,0.014811073436096,0.02312118214644,0.000936949817268,-1.560329568539489,0.1519162417082199,-0.0033699999999999,0.025319388391578,-0.2450544893669634,1.0,0.999894915574592,0.0001050734655603317,1.0959847543266929e-08,0.001067842126177011,0.9782915855315873,0
2014-06-13,1.82,0.002305978156589,0.0018621269440941,0.001060112423002,-0.1519999999999999,0.3640211444207445,55.0,0.0336584173209093,0.0207234137316705,-0.073394495412844,0.0012966837733496,0.0099544991297109,3.362462467620329,0.0016846368503414,0.004677114990845,-0.5389761989502356,13.0,0.2694882916552159,0.0663190341132532,2.9989943010112987,0.0,0.0925907545147732,0.0158680987832283,0.02312118214644,-0.0007718084951869,-1.198087745569552,0.1306525852757795,-0.0002299999999999,0.0292464894100013,1.083510183079461,1.0,0.9999767793999166,2.319848296122542e-05,2.2117122177560438e-08,0.000271171027293106,0.9782929741185542,0
2014-06-20,1.66,0.0062807194077547,0.0018621269440941,0.0118670856407006,-0.1519999999999999,0.3700849716396296,55.0,0.0336584173209093,0.0207234137316705,-0.073394495412844,0.0012966837733496,0.0099544991297109,3.133933384987624,0.0016846368503414,0.0051730096553617,-0.5389761989502356,13.0,0.2015381191549197,0.0584166072277445,2.998428447093556,-0.02,0.1448393568279702,0.020171087554681,0.02312118214644,-0.0055890579003135,-0.6680729969628179,0.1284288395085985,0.0033199999999999,0.0446414285480362,1.8854778931938825,1.0,0.999968637238883,3.1356268004559676e-05,6.493112649560039e-09,0.00035665220201393054,0.9782928360153762,0
2014-06-27,1.76,4.120720631628494e-05,0.0018621269440941,-0.0069471293564154,-0.1519999999999999,0.3759496674946938,55.0,0.0336584173209093,0.0207234137316705,-0.0078585461689587,0.0012966837733496,0.0025901347296207,2.874021572640244,0.0012134625218733,0.0055071426409142,-0.3535533905932754,13.0,0.2367461007360947,0.0570087712549623,2.997736702809059,0.0099999999999999,0.0950704280994334,0.020171521776368,0.0027784156431695,-0.0091934581495958,0.3392157838402761,0.1278786189184873,0.0069099999999999,0.0465794252550971,1.83714060477586,1.0,0.9999702670111598,2.9721514748025233e-05,1.1474092176073464e-08,0.00033974868096305283,0.9782928636580481,0
2014-07-04,1.87,0.0019877079390195,-0.0003901939641608,0.0110119921307962,-0.0869999999999999,0.3766269362719379,57.0,0.0391778880799018,0.019923286357643,0.0569744597249508,0.0015052325752511,0.0042341329530311,2.845779601174876,0.0013479457904161,0.0049051954778008,1.1236126559404305,19.0,0.2181365805542992,0.0662112420320685,2.975199145393991,-0.0199999999999999,0.0081379221852029,0.0194430663702703,0.0236607503099448,-0.005338971327815,1.6783499263557256,0.1281142966320989,0.0099,0.058416607227333,1.6244798096226998,0.0,0.99987432741017,0.00012566292993652247,9.659893541085319e-09,0.0012545357684294047,0.9782912363113702,0
2014-07-11,1.84,0.0014553243968342,-0.0003901939641608,0.0048036664357903,-0.0869999999999999,0.3773019884085339,57.0,0.0391778880799018,0.019923286357643,0.0569744597249508,0.0015052325752511,0.0042341329530311,2.816708389920342,0.0013479457904161,0.0045634851574133,-0.5242643283616333,19.0,0.137760660725656,0.0644620597162216,2.951339905842938,0.01,-0.0483246367594395,0.0197187979873452,0.0236607503099448,0.0059829269215941,1.9749371292752227,0.1297892478936813,0.01141,0.0565527566584241,1.3540220406536867,0.0,0.9999682096493446,3.1762400489767744e-05,2.7950165457688987e-08,0.0003612463809773061,0.9782928287544916,0
2014-07-18,1.91,0.0033763737335461,-0.0003901939641608,-0.0092239391969276,-0.0869999999999999,0.3779748357810505,57.0,0.0391778880799018,0.019923286357643,0.0569744597249508,0.0015052325752511,0.0042341329530311,2.7867819875539843,0.0013479457904161,0.0048615512170724,-0.5242643283616333,19.0,0.0427553284255226,0.0666413642460298,2.926126653884299,0.0,-0.0455345271576075,0.0216261277567046,0.0236607503099448,0.0154200449157453,1.818034163879678,0.1297892478936813,0.0120199999999999,0.051944338340835,1.1276541332481351,1.0,0.999971298572828,2.8692413274076018e-05,9.013897955856146e-09,0.0003289584378984982,0.9782928811565305,0
2014-07-25,1.83,0.0028523025664357,-0.0003901939641608,-0.0033363759283261,-0.0869999999999999,0.3786454901429862,57.0,0.0391778880799018,0.019923286357643,0.0569744597249508,0.0015052325752511,0.0042341329530311,2.755972535310557,0.0013479457904161,0.0051731158036409,-0.5242643283616333,19.0,0.063572384784643,0.0645865974597605,2.8995240676715386,0.0099999999999999,-0.0249283733183088,0.0159901453964836,0.0236607503099448,-0.0020392647837089,1.6240361451788814,0.1324208975867339,0.01052,0.0415546112271408,0.7266023783702568,1.0,0.9999707456602771,2.924459399452958e-05,9.745728428467956e-09,0.00033474186086767673,0.9782928717776398,0
2014-08-01,1.91,-0.0009315884433155,-0.0016705141657922,0.0130776914169927,-0.126,0.3790142210856801,61.0,0.0312530417653829,0.0169961133416283,0.0366336633663366,0.00088163059678,0.0045547787895922,2.755972535310557,0.0011009615229264,0.0051272724695378,-1.752743053930157,-10.0,0.1347476036153858,0.0662112420320687,2.9148291992734525,0.0,-0.0847204505437745,0.016649565411625,0.0262196534378519,0.0189377317666721,1.4566903177029615,0.1345047056319344,0.0084799999999999,0.0309088521755553,0.1607817190222126,1.0,0.9976998062089264,0.0022936920594382373,6.5017316350306774e-06,0.016315325042460718,0.9782543492058029,0
2014-08-08,1.91,0.0007883562907495,-0.0016705141657922,-0.0115440551591487,-0.0979999999999999,0.3793499428398424,61.0,0.0312530417653829,0.0169961133416283,0.0366336633663366,0.00088163059678,0.0045547787895922,2.755972535310557,0.0011009615229264,0.0044555088145299,-0.0378300728290181,-10.0,0.2266253466849705,0.0772287881187218,2.929539573314524,0.0,-0.0785127828534814,0.0161452299716267,0.0262196534378519,0.0105820784153434,1.2791531507298843,0.1381809205987771,0.00495,0.0309088521755553,-1.1125582746993756,1.0,0.9998794992152221,0.00012035858057012888,1.422042076994203e-07,0.0012089759302196332,0.9782913239870432,0
2014-08-15,1.79,0.0049459072572095,-0.0016705141657922,0.0089727956840791,-0.0979999999999999,0.3796527429742117,61.0,0.0312530417653829,0.0169961133416283,0.0366336633663366,0.00088163059678,0.0045547787895922,2.755972535310557,0.0011009615229264,0.0040274780431585,-0.0378300728290181,-10.0,0.1211401391548996,0.0941123948114368,2.9436641063549835,0.0,-0.0940815251859833,0.0107771688492756,0.0262196534378519,-0.0002787696363271,1.0534747192285767,0.14547887325702,0.00055,0.0387067731239295,-1.9577097776088732,1.0,0.9999674913877035,3.249894483834936e-05,9.667458192433692e-09,0.00036854043304617915,0.9782928165780245,0
2014-08-22,1.82,-0.0042868524565973,-0.0016705141657922,0.0030200189188224,-0.0979999999999999,0.3799227002048423,61.0,0.0312530417653829,0.0169961133416283,0.0366336633663366,0.00088163059678,0.0045547787895922,2.755972535310557,0.0011009615229264,0.0051764627771293,-0.0378300728290181,-10.0,0.1018651448377521,0.0995346314462653,2.9572111928669624,0.0,-0.1199962118284725,0.0125100175816812,0.0262196534378519,0.0005703279217049,0.886789704694675,0.1497594854061325,0.00029,0.0405101398235629,-1.4685647198082077,1.0,0.9999771715815146,2.2827026005571726e-05,1.3924798836260567e-09,0.00026682188631741647,0.978292980778568,0
2014-08-29,1.78,0.0001840049817309,0.0,-0.0068952662987412,-0.0979999999999999,0.3801598844984548,61.0,0.0312530417653829,0.0169961133416283,-0.0269516728624534,0.0,0.0030255180124116,2.5334682825058312,0.0006675276130824,0.0051449531632498,0.3535533905932791,-1.0,0.1351577647190178,0.077597864477251,2.970188734094302,0.0,-0.1085926825425636,0.012863676901631,0.0095288553226812,-0.0110690903480488,0.8796434656160017,0.1560217865825666,0.0024199999999999,0.0385217934600883,-0.7994503575161183,1.0,0.9999757479922107,2.4250263478326e-05,1.744310976275322e-09,0.000281996455651126,0.9782929566312202,0
2014-09-05,1.71,0.0004193726131331,0.0007525688243108,0.0058233805352885,-0.1079999999999999,0.3760268411297346,57.0,0.0289843352202952,0.0165791867571503,0.0009293680297397,0.0015981208447808,0.009075570958546,2.3550273557127523,0.0012928390680166,0.0061004617405878,2.127307940734364,-5.0,0.0745042531375852,0.0686086208660703,2.980264395531366,0.0,-0.155975735584634,0.0117169435933657,0.0148662707978191,-0.0001464786911942,1.2076376647802969,0.1541897275974018,0.0058399999999999,0.0405101398235629,0.0464520315701336,0.0,0.9999402969685659,5.9699915015763664e-05,3.1164182780316907e-09,0.0006404144062581787,0.9782923553031113,0
2014-09-12,1.75,0.0013182845225334,0.0007525688243108,-0.0072173099272006,-0.1079999999999999,0.3716209260530777,57.0,0.0289843352202952,0.0165791867571503,0.0009293680297397,0.0015981208447808,0.009075570958546,2.1034769750622377,0.0012928390680166,0.0060841738051966,-0.0952735538678385,-5.0,0.0489529683209988,0.0948306761699945,2.990180006385935,-0.0099999999999999,-0.1473061877485361,0.0132211974562968,0.0148662707978191,-0.0191419900650778,1.8386166651205973,0.1506780802282369,0.01066,0.0517549169502253,1.2434260871742502,0.0,0.9995591641530035,0.00044073675996152703,9.908703508537845e-08,0.003847937280010258,0.978285890413579,0
2014-09-19,1.85,0.0063735353082094,0.0007525688243108,0.005935380896694,-0.1079999999999999,0.366932309933998,57.0,0.0289843352202952,0.0165791867571503,0.0009293680297397,0.0015981208447808,0.009075570958546,1.7475257233722763,0.0012928390680166,0.0061255303056782,-0.0952735538678385,-5.0,0.0406834433074316,0.1083315018160248,2.9999371536909694,0.0,-0.1172143351862383,0.0132298828626598,0.0148662707978191,-0.0102835074856529,2.0378776557211324,0.1504336366465992,0.01507,0.0607100838878325,1.7514800362298328,0.0,0.9999149927769858,8.499713010503777e-05,1.0092909185973171e-08,0.000881858446066361,0.9782919260855716,0
2014-09-26,1.76,0.0021264890142638,0.0007525688243108,-0.0065763005369707,-0.1079999999999999,0.361950006808764,57.0,0.0289843352202952,0.0165791867571503,0.0286532951289397,0.0015981208447808,0.008999540851465,1.1974331521416324,0.00101591452116,0.0062203781452964,-0.3535533905932761,-5.0,0.110058507215367,0.1119630040938315,3.009537378699222,-0.01,-0.0906970115869342,0.0135041398205621,0.0101304696445065,0.0215194941350377,1.9231795301723151,0.1512884582073507,0.0173099999999999,0.065465367070443,1.5597455105430882,1.0,0.9998344315570642,0.00016549659746400321,7.184547181996946e-08,0.001607642546591729,0.9782905595664084,0
2014-10-03,1.79,-0.0019712719076933,-0.0025122778125539,-0.0071581615897722,-0.1449999999999999,0.3498072865943972,49.0,0.029919466037849,0.0166434021563204,0.0448901623686723,0.0016960793346343,0.0121928871200984,1.215920037857439,0.0010107498814776,0.0065991681120309,-0.2520452625570131,6.0,0.1520250958332512,0.1112188961334533,2.9999371536909694,0.0,-0.1357858144393644,0.0112353717403086,0.0108451689950155,0.0097697390119582,1.7403188703795884,0.1539269772614237,0.01625,0.0607100838878355,1.0736812106901843,1.0,0.999851138377618,0.00014882156770738145,4.0054674669347384e-08,0.0014610619253841326,0.9782908429628399,0
2014-10-10,1.79,0.0011556628152062,-0.0025122778125539,0.0031171786130819,-0.1449999999999999,0.3366781358234454,49.0,0.029919466037849,0.0166434021563204,0.0448901623686723,0.0016960793346343,0.0121928871200984,1.232882800594486,0.0010107498814776,0.0087253958610796,-0.3701191867266524,6.0,0.0219809174215532,0.1130107453803823,2.990180006385935,0.0,-0.1587923689599846,0.0168899842843625,0.0108451689950155,0.0379610789047184,1.5289086745389833,0.1608277748163184,0.0118099999999999,0.0530330085885553,0.2875371726319381,1.0,0.9942844391376059,0.005707689387060081,7.871475333966062e-06,0.03527729010895462,0.9781964165309942,0
2014-10-17,1.78,0.0042548339622701,-0.0025122778125539,-0.0057175398930586,-0.1449999999999999,0.3224420809849594,49.0,0.029919466037849,0.0166434021563204,0.0448901623686723,0.0016960793346343,0.0121928871200984,1.2483835702472406,0.0010107498814776,0.0103622704234569,-0.3701191867266524,6.0,0.0005313744666619,0.1415160263513885,2.980264395531366,0.01,-0.1791488740796443,0.0177707812853551,0.0108451689950155,0.012747226048471,1.3373790149983191,0.1711353049764488,0.0079699999999999,0.0749166203185486,-0.5595333797265979,1.0,0.9885763893553045,0.011413282366531429,1.0328278164310887e-05,0.06252804142292999,0.9780995944914023,0
2014-10-24,1.77,0.0016216844420207,-0.0025122778125539,-0.0032645291660187,-0.1449999999999999,0.3069451467275823,49.0,0.029919466037849,0.0166434021563204,0.0448901623686723,0.0016960793346343,0.0121928871200984,1.2624761993193645,0.0010107498814776,0.0103558682481723,-0.3701191867266524,6.0,-0.0226598624864414,0.1463301062666231,2.970188734094302,-0.01,-0.1721001185538535,0.0173532909340293,0.0108451689950155,0.020312322168905,1.034186084501712,0.1771786386248293,-0.0012399999999999,0.0839642781184562,-1.890708503751044,1.0,0.9588814395611645,0.041098859342642645,1.9701096192822242e-05,0.17165312767785973,0.9775958991066261,0
2014-10-31,1.7,0.0011464614549752,0.0,-0.0260826271215448,-0.1009999999999999,0.3006282545181478,47.0,0.0275190946989407,0.0187240688379837,0.0157845868152275,0.0,0.0096119716118738,1.3861956793830343,4.219419472238686e-05,0.0100062173160885,-0.3535533905945944,-9.0,0.1024764856029247,0.1487807591246784,2.970188734094302,0.0,-0.1487157763878587,0.0231748044658763,0.0055806941876377,0.0061550483038544,0.68839584790426,0.1813934458632466,-0.00515,0.0840068024453752,-1.7277026788687004,1.0,0.9816628016155337,0.018336104125761005,1.0942587049987833e-06,0.09150699379090017,0.9779823282384233,0
2014-11-07,1.77,-3.76664287812245e-05,-0.0053994179410612,-0.0390120712313345,-0.1459999999999999,0.2983671056460981,47.0,0.0338610667511996,0.0132235518237089,-0.0167130919220055,0.001116262735638,0.0114418654661738,1.490482627050785,0.002176547195049,0.0100236986697313,2.4744181407649863,-9.0,0.2396741108105777,0.1307601402787405,2.970188734094302,0.0199999999999999,-0.1686046216227529,0.0219613534795226,0.0133086835861628,-0.0120157812537078,0.2013988446103032,0.1850653139770845,-0.0071399999999999,0.0791810763825309,-1.4036508311161917,1.0,0.9929743597253395,0.007025353627457848,2.866472022243762e-07,0.04183853800253506,0.9781741975287348,0
2014-11-14,1.8,0.0005148682126829,-0.0053994179410612,0.0143323042912195,-0.1459999999999999,0.2960794268284837,47.0,0.0338610667511996,0.0132235518237089,-0.0167130919220055,0.001116262735638,0.0114418654661738,1.5791916140379925,0.002176547195049,0.0107371351174013,-0.3613213678883413,-9.0,0.0983606247687061,0.1033717286578693,2.970188734094302,-0.0099999999999999,-0.1920289572282336,0.022782039410351,0.0133086835861628,-0.0090788156625639,-0.4714237369621578,0.1890783991514429,-0.00499,0.0728991475549542,-0.921771155774332,0.0,0.9988478156540852,0.0011521352744172867,4.9071497512461523e-08,0.008947852803734366,0.9782738243919022,0
2014-11-21,1.76,0.000860790907339,-0.0053994179410612,-0.0049275178792789,-0.1459999999999999,0.293764598263625,47.0,0.0338610667511996,0.0132235518237089,-0.0167130919220055,0.001116262735638,0.0114418654661738,1.654829761172829,0.002176547195049,0.0104137176533562,-0.3613213678883413,-9.0,0.132165584239114,0.0669621428228719,2.970188734094302,-0.01,-0.1932728269659045,0.0232814618650172,0.0133086835861628,-0.0397207470772639,-0.9173526587551696,0.1924787700581767,0.0006399999999999,0.064309519401621,-0.1871418228055408,1.0,0.9998924650773495,0.00010753042229180784,4.500358646356851e-09,0.0010902003252193098,0.9782915439681614,0
2014-11-28,1.69,-0.0015197788263292,-0.0053994179410612,0.0004064479954517,-0.1459999999999999,0.2914219729830722,47.0,0.0338610667511996,0.0132235518237089,-0.0319926873857403,0.001116262735638,0.0077301661924879,1.719123211229032,0.0021821742619594,0.0088584510418899,-0.3535533905932742,-9.0,0.0338896875703602,0.0598659216201586,2.970188734094302,0.01,-0.2865616840489374,0.0233416517205062,0.0113111230994192,-0.0200876613992458,-0.250304666527136,0.1999117452337024,0.00652,0.0550324579545968,0.7833646422045325,1.0,0.9999507707303769,4.9225054769855525e-05,4.214853285381084e-09,0.00053757796556443,0.978292532960815,0
2014-12-05,1.65,5.773606415249155e-05,-0.0056701009100109,-0.0043641141623345,-0.206,0.3179967403770586,48.0,0.0317049270027607,0.0075649326965574,-0.020109689213894,0.0005261883085969,0.0195646789228679,1.7733063425751363,0.0021863426904562,0.0086215904766449,-0.3845219132667795,-17.0,-0.0758385536418062,0.0592814112035816,2.9161225521343925,0.0,-0.3257552963740414,0.0218401184419415,0.012680867736496,-0.0266628076237534,1.2494996354391386,0.199324935380111,0.0130199999999999,0.0812403840460724,1.6290054323297407,1.0,0.999862221070102,0.000137771714533669,7.215364266441811e-09,0.0013626831898873914,0.9782910309620396,0
2014-12-12,1.66,0.0005962743441538,-0.0056701009100109,0.0136990784440308,-0.206,0.3419038522530416,48.0,0.0317049270027607,0.0075649326965574,-0.020109689213894,0.0005261883085969,0.0195646789228679,1.8182832139564191,0.0021863426904562,0.0098348000846579,-0.3483589428873744,-17.0,-0.1277866645157304,0.0878310065653825,2.860507607181111,0.0,-0.4015527713618114,0.0236406595033474,0.012680867736496,0.0276801859047483,2.063917963253223,0.2054861248633216,0.01996,0.0697828263765264,1.7822060623462337,1.0,0.9378716576142317,0.06176646351943354,0.0003618788663350644,0.23500693451054253,0.9772393989107571,0
2014-12-19,1.64,0.0029811544789162,-0.0056701009100109,-0.0008930725282302,-0.206,0.3636697928374755,48.0,0.0317049270027607,0.0075649326965574,-0.020109689213894,0.0005261883085969,0.0195646789228679,1.8547236990996403,0.0021863426904562,0.0121437285193829,-0.3483589428873744,-17.0,-0.215934854420047,0.097238660741805,2.8032517209775007,0.02,-0.4309303198607536,0.0246721409767528,0.012680867736496,0.0352515843753094,2.0010313079976942,0.2073406819007631,0.0230099999999999,0.0711010347520421,1.4603352529649305,0.0,0.9393931772150518,0.06058557556624105,2.1247218707540578e-05,0.22882424761022516,0.9772653345916621,0
2014-12-26,1.68,0.0016025331351212,-0.0056701009100109,-0.0286578018892071,-0.206,0.3836591573276758,48.0,0.0317049270027607,0.0075649326965574,-0.020109689213894,0.0005261883085969,0.0195646789228679,1.883123428284964,0.0021863426904562,0.0117829010081552,-0.3483589428873744,-17.0,-0.3176764408364332,0.0879833588161661,2.744252185994165,-0.03,-0.4544457764281672,0.0165239802563061,0.012680867736496,0.0003368806961283,1.7909636723335611,0.2005136691684924,0.0219699999999999,0.0901981944701144,1.0575283211729896,1.0,0.9932662906878424,0.006733630091400611,7.922075700947368e-08,0.04038474815427265,0.9781791493996548,0
2015-01-02,1.69,-0.0026171636439114,-0.0047058923734732,0.0031672483088868,-0.252,0.4519521852884343,56.0,0.0272624074105505,-0.0008934831306964,-0.0094428706326723,0.0009474756244156,0.0236926427127764,1.9038422688388,0.0027709267792489,0.0123840640705463,-2.474750365845284,-21.0,-0.3022769307196806,0.0930437685024949,2.775131972729456,0.01,-0.439229468496065,0.0169019843649534,0.009261960138408,0.0041396016937877,1.6369804193563278,0.1971634253344829,0.0224700000000001,0.0885498245538971,0.882072635346087,0.0,0.9944946889222375,0.005504762683946267,5.483938162420899e-07,0.03413458982129593,0.9781999855691839,0
2015-01-09,1.75,0.0004144377298418,-0.0047058923734732,-0.0295332719537686,-0.252,0.5091446302136607,56.0,0.0272624074105505,-0.0008934831306964,-0.0094428706326723,0.0009474756244156,0.0236926427127764,1.917129264130751,0.0027709267792489,0.0119609779321909,0.3576120018026769,-21.0,-0.2731309848034479,0.1157275124715835,2.805134271393248,0.0,-0.4784296810432588,0.018526203630396,0.009261960138408,0.0265061414089309,1.4840146072686198,0.2041650583247727,0.0183299999999999,0.0853145440621119,0.3121576091973564,1.0,0.9619618124167072,0.03803526075379031,2.9268295023555456e-06,0.16168913476266808,0.977648155299489,0
2015-01-16,1.72,0.0036788335832858,-0.0047058923734732,0.0153697570581042,-0.252,0.5586562261951659,56.0,0.0272624074105505,-0.0008934831306964,-0.0094428706326723,0.0009474756244156,0.0236926427127764,1.923138460554375,0.0027709267792489,0.0614428722307314,0.3576120018026769,-21.0,-0.2771613640672465,0.1558387444948084,2.834286948029907,0.0099999999999999,-0.4840521647810117,0.0248901942790675,0.009261960138408,0.006268928719863,1.355316758146314,0.2187969298938045,0.0145899999999999,0.0914564689578613,-0.5038689953508556,1.0,0.5875089252379713,0.41243823309842337,5.2841663605892924e-05,0.6782788337443354,0.9712965893128082,0
2015-01-23,1.68,-0.0006955151561853,-0.0047058923734732,-0.0006344418028389,-0.252,0.6023838905221889,56.0,0.0272624074105505,-0.0008934831306964,-0.0094428706326723,0.0009474756244156,0.0236926427127764,1.9219381243547056,0.0027709267792489,0.0636185764931354,0.3576120018026769,-21.0,-0.4237746104373044,0.1858138469390534,2.862615960227386,-0.0099999999999999,-0.5282491676270514,0.0223823801403826,0.009261960138408,0.0064469064322066,1.2132440481292348,0.2344529269647265,0.00841,0.0823646075167191,-1.775062431940172,1.0,0.044240580849300236,0.9557420496113646,1.736953933531056e-05,0.18140129533045785,0.962081572545985,1
2015-01-30,1.72,-0.0028522451902708,0.0,0.0048508313668976,-0.2129999999999999,0.6415114745329794,56.0,0.0272624074105505,-0.0008934831306964,-0.021455223880597,0.0,0.0169977591631381,1.7957214106362216,0.0027747820208579,0.0670179380069738,0.353553390593274,-19.0,-0.4555937544073434,0.2017778127403769,2.879361731686802,0.0,-0.505179990403976,0.0238163068769951,0.007585567148923,-0.0010724749580833,1.0646611894702769,0.2565106232677424,0.0034099999999999,0.0933407735127277,-1.8185964101583447,1.0,0.0005231459748093515,0.9993856305481466,9.122347704397696e-05,0.005415467454888023,0.9613400007615035,1
2015-02-06,1.77,6.311021354354907e-05,0.0043430449237722,-0.0292220903485491,-0.1579999999999999,0.6728109502951285,47.0,0.0130473816054415,-0.000251298018153,0.0513059701492537,0.00150535213147,0.020757422862533,1.888018904729859,0.00331757782319,0.0669181752337814,-1.3884276955872887,11.0,-0.4598952995441037,0.1970088830484683,2.89666162454663,0.0,-0.4824789742879162,0.0270803600666621,0.0283836010642963,-0.0132887335403226,0.8677984128371297,0.2626597768427368,-0.0014299999999999,0.095131487951963,-1.6272274787394916,1.0,8.240841935616293e-05,0.9998692297066009,4.8361874042914366e-05,0.0013862781388134441,0.9613325409044369,1
2015-02-13,1.67,0.0002970881362951,0.0043430449237722,-0.0277893640643737,-0.1579999999999999,0.7020058761217687,47.0,0.0130473816054415,-0.000251298018153,0.0513059701492537,0.00150535213147,0.020757422862533,1.975231242548681,0.00331757782319,0.0663672951818778,0.5362985686200046,11.0,-0.4622171500228953,0.1856984883391186,2.9137293979583707,-0.01,-0.4737786921894625,0.0257368800038182,0.0283836010642963,0.002477353558127,0.5768108923036237,0.2647110607840054,-0.0046399999999999,0.0941029071963858,-1.4246696276304605,0.0,0.005161616977630567,0.9948333421427057,5.040879663746053e-06,0.032398459517727525,0.9614187116868632,1
2015-02-20,1.74,-0.0010738201362379,0.0043430449237722,0.0088439505986668,-0.1579999999999999,0.7293490232905311,47.0,0.0130473816054415,-0.000251298018153,0.0513059701492537,0.00150535213147,0.020757422862533,2.058005008591222,0.00331757782319,0.066584790001111,0.5362985686200046,11.0,-0.5189894270399535,0.1591046376265978,2.9305691075488403,0.01,-0.5074363830159222,0.0268425183756967,0.0283836010642963,-0.0158727406025664,0.0321868353860342,0.2638206918838997,-0.00678,0.0837406711219487,-1.2419748322534894,1.0,0.003193872631078579,0.9968005325508636,5.594818057760643e-06,0.021615662056917905,0.9613853341931444,1
2015-02-27,1.79,-0.0022517979804089,0.0043430449237722,0.0020276800491387,-0.1579999999999999,0.755041600067912,47.0,0.0130473816054415,-0.000251298018153,0.0743565300285986,0.00150535213147,0.0097308272640349,2.1368560658490274,0.002257590133392,0.0664441873864819,0.3535533905932742,11.0,-0.4068127911949939,0.144716471567208,2.792469943638723,0.0,-0.5149624710225784,0.0266353202256999,0.0262890033043616,-0.0154276012997058,-1.039332746493128,0.2671298767280824,-0.00711,0.080711125095863,-1.0398259299997197,0.0,0.17170446706298761,0.8282923427247016,3.190212310364393e-06,0.4586215575374153,0.9642436466500998,1
2015-03-06,1.83,0.0001912307975193,0.0059517216110973,0.0442078528563862,-0.0969999999999999,0.7813356466628241,43.0,-2.747948362114005e-05,-0.0007363739086643,0.0219256434699715,0.0024274270106423,0.0122094713372308,2.249102385055748,0.002394426422628,0.0676442137897645,-0.8894823126137661,10.0,-0.3852317089893199,0.1851977707363657,2.6250763114674647,-0.01,-0.5163774641761332,0.0287745461607374,0.0334427292616333,-0.0057817641662792,-1.6583605597356366,0.2615702668976802,-0.0050499999999999,0.0957302758495987,-0.6586042102207857,1.0,1.9217032496450798e-05,0.9997454566767496,0.00023532629075380965,0.0024292447219990184,0.9613313991393528,1
2015-03-13,1.74,0.000377931728505,0.0059517216110973,0.0277147307369227,-0.0969999999999999,0.8055969025230881,43.0,-2.747948362114005e-05,-0.0007363739086643,0.0219256434699715,0.0024274270106423,0.0122094713372308,2.345535858080272,0.002394426422628,0.0167245129542314,0.5080387067206633,10.0,-0.3837288405540663,0.1834539646419832,2.442398247748577,0.0199999999999999,-0.5465668881652189,0.0182320947697709,0.0334427292616333,0.0001669658698445,-1.479827430675513,0.2610149582811156,-0.0037599999999999,0.0870036945025767,-0.302414133577849,1.0,0.11558796663039182,0.8843879481961926,2.4085173415783473e-05,0.35831840594612974,0.9632917791505461,1
2015-03-20,1.79,0.0014721740395284,0.0059517216110973,-0.0069737875546867,-0.0969999999999999,0.8280040746635575,43.0,-2.747948362114005e-05,-0.0007363739086643,0.0219256434699715,0.0024274270106423,0.0122094713372308,2.4280413125370184,0.002394426422628,0.0234037098025386,0.5080387067206633,10.0,-0.3540459349053738,0.1698528775146443,2.2407005745656274,-0.0199999999999999,-0.5403176991599151,0.0217744495828844,0.0334427292616333,-0.0083743591215053,-1.2999673973682313,0.26242085641654,-0.0032299999999999,0.0770783460417151,0.1019233251028922,1.0,0.22169888998084422,0.7782726397458108,2.8470273345185842e-05,0.5293691173748115,0.9650916529412538,1
2015-03-27,1.72,-0.0033997733039613,0.0059517216110973,-0.0055822402506231,-0.0969999999999999,0.8487040283043282,43.0,-2.747948362114005e-05,-0.0007363739086643,0.0219256434699715,0.0024274270106423,0.0122094713372308,2.49799919935973,0.002394426422628,0.020245051331117,0.5080387067206633,10.0,-0.4225195458043806,0.1136331817736551,2.0142778442379443,0.03,-0.5193272370215121,0.0232723667824068,0.0334427292616333,0.0015994404172215,-1.1407446934325425,0.2628575995612388,-0.0018,0.0472077475476913,1.1597884029513668,1.0,0.5662600640412448,0.4337339794005941,5.956558160845698e-06,0.6844131497608895,0.9709361792627795,0
2015-04-03,1.71,0.0002669283576339,0.0020328732545877,0.0101733632373458,-0.125,0.8666527471594866,44.0,-0.0064445725580629,-0.0019951744617668,0.0346051464063885,0.0024547776785528,0.0151219550832046,2.56635029685265,0.0021138576674712,0.0208180446607574,-2.060474618491241,0.0,-0.3888263167698219,0.1297731537282502,2.0421648821124987,-0.02,-0.5141388205834035,0.0205780625657187,0.0375719917972917,0.0083549879079563,-1.0616960345144342,0.2652659526608414,-0.00161,0.0736788397609945,1.2820684394252089,1.0,0.9292034085986246,0.07079611953437728,4.718669981199478e-07,0.25570072056450976,0.9770925013959153,0
2015-04-10,1.64,0.0003614619932754,0.0020328732545877,-0.0106865169877884,-0.125,0.8822594206271145,44.0,-0.0064445725580629,-0.0019951744617668,0.0346051464063885,0.0024547776785528,0.0151219550832046,2.627663483899186,0.0021138576674712,0.0230760439768867,0.5204980343566789,0.0,-0.4564935107828159,0.1322065483573946,2.0689473135938874,0.0,-0.5022170767974986,0.0206517065865535,0.0375719917972917,0.0020789412478894,-1.1000761932243646,0.266325762487868,-0.0020099999999999,0.0752970308650853,0.8710541597817988,1.0,0.986181644585025,0.013818325665719625,2.9749255242721522e-08,0.0728897035490497,0.9780589781855464,0
2015-04-17,1.95,0.0004342667950507,0.0020328732545877,-0.0146983758832421,-0.125,0.8956464877609998,44.0,-0.0064445725580629,-0.0019951744617668,0.0346051464063885,0.0024547776785528,0.0151219550832046,2.682421408985998,0.0021138576674712,0.0260178402051821,0.5204980343566789,0.0,-0.4444210155132492,0.1327120943998884,2.0946675096227776,-0.01,-0.4655800570705026,0.0196278223402056,0.0375719917972917,0.0030434228822857,-1.1402766237679405,0.2664353257461718,-0.00132,0.0807885246445324,0.9504641157876768,1.0,0.9971994883816729,0.002800481440683467,3.0177643632351245e-08,0.019258237985616312,0.9782458651308267,0
2015-04-24,1.96,0.0009651386308273,0.0020328732545877,-0.0037425191095329,-0.125,0.9069122457101644,44.0,-0.0064445725580629,-0.0019951744617668,0.0346051464063885,0.0024547776785528,0.0151219550832046,2.7310184068334906,0.0021138576674712,0.0258036601977738,0.5204980343566789,0.0,-0.4553475385730696,0.1349536957626762,2.119364143808073,0.0199999999999999,-0.4319085249232832,0.0209430492481872,0.0375719917972917,-0.0205250386572097,-1.2787191817900694,0.2653984028159056,-0.0019599999999999,0.0820713974882154,0.4879687842712101,1.0,0.9994914965483256,0.0005085012704547095,2.1812197446671053e-09,0.004364913064150634,0.9782847426579018,0
2015-05-01,1.95,-0.0040528365512579,0.0050972320254947,0.0043032559953635,-0.075,0.9084165952071884,45.0,-0.0146048781250122,-0.0003993274485077,0.1865671641791044,0.0014170526961292,0.0234403785065691,2.685860412204614,0.002301137903549,0.0224399449344116,-1.381687940361341,5.0,-0.4060761339828819,0.1039144565771257,2.119364143808073,-0.0199999999999999,-0.4070769821646082,0.0149742019456047,0.0413458336744161,-0.0048837015970693,-1.2575763555452015,0.26234605483736,-0.0009099999999999,0.0596268156353441,1.2174544066486073,1.0,0.9980174762146438,0.001982504234209151,1.9551147083622965e-08,0.014318810207778152,0.9782597400136174,0
2015-05-08,1.92,0.0002692609346439,0.0050972320254947,0.0038854598589692,-0.0299999999999999,0.9079702970248122,45.0,-0.0146048781250122,-0.0003993274485077,0.1865671641791044,0.0014170526961292,0.0234403785065691,2.6346799542905077,0.002301137903549,0.0196920841705347,0.5360865353292115,5.0,-0.3643787183510001,0.1153565900031198,2.119364143808073,0.0,-0.4060405974749212,0.0146887034589148,0.0413458336744161,-0.0001564005704269,-1.0599827580996528,0.2580261395436949,9.9999999999989e-05,0.042088342464186,1.764724503215243,1.0,0.9995452875958875,0.00045470904881918754,3.3552933328263356e-09,0.003954048382713523,0.9782856550723378,0
2015-05-15,1.94,0.0063686321224547,0.0050972320254947,0.0049010941915552,-0.0299999999999999,0.905570467116484,45.0,-0.0146048781250122,-0.0003993274485077,0.1865671641791044,0.0014170526961292,0.0234403785065691,2.577118247488892,0.002301137903549,0.0183147352849265,0.5360865353292115,5.0,-0.3165647044128344,0.1282575533838255,2.119364143808073,0.01,-0.414918637612348,0.0153278900548325,0.0413458336744161,-0.0044736841366812,-0.980363952858083,0.255918406468293,-0.00041,0.0388908729646681,1.0764576412483786,1.0,0.9997178914706467,0.0002821071754561733,1.3538971137531914e-09,0.002587821377159787,0.9782885828157116,0
2015-05-22,1.97,-0.0046218909319051,0.0050972320254947,0.0029413116612914,-0.0299999999999999,0.9012014993055356,45.0,-0.0146048781250122,-0.0003993274485077,0.1865671641791044,0.0014170526961292,0.0234403785065691,2.5127367856279528,0.002301137903549,0.0214266915133855,0.5360865353292115,5.0,-0.3446084117101674,0.1443952907819524,2.119364143808073,0.0,-0.4276952362820231,0.0166090624589208,0.0413458336744161,-0.0026902855660531,-0.9997647018846484,0.2527504805730428,-0.00058,0.0491172067605035,0.663319761217224,1.0,0.9998223532314873,0.0001776458298683021,9.386443740496629e-10,0.0017117499162840305,0.9782903547178613,0
2015-05-29,1.93,-0.0036610701225608,0.0,0.0179998078406361,-0.0299999999999999,0.894834551517911,45.0,-0.0146048781250122,-0.0003993274485077,0.0909090909090908,0.0,0.0191707782177791,2.440996013610688,0.0015602535762226,0.0212638359887885,0.3535533905932745,5.0,-0.4183179069892446,0.1266885945932166,2.119364143808073,-0.01,-0.4129101375274329,0.0172246588743758,0.0321412173266612,0.0079354162883484,-0.8072677381660851,0.2511773183408661,0.00019,0.0420671232329606,1.2389643111164148,1.0,0.9995303387505414,0.0004696485764239063,1.2673034651064928e-08,0.004068945392230739,0.9782854015034474,0
2015-06-05,1.93,0.0003089170854446,0.0035028699985282,5.218865415157481e-06,0.125,0.8850200241771994,47.0,-0.0210639022728379,0.0012377120368545,0.1826758147512863,0.0015557247360233,0.0304285274586174,2.371951484781164,0.0017818885993939,0.0168810432349355,-1.2348115746239,13.0,-0.4501061797892723,0.1635105938027207,2.121053695285096,0.0199999999999999,-0.4240210504693422,0.0181074286309297,0.0405518658092188,-0.0069720355284471,-0.2437980954642635,0.2471938284801068,0.00065,0.0684392326913668,1.3773172200856103,1.0,0.991137218631817,0.00886230393099524,4.77437187606636e-07,0.05071313146121813,0.9781430354901774,0
2015-06-12,1.93,0.0005923374599137,0.0035028699985282,-0.0099749568560038,0.125,0.873457823012779,47.0,-0.0210639022728379,0.0012377120368545,0.1826758147512863,0.0015557247360233,0.0304285274586174,2.298159798956586,0.0017818885993939,0.0151804489624608,0.5302047185811554,13.0,-0.4197087801732331,0.1546366709419328,2.122564259261146,-0.0099999999999999,-0.4391544567337486,0.018700563332054,0.0405518658092188,0.0040130473621106,1.5047294563907485,0.2428193501400855,0.0010999999999999,0.0750238057454183,1.3841487610153345,1.0,0.9994779280405315,0.000522063326486954,8.632981567657717e-09,0.004467705262283634,0.9782845125036538,0
2015-06-19,2.02,0.0044341937844742,0.0035028699985282,-0.0016307747156279,0.125,0.8600774678789685,47.0,-0.0210639022728379,0.0012377120368545,0.1826758147512863,0.0015557247360233,0.0304285274586174,2.219147445443202,0.0017818885993939,0.0151082818786671,0.5302047185811554,13.0,-0.3785036637846661,0.112249721603233,2.1238962176363767,-0.01,-0.4442476279774715,0.0179913102191232,0.0405518658092188,-0.0053420747235213,2.2737132007518497,0.2362817648449207,0.0026899999999999,0.0668553876445112,2.0327641195346056,1.0,0.9986555153473842,0.0013444127226460067,7.192996974530088e-08,0.010233748850256668,0.9782705625457779,0
2015-06-26,2.03,0.0016128108610489,0.0035028699985282,-0.0088952770985272,0.125,0.8447925720005097,47.0,-0.0210639022728379,0.0012377120368545,0.0841194968553458,0.0015557247360233,0.02104948521724,2.134334700881357,0.0011119474788974,0.0150253696470741,0.3535533905932753,13.0,-0.3710591852368011,0.1383512610299395,2.125049906255009,0.0,-0.4360695831965142,0.0203535670376785,0.0297407333282077,-0.0107432961857008,2.031590139047818,0.2350758036978779,0.00268,0.0702927551638617,1.4680294117135826,1.0,0.990287214850143,0.009712356333425319,4.2881643168750284e-07,0.05468227029882814,0.9781286175683934,0
2015-07-03,2.03,-0.0035427820126783,6.7047159295619e-05,0.0213516671890598,0.1349999999999999,0.8294148384437712,49.0,-0.0169031265539532,0.0016956977964321,-0.1037735849056603,0.0020697005750545,0.025125197551942,2.024845673132073,0.0026860390410813,0.0149879583530888,2.257600148274732,14.0,-0.359509773321622,0.1380411429352132,2.133108255472426,0.0,-0.4529117658962098,0.0198658897835434,0.0718325170221313,0.0211943087764222,2.022446976119062,0.2286747016077531,0.00512,0.0659003576834937,1.8984047886039144,1.0,0.996877398030423,0.003122383053554,2.189160230293663e-07,0.021134602125418147,0.9782404016971038,0
2015-07-10,1.99,0.0004820132481084,6.7047159295619e-05,-0.0021443811381565,0.1349999999999999,0.8122055407764265,49.0,-0.0169031265539532,0.0016956977964321,-0.1037735849056603,0.0020697005750545,0.025125197551942,1.8961499453857225,0.0026860390410813,0.0142333223268838,-0.1552439793937072,14.0,-0.3318861451774809,0.1256696349276933,2.140960160124853,0.0,-0.4769413793442639,0.0146818978264466,0.0718325170221313,0.0111552663577409,1.8470527324757828,0.2262448386119167,0.0049899999999999,0.049497474682608,1.347445884636362,1.0,0.9958522297709789,0.004147459325594369,3.109034267173322e-07,0.02689370483704024,0.9782230125466475,0
2015-07-17,1.96,0.002748316388432,6.7047159295619e-05,-0.0169257343080807,0.1349999999999999,0.7930454516727886,49.0,-0.0169031265539532,0.0016956977964321,-0.1037735849056603,0.0020697005750545,0.025125197551942,1.7440007057166311,0.0026860390410813,0.0126962194281419,-0.1552439793937072,14.0,-0.2736016442494265,0.1142365965879694,2.148607883515763,0.0199999999999999,-0.5065451299819381,0.0152875721031235,0.0718325170221313,0.0032166495155681,1.72491259921252,0.2234002961227511,0.00544,0.0477343841326869,1.2179290915836902,0.0,0.9971112554317795,0.00288871739739362,2.7170827006113963e-08,0.019775206516920767,0.9782443685064044,0
2015-07-24,1.95,0.0015350703944827,6.7047159295619e-05,0.0047763313773995,0.1349999999999999,0.7717892964298075,49.0,-0.0169031265539532,0.0016956977964321,-0.1037735849056603,0.0020697005750545,0.025125197551942,1.561557407994714,0.0026860390410813,0.0125535507781755,-0.1552439793937072,14.0,-0.2658026720159195,0.0839642781187474,2.156053598396237,0.01,-0.5284552736164483,0.0193241857721891,0.0718325170221313,-0.0006208640873958,1.799185075553743,0.2203865895847997,0.0097,0.0394380164665106,1.93318663137125,0.0,0.9911533057069416,0.008846449578350003,2.4471470833642947e-07,0.05063487709144298,0.9781433084494805,0
2015-07-31,1.92,-0.0033380713222499,0.0,-0.0108529119304547,0.1349999999999999,0.7580140877489882,53.0,-0.0150434762301397,0.0033718446765214,-0.173313995649021,0.0,0.0110370465325683,1.3861956793829904,0.0022913772358701,0.0125588909099702,-0.3535533905932741,14.0,-0.2848867797403471,0.116004926003793,2.1813517886724947,0.04,-0.5185941943797987,0.0202348156369177,0.0612757507989793,0.0015554016545619,1.8717778612901343,0.2160012115211926,0.01465,0.0360307408426445,2.0066194268746305,0.0,0.9935029398878467,0.0064970242179738374,3.58941795256455e-08,0.03919820804764064,0.9781831635085328,0
2015-08-07,1.86,0.0001892774017495,-0.0014162762828194,-0.0201851736899877,0.0499999999999999,0.7425558701273984,53.0,-0.0168543371139879,0.0019507929300572,-0.1551849166062364,0.001038896790551,0.0113231127500928,1.3861956793829904,0.0024695099581011,0.0103452048464579,-0.9794769011690784,-16.0,-0.2937909710484497,0.1330346356619853,2.2061890184023327,-0.02,-0.5507424654749393,0.0192940917298435,0.0628535854030587,-0.0014266762254498,1.867397427048911,0.213435148451021,0.0188299999999999,0.0338061701884827,1.8292127915466811,0.0,0.9906842333446881,0.009315681794310127,8.486100158328395e-08,0.05283427179066979,0.9781353520068115,0
2015-08-14,1.83,0.0006510891198572,-0.0014162762828194,-0.0005611005916723,0.0499999999999999,0.7255935375536894,53.0,-0.0168543371139879,0.0019507929300572,-0.1551849166062364,0.001038896790551,0.0113231127500928,1.3861956793829904,0.0024695099581011,0.0101051123265381,-0.2349896847503468,-16.0,-0.2582097189413711,0.1473031373926479,2.230580685848515,0.03,-0.5634309125202716,0.0188677228576127,0.0628535854030587,-0.0083248645752728,1.7993425273892194,0.2125080958444587,0.02144,0.0354562104164911,1.5611796216974108,0.0,0.9879319213461355,0.012067994878699521,8.377516488503109e-08,0.06530305726267835,0.9780886667218022,0
2015-08-21,1.79,-0.0004548643982847,-0.0014162762828194,-0.0091602035558588,0.0499999999999999,0.7070188410947682,53.0,-0.0168543371139879,0.0019507929300572,-0.1551849166062364,0.001038896790551,0.0113231127500928,1.3861956793829904,0.0024695099581011,0.0160108100623785,-0.2349896847503468,-16.0,-0.3031249536278958,0.1439183796462546,2.2545412525453696,-0.06,-0.5680726096757014,0.025009173025887,0.0628535854030587,0.0342414975121376,1.7072193241687952,0.2114840187723875,0.0224499999999999,0.0370328039903014,1.2869978638967534,1.0,0.0005860647091541287,0.997799173621493,0.0016147616693523196,0.016940548480934514,0.9613404984023824,1
2015-08-28,1.76,-0.0026972228610753,-0.0014162762828194,-0.0133704585208106,0.0499999999999999,0.6867009538588055,53.0,-0.0168543371139879,0.0019507929300572,0.0219298245614034,0.001038896790551,0.0045570791483556,1.3861956793829904,0.0006500144827984,0.0164257525597816,0.3535533905932785,-16.0,-0.3321033515493337,0.1267660950615211,2.278084321302503,0.03,-0.5287619669431594,0.0261043849129463,0.0077533638288,0.0824720284875596,1.5818253336153334,0.2102709592877719,0.02026,0.0354562104164911,0.7741396160895603,0.0,6.16654704288014e-09,0.9997638370458338,0.00023615678761901483,0.002208400424518597,0.9613310729701762,1
2015-09-04,1.77,0.0001745210447576,-0.0015567565753034,-0.0124544582570365,-0.05,0.6683528049515469,55.0,-0.0224074144149126,-0.0003612974780596,0.0035087719298245,0.0020550455692969,0.0180047020518451,1.6719403743513732,0.0011013669462594,0.0167010246424438,-2.008746570274256,-11.0,-0.3000263687303943,0.0878208403512744,2.4206097233719466,-0.0399999999999999,-0.5063779742187149,0.0262611343159773,0.0107167404646917,0.023528682178158,1.4025776757115471,0.20681917328296,0.0130399999999999,0.0319597961724461,-0.442008798984099,1.0,1.606128268868308e-14,0.9987957858811894,0.001204214118794829,0.009298129523030194,0.9613307109414897,1
2015-09-11,1.75,0.0005198970661897,-0.0015567565753034,0.0022809858879572,-0.05,0.6478182540672677,55.0,-0.0224074144149126,-0.0003612974780596,0.0035087719298245,0.0020550455692969,0.0180047020518451,1.9026297590444603,0.0011013669462594,0.0154156146308938,0.52543610002034,-11.0,-0.3017889552426462,0.0583095189484888,2.545735498980829,0.02,-0.5163107977476128,0.0256545019154564,0.0107167404646917,0.010958145248879,1.2013068202997277,0.1973041346973472,0.0057699999999999,0.0313676357315043,-1.6667555599810002,1.0,4.7101647214905026e-12,0.9993925121013189,0.0006074878939712325,0.0051064671276408406,0.9613309340374421,1
2015-09-18,1.56,0.0021428190217838,-0.0015567565753034,-0.027495662391278,-0.05,0.6248817930449574,55.0,-0.0224074144149126,-0.0003612974780596,0.0035087719298245,0.0020550455692969,0.0180047020518451,2.09651725854718,0.0011013669462594,0.01621656036724,0.52543610002034,-11.0,-0.3210841564791448,0.0406201920232323,2.655921980900298,-0.04,-0.5165025588729004,0.0229516971647007,0.0107167404646917,0.0078593899709724,0.9775253635099814,0.1883262588936559,-0.0001399999999999,0.0316227766009843,-1.818566506484828,1.0,2.886078890604305e-14,0.9996150114735353,0.00038498852643599566,0.0034118085827831938,0.9613310172223953,1
2015-09-25,1.59,0.0021558404112118,-0.0015567565753034,0.029625232433747,-0.05,0.5992676921172659,55.0,-0.0224074144149126,-0.0003612974780596,0.0035087719298245,0.0020550455692969,0.0180047020518451,2.263081629446896,0.0011013669462594,0.0170914003387097,0.52543610002034,-11.0,-0.3564257248622046,0.0454933276112781,2.7529635752144253,0.0,-0.5114389532216329,0.02293442572978,0.0107167404646917,-0.0022048580589003,0.6656470790980116,0.1806620137096578,-0.0057599999999999,0.0292464894100634,-1.6437725731833823,1.0,2.730749112813228e-13,0.9993129357849284,0.0006870642147985669,0.0056907737244725485,0.9613309042864557,1
2015-10-02,1.56,-0.0029734402612661,-0.0004496837504465,0.0081879855100071,-0.04,0.5687138392599513,47.0,-0.0272506606749945,0.0017057443573555,-0.0042918454935622,0.0018576665735092,0.0226820846160809,2.263081629446896,0.0018478401455914,0.0157026167405168,-2.1009311922830363,0.0,-0.3931666366995549,0.0643095194020186,2.754401386598108,0.0,-0.4925339647917122,0.0233579939054605,0.0086064457114994,0.0125740482758885,0.1238295138454244,0.1772404524337655,-0.00978,0.050426750270196,-1.4250636574246622,1.0,8.743075926469967e-16,0.9837626614625075,0.01623733853749154,0.08300980272889126,0.961325090561701,1
2015-10-09,1.52,0.000462522002689,-0.0004496837504465,-0.0005840229452424,-0.04,0.534851697012252,47.0,-0.0272506606749945,0.0017057443573555,-0.0042918454935622,0.0018576665735092,0.0226820846160809,2.263081629446896,0.0018478401455914,0.0157974904279207,0.5159112031411208,0.0,-0.3516454743501085,0.0643095194020186,2.754606726959953,0.01,-0.4216965597226819,0.0233361382617446,0.0086064457114994,-0.0776444747579137,-1.1586913514978314,0.1757812769190049,-0.0157499999999999,0.0481070235437732,-1.388842194814001,1.0,1.5281039167114312e-08,0.9999192931407026,8.069157825830814e-05,0.0008414867572813451,0.9613311312479931,1
2015-10-16,1.43,0.0041280063127133,-0.0004496837504465,-0.0202374216928418,-0.04,0.4970055204007599,47.0,-0.0272506606749945,0.0017057443573555,-0.0042918454935622,0.0018576665735092,0.0226820846160809,2.263081629446896,0.0018478401455914,0.0116598500998298,0.5159112031411208,0.0,-0.3547530414670429,0.0625499800160186,2.7535798720240043,0.0,-0.4288821955101728,0.0198245853627397,0.0086064457114994,-0.023478369424903,-1.8734672951709712,0.1760282225761831,-0.01454,0.0522186337837472,-1.0463071438880167,1.0,6.503094694570901e-05,0.9999306299956695,4.339057384591918e-06,0.0007498860654996175,0.9613322626028064,1
2015-10-23,1.46,-0.00073967124144,-0.0004496837504465,-0.0003326374267552,-0.04,0.4541804481718988,47.0,-0.0272506606749945,0.0017057443573555,-0.0042918454935622,0.0018576665735092,0.0226820846160809,2.263081629446896,0.0018478401455914,0.0137409019168874,0.5159112031411208,0.0,-0.3690311696599946,0.0620483682299894,2.751319442140751,0.0,-0.4494507184542533,0.0188518917769676,0.0086064457114994,-0.0180844678596969,-1.7119579116874173,0.1748805884345191,-0.0129799999999999,0.0483846197518046,-0.7648111695190402,1.0,0.00013959344327323038,0.9998567196842296,3.6868724970762663e-06,0.001428535298468113,0.9613335275911219,1
2015-10-30,1.53,-0.0026731849756029,0.0,-0.0006954223667923,-0.09,0.4047993507594546,47.0,-0.0272506606749945,0.0017057443573555,0.0139860139860139,0.0,0.0113526318080408,2.232969736954667,0.0017096096946052,0.0132668953497103,0.3535533905932744,1.0,-0.4007229137127253,0.062091522310711,2.7088481353174805,0.07,-0.4215296793769245,0.0198672942351065,0.0049448026656404,-0.0101076472272116,-1.4782294912337273,0.1723031808288013,-0.0092799999999999,0.0554043577446595,-0.1976414814066869,1.0,0.002381397534649957,0.9976145446659945,4.057799355481834e-06,0.016816787403666624,0.9613715533971439,1
2015-11-06,1.59,8.085822879499993e-05,-0.0021106803790814,0.0316395297264725,-0.09,0.3741908877731783,47.0,-0.0403306830606888,0.0050179757866788,0.0874125874125875,0.0019403695316859,0.0117642579882897,2.279001130725407,0.0029014563664171,0.0145597689149592,-2.0104441473642574,-10.0,-0.4626020047262213,0.0836553302887424,2.7199614051031444,0.0,-0.4368722179750471,0.0261611029276343,0.0253722294355433,-0.0040341679805196,-1.2264614855877496,0.1727503538817114,-0.00361,0.0991031208962878,0.97849763259212,1.0,0.0018377685212171133,0.9981593961418067,2.8353369762089534e-06,0.01345160301382898,0.9613623327064099,1
2015-11-13,1.45,0.0005145107626296,-0.0021106803790814,-0.0117188751503159,-0.09,0.3400990263734286,47.0,-0.0403306830606888,0.0050179757866788,0.0874125874125875,0.0019403695316859,0.0117642579882897,2.307512813532549,0.0029014563664171,0.0129752009426086,0.5252890300752576,-10.0,-0.4126865491947087,0.0841342464670346,2.722178614686807,0.06,-0.4626747317007985,0.0225400940697538,0.0253722294355433,-0.0191893722503913,-0.8829491510744516,0.1719908272135258,0.0034899999999999,0.1153798075919523,1.8781431514777167,1.0,0.0007906924131194543,0.9991232975501887,8.601003669168506e-05,0.0073290628272255865,0.9613445408886602,1
2015-11-20,1.44,-0.0011778686254623,-0.0021106803790814,0.0179738952472398,-0.09,0.3013438171230669,47.0,-0.0403306830606888,0.0050179757866788,0.0874125874125875,0.0019403695316859,0.0117642579882897,2.3191510383032488,0.0029014563664171,0.0125519308215357,0.5252890300752576,-10.0,-0.4971870406697628,0.0815803722893041,2.715521554920073,-0.02,-0.4720951736776622,0.0219506424417561,0.0253722294355433,0.0003347581848339,-0.3306567120916251,0.1711176771315286,0.0092999999999999,0.1379181952150799,1.769487664913015,0.0,0.0014322430615170026,0.9985368944395181,3.086249896489938e-05,0.01116163465662972,0.9613554436212688,1
2015-11-27,1.39,-0.0021470022316966,-0.0021106803790814,0.003395362035992,-0.09,0.2558145141052753,47.0,-0.0403306830606888,0.0050179757866788,0.0724137931034483,0.0019403695316859,0.0051068823085693,2.314170394630892,0.0026012051386606,0.0114890014744867,0.353553390593274,-10.0,-0.4589041119858179,0.0730948503169781,2.69992458416577,0.06,-0.3694633692766422,0.0223050684265603,0.025602142077444,-0.0095391232626472,0.7738436681379992,0.1714285422503545,0.01383,0.1329876471168325,1.5385440141935107,1.0,0.029370644553855574,0.9706241265308029,5.228915341352882e-06,0.13261627775550175,0.9618293501497734,1
2015-12-04,1.35,0.0002191156394513,-0.0034170964371187,0.0286739026567484,-0.185,0.2545140785256838,47.0,-0.0449614481159912,0.0072951978604158,0.0439655172413793,0.0012528609037794,0.0066391024279437,2.314170394630892,0.0029127126520574,0.0174640831491474,-1.1574731292094422,-19.0,-0.4250394312469053,0.0761108214570141,2.650592580092748,0.05,-0.3929221834160314,0.0241447784571463,0.0284962674455733,0.0190908246715168,1.8817003756145985,0.1708690412596077,0.0185299999999999,0.1331956133982227,1.4247564650709297,0.0,0.006478506496984485,0.9935186470366476,2.8464663678789926e-06,0.03914356404678027,0.961441049859697,1
2015-12-11,1.2,0.0005285760447193,-0.0034170964371187,-0.0205290255839101,-0.185,0.2532058806864577,47.0,-0.0449614481159912,0.0072951978604158,0.0439655172413793,0.0012528609037794,0.0066391024279437,2.314170394630892,0.0029127126520574,0.0184575343485303,0.5262009817305804,-19.0,-0.4756258314808513,0.1029476288494238,2.5997447374407483,0.0,-0.3838436587835531,0.0206408045793033,0.0284962674455733,0.00718373141729,1.9303054144454104,0.1708097783857799,0.0220799999999999,0.1018051359914791,1.3053976387944972,0.0,3.6808913575547575e-06,0.9996876341635491,0.00030868494509303854,0.002853532541817641,0.9613311081857786,1
2015-12-18,1.27,0.00204377431125,-0.0034170964371187,0.0072847743008184,-0.185,0.2518897996469851,47.0,-0.0449614481159912,0.0072951978604158,0.0439655172413793,0.0012528609037794,0.0066391024279437,2.314170394630892,0.0029127126520574,0.0168979510162618,0.5262009817305804,-19.0,-0.4898960834999132,0.1074293787963791,2.5472902823995374,-0.04,-0.3855272600680638,0.0205184560800391,0.0284962674455733,0.0190443242982858,1.7468978864119609,0.1709183561370674,0.02156,0.0698851097973447,1.0283667712985316,0.0,2.027055829920148e-05,0.9999409594248363,3.877001686451007e-05,0.0006719099327984605,0.9613314904952579,1
2015-12-25,1.26,0.0015435697623369,-0.0034170964371187,-0.0031631772230262,-0.185,0.2505657111892185,47.0,-0.0449614481159912,0.0072951978604158,0.0439655172413793,0.0012528609037794,0.0066391024279437,2.314170394630892,0.0029127126520574,0.0169203147701444,0.5262009817305804,-19.0,-0.3252410826534664,0.1078027298885936,2.493127809501848,0.01,-0.3038553116610482,0.0214331685946345,0.0284962674455733,0.0064294986717512,1.5902148594098993,0.1709183561370674,0.0200899999999999,0.0546253473342495,0.7382277738135943,0.0,9.019001592605941e-06,0.9999794167513557,1.1564247051651009e-05,0.00025680700148422004,0.9613313098153483,1
2016-01-01,1.3,-0.0022097073672256,0.0016531022090686,-0.004874356245627,-0.3149999999999999,0.303746606216912,53.0,-0.0323625601974916,0.0137308681383099,-0.0586816720257235,0.0016683909432542,0.0058211501181347,2.4028828839224854,0.002712287976269,0.0162502681237458,1.9165358843377611,-22.0,-0.221778262783638,0.0799888385071249,2.4371434457093333,-0.04,-0.2970202717608067,0.0148827189651975,0.0138941099996936,-0.0073708390602063,1.4658113276387408,0.1719592536535503,0.01767,0.0689590976073226,0.2829557228869546,0.0,1.280430917133141e-06,0.9999830736269452,1.564594213771076e-05,0.00020742654570210918,0.9613311770261033,1
2016-01-08,1.2,4.234844883210798e-06,0.0016531022090686,-0.0281770634545475,-0.3149999999999999,0.3465947454614506,53.0,-0.0323625601974916,0.0137308681383099,-0.0586816720257235,0.0016683909432542,0.0058211501181347,2.4859605789315107,0.002712287976269,0.0162097422176623,-0.0154923683238519,-22.0,-0.1608961980897379,0.0820713974885225,2.379208583576597,0.04,-0.3143093583767627,0.0200063447486813,0.0138941099996936,0.01516462633758,1.3727192695371089,0.1705473178681451,0.0155599999999999,0.0589036743938958,-0.4109475411643101,1.0,5.0252997933311904e-11,0.9988751025725585,0.0011248973771888814,0.00876239027048695,0.9613307405962048,1
2016-01-15,1.19,0.0033631212546856,0.0016531022090686,-0.0256253725174594,-0.3149999999999999,0.3825976032378492,53.0,-0.0323625601974916,0.0137308681383099,-0.0586816720257235,0.0016683909432542,0.0058211501181347,2.5639512775884907,0.002712287976269,0.0156834566475231,-0.0154923683238519,-22.0,-0.3284298554948619,0.1039144565771255,2.3191770527739504,0.0399999999999999,-0.3957691331674108,0.0200886627395258,0.0138941099996936,0.0245374370963945,1.3055052384109331,0.1656345492993862,0.01357,0.07059694449045,-1.29477489464709,1.0,2.945823624873295e-11,0.9970971821608872,0.002902817809654687,0.01985707587600035,0.961330075891178,1
2016-01-22,1.21,-0.0028555910607004,0.0016531022090686,0.0051652135812153,-0.3149999999999999,0.4135468849524423,53.0,-0.0323625601974916,0.0137308681383099,-0.0586816720257235,0.0016683909432542,0.0058211501181347,2.637306318080272,0.002712287976269,0.0163294289100016,-0.0154923683238519,-22.0,-0.2836571013922492,0.1268787385093322,2.256881549574565,0.07,-0.2939241386494766,0.0182680216521626,0.0138941099996936,-0.0003231854999636,1.240182812138696,0.1591998990049281,0.0101899999999999,0.0744383733603204,-1.7588492600668937,1.0,1.2173629706416955e-09,0.9987602882097497,0.0012397105728875135,0.009536198814086247,0.9613306976912077,1
2016-01-29,1.29,-0.0014460306003333,0.0,-0.0051193173549806,-0.3149999999999999,0.4405090438720337,53.0,-0.0323625601974916,0.0137308681383099,-0.0330305532617671,0.0,0.0022908427036277,2.713215520658096,0.0018526964876199,0.0114630082882905,-0.3535533905932743,-22.0,-0.1460423224432774,0.1660410878582418,2.1921290710756587,0.02,-0.3030680397573049,0.0169238936311286,0.0116780640988696,0.0149132287517302,1.1669942704845055,0.1479119372346687,0.00664,0.0987692115125753,-1.675211897226208,1.0,2.015139627702313e-10,0.9994336010756265,0.0005663987228592224,0.004800760070835781,0.9613309494026393,1
2016-02-05,1.36,0.0002556695161397,0.0008230765334549,-0.0396607102200328,-0.445,0.4511457261634019,51.0,-0.0311932976959607,0.0101779978016547,-0.0322047894302229,0.0022657222755197,0.0024129900674645,2.7321448322914548,0.002786226318317,0.0147280580594983,-1.8633471101890915,-9.0,-0.2000775623063831,0.2035006142497014,2.2081536823255408,-0.03,-0.4023989125492619,0.0198456019015813,0.0117250047770311,-0.0058908850715322,1.0757283248591707,0.1508257812498738,0.0036199999999999,0.1177087810777752,-1.5645017352474166,1.0,1.8206412641041304e-11,0.9997013800686417,0.0002986199131521706,0.0027222762335394513,0.9613310495130245,1
2016-02-12,1.32,0.0006207211115436,0.0008230765334549,-0.0213641578326981,-0.445,0.4606478335651781,51.0,-0.0311932976959607,0.0101779978016547,-0.0322047894302229,0.0022657222755197,0.0024129900674645,2.7503845884924707,0.002786226318317,0.0154199639656027,-0.0024872474910157,-9.0,-0.2988587623252376,0.2383537287310735,2.223893288237475,0.0,-0.4422129364352022,0.0275174329363702,0.0117250047770311,0.0057161572408991,0.9199883523089954,0.160287260982352,-0.0001499999999999,0.131848126916489,-1.5561264999859084,1.0,2.801476656711039e-12,0.9971859380824114,0.0028140619147868488,0.019337439893125277,0.9613301090735705,1
2016-02-19,1.37,-0.0005904671979757,0.0008230765334549,-0.0018680102718006,-0.445,0.4690843194260705,51.0,-0.0311932976959607,0.0101779978016547,-0.0322047894302229,0.0022657222755197,0.0024129900674645,2.767948421040386,0.002786226318317,0.0161009061324013,-0.0024872474910157,-9.0,-0.3886817908556012,0.2360954710039523,2.2393538984168098,0.01,-0.4112038279736735,0.0289691507319621,0.0117250047770311,0.0067749853522103,0.4024297571208159,0.1689613153759066,-0.0085299999999999,0.1193733638629555,-1.7989315730817397,1.0,8.1136226562449e-13,0.9998284698709525,0.00017153012823588025,0.001658810583873258,0.9613310970273266,1
2016-02-26,1.49,0.0013754483254524,0.0008230765334549,0.0065907633815021,-0.445,0.4765117865540016,51.0,-0.0311932976959607,0.0101779978016547,0.0008539709649872,0.0022657222755197,0.0011528914910642,2.7848491189624838,0.001833095390292,0.0153709806085724,0.3535533905932743,-9.0,-0.3449158632684256,0.1873451741724923,2.254541252545286,0.02,-0.3412379444331368,0.0279134846579195,0.0003019243301441,-0.0172882060259458,-0.7620204061423604,0.1759459458677929,-0.01283,0.0785584404846843,-1.6041413346068112,1.0,8.501716594862844e-11,0.999945755198023,5.4244716960084e-05,0.000587037180777162,0.9613311408778273,1
2016-03-04,1.55,-0.0025192681360133,0.0043060001433927,-0.0113490708377321,-0.3999999999999999,0.4782580644623349,54.0,-0.0351531140017705,0.0085253622114274,-0.0452604611443211,0.0016414809987375,0.0027792286362788,3.418501696087823,0.0029779441032691,0.0153575777177272,-1.9625327689659768,-13.0,-0.4131736469115725,0.1398404703326781,2.7403333460846904,-0.04,-0.2759524747627137,0.0284874716627093,0.0163358680999722,-0.00798763812955,-1.8964628609322376,0.1787398279442967,-0.0155799999999999,0.0656288264187306,-1.4005181793672838,1.0,2.7884995284375733e-19,0.997704582636748,0.00229541736325228,0.01624166631644452,0.961330302977284,1
2016-03-11,1.4,0.0005801068888251,0.0043060001433927,-0.0070205530364579,-0.3999999999999999,0.4793236522101746,54.0,-0.0351531140017705,0.0085253622114274,-0.0452604611443211,0.0016414809987375,0.0027792286362788,3.932703122046629,0.0029779441032691,0.015799663152857,0.529084554813516,-13.0,-0.3318665097259831,0.1164274758932132,3.1376178146054428,0.04,-0.1413916175515888,0.0288833509456706,0.0163358680999722,-0.0127738704920628,-1.876586862935533,0.179892711447736,-0.01553,0.0889221168051013,-1.1096514473919046,1.0,2.8084700360262284e-12,0.9999289831411842,7.101685600714742e-05,0.0007494095546796699,0.9613311346058936,1
2016-03-18,1.5,0.0011715917781482,0.0043060001433927,0.0122602072023952,-0.3999999999999999,0.479713085874683,54.0,-0.0351531140017705,0.0085253622114274,-0.0452604611443211,0.0016414809987375,0.0027792286362788,4.369826611592964,0.0029779441032691,0.014258095047682,0.529084554813516,-13.0,-0.315506124730228,0.0859297886151033,3.4768681838726097,-0.03,-0.1373578833403532,0.0296440533181789,0.0163358680999722,-0.0219109837355408,-1.6695397096481204,0.1810788641803148,-0.0139999999999999,0.0856487844961704,-0.7657551727918622,1.0,3.0475474412493857e-09,0.9999935398544304,6.457098022518059e-06,8.368433969405286e-05,0.9613311587942626,1
2016-03-25,1.54,0.0014541943275276,0.0043060001433927,0.01169917497531,-0.3999999999999999,0.4794280131544155,54.0,-0.0351531140017705,0.0085253622114274,-0.0452604611443211,0.0016414809987375,0.0027792286362788,4.751194181871286,0.0029779441032691,0.0146081623879091,0.529084554813516,-13.0,-0.3027026818040683,0.0859297886151033,3.773768315643168,0.0,-0.1925516687759255,0.0333129299413486,0.0163358680999722,-0.0181285086917143,-1.4445482352865415,0.1819107359040324,-0.00951,0.0876580205764763,-0.0619142300633767,1.0,1.2936244649509852e-05,0.9999833181288246,3.745626526011145e-06,0.00020908665292802673,0.9613313791835547,1
2016-04-01,1.58,-0.0022295390216069,0.004741067979104,0.0228689383082493,-0.385,0.4818153463189071,51.0,-0.0265790369613807,0.0112511041889442,-0.0102389078498293,0.0025944134714308,0.0078531084241748,4.743254319395381,0.0030344700528344,0.0129292885481077,1.280911586385031,-26.0,-0.2790269340926874,0.0859297886151033,3.773118781507939,-0.0699999999999999,-0.2513227233926803,0.0318150397125744,0.0224408779849983,-0.0273612383537479,-1.269480667760979,0.183850531953514,-0.0068099999999999,0.0851783842463248,0.6753339971742474,1.0,0.0004718011903641037,0.9995268876499187,1.3111597172349552e-06,0.004104262626810063,0.961339163455842,1
2016-04-08,1.56,0.0002741565614654,0.004741067979104,-0.0029469366187341,-0.385,0.4828225128860596,51.0,-0.0265790369613807,0.0112511041889442,-0.0102389078498293,0.0025944134714308,0.0078531084241748,4.734976240700833,0.0030344700528344,0.0119083976542898,0.1663274314424301,-26.0,-0.2074870272658382,0.0792824967172579,3.772369180073799,0.0,-0.2308287821423706,0.0201612197938569,0.0224408779849983,-0.0003242367483015,-1.1171941737614968,0.1908497905002238,-0.00364,0.0871779788705691,1.639875734157716,1.0,0.0016503946869484084,0.9983437278420365,5.877471014910923e-06,0.012299341301625617,0.9613591532953242,1
2016-04-15,1.65,0.0034923637437336,0.004741067979104,0.0213707785326663,-0.385,0.4824581565284109,51.0,-0.0265790369613807,0.0112511041889442,-0.0102389078498293,0.0025944134714308,0.0078531084241748,4.726358168660404,0.0030344700528344,0.0121511109945862,0.1663274314424301,-26.0,-0.2779043641008247,0.0696803928150867,3.77151945167467,-0.01,-0.2759239433976688,0.0201911898161975,0.0224408779849983,-0.0170649430965478,-1.014253496441001,0.1942138113650252,-0.00272,0.0895624283468572,1.4139243063310096,1.0,9.212063672934203e-05,0.9999037948618541,4.084501416569409e-06,0.0010029051443669744,0.9613327221988979,1
2016-04-22,1.71,-0.0021330173439333,0.004741067979104,-0.015846982725584,-0.385,0.4807191586591478,51.0,-0.0265790369613807,0.0112511041889442,-0.0102389078498293,0.0025944134714308,0.0078531084241748,4.717398239903808,0.0030344700528344,0.0125933012551017,0.1663274314424301,-26.0,-0.1544843183022863,0.0563154381270004,3.7705695286172847,0.01,-0.2348206758588742,0.0199448291616386,0.0224408779849983,-0.0046151692901615,-0.941642002707468,0.1950352870575718,-0.0017399999999999,0.0892428468519642,1.196900278172742,1.0,1.414128678658121e-06,0.9999899121025905,8.673768731066446e-06,0.00013022931299527894,0.9613311819005738,1
2016-04-29,1.72,-0.0034444429349611,0.0,-0.0067106294985218,-0.385,0.4818397628456036,51.0,-0.0222642268726899,0.0061226635268392,0.0375670840787119,0.0,0.007770404188863,4.708094502678895,0.0011957784628587,0.013770756473587,-0.3535533905932749,-26.0,-0.2154178835232495,0.057008771255022,3.7514702999978713,-0.01,-0.2236686900362173,0.0223483071707075,0.0132819699507312,-0.0065634860918627,-0.831525104091284,0.198951531573844,8.999999999997899e-05,0.088469122942657,1.1773226109301869,1.0,0.00022130020810599333,0.9997598957417386,1.8804050155302022e-05,0.0023071509624752484,0.961334907866363,1
2016-05-06,1.66,0.0005821664862062,0.004045790998115,-0.0094830885965539,-0.42,0.4796505544194623,53.0,-0.0244815305639999,0.0101932255419356,0.0778175313059033,0.0023767901975657,0.0249673645266387,4.708094502678895,0.0015318872886349,0.0142611777939748,-1.57132422874652,-18.0,-0.2704861155952567,0.0516685867539488,3.743672389013336,-0.03,-0.2480215472910703,0.0219100590119179,0.01767698625506,0.0055435180908737,-0.6077030428486081,0.2036129175941555,0.00156,0.0645865974594221,1.18186857163584,1.0,0.00548207617724729,0.994506815414597,1.1108408155617591e-05,0.03414596826846703,0.9614241451136468,1
2016-05-13,1.62,0.0002548427948281,0.004045790998115,0.0229650860892733,-0.42,0.4765643517645271,53.0,-0.0244815305639999,0.0101932255419356,0.0778175313059033,0.0023767901975657,0.0249673645266387,4.708094502678895,0.0015318872886349,0.0135726983476997,-0.0909317764368406,-18.0,-0.3050398098153356,0.0769856201786628,3.733334006679717,0.0999999999999999,-0.2258334704702864,0.0229221214537038,0.01767698625506,0.0075958737290976,-0.1480057803580349,0.210600216002822,0.0019199999999999,0.0609449400216494,1.130152769469141,1.0,0.0026991553135638506,0.9972903677669757,1.0476919460392329e-05,0.018791097856283707,0.9613769408704224,1
2016-05-20,1.65,-0.001042780575521,0.004045790998115,0.0242400183310127,-0.42,0.4725635810265603,53.0,-0.0244815305639999,0.0101932255419356,0.0778175313059033,0.0023767901975657,0.0249673645266387,4.708094502678895,0.0015318872886349,0.0143936701817557,-0.0909317764368406,-18.0,-0.2857637768276637,0.0754036755451747,3.72043397458917,0.04,-0.2004353813802918,0.021344048696046,0.01767698625506,-0.0058151377481833,1.1312539530807977,0.2125698359206483,0.00308,0.0609449400216494,1.2388577655965902,1.0,0.001712107282173293,0.9982797559299665,8.136787859961327e-06,0.012720294884296894,0.9613601992324466,1
2016-05-27,1.57,-0.0028231406333089,0.004045790998115,-0.0071796995319796,-0.42,0.4676247689917687,53.0,-0.0244815305639999,0.0101932255419356,0.0387931034482758,0.0023767901975657,0.0226433070379962,4.708094502678895,0.0008017863921764,0.0116305757756531,0.3535533905932764,-18.0,-0.1790310585776048,0.0755810822892059,3.704945535065154,-0.01,-0.181923674043161,0.0245661303134419,0.0137154332557736,0.0022680162795768,1.991655880729015,0.2149962292279691,0.0045799999999999,0.0745941399457268,1.442292497423658,0.0,0.0018097483618236363,0.9981875620629888,2.6895751874337435e-06,0.013273069446352913,0.9613618574771656,1
2016-06-03,1.64,6.321295300648622e-05,0.0032843661672818,-0.0169815590198776,-0.5,0.4654397351443574,58.0,-0.0167811794652533,0.0099732649452308,0.0413793103448276,0.0016306744841929,0.0237017826602126,4.65551781801418,0.0019531070153284,0.0128976140452258,2.2613818332979574,-4.0,-0.0741312427122388,0.0883074984682619,3.6959784104155298,-0.02,-0.1777439869166144,0.0251309476995838,0.0136175839107339,-0.0025449806039641,1.96203061238601,0.2158661391818839,0.00624,0.0651920240516974,1.5164415327761704,1.0,0.007498951145554355,0.9924979371729052,3.1116815404635025e-06,0.044205617750220985,0.9614583587537427,1
2016-06-10,1.64,0.0004816881184868,0.0032843661672818,-0.0113082306915179,-0.5,0.4626228271518698,58.0,-0.0167811794652533,0.0099732649452308,0.0413793103448276,0.0016306744841929,0.0237017826602126,4.580896788251915,0.0019531070153284,0.0135337243672564,-0.1571800598592739,-4.0,-0.0705454566261984,0.1040518414747844,3.680438281330912,-0.0399999999999999,-0.1816210733143345,0.026550689643899,0.0136175839107339,0.0011397418921067,1.8254464513806927,0.2188909209952791,0.0069799999999999,0.0666413642457033,1.3825196135784588,1.0,0.00033718531010400654,0.9996369934542257,2.582123567027227e-05,0.0033314796577530404,0.9613368709099435,1
2016-06-17,1.63,0.0020779461692082,0.0032843661672818,0.0193539698990638,-0.5,0.4591624157385083,58.0,-0.0167811794652533,0.0099732649452308,0.0413793103448276,0.0016306744841929,0.0237017826602126,4.483130774187034,0.0019531070153284,0.0127598195953672,-0.1571800598592739,-4.0,-0.0685369599599022,0.1005342869729083,3.65824138283468,0.01,-0.1951015089588109,0.0265728312337146,0.0136175839107339,-0.0046334529267615,1.7302771463278463,0.2249051249612376,0.00783,0.0730826342473249,1.3501027539769994,1.0,6.0147078124007296e-05,0.9998086159569668,0.00013123696490907377,0.0019489805954625574,0.9613321323187521,1
2016-06-24,1.66,0.0020550807242951,0.0032843661672818,0.00520825179765,-0.5,0.4550438204456263,58.0,-0.0167811794652533,0.0099732649452308,0.0413793103448276,0.0016306744841929,0.0237017826602126,4.360663322865672,0.0019531070153284,0.0114929983184493,-0.1571800598592739,-4.0,-0.0400288716043301,0.1019015631452093,3.629265576869814,0.0,-0.2010733098054222,0.0215320925284586,0.0136175839107339,0.0473056234953385,1.5324982646748038,0.2250130715158246,0.0051399999999999,0.0892428468519598,0.2039283869846268,1.0,2.969286957503443e-07,0.9998584099172338,0.00014129315407028527,0.0013985605391210949,0.961331113368467,1
2016-07-01,1.62,-0.0034642946946336,-0.0016181364047499,-0.0198531071270895,-0.29,0.44971894698409,63.0,-0.0219673828426006,0.008271388704987,-0.0058091286307053,0.0011674880827341,0.0133523655755119,4.2142615011412445,0.0016622778866709,0.0109580369590699,0.261757588045069,0.0,0.0584691567298838,0.1143850015143482,3.6100977036453528,0.01,-0.1394694991067323,0.0217895225533303,0.0031743968451569,0.0230234525184921,1.330949418399757,0.2317487945400877,0.00314,0.1093405558007345,-0.8306207561047575,1.0,4.782867261357821e-06,0.9999847796867175,1.0437446021202588e-05,0.00019353123166240225,0.9613312383824347,1
2016-07-08,1.58,0.0009230978653893,-0.0016181364047499,-0.0043815558593555,-0.29,0.4439631659191234,63.0,-0.0219673828426006,0.008271388704987,-0.0058091286307053,0.0011674880827341,0.0133523655755119,4.0565237106894685,0.0016622778866709,0.0115220628493358,-0.4433523842857385,0.0,0.0111913853944261,0.1533436849508152,3.590407447773418,0.0,-0.138983723886521,0.0203096258510121,0.0031743968451569,0.0013415225510233,1.0014375063866954,0.2404109729140519,-0.00109,0.1195228609332559,-1.9755500601513385,1.0,1.783059013262982e-07,0.9999976850199753,2.1366741236108705e-06,3.298278226443103e-05,0.9613311633822921,1
2016-07-15,1.5,0.0003572223446266,-0.0016181364047499,-0.0025895943464941,-0.29,0.4377594805085421,63.0,-0.0219673828426006,0.008271388704987,-0.0058091286307053,0.0011674880827341,0.0133523655755119,3.886069796277428,0.0016622778866709,0.0096341023193566,-0.4433523842857385,0.0,-0.0397212014436038,0.1368001670843098,3.570186166145447,0.0399999999999999,-0.0970720905080976,0.021554518667522,0.0031743968451569,0.0012522072424612,0.5140077442191389,0.2408400331520339,-0.0040899999999999,0.1005342869726478,-1.8478056202364848,1.0,5.911705144304479e-09,0.9999977760456676,2.218042627602859e-06,3.121239987754159e-05,0.9613311604276853,1
2016-07-22,1.4,0.0019612262594579,-0.0016181364047499,-0.0125227524605162,-0.29,0.4310885541544931,63.0,-0.0219673828426006,0.008271388704987,-0.0058091286307053,0.0011674880827341,0.0133523655755119,3.7011432745116406,0.0016622778866709,0.0099117717479236,-0.4433523842857385,0.0,0.0003602044353412,0.1068293030961525,3.5494247829182037,0.01,-0.0820523642089789,0.0159906755374091,0.0031743968451569,0.0002420179649514,-0.1451783464247501,0.2432934532084719,-0.0042599999999999,0.0645727717935229,-1.361526456576888,1.0,1.420308653953763e-06,0.9999981701719952,4.09519351044123e-07,2.6977091826449726e-05,0.9613311850951248,1
2016-07-29,1.36,-0.0036766568332369,0.0,-0.0113919404592794,-0.29,0.4239283299528814,63.0,-0.0219673828426006,0.008271388704987,-0.0082781456953642,0.0,0.0132346188992134,3.4994505063159624,0.00041439593915,0.0113023984675138,-0.3535533905932828,0.0,0.0589101040842787,0.0969535971483773,3.5494247829182037,-0.0499999999999999,-0.1171477203499775,0.0158063646694392,0.0029267664784216,-0.005060752619954,-1.1360007247457682,0.2503144327317777,-0.0043099999999999,0.0515474815786203,-1.051246062139948,1.0,4.717913654498126e-06,0.9999945321242567,7.499620887359971e-07,7.390593037251107e-05,0.9613312409025025,1
2016-08-05,1.28,0.0005140555556302,0.0009184301078843,-0.001691347047429,-0.005,0.4190250252188278,60.0,-0.0216426308460193,0.0106287450276103,-0.0057947019867549,0.002396813932187,0.0131453998050347,3.557873176275785,0.0007202244830688,0.0103810782700193,-2.034377681691648,-18.0,-0.0092923595369089,0.0860958767886703,3.557118497609316,0.0,-0.047184858564465,0.0156974427963011,0.0031765038620507,-0.0019332537379384,-1.5322863489111884,0.2526895298419592,-0.00227,0.0499821396667811,-0.4811132155243898,1.0,5.762152650897695e-06,0.9999939845630104,2.532843387539657e-07,7.937825090553785e-05,0.9613312588007916,1
2016-08-12,1.25,0.0004781954301442,0.0009184301078843,0.0242006555029932,-0.005,0.4133772969100782,60.0,-0.0216426308460193,0.0106287450276103,-0.0057947019867549,0.002396813932187,0.0131453998050347,3.613649338060176,0.0007202244830688,0.0106788456179527,0.0581405830259879,-18.0,-0.0767583518424792,0.0740656079818718,3.5646898286753945,0.0099999999999999,0.046823568905101,0.0154024887826323,0.0031765038620507,-0.0908991558517088,-1.2248836014793905,0.2563745374820327,-0.0002599999999999,0.0509901951354899,0.208542800873503,0.0,0.0007946325567286375,0.999203727747987,1.6396952844121239e-06,0.006489591290443522,0.9613446392654253,1
2016-08-19,1.13,-0.0005489010901716,0.0009184301078843,-0.0060527741920563,-0.005,0.4069541527737126,60.0,-0.0216426308460193,0.0106287450276103,-0.0057947019867549,0.002396813932187,0.0131453998050347,3.666899759490988,0.0007202244830688,0.0115523367909575,0.0581405830259879,-18.0,-0.0343796724827373,0.071464276790246,3.5721395543114345,0.01,0.1995055511152921,0.0137891470104082,0.0031765038620507,-0.0158035300552172,-0.6797830333423448,0.2598795259811345,0.0023199999999999,0.0580640040936217,1.2495302238611967,0.0,0.00036190706129075005,0.9996364101634935,1.6827752156906897e-06,0.003253692447793817,0.9613372992699593,1
2016-08-26,1.22,0.0016487270949177,0.0009184301078843,0.007122025781517,-0.005,0.3997182136667043,60.0,-0.0216426308460193,0.0106287450276103,0.0025041736227044,0.002396813932187,0.0007856742013173,3.717732973404584,0.0005328342640801,0.012576705695851,0.3535533905932792,-18.0,0.0574586159340015,0.0717137165601329,3.5794684337870346,0.04,0.0535161013626279,0.0140784033386701,0.000885359074943,-0.0025986654647979,0.3164721869438721,0.2598009448021831,0.00511,0.066319034112917,1.821070126782876,1.0,0.0002375200781024361,0.999742714477277,1.9765444620718794e-05,0.002453509751658471,0.96133518263172,1
2016-09-02,1.14,-0.0035613700981707,0.0024039958646289,0.0155022203225748,-0.035,0.3915834295895726,54.0,-0.0199395164692068,0.0146378364748156,0.0876460767946578,0.0016866393208359,0.0056777103824859,3.376160769048594,0.0006052139198761,0.0122429617015962,-1.2142102180215713,-6.0,0.0516007854612619,0.0416619044898819,3.566381911639493,-0.01,-0.0349620116617908,0.0125425430634609,0.0299133733608935,-0.0004294468887941,1.6809996776066949,0.2609024684422563,0.00703,0.056061191057749,1.595090491298295,1.0,0.0023852062645585434,0.9976104258982422,4.367837199418717e-06,0.016843617026679723,0.9613716178856958,1
2016-09-09,1.21,0.0003335646077857,0.0024039958646289,0.0002840303381696,-0.035,0.3810562657597748,54.0,-0.0199395164692068,0.0146378364748156,0.0876460767946578,0.0016866393208359,0.0056777103824859,2.95400640590963,0.0006052139198761,0.0122905822376468,0.5291965458096977,-6.0,0.038618585263324,0.046827952580343,3.552822683389792,0.0199999999999999,0.0280080656527932,0.0101666120046908,0.0299133733608935,0.0371605006136678,1.8679131173021009,0.2587990013059751,0.0058999999999999,0.0570713838722988,1.035070342360784,1.0,4.684260301264908e-05,0.9998745306632358,7.862673375129047e-05,0.0013355075795148234,0.9613319263146898,1
2016-09-16,1.19,0.0049874489672812,0.0024039958646289,0.0141184081606869,-0.035,0.3679314289019872,54.0,-0.0199395164692068,0.0146378364748156,0.0876460767946578,0.0016866393208359,0.0056777103824859,2.4092769422830367,0.0006052139198761,0.0121160490118839,0.5291965458096977,-6.0,0.1316698397845463,0.0660627407416257,3.538785315372612,-0.0499999999999999,-0.0369293087423672,0.0121416625096642,0.0299133733608935,0.0218950988616742,1.628950556047361,0.2574327219583571,0.00439,0.0549675228783788,0.522417892177958,1.0,0.0003434850684286588,0.9996383778040431,1.813712752848937e-05,0.0032993327259204985,0.961336980640577,1
2016-09-23,1.11,-0.0019196119273434,0.0024039958646289,0.0123539805318738,-0.035,0.3519183973968305,54.0,-0.0199395164692068,0.0146378364748156,0.0876460767946578,0.0016866393208359,0.0056777103824859,1.6229128608300254,0.0006052139198761,0.0101751149916242,0.5291965458096977,-6.0,0.15249611895637,0.072111025509344,3.5242640942092778,-0.12,-0.0266958687163193,0.0133020237356551,0.0299133733608935,0.0034476066015594,1.288063794235714,0.256120258330039,0.0012199999999999,0.0420883424642177,-0.5294230013340266,1.0,0.00026790028776209763,0.9997310923370015,1.0073752363223033e-06,0.002486233431730096,0.9613357049601315,1
2016-09-30,1.15,-0.0047015089541053,0.0,0.001464100201777,0.0,0.343201840400856,54.0,-0.0151774004537861,0.0150943078902445,0.0849292256452955,0.0,0.0055119682275119,1.660861685530397,0.0003730462178945,0.0092052359475896,0.3535533905932849,-1.0,0.185638485642211,0.072111025509344,3.5306778774777805,0.1099999999999999,0.0592885531106535,0.0143641340087812,0.0300270156873555,0.0090468456189879,0.7784715264220734,0.2578969213099755,-0.0031599999999999,0.0370086862384986,-1.736530493613098,0.0,0.0007418769752838795,0.9992562692839744,1.8537407418846827e-06,0.006114128489480077,0.9613437443343165,1
2016-10-07,1.22,0.0016632966472163,0.0012467485130143,0.003480159804214,0.035,0.3381498630471917,54.0,-0.0150238113047597,0.016359875209176,0.0441298917568693,0.0012055842663214,0.0171831643312335,1.6897883344922042,0.0003848125815591,0.0099843739587421,0.6973612776037738,-1.0,0.2761790403395263,0.0660627407416222,3.535373923403539,0.04,0.0036268446766449,0.0218788713611402,0.0345319879877041,0.0010109908056162,-0.1264185777372384,0.2555799603623314,-0.00716,0.0299702233170068,-1.865729637810172,0.0,5.534537383231293e-06,0.9999914488529317,3.016609685075225e-06,0.0001138891954195809,0.9613312539068198,1
2016-10-14,1.18,-0.0003832348112652,0.0012467485130143,-0.0185537293072289,0.035,0.330580811163629,54.0,-0.0150238113047597,0.016359875209176,0.0441298917568693,0.0012055842663214,0.0171831643312335,1.710150690616676,0.0003848125815591,0.0080583797502486,0.29208305759615,-1.0,0.3518518500349141,0.0779651936993701,3.5383590712426165,-0.01,0.0653829932782705,0.0218727752771072,0.0345319879877041,0.004854437044789,-1.4302900080134258,0.2541240537431417,-0.00916,0.0313676357315255,-1.5471644719759463,1.0,3.9231417289473684e-05,0.9999508586273778,9.909955332782718e-06,0.0005613656218523987,0.9613318229030766,1
2016-10-21,1.19,0.0021724217297807,0.0012467485130143,-0.0084778601996479,0.035,0.3203162995335077,54.0,-0.0150238113047597,0.016359875209176,0.0441298917568693,0.0012055842663214,0.0171831643312335,1.7222525500504111,0.0003848125815591,0.0072470238994694,0.29208305759615,-1.0,0.3092738464728286,0.071063352017821,3.5396376496472843,0.02,0.1401345339423392,0.0226081067467253,0.0345319879877041,-0.0214010971354536,-1.959818977624234,0.2519674468428898,-0.01127,0.0313676357315255,-1.3614919393768925,1.0,0.0019802751656037916,0.9980175981413724,2.1266930240358007e-06,0.014334473542362901,0.9613647501985266,1
2016-10-28,1.2,-0.0029225170357045,0.0012467485130143,0.0301124612527607,0.035,0.3070861556478007,54.0,-0.0150238113047597,0.016359875209176,-0.0376055257099002,0.0012055842663214,0.0155067276575996,1.72626765016358,5.5138828476834194e-05,0.0069981004592244,-0.3535533905937846,-1.0,0.3377853883623798,0.0815803722893295,3.539211508167978,-0.04,0.0452887015119349,0.0229969002460819,0.0132955611197778,-0.0220510407014796,-1.8618271609648651,0.2477113187481457,-0.0130599999999999,0.0375832409453629,-1.244558783252363,1.0,0.0006815316337038899,0.9992782157595743,4.025260672198821e-05,0.006098055151832728,0.9613427063881056,1
2016-11-04,1.25,-0.0002781565606109,-0.0015554608673349,0.0157054847724511,0.1399999999999999,0.3088983363842904,54.0,-0.0118627787858509,0.0169253716250379,-0.0560245587106676,0.0013606698188182,0.0327887659363341,1.72626765016358,0.0014837935683148,0.0118131994093681,-2.473199241467444,-3.0,0.1670180935664693,0.072506157374055,3.539211508167978,0.08,-0.0049672886917009,0.0246198426862345,0.0140304686630707,-0.0066642586373257,-1.680033287679594,0.236853112037393,-0.01215,0.0370328039903245,-0.9032918954858784,1.0,7.181006744079576e-06,0.9994790674389256,0.0005137515543301028,0.004496885709182536,0.9613310908879492,1
2016-11-11,1.21,0.0004491266395649,-0.0015554608673349,-0.003263966407983,0.1399999999999999,0.308974401630291,54.0,-0.0118627787858509,0.0169253716250379,-0.0560245587106676,0.0013606698188182,0.0327887659363341,1.72626765016358,0.0014837935683148,0.0140362257040965,0.3382989814171595,-3.0,0.1147818303437269,0.1115395509609911,3.539211508167978,0.0999999999999999,0.0962198823623818,0.0258766472166655,0.0140304686630707,0.0184722306494856,-1.5959501262567848,0.2325031828064537,-0.0140399999999999,0.0496955013768885,-1.024286142198498,1.0,1.6631993645596497e-06,0.9998703024110945,0.00012803438954068098,0.001299420318478687,0.9613311415004387,1
2016-11-18,1.31,-0.0003263684861821,-0.0015554608673349,0.0055875882949703,0.1399999999999999,0.3073156405326416,54.0,-0.0118627787858509,0.0169253716250379,-0.0560245587106676,0.0013606698188182,0.0327887659363341,1.72626765016358,0.0014837935683148,0.0149985141237026,0.3382989814171595,-3.0,0.3254079069605109,0.1908580250193671,3.539211508167978,-0.0399999999999999,0.1312205822518253,0.0268374155415877,0.0140304686630707,0.0006833118252704,-1.5113020576224496,0.2357590194114195,-0.0128499999999999,0.0931875988068505,-0.67840922678549,1.0,0.03797214252207866,0.9620264119808695,1.4454970518009528e-06,0.16146590053275112,0.9619752519519613,1
2016-11-25,1.31,0.00272788530173,-0.0015554608673349,-0.0020054631612301,0.1399999999999999,0.3038936464958696,54.0,-0.0118627787858509,0.0169253716250379,-0.0560245587106676,0.0013606698188182,0.0327887659363341,1.72626765016358,0.0014837935683148,0.0148215078554071,0.3382989814171595,-3.0,0.3946655457112675,0.2064625528135619,3.539211508167978,0.0499999999999999,0.1042915939654798,0.0271715409932121,0.0140304686630707,-0.0070210725966587,-1.4329990793327323,0.2412132324924567,-0.0113,0.1198808932707256,0.0327919907204785,1.0,0.16081340788182236,0.8391853015104171,1.2906077605966983e-06,0.4410348026150066,0.9640589109617306,1
2016-12-02,1.3,-0.004360938353014,0.0003273213923173,0.0001539267035232,0.27,0.3237064408168177,54.0,-0.000204964171657,0.0207462213296691,-0.0047846889952153,0.0017596530397103,0.0293995631650726,1.715091385769215,0.0030058181956087,0.014863461116756,2.163414887671113,-7.0,0.5718206485966624,0.2190890230020815,3.4790907430234084,0.0,0.2929696954426728,0.0230577491831463,0.0090862044656243,0.0011025131807026,-1.3641568552990753,0.2462462531585369,-0.00988,0.13330952168314,1.1142884072652597,1.0,0.17469386740939644,0.8253022542557009,3.878334902584367e-06,0.4633028848464801,0.9642943532198459,1
2016-12-09,1.17,0.0005197571827586,0.0003273213923173,0.0503706542092551,0.27,0.3403761028478608,54.0,-0.000204964171657,0.0207462213296691,-0.0047846889952153,0.0017596530397103,0.0293995631650726,1.6811168448847236,0.0030058181956087,0.0147493221790535,-0.1107922179997285,-7.0,0.8824120771589612,0.2268377330667526,3.416919572731696,0.05,0.4458170001206951,0.0227032197905008,0.0090862044656243,0.0052314433840748,-1.314741905168455,0.2588362253503024,-0.0088199999999999,0.1431220757653691,1.6542527062913583,1.0,0.2761737895563059,0.7238254505182167,7.599254773218375e-07,0.5893144190936455,0.9660156778155599,1
2016-12-16,1.21,0.0050251561271388,0.0003273213923173,0.0163959116392895,0.27,0.3543465014239217,54.0,-0.000204964171657,0.0207462213296691,-0.0047846889952153,0.0017596530397103,0.0293995631650726,1.6229128608300236,0.0030058181956087,0.0148020027268704,-0.1107922179997285,-7.0,0.9326542384064412,0.2249285600871143,3.35258392952749,-0.03,0.4943853213347025,0.0214821940246115,0.0090862044656243,-0.0037303116484905,-1.2592508638379922,0.2758185404754959,-0.0068799999999999,0.1631333810106325,1.7491239291423175,1.0,0.510507978453339,0.4894915351508526,4.863958086448112e-07,0.6929335383670523,0.969990502900231,0
2016-12-23,1.23,-0.0004213847858173,0.0003273213923173,0.0095469824014056,0.27,0.3659269255885928,54.0,-0.000204964171657,0.0207462213296691,-0.0047846889952153,0.0017596530397103,0.0293995631650726,1.537730595591028,0.0030058181956087,0.0146748313110598,-0.1107922179997285,-7.0,0.8048298973366563,0.216757764731586,3.2859566814275394,0.01,0.3916011176162328,0.0203054250804911,0.0090862044656243,-0.0242322864770786,-1.2148680592532604,0.2875726677132825,-0.0057999999999999,0.1562907089824808,1.5185751303692945,1.0,0.9331171098332481,0.06688283609317376,5.4073578068174105e-08,0.24550109031691128,0.9771588865619768,0
2016-12-30,1.31,-0.0039466656403576,0.0,0.0124652381294069,0.235,0.3828368217493284,54.0,-0.005416795984761,0.0190616083337553,0.0146341463414634,0.0,0.0165845940150362,1.5689290811059045,0.0024168390406811,0.0109071223555185,-0.353553390593274,-1.0,0.5934959979955285,0.1236065185521216,3.2168954427512624,-0.01,0.4503239711903852,0.0188706223920476,0.0051739520574628,0.0044547833327729,-1.2405847065382396,0.2938646121200338,-0.00636,0.1095363605643154,1.0190249103905655,1.0,0.9722880383922169,0.027711403616037827,5.579917451065226e-07,0.1267030572557037,0.9778233117660198,0
2017-01-06,1.23,0.0003706656548616,0.0058277278902547,0.0126455696607324,0.28,0.4189596942830226,65.0,-0.0080312814192748,0.0250004220905299,0.0593495934959349,0.0021887003841229,0.016465034581306,1.5985570416428607,0.0027104714920845,0.0094589188477786,-1.163862360843016,-10.0,0.3288835924126176,0.0759699188589334,3.1452398853907235,0.02,0.6281665237305576,0.0213870293098209,0.0157007220647918,0.0011165527341474,-1.268770722487893,0.3020470007277256,-0.0056899999999999,0.0701910657722735,1.0202237558106009,1.0,0.9962264230300978,0.003773568986207797,7.983694527159062e-09,0.02482210826057567,0.9782293598033593,0
2017-01-13,1.12,-0.0001329410673596,0.0058277278902547,-0.0219885807318637,0.28,0.4511459072103762,65.0,-0.0080312814192748,0.0250004220905299,0.0593495934959349,0.0021887003841229,0.016465034581306,1.6267002938941175,0.0027104714920845,0.0061994016330067,-0.1940219815621085,-10.0,0.6280952693437516,0.0791810763828532,3.0708084038889045,0.0,0.7800815362364149,0.0179684571716305,0.0157007220647918,-0.0014980115119826,-1.317227922354356,0.3106296820922449,-0.0057699999999999,0.0576782950012208,0.8298693693913497,1.0,0.9992658718445941,0.0007341268025100688,1.3528957824815654e-09,0.006031953687864305,0.9782809155653179,0
2017-01-20,1.15,0.0018526632961326,0.0058277278902547,0.0017561227446697,0.28,0.4801877180478234,65.0,-0.0080312814192748,0.0250004220905299,0.0593495934959349,0.0021887003841229,0.016465034581306,1.6534346536369433,0.0027104714920845,0.0059747207429012,-0.1940219815621085,-10.0,0.4978962541419514,0.0744503669760023,2.993393933283765,-0.03,0.6284560548396825,0.0152853495309917,0.0157007220647918,-0.0003755072377187,-1.3289763415128408,0.3211881106350611,-0.0048,0.050550540479993,1.12476767817236,1.0,0.9982003973316173,0.001799597362567083,5.305815848975907e-09,0.013171884952539518,0.9782628427647655,0
2017-01-27,1.19,-0.0017754830008711,0.0058277278902547,-0.0077605873552506,0.28,0.5066261642943755,65.0,-0.0080312814192748,0.0250004220905299,0.0440705128205127,0.0021887003841229,0.0010801020079215,1.678827429625483,0.0009293945305906,0.0068735216787877,0.3535533905932756,-10.0,0.4756309351102052,0.0722594531631176,2.9127586401774925,0.02,0.5814991034553421,0.0162851928606461,0.0155812792328767,-0.0074297571670546,-1.295025427052561,0.3325920868410852,-0.0036599999999999,0.035757117173143,1.531732889449676,1.0,0.999237738319397,0.0007622607730628536,9.075402265377398e-10,0.006234429169518261,0.9782804383588108,0
2017-02-03,1.07,0.0002342326399478,0.0031461173864164,0.0022656573633585,0.12,0.5391544260616213,59.0,-0.0068645911686161,0.0273795817148931,-0.0112179487179486,0.0021200397657175,0.0081215880758667,3.4411536527071527,0.0015816523446172,0.0062044226894441,-2.013277883259611,15.0,0.4847309828242698,0.0712014245443659,3.531532168480779,-0.01,0.7426352507178644,0.0170159531732287,0.0260124868796785,-0.0008479538839289,-1.205779946658322,0.3433498253445739,-0.00234,0.0256347977777357,1.8791062645355008,1.0,0.9994571631637731,0.0005428356635279783,1.1726988391646993e-09,0.0046241342252916744,0.9782841602883082,0
2017-02-10,1.03,0.0005287523398131,0.0031461173864164,0.0058126373966932,0.12,0.5678674476650412,59.0,-0.0068645911686161,0.0273795817148931,-0.0112179487179486,0.0021200397657175,0.0081215880758667,4.469383024018627,0.0015816523446172,0.0074372222573223,0.525041368840828,15.0,0.5432349848590252,0.0609449400220405,4.036036763977989,0.04,0.829483683196395,0.0130463641214174,0.0260124868796785,-0.0040824843210723,-1.0888927204393803,0.3502377989839912,-0.0012499999999999,0.009258200995696,1.7261508632571163,1.0,0.9993476559260933,0.0006523417051855383,2.368721280893034e-09,0.005437066897675844,0.978282302803445,0
2017-02-17,1.06,-0.0003500712260302,0.0031461173864164,-0.0030713962167055,0.12,0.5933193906109485,59.0,-0.0068645911686161,0.0273795817148931,-0.0112179487179486,0.0021200397657175,0.0081215880758667,5.21727898429835,0.0015816523446172,0.0073431631710023,0.525041368840828,15.0,0.5709534806898462,0.0506387767850909,4.465174442889183,-0.02,0.8016195217780091,0.012345999690256,0.0260124868796785,-0.0050858975673801,-0.8733883219576819,0.3569731982284383,0.0006099999999999,0.0083452296017103,1.7229054418063123,1.0,0.9952157416510603,0.004784228824371878,2.952456799762754e-08,0.03033271705455564,0.9782122164087027,0
2017-02-24,1.2,0.0031486016042467,0.0031461173864164,0.0198846379602137,0.12,0.6159146682892476,59.0,-0.0068645911686161,0.0273795817148931,-0.0112179487179486,0.0021200397657175,0.0081215880758667,5.794427030810363,0.0015816523446172,0.0069361649843957,0.525041368840828,15.0,0.4667783812789632,0.0680204801092319,4.83903808548362,-0.01,0.6470409911230897,0.012325226706592,0.0260124868796785,-0.0002509109142287,-0.4574423527054907,0.3605025715198773,0.0021599999999999,0.0327053949235464,1.6177437044166054,1.0,0.9982757349079866,0.0017242564285206994,8.663492702423988e-09,0.01269431213301203,0.9782641206550632,0
2017-03-03,1.36,-0.0023908508555727,0.0008127978719472,-0.022554026777464,0.15,0.6213635295650869,57.0,0.0071620675905506,0.0238061243344027,-0.0237912509593246,-0.0002151411565032,0.0084958267883826,6.0277563117504425,0.0028989925803334,0.0074354598051225,2.164854178737924,5.0,0.6968786843702242,0.0810643483378074,4.905440695420788,0.1899999999999999,0.4846883226503395,0.0172052845610834,0.0229630034822415,0.0111802141199493,0.1720307808572166,0.3689065003943796,0.00195,0.0540997755471143,1.1850149066548408,1.0,0.993883173873757,0.006116809887334219,1.6238908589705044e-08,0.03727400547016923,0.9781896131233988,0
2017-03-10,1.41,0.0004087018042546,0.0008127978719472,-0.0009897359721193,0.15,0.625358653283809,57.0,0.0071620675905506,0.0238061243344027,-0.0237912509593246,-0.0002151411565032,0.0084958267883826,6.222539674441707,0.0028989925803334,0.0072080611328306,-0.1114257819143775,5.0,0.6509329598894116,0.0836660026534365,4.970652939862922,0.04,0.2594805630770596,0.0182917914661379,0.0229630034822415,-0.0024511643870147,1.364046172166727,0.3795826079517771,0.0025799999999999,0.0754036755448761,1.1205904112135006,1.0,0.9975778939978416,0.002422092705809572,1.3296348896062077e-08,0.017007974623579152,0.97825228373147,0
2017-03-17,1.47,0.0021832621798092,0.0008127978719472,-0.0054530572760314,0.15,0.6279277878099708,57.0,0.0071620675905506,0.0238061243344027,-0.0237912509593246,-0.0002151411565032,0.0084958267883826,6.382307275104139,0.0028989925803334,0.0084782337826268,-0.1114257819143775,5.0,0.5458836068468766,0.0825378700961265,5.034721073663718,-0.02,0.2368154279362171,0.02005063668228,0.0229630034822415,0.0016074182006774,1.7546929797960982,0.3871263585656171,0.00235,0.081755296901127,0.8498274376217165,0.0,0.9992525421026492,0.0007474550830957554,2.8142549335897795e-09,0.006128040707424967,0.9782806894629315,0
2017-03-24,1.42,0.0019373197955869,0.0008127978719472,-0.0235433098241395,0.15,0.6290884041806333,57.0,0.0071620675905506,0.0238061243344027,-0.0237912509593246,-0.0002151411565032,0.0084958267883826,6.5096378252085305,0.0028989925803334,0.008066119282378,-0.1114257819143775,5.0,0.7032115088318509,0.1048808848170409,5.097688234814609,0.05,0.2156614884357439,0.0192619062977115,0.0229630034822415,0.0077646437231213,1.5168456492437776,0.3918676997631883,0.0015,0.0811414109526787,0.3051016803584673,1.0,0.9983755663560093,0.001624410880448597,2.276354218052134e-08,0.012056471800781943,0.9782658140114625,0
2017-03-31,1.49,-0.001924418454052,0.0,0.0055195195523693,0.15,0.6343053282692642,53.0,0.0037671541867012,0.0189750941440518,0.0307941653160452,0.0,0.0022028248635091,6.607222155746364,0.0023330700865361,0.0081473623287754,-0.3535533905932741,2.0,0.6308793995069637,0.0970640436589899,5.20278814914538,-0.02,0.3753736671630574,0.0176901018144407,0.0108873815579777,-0.0004056641618569,0.9288126915542066,0.3955628710042043,-0.0013599999999999,0.0795410944999421,-1.5324533828180933,1.0,0.9984052725815648,0.001594713949391743,1.3469043474703026e-08,0.011865348929487261,0.9782663178980797,0
2017-04-07,1.43,0.0011222435563844,0.0029655333653266,-0.0049188520664718,0.065,0.6350025790624915,53.0,0.0139930110976955,0.0219968987841729,0.0137763371150729,0.001127741647539,0.0021808084663752,6.688681599423202,0.004001920338839,0.0073432534276297,2.021324437678193,2.0,0.6386934182694526,0.1147668443908545,5.297200376145724,0.0599999999999999,0.3152064469534283,0.0172809830880957,0.0130676007937575,-0.0015130405556067,-0.0261601368014615,0.3976649415419571,-0.0033299999999999,0.0763450812334008,-1.9663833160930109,1.0,0.9979199584082198,0.002080014990300716,2.66014795849577e-08,0.014923224136677205,0.978258085893778,0
2017-04-14,1.42,0.0022030852132264,0.0029655333653266,3.0841088886438776e-05,0.065,0.6350137565701451,53.0,0.0139930110976955,0.0219968987841729,0.0137763371150729,0.001127741647539,0.0021808084663752,6.754599572485133,0.004001920338839,0.0074298188447934,-0.5243232124152316,2.0,0.6966351641590933,0.1387443692551394,5.381487456068225,-0.0099999999999998,0.3176412165746136,0.0191168672505328,0.0130676007937575,-0.011766664670756,-1.5995983282359794,0.3977468593246321,-0.00573,0.0763450812334008,-1.8342827464088,1.0,0.9728599926033744,0.027133632857252406,6.374539373206837e-06,0.12471510463324174,0.9778330111970425,0
2017-04-21,1.56,-0.0011644574234941,0.0029655333653266,-0.0162194920853182,0.065,0.6343388970595406,53.0,0.0139930110976955,0.0219968987841729,0.0137763371150729,0.001127741647539,0.0021808084663752,6.805427698083867,0.004001920338839,0.0075248850817719,-0.5243232124152316,2.0,0.4490653825041548,0.1509020495932225,5.456118654247851,-0.02,0.1346901315185156,0.0186447020128091,0.0130676007937575,0.0094084388943145,-2.063628719416577,0.3987890323313027,-0.0077699999999999,0.0565685424945991,-1.6334150375761394,1.0,0.9719510819653031,0.028047748245247497,1.1697894493045341e-06,0.1279061534470869,0.9778175960126789,0
2017-04-28,1.6,-0.0020378320574557,0.0029655333653266,0.0166272007772095,0.065,0.6329758062392088,53.0,0.0139930110976955,0.0219968987841729,-0.0165094339622641,0.001127741647539,0.0003648641801763,6.841502309153652,0.0036018177796752,0.0070130332563864,-0.3535533905932739,2.0,0.5041322603548433,0.1458411562527874,5.521485525949839,0.01,0.0742596645923971,0.0169911356480935,0.0058369663541344,0.00390501222727,-1.9802460637017176,0.3998662578072503,-0.01015,0.0542481072740823,-1.533071894796921,1.0,0.9983531222021224,0.001646875895076224,1.902801500389875e-09,0.012200181210713585,0.9782654333168811,0
2017-05-05,1.51,0.0002469720201281,0.0008547218268963,-0.0032739102739099,0.02,0.6256490691843155,56.0,0.0175007925347292,0.0187487772084136,-0.050314465408805,0.0008080341683018,0.0004774731873031,6.799660625015449,0.0035661683196148,0.0071913906163241,-0.0666448913881947,4.0,0.554497821380801,0.1180496263684123,5.558410528362447,0.0999999999999999,0.0349306175239814,0.0198583436969148,0.0127077528501098,-0.0101518551490768,-1.796104295938826,0.4013390106983618,-0.0101599999999999,0.046598589800462,-1.182466310626619,1.0,0.9996594429470619,0.00034055659705126503,4.5588691938343115e-10,0.003059829188195119,0.9782875914001007,0
2017-05-12,1.52,0.0004949403365415,0.0008547218268963,-0.0182044120909325,0.02,0.6177889017956874,56.0,0.0175007925347292,0.0187487772084136,-0.050314465408805,0.0008080341683018,0.0004774731873031,6.746395048753594,0.0035661683196148,0.0079977600831831,-0.3985795442995899,4.0,0.6335878322802613,0.0827647267862811,5.591788582154355,-0.02,0.0352737740837338,0.0178510423370282,0.0127077528501098,-0.0028538561606702,-1.6453750802372549,0.400925212029712,-0.01,0.0410574510372645,-0.9273011690822194,1.0,0.9995413749938353,0.00045862419161216546,8.145524052981182e-10,0.003984109186814105,0.9782855887069223,0
2017-05-19,1.51,-0.0014197067638264,0.0008547218268963,0.010461892590162,0.02,0.6093746626799801,56.0,0.0175007925347292,0.0187487772084136,-0.050314465408805,0.0008080341683018,0.0004774731873031,6.681432366008003,0.0035661683196148,0.0120553750562916,-0.3985795442995899,4.0,0.5790494591355535,0.0966492184581927,5.621682866400199,0.04,0.0540314519592604,0.0187894418120263,0.0127077528501098,0.0237992824573156,-1.5145741227451155,0.400864450522058,-0.0088599999999999,0.0413175853252096,-0.5010977540016569,1.0,0.9997427642047897,0.00025723316708468305,2.6281256599748837e-09,0.002383422478291888,0.9782890047116966,0
2017-05-26,1.51,0.0008381261433572,0.0008547218268963,0.0059764866414541,0.02,0.6003830567016816,56.0,0.0175007925347292,0.0187487772084136,-0.050314465408805,0.0008080341683018,0.0004774731873031,6.604427419425726,0.0035661683196148,0.0113007665815844,-0.3985795442995899,4.0,0.4919318555924217,0.0853145440624268,5.648148697618335,0.0199999999999999,0.0095276178504006,0.0191874122166612,0.0127077528501098,-0.0025929378006909,-1.4425179950727165,0.400849399809135,-0.00906,0.0429077082647698,-0.3785351691291961,1.0,0.9998829855119625,0.00011701442610844738,6.192896796268613e-11,0.0011763656595462923,0.9782913831754718,0
2017-06-02,1.45,-0.0024465135504373,0.000907111014861,0.0031063445001211,0.0349999999999999,0.5905322292075573,57.0,0.0148033085465391,0.0163348795525646,0.0815347721822541,0.0012568110408464,0.0077068832789603,6.389534712806139,0.0007864867700799,0.010858450645652,2.103811742403558,9.0,0.2506255504978603,0.1099269237786506,5.69919022588031,0.04,-0.0197449425249389,0.0192381974699699,0.045782403800446,-0.003520774377728,-1.358187290862734,0.3980665943968472,-0.0071899999999999,0.0424264068707585,0.88895481800905,1.0,0.9998961996681905,0.00010380021154086312,1.2026846725391574e-10,0.0010559614485435246,0.9782916073167012,0
2017-06-09,1.49,0.0005670512929172,0.000907111014861,0.0006889286483009,0.0349999999999999,0.5802513317627235,57.0,0.0148033085465391,0.0163348795525646,0.0815347721822541,0.0012568110408464,0.0077068832789603,6.136899743481167,0.0007864867700799,0.0115733166506055,-0.5155576588939076,9.0,0.1889671522439748,0.1251285053740824,5.747417283429545,0.03,-0.0660280799657571,0.0170046274640138,0.045782403800446,-0.0070233063938622,-1.2856685021133047,0.3940153257464996,-0.0058,0.0430116263347872,1.781433680777564,1.0,0.999910220568741,8.97792258690821e-05,2.0538994392794657e-10,0.0009263568996604684,0.9782918451420848,0
2017-06-16,1.43,0.0030983028802833,0.000907111014861,-0.0072051722192953,0.0349999999999999,0.5695170740312848,57.0,0.0148033085465391,0.0163348795525646,0.0815347721822541,0.0012568110408464,0.0077068832789603,5.841627802643377,0.0007864867700799,0.0119180739113262,-0.5155576588939076,9.0,0.1578345593150996,0.1406109119927673,5.792900163794702,0.02,-0.0675280928445485,0.0172953772339325,0.045782403800446,0.0010280968852273,-1.2226271748514972,0.3888969492090616,-0.0044199999999999,0.0254950975672489,1.7398824883568866,1.0,0.9999234222964742,7.657758018003354e-05,1.2334569575546834e-10,0.0008023191041435333,0.9782920690725518,0
2017-06-23,1.36,-0.0004494814766493,0.000907111014861,-0.0099558450505602,0.0349999999999999,0.5583033069354618,57.0,0.0148033085465391,0.0163348795525646,0.0815347721822541,0.0012568110408464,0.0077068832789603,5.496852246093695,0.0007864867700799,0.0119271617853869,-0.5155576588939076,9.0,0.1003005131015131,0.1276084972540545,5.835703030848446,-0.06,-0.0971872612811425,0.0164604771170103,0.045782403800446,0.005415535396308,-1.152449379663092,0.3821118482265312,-0.00306,0.026726124190562,1.6009871673345517,1.0,0.9999363710039395,6.362893099040397e-05,6.507010803257891e-11,0.0006784393723343617,0.9782922887112282,0
2017-06-30,1.43,-0.0024383936819006,0.0,-0.0116459520141586,0.0349999999999999,0.5408721480408129,60.0,0.0136152615374669,0.0179821134697542,0.1200331125827813,0.0,0.0076463658109769,5.139440256861326,0.0007283551207838,0.0121937225395049,-0.3535533905932767,1.0,0.0160696677129839,0.1043260685132829,5.795243017247818,0.06,-0.0602163841981679,0.0117615991739056,0.0424381139371065,-0.0097965512839997,-1.1413532304101326,0.372448382851139,-0.0032799999999999,0.0365474251579779,1.1679221501431447,1.0,0.998673042874124,0.0013269496089104373,7.516965406131677e-09,0.010117088912083698,0.9782708598753935,0
2017-07-07,1.39,0.0008793849100237,-0.000689922638852,0.0108882018502335,-0.01,0.5217534794011164,60.0,0.0111879691957106,0.0172797845637249,0.0397350993377483,0.0009493696026947,0.0089952842456461,4.739360554076795,0.0011931079796673,0.0109455702511543,-1.9720465336743576,10.0,0.0224919532668961,0.0789212989539653,5.752139086670148,0.02,-0.0259854725642115,0.0152860098120444,0.0524481598173294,0.0044671670411177,-1.1654760391012935,0.3592333045796247,-0.00311,0.0445413130856338,0.9855419434053764,1.0,0.9996738516072908,0.0003261471881447499,1.2045644122872692e-09,0.0029444823297382705,0.9782878358024958,0
2017-07-14,1.44,-0.000127594648367,-0.000689922638852,-0.0042480650497102,-0.01,0.5012970237679647,60.0,0.0111879691957106,0.0172797845637249,0.0397350993377483,0.0009493696026947,0.0089952842456461,4.284677530277182,0.0011931079796673,0.0070677210499775,0.0350543143883258,10.0,0.0812772038103371,0.0766718424754562,5.706331325341214,-0.01,0.0128400466331166,0.013948182220145,0.0524481598173294,-5.274473805320923e-05,-1.2508646620691644,0.3522499862177268,-0.0032299999999999,0.0396412483581503,0.7378296229427102,1.0,0.9999419824233826,5.801754388867698e-05,3.272866880123717e-11,0.0006239641967535216,0.9782923838932974,0
2017-07-21,1.36,0.0022837879043642,-0.000689922638852,-0.011232185224122,-0.01,0.4793315333259724,60.0,0.0111879691957106,0.0172797845637249,0.0397350993377483,0.0009493696026947,0.0089952842456461,3.7556111865601833,0.0011931079796673,0.0094600915877481,0.0350543143883258,10.0,0.0694994892502149,0.0879021371429367,5.657754059295558,0.1199999999999998,0.0357547381795961,0.0159034996194095,0.0524481598173294,1.3153667138207648e-05,-1.26704467953209,0.3429136095138033,-0.0021999999999999,0.0365474251579829,1.0971177563355714,0.0,0.999937347642644,6.265228456834707e-05,7.278776655598856e-11,0.0006689952909168573,0.9782923052771729,0
2017-07-28,1.31,-0.0025953209171608,-0.000689922638852,0.0187070825661499,-0.01,0.4556388171273343,60.0,0.0111879691957106,0.0172797845637249,-0.0716925351071692,0.0009493696026947,0.0059545834205181,3.1144823004795814,0.0008466500751846,0.0126846026269791,0.3535533905932759,10.0,0.0226008549577718,0.0865200224556384,5.606335298134901,-0.0799999999999998,0.1949519448996306,0.0162646440969227,0.025347138867367,-0.0009578029346587,-1.0500844000394636,0.3288629343094711,0.0003699999999999,0.0250713268204057,1.9553574616418536,0.0,0.9998007291494497,0.00019927058023277842,2.7031759942648044e-10,0.0018972110674993386,0.978289987925959,0
2017-08-04,1.33,0.0003498097769369,0.0029944522971085,0.0083661368027129,-0.04,0.4394886002980588,65.0,0.0085230146686898,0.0193897421205817,-0.0251293422025129,0.0021826696033493,0.0149330750449111,2.92495890832422,0.0015823547681179,0.0125706375925702,-2.0993531660518285,-12.0,0.0007214484083108,0.0868393426309834,5.599773751085716,0.0,0.1861244673683215,0.0163470287668082,0.0329454270398835,-0.0064355813175571,-0.4378327839997814,0.3185174934994926,0.0030799999999999,0.025035688811173,2.0462739006649517,1.0,0.9999394590324079,6.054084289827744e-05,1.246938504175193e-10,0.0006485262887512896,0.9782923410909835,0
2017-08-11,1.29,0.0005008007887443,0.0029944522971085,0.0074458537031794,-0.04,0.4220365875471845,65.0,0.0085230146686898,0.0193897421205817,-0.0251293422025129,0.0021826696033493,0.0149330750449111,2.7132155206579283,0.0015823547681179,0.0129931517311601,0.5161032915958271,-12.0,0.1535189789857898,0.0832809359080706,5.581799501163731,-0.05,0.0973251933693035,0.0177141399432296,0.0329454270398835,0.0006934303185642,0.8469921524857601,0.3037662036595117,0.00526,0.0297309362683505,1.811454724941861,1.0,0.9824283416949418,0.017561645689668486,1.0012615389498483e-05,0.08851646513005333,0.9779953101533231,0
2017-08-18,1.34,-0.0013899943232201,0.0029944522971085,-0.0140020827643577,-0.04,0.4031137382709408,65.0,0.0085230146686898,0.0193897421205817,-0.0251293422025129,0.0021826696033493,0.0149330750449111,2.4735524127178232,0.0015823547681179,0.0129734181174369,0.5161032915958271,-12.0,0.1195819518619623,0.0839961733822858,5.552301711780674,-0.01,-0.0002061446029699,0.0177979767047357,0.0329454270398835,0.0127338801162038,1.803150699398068,0.2908262401517869,0.0053999999999999,0.0305894472927907,1.342944563378026,1.0,0.9989299317849107,0.0010700254424159926,4.277267327940692e-08,0.008389273207903902,0.9782752172650533,0
2017-08-25,1.31,0.0002164525929608,0.0029944522971085,0.0073072724721673,-0.04,0.3825018222895777,65.0,0.0085230146686898,0.0193897421205817,-0.0251293422025129,0.0021826696033493,0.0149330750449111,2.196850893018114,0.0015823547681179,0.012597357104394,0.5161032915958271,-12.0,0.0073144925359041,0.0833987838212713,5.511095348993825,0.01,0.0048278661877207,0.0166773148994558,0.0329454270398835,0.0020306743216751,1.7498299804454376,0.278599709060197,0.0040299999999999,0.0285043856268485,0.7637228838283979,1.0,0.9998893900904058,0.00011060947225598053,4.3733825772181515e-10,0.0011182107384383633,0.9782914918111159,0
2017-09-01,1.28,-0.0025711064270491,0.0052949058932301,-5.0659564078496034e-05,-0.005,0.3769536473169517,61.0,0.0106303363083151,0.0223296386500322,0.0135350318471336,0.0010968776605224,0.0150674643603092,2.243623442970497,0.0015577918250894,0.0125560985195386,0.9118514230760184,-4.0,0.0995701548789944,0.0623211727379928,5.526673289335891,-0.01,0.0641314666266772,0.0121812334071633,0.02300002047561,0.0016450883050425,1.454751005191543,0.2645095635334257,0.0021499999999999,0.0198206241783946,0.0893693123935596,1.0,0.9998871785173751,0.00011282135520304311,1.2742194108295925e-10,0.0011383308483663283,0.9782914542980725,0
2017-09-08,1.32,0.0002502043859886,0.0052949058932301,-0.0149269122246585,-0.005,0.3707212938804007,61.0,0.0106303363083151,0.0223296386500322,0.0135350318471336,0.0010968776605224,0.0150674643603092,2.288768563761345,0.0015577918250894,0.0139619395997327,0.2492635739001544,-4.0,0.0332499734901037,0.0634710282615763,5.532401473442463,0.02,0.0348735491907612,0.012242375018229,0.02300002047561,0.0030052933238624,1.1333391109642246,0.2535089343373889,0.00033,0.0319597961725738,-0.7391429538825777,1.0,0.9998493166844489,0.00015068204427546195,1.2712756188685589e-09,0.0014767510139048914,0.9782908120774032,0
2017-09-15,1.34,0.0039744253587199,0.0052949058932301,-0.0117688313938448,-0.005,0.363769598217422,61.0,0.0106303363083151,0.0223296386500322,0.0135350318471336,0.0010968776605224,0.0150674643603092,2.332380757938255,0.0015577918250894,0.013268871691459,0.2492635739001544,-4.0,0.02578018194864,0.0586606463362088,5.528310519007594,0.01,0.1594236766200449,0.015407310549668,0.02300002047561,0.0057409610612835,0.6156657154494973,0.2417847009820907,-0.0028599999999999,0.0370086862385953,-1.7932418777279904,1.0,0.9998315851128028,0.0001684147790192555,1.0817798421700253e-10,0.0016317727927372605,0.9782905113112523,0
2017-09-22,1.42,-0.002817604503873,0.0052949058932301,0.0040108133092673,-0.005,0.3560564292050789,61.0,0.0106303363083151,0.0223296386500322,0.0135350318471336,0.0010968776605224,0.0150674643603092,2.3745444907312567,0.0015577918250894,0.0109513475308911,0.2492635739001544,-4.0,0.0013537011923672,0.0604743156815618,5.514378572488818,-0.02,0.1389388572117118,0.0179131676896726,0.02300002047561,-0.0117401844167513,-0.1977530731717605,0.2247239801846354,-0.00439,0.0574300817140147,-1.6448131523844702,1.0,0.9998504395238158,0.0001495603972813289,7.890289684564547e-11,0.0014668507273577335,0.9782908311236828,0
2017-09-29,1.45,-0.0006537961896354,0.0,0.0033168097904353,-0.005,0.3475310897018836,61.0,0.0106303363083151,0.0223296386500322,-0.0348749052312358,0.0,0.0062090988017412,2.438473671408913,0.0003649285943481,0.0108575402462114,-0.3535533905932859,-4.0,0.0347557034016983,0.0732900305051024,5.5307654547844365,0.03,0.0711027440119178,0.0180151518003823,0.0123301409911226,-0.020910029711074,-1.4631338894043322,0.2043556625162428,-0.00548,0.0713141941388849,-1.3854732762533843,1.0,0.999479931755068,0.0005200678713903898,3.735416952814162e-10,0.0044524609489886985,0.9782845464941623,0
2017-10-06,1.5,0.0010685283283444,-0.0006320421037276,-0.0175741107391858,0.05,0.342466179627369,55.0,0.0229199553265404,0.0204112870197616,0.028051554207733,0.0028242330269132,0.0225593147140376,2.550414747568716,0.0043181417724378,0.0104769050914684,2.4662010842524835,-3.0,-0.103351128732365,0.0884388408530931,5.560309680276172,0.01,-0.0104396796512137,0.0161056210770646,0.0276518823572224,-0.0068820839122926,-1.939312033273064,0.1894777294427768,-0.0068599999999999,0.0884792146695261,-1.2861685601034458,1.0,0.9999001278605306,9.987199176232955e-05,1.4770707351388462e-10,0.0010198534595779274,0.978291673947502,0
2017-10-13,1.53,-0.0002257633918942,-0.0006320421037276,0.0196088510647588,0.05,0.3371416982751832,55.0,0.0229199553265404,0.0204112870197616,0.028051554207733,0.0028242330269132,0.0225593147140376,2.6524299454246134,0.0043181417724378,0.0106438245144279,-0.3864618649013061,-3.0,-0.0867580147288245,0.0884792146697831,5.581529277889652,0.02,0.0218471166267015,0.0183644992559981,0.0276518823572224,-0.0010093080865935,-1.7969398400366243,0.1763980997425964,-0.0070799999999999,0.0923889294541246,-1.0797963449157744,1.0,0.9999413758210213,5.8624052598170184e-05,1.2638066973354072e-10,0.0006298795361023907,0.9782923736039478,0
2017-10-20,1.56,0.0023115139541844,-0.0006320421037276,0.0330808127640208,0.05,0.3315451400508028,55.0,0.0229199553265404,0.0204112870197616,0.028051554207733,0.0028242330269132,0.0225593147140376,2.7456258919346843,0.0043181417724378,0.0104335637282894,-0.3864618649013061,-3.0,-0.0260608312292806,0.0931588505112716,5.594518972524476,0.02,0.0121927780764354,0.0195835439834401,0.0276518823572224,-0.0070800881409335,-1.634634813084358,0.1581018391846947,-0.00684,0.1073628693462084,-0.8456894136372697,1.0,0.999764441017296,0.00023555833150233993,6.51201552791585e-10,0.0022032937780940847,0.9782893723990129,0
2017-10-27,1.6,-0.0019253989564901,-0.0006320421037276,0.0100542627339328,0.05,0.3256624782115078,55.0,0.0229199553265404,0.0204112870197616,0.0652003142183816,0.0028242330269132,0.0208191271011812,2.8308737438901685,0.0043551424520199,0.0111807964684335,-0.3535533905932738,-3.0,-0.113687575988723,0.0988505365257996,5.599336041225221,-0.01,0.1067761946914924,0.0165263346697789,0.0230517921596557,0.0008156215029112,-1.4729525628610634,0.1453101691173303,-0.0053799999999999,0.109340555800777,-0.2217364115917386,1.0,0.9998640250238559,0.00013597470512808927,2.710160316754182e-10,0.0013465601686463065,0.9782910615636725,0
2017-11-03,1.52,-0.0011723521261602,2.4324685907517463e-05,0.0068784032011885,-0.0049999999999999,0.3212367823963037,57.0,0.0296627015397192,0.0220258293868318,0.0204241948153967,0.0011438669012251,0.0232173067659232,2.8887047936083667,0.0043162743025733,0.0069964666655034,0.1282699541862131,1.0,0.0784242901231029,0.0649725216644569,5.574228297812922,0.0799999999999998,0.2625368680495601,0.0142608534395539,0.0291571579350466,0.0005680863680295,-1.3452157961565914,0.1243195658354317,-0.00421,0.0817552969011478,0.7807741866426281,1.0,0.99989158126676,0.00010841822473134623,5.085088486974018e-10,0.0010982294769535028,0.9782915289782761,0
2017-11-10,1.7,0.0005980851848352,2.4324685907517463e-05,-0.0062884761925721,-0.0049999999999999,0.3164394127690478,57.0,0.0296627015397192,0.0220258293868318,0.0204241948153967,0.0011438669012251,0.0232173067659232,2.932313342475885,0.0043162743025733,0.0072921165707921,-0.4260238757564883,1.0,0.2207447174703571,0.0614119578863783,5.539213016724044,0.05,0.2704881744811442,0.0139811310247325,0.0291571579350466,-5.079732988350072e-05,-1.1897180209511264,0.1219269308669184,-0.0021599999999999,0.0760521437659404,1.862863050888928,1.0,0.998948703466795,0.001051264536949926,3.199625522307853e-08,0.008260617394607248,0.9782755356782332,0
2017-11-17,1.74,-0.0023018684092952,2.4324685907517463e-05,0.0013161053375113,-0.0049999999999999,0.3112531838917147,57.0,0.0296627015397192,0.0220258293868318,0.0204241948153967,0.0011438669012251,0.0232173067659232,2.962327567198665,0.0043162743025733,0.0080213648700116,-0.4260238757564883,1.0,0.0893422280321551,0.08871100753093,5.494100771562526,0.06,0.2376887926628903,0.0143863281041593,0.0291571579350466,0.0065825623563905,-1.0477850525835164,0.1219388368802419,-0.00112,0.0853145440621853,1.6818543497654417,1.0,0.9998501149678981,0.0001498780822583189,6.9498434654256586e-09,0.001469784035692405,0.9782908256159292,0
2017-11-24,1.74,0.0005228976804338,2.4324685907517463e-05,0.0160075478683187,-0.0049999999999999,0.3056583026054741,57.0,0.0296627015397192,0.0220258293868318,0.0204241948153967,0.0011438669012251,0.0232173067659232,2.979158373666151,0.0043162743025733,0.0090543166464794,-0.4260238757564883,1.0,-0.0881685805585842,0.1034321723919802,5.438640312288995,0.0,0.2798523448834069,0.014207100894038,0.0291571579350466,0.0021065168100585,-0.955393301709072,0.1218986300913083,-0.00091,0.0853145440621879,1.3010096741763335,1.0,0.9999449095745406,5.509031532217269e-05,1.1013719896069439e-10,0.0005953366280869867,0.9782924335442118,0
2017-12-01,1.76,-0.0027014244098849,-0.0005878322772623,0.0035158875225006,-0.03,0.305584226470615,57.0,0.0246714346595786,0.0210908247456842,-0.0331858407079646,0.0020802471081413,0.0112320752003269,2.979158373666151,0.0010130648484455,0.0085378604803795,1.3935667332948816,-9.0,-0.1091385297248492,0.0973854638610853,5.236200711239545,-0.02,0.1292569710861006,0.0140849862559353,0.0156654914442309,0.0106699359294939,-0.9388053405650744,0.1216668732824869,-0.0010899999999999,0.0920791584916988,0.9589572986479408,1.0,0.999835999436447,0.0001639985002408166,2.063312171389481e-09,0.0015933824445371106,0.9782905861871919,0
2017-12-08,1.83,-0.0003253283924271,-0.0005878322772623,-0.0118649138884487,-0.03,0.3055086666883291,57.0,0.0246714346595786,0.0210908247456842,-0.0331858407079646,0.0020802471081413,0.0112320752003269,2.979158373666151,0.0010130648484455,0.010308176305003,-0.5364566587304879,-9.0,-0.2600106683720448,0.099426929378939,5.0165262328574105,0.01,0.113786419618477,0.0136026162945234,0.0156654914442309,-0.0015996458243459,-1.031946855865803,0.1203670855930131,-0.00128,0.0822778394047345,0.6935795184143553,1.0,0.9999637541692572,3.6245788456475445e-05,4.2286260712080146e-11,0.00040686616204861365,0.9782927531901506,0
2017-12-15,1.75,0.0035108137028558,-0.0005878322772623,-0.0088501507765235,-0.03,0.3054316221575114,57.0,0.0246714346595786,0.0210908247456842,-0.0331858407079646,0.0020802471081413,0.0112320752003269,2.979158373666151,0.0010130648484455,0.0099071478574317,-0.5364566587304879,-9.0,-0.2351390870474271,0.0922728872112286,4.77723990565034,0.03,0.104046195615024,0.0131088759951687,0.0156654914442309,0.0018733118781931,-1.4391557657822411,0.1144207986136814,-0.0026999999999999,0.0868393426307468,-0.2080045867840072,1.0,0.9999639186875648,3.608125303995085e-05,5.939524168865429e-11,0.00040518379412492374,0.9782927559807381,0
2017-12-22,1.84,-0.0011804005007269,-0.0005878322772623,0.0074191037383823,-0.03,0.3053530917542981,57.0,0.0246714346595786,0.0210908247456842,-0.0331858407079646,0.0020802471081413,0.0112320752003269,2.979158373666151,0.0010130648484455,0.0081255803661591,-0.5364566587304879,-9.0,-0.2717094215250312,0.0515301576056941,4.515224789748573,0.02,0.1027914129740716,0.0144983376493751,0.0156654914442309,0.0009435213320204,-1.8283890600484207,0.112173777058032,-0.0038,0.0900694176730888,-1.2669476119702578,1.0,0.9999273653433178,7.263455341785193e-05,1.0326430120074413e-10,0.0007648467576227703,0.9782921359553356,0
2017-12-29,1.84,0.000272064791893,0.0,0.0014670869146616,-0.03,0.3052730743319835,57.0,0.0246714346595786,0.0210908247456842,0.0092378752886836,0.0,0.0093323737618527,2.789265136196364,0.0006912813266539,0.0096005318029518,-0.353553390593277,-1.0,-0.2070354224452014,0.055291435658278,4.226255648019,0.0599999999999998,0.1247207147430233,0.0166171237795937,0.0032660821301923,-0.0011189216635296,-1.793669709864243,0.1113259925689236,-0.0036399999999999,0.0814050717968816,-1.3193275840419822,1.0,0.9999535421462072,4.645723296478588e-05,6.20827953823636e-10,0.0005099727454799442,0.9782925799714871,0
2018-01-05,1.84,-0.0011153870361545,0.0054477454527752,0.0084455664671022,0.005,0.3007965841558576,61.0,0.0273528747654694,0.0207050762027516,0.0138568129330254,0.0033812474444061,0.0092558541091501,2.575924031369156,0.0006922581345589,0.0097258527417155,-0.3767235097647411,-9.0,-0.1491628604974101,0.0434042460070357,3.9043522916734106,0.0,0.1379884555775725,0.0167888020245478,0.0034315547907127,0.001166485973573,-1.6761636733063223,0.1123484398901007,-0.00362,0.0817225270567524,-1.041113905114288,1.0,0.9999014502876529,9.85495805084085e-05,1.3183888525920193e-10,0.001007662885105,0.9782916963787905,0
2018-01-12,1.85,0.0005274862176223,0.0054477454527752,-0.0016855210107596,0.005,0.2960175331361406,61.0,0.0273528747654694,0.0207050762027516,0.0138568129330254,0.0033812474444061,0.0092558541091501,2.332710539595292,0.0006922581345589,0.0095386531787121,-0.3496732249831323,-9.0,-0.0640537784185505,0.0458062690657616,3.540543029989722,0.04,0.2278022601335136,0.0160571758144802,0.0034315547907127,-0.0014021971143401,-1.2674926590257554,0.116075045938526,-9.99999999995449e-06,0.086684979749991,1.4301052504473868,0.0,0.9998870953480992,0.00011290437272467545,2.791761797381688e-10,0.0011390888034985068,0.9782914528872814,0
2018-01-19,1.92,-0.0015557587815914,0.0054477454527752,0.035470085541789,0.005,0.2909210108682826,61.0,0.0273528747654694,0.0207050762027516,0.0138568129330254,0.0033812474444061,0.0092558541091501,2.049014772631477,0.0006922581345589,0.0096414338491508,-0.3496732249831323,-9.0,-0.0059301040662869,0.059761430466808,3.1202037099446978,0.01,0.208889758592675,0.015624355941467,0.0034315547907127,0.0003947242942105,-0.4241640456806348,0.1220493372535058,0.0043999999999999,0.0966492184580019,2.131530535652329,0.0,0.9999019902549802,9.800877150130855e-05,9.73518478577237e-10,0.0010026905581154697,0.9782917055375132,0
2018-01-26,1.96,0.000489283409305,0.0054477454527752,-0.0017132404012705,0.005,0.2854900155201293,61.0,0.0273528747654694,0.0207050762027516,0.0045766590389015,0.0033812474444061,0.0007373376237595,1.7047445105218322,6.620562897488054e-06,0.0133022673174389,0.3535533906284192,-9.0,0.033618425516342,0.0798994904329122,2.616227350695458,-0.03,0.2439345809170714,0.0153512151079743,0.0016180933207937,0.0073516804461192,1.183030469248715,0.1283994756196635,0.0088599999999999,0.1108087154899972,1.981013575806268,0.0,0.9998193941841653,0.00018060370119318982,2.114641416177634e-09,0.0017372921450708155,0.9782903045254489,0
2018-02-02,1.91,-0.00497420022034,0.0045346899748657,0.0290000487607197,0.0349999999999999,0.2712342212047545,54.0,0.0339949534690326,0.0221179542123866,0.0076277650648359,0.0019866459773358,0.0149007864445889,2.7310184068332424,0.0008581755335008,0.0099924536092384,2.4748015881769567,12.0,-0.0708455795614796,0.1159356348521959,3.012480324813706,0.07,0.2158646613770667,0.0115246525706897,0.0018096589925236,0.0322638813217569,2.090075578657524,0.1446631026662965,0.01368,0.1133184514037485,1.8042105700673468,0.0,0.6251079754522176,0.3740178931804452,0.0008741313673378121,0.6676794205332981,0.9719340451270271,0
2018-02-09,1.87,0.0003439517109899,0.0045346899748657,0.025986887504263,0.0349999999999999,0.2557785620473891,54.0,0.0339949534690326,0.0221179542123866,0.0076277650648359,0.0019866459773358,0.0149007864445889,3.41151894886456,0.0008581755335008,0.011354866212266,-0.3504258763227258,12.0,-0.1483189918084277,0.1140723454655426,3.3568551683706604,0.07,0.099145935612217,0.0143679146019411,0.0018096589925236,0.1047170599845608,2.044033778334959,0.1593533075322116,0.01761,0.0963253415698282,1.5951903209409557,1.0,5.398166545142435e-06,0.9967531840300832,0.0032414178033723204,0.021885994655437148,0.9613300408643428,1
2018-02-16,1.85,0.0031935793627544,0.0045346899748657,-0.0108219720842873,0.0349999999999999,0.2388902658400397,54.0,0.0339949534690326,0.0221179542123866,0.0076277650648359,0.0019866459773358,0.0149007864445889,3.930159519174029,0.0008581755335008,0.011362137134395,-0.3504258763227258,12.0,-0.0973888539571005,0.1156271717943187,3.664009046469229,0.07,0.155056152485018,0.016523283388267,0.0018096589925236,0.0078163719189131,1.808075998589128,0.1745625862862879,0.01571,0.1063686312512239,1.0569901676932076,1.0,3.2958201023209528e-06,0.9981923049495504,0.001804399230347302,0.013247004746535148,0.9613305424568371,1
2018-02-23,1.9,-0.0052319541776149,0.0045346899748657,-0.0035310705650159,0.0349999999999999,0.2202400092690562,54.0,0.0339949534690326,0.0221179542123866,0.0076277650648359,0.0019866459773358,0.0149007864445889,4.345289226454186,0.0008581755335008,0.0125760550068979,-0.3504258763227258,12.0,-0.000761360254635,0.0889221168053973,3.94265072266924,0.0199999999999997,0.1770697770214486,0.0172467095688616,0.0018096589925236,0.0052396222945527,1.6244762766846992,0.1885951676341137,0.0149,0.1026784161488229,0.7537589558833829,0.0,4.238956835132593e-06,0.9999406907542068,5.507028895843831e-05,0.0006518172697869153,0.9613312124697944,1
2018-03-02,1.92,-0.0041388048943028,0.0022611259041491,-0.0050414098769186,-0.015,0.2196520684991639,53.0,0.0322480626418364,0.023597114039729,0.0516324981017464,0.0021899722733866,0.0151415341902747,4.6990997501158445,0.0018192950134924,0.0126460007674519,2.1892852048129736,1.0,-0.0466925978155056,0.0687516233575287,4.235301973346033,0.01,0.1485092423967142,0.0170486768132657,0.0170088411202533,0.0073783953886438,1.4998984714872596,0.1997641897924049,0.01441,0.0972386607416583,0.5186715736948355,0.0,7.392645966428631e-08,0.9997733414219037,0.0002265846516364253,0.002129433981229049,0.9613310776982334,1
2018-03-09,1.9,0.0006136476046689,0.0022611259041491,-0.0093099170830705,-0.015,0.219061797804477,53.0,0.0322480626418364,0.023597114039729,0.0516324981017464,0.0021899722733866,0.0151415341902747,4.997383931002945,0.0018192950134924,0.0140258609126906,-0.5031381226022332,1.0,-0.0917552506383324,0.0500713776238737,4.498868636059936,0.02,0.2794390341932646,0.0166078779557716,0.0170088411202533,0.0073591197169562,1.40915646267969,0.2106883783226266,0.0131899999999999,0.0869215574114488,0.0814465981745889,0.0,9.065056370389604e-08,0.9999337324797464,6.617686968998699e-05,0.0007045672365661613,0.961331137952988,1
2018-03-16,1.89,0.0025388429782144,0.0022611259041491,0.0051771938914307,-0.015,0.2184691782996824,53.0,0.0322480626418364,0.023597114039729,0.0516324981017464,0.0021899722733866,0.0151415341902747,5.249615370525902,0.0018192950134924,0.0138356201345928,-0.5031381226022332,1.0,-0.0881953848373545,0.0810533334117274,4.738206761871968,0.1100000000000001,0.2779828149369721,0.0168184976331799,0.0170088411202533,-0.0043699612763486,1.3245942840192266,0.2198027190326698,0.01053,0.0861477136748484,-1.099802452108979,0.0,2.593605073255777e-09,0.9999079362855643,9.206112083065779e-05,0.0009476400736994201,0.9613311267820963,1
2018-03-23,1.73,-0.0013695590319423,0.0022611259041491,0.0163837288590179,-0.015,0.2178741908184355,53.0,0.0322480626418364,0.023597114039729,0.0516324981017464,0.0021899722733866,0.0151415341902747,5.462177644070619,0.0018192950134924,0.0091441589909634,-0.5031381226022332,1.0,-0.15767226885741,0.0975412000864025,4.956827185469064,-0.04,0.3733582567637117,0.019374604897717,0.0170088411202533,-0.0570121814639223,1.2421039827627185,0.2276599929680818,0.0075,0.0844202920763785,-1.885723085605042,1.0,4.3342311834214356e-07,0.9989267994325428,0.001072767144339008,0.00841403501268199,0.9613307674369063,1
2018-03-30,1.77,-0.0020503396556683,0.0,-0.0066630054684989,-0.015,0.2172768159074464,53.0,0.0322480626418364,0.023597114039729,0.048448145344436,0.0,0.0060284931194438,5.639558084160104,0.0017318149337918,0.0091587744052447,-0.3535533905932743,1.0,-0.1432601908992864,0.1016207937102236,5.151988589402945,-0.01,0.2833992964371181,0.0201146715450152,0.0171290060544811,0.0144838350119259,1.0812694358373165,0.2324746373555867,0.0015999999999999,0.0805228450280051,-1.9757271487727872,1.0,0.00012145834126529253,0.9997867893620818,9.175229665310745e-05,0.002161216635827249,0.9613331870550696,1
2018-04-06,1.7,-0.0013874602192341,0.0039750915633489,0.0169177095873753,-0.015,0.2237299167618846,51.0,0.0330975861407043,0.0246274394333481,0.0431491294473882,0.0014008608075044,0.011581887289108,5.633416779840171,0.0040309332417449,0.009122351360283,2.2399780969241005,-4.0,-0.1717264510468739,0.1003476101217818,5.175210665264074,0.0,0.1879785486085081,0.0193338955010077,0.017474010904317,0.0236853983346141,0.7909189337894416,0.2378124284625564,-0.0036599999999999,0.0287538817251105,-1.8402957691205724,1.0,3.1650807263521903e-07,0.9998708644175411,0.0001288190743860697,0.0012877096229803114,0.9613311183642154,1
2018-04-13,1.74,-0.0005517425031417,0.0039750915633489,-0.0158703944943958,-0.015,0.2298885631753684,51.0,0.0330975861407043,0.0246274394333481,0.0431491294473882,0.0014008608075044,0.011581887289108,5.624807689020285,0.0040309332417449,0.0059782245327011,-0.4935941158104148,-4.0,-0.1524636204795871,0.0931588505112736,5.1957169970198445,0.03,0.2672056976857455,0.0160552576600633,0.017474010904317,-0.0087427007104207,0.1341120126338106,0.2430068679240503,-0.0100799999999999,0.0396187185193952,-1.7484859452241568,1.0,1.3761361766966824e-05,0.9999500596735873,3.61789646456662e-05,0.0005739823425420722,0.9613313810536271,1
2018-04-20,1.79,0.0005061952458251,0.0039750915633489,-0.0062398496664316,-0.015,0.2357758304079217,51.0,0.0330975861407043,0.0246274394333481,0.0431491294473882,0.0014008608075044,0.011581887289108,5.613719458063995,0.0040309332417449,0.0061438109002871,-0.4935941158104148,-4.0,-0.1167365302539792,0.0808768905719173,5.213539630146858,0.05,0.3780733318290827,0.014621722093402,0.017474010904317,0.0019564038734659,-1.1726483390664868,0.2525397389693533,-0.01427,0.0711135912264276,-1.536900383527595,1.0,2.8177552734408758e-05,0.9999466899972115,2.513245005417862e-05,0.0006147109691587616,0.9613316297139607,1
2018-04-27,1.81,-0.0029679178951289,0.0039750915633489,-0.0112229855720367,-0.015,0.2414115735241557,51.0,0.0330975861407043,0.0246274394333481,-0.0050541516245486,0.0014008608075044,0.0090654715536736,5.600137360952731,0.0038957507529951,0.0068065729055135,-0.3535533905932738,-4.0,-0.154151438007531,0.071264096349999,5.228706007783933,0.01,0.3804986001693222,0.0152355617255727,0.0017869124434323,-0.0017905151712576,-1.8586219235785364,0.2616829019567513,-0.01352,0.0902377811276084,-1.137790206564134,1.0,3.798996711928537e-05,0.9999423784675953,1.9631565285222845e-05,0.0006570631208806834,0.9613317982107588,1
2018-05-04,1.75,-0.003832023062115,0.0041589169254347,-0.0034844446077656,-0.005,0.259955456212897,52.0,0.0225842014443662,0.0280101171480755,-0.0339350180505415,0.0020067801893777,0.0091084191524076,5.592439951880106,0.0053718283931878,0.0068041166609735,-1.7231791716245208,0.0,-0.1699326580670999,0.0483292280687875,5.229679484567949,0.02,0.5084378922403348,0.0153608243686497,0.010162600251644,-0.0119006305226205,-1.72968275262677,0.2702442892408755,-0.0119899999999999,0.1026784161488411,-0.7917705145218279,1.0,0.00010858636749178853,0.9998669273279862,2.4486304521681396e-05,0.0013842171517766775,0.9613329938664803,1
2018-05-11,1.75,0.0004770290319684,0.0041589169254347,0.0205553252876558,-0.005,0.2760928825373068,52.0,0.0225842014443662,0.0280101171480755,-0.0339350180505415,0.0020067801893777,0.0091084191524076,5.580322571321494,0.0053718283931878,0.0072806285003516,-0.046864179231626,0.0,-0.1804906618113948,0.0495695759226712,5.224810286884615,0.0799999999999998,0.4778427408599766,0.0151377977112184,0.010162600251644,-0.0376232641513861,-1.5020848568215237,0.2784773292857594,-0.00916,0.1149456393256303,-0.3145370703942831,1.0,0.07391254974510035,0.9260854217437637,2.0285111359410184e-06,0.2636723577702304,0.9625848803553227,1
2018-05-18,1.75,-0.0047262555449981,0.0041589169254347,0.0248929971275781,-0.005,0.2902255494440833,52.0,0.0225842014443662,0.0280101171480755,-0.0339350180505415,0.0020067801893777,0.0091084191524076,5.563756340403912,0.0053718283931878,0.0062448233472559,-0.046864179231626,0.0,-0.1256142976163854,0.0554043577451576,5.214082046123653,-0.01,0.4162526561903599,0.0119692132854269,0.010162600251644,-0.0416780831780304,-1.2726668722916132,0.2877249267689514,-0.0048499999999999,0.1147357211781234,0.6164775407793132,1.0,0.70697898652535,0.29301982261048554,1.1908641644278274e-06,0.6048505060140521,0.9733230845143813,0
2018-05-25,1.73,-7.10068611532444e-05,0.0041589169254347,-0.024724804216853,-0.005,0.3026344469850353,52.0,0.0225842014443662,0.0280101171480755,-0.0339350180505415,0.0020067801893777,0.0091084191524076,5.542701368605256,0.0053718283931878,0.0076016794550951,-0.046864179231626,0.0,-0.0917800260050122,0.0516685867539785,5.197458480895452,-0.01,0.3630521745651456,0.0115768416044541,0.010162600251644,-0.010990606630378,-1.0048250896584825,0.2919272699151206,0.0003699999999999,0.0944816686678663,1.687083028163059,1.0,0.9956990159517314,0.00430095180158554,3.22466830692349e-08,0.0277278154734206,0.9782204138063345,0
2018-06-01,1.72,-0.0022553196100524,0.0015938757015439,0.0183706986387153,-0.015,0.3102647370363313,59.0,0.0284103875448318,0.0287154783531669,-0.0239477503628446,0.0009877695463649,0.0030506230504227,5.4576692686671615,0.0044922118416915,0.0081988462794345,1.7638950142249494,3.0,-0.0123375053006195,0.0656288264191387,5.174044749019405,0.02,0.3808224458516687,0.0111020860971052,0.0106850377377263,0.0104635298134875,-0.6376594136748227,0.2923093544051147,0.0048599999999999,0.056045262320294,1.76700284645557,1.0,0.9983725194736934,0.0016274258394522354,5.4686854235013306e-08,0.012076373734606252,0.9782657623176794,0
2018-06-08,1.68,-0.0019244282925158,0.0015938757015439,0.0280084349825789,-0.015,0.3158874066165072,59.0,0.0284103875448318,0.0287154783531669,-0.0239477503628446,0.0009877695463649,0.0030506230504227,5.370145392674358,0.0044922118416915,0.0083309780422615,0.0343797042449349,3.0,-0.0490292621733512,0.0717137165601376,5.150231730497825,0.01,0.4344314911029243,0.0101388447886295,0.0106850377377263,-0.0127142788927823,-0.116376033336188,0.2944101524374713,0.0057899999999999,0.0320713490291696,1.3645406971409098,1.0,0.9996807551808842,0.0003192425897090209,2.2294068279742407e-09,0.002889000417190307,0.9782879529019559,0
2018-06-15,1.56,0.0013231644537137,0.0015938757015439,0.0114190109238814,-0.015,0.3196084296979264,59.0,0.0284103875448318,0.0287154783531669,-0.0239477503628446,0.0009877695463649,0.0030506230504227,5.28000582750262,0.0044922118416915,0.0081345795811938,0.0343797042449349,3.0,-0.004939040756546,0.0701019665508496,5.126013860647088,0.01,0.4541795958382115,0.011259119102843,0.0106850377377263,-0.006794509199832,0.8732394411674999,0.2946319635865262,0.00682,0.0318198051530734,1.1520349146336626,1.0,0.9998031847645429,0.00019681410169338184,1.133763756157562e-09,0.001876283333554041,0.9782900295782874,0
2018-06-22,1.59,-0.0020832822724933,0.0015938757015439,-0.0171430349190487,-0.015,0.321493842979052,59.0,0.0284103875448318,0.0287154783531669,-0.0239477503628446,0.0009877695463649,0.0030506230504227,5.187114211790013,0.0044922118416915,0.0071233110274675,0.0343797042449349,3.0,0.005462626482322,0.0663190341133307,5.101385373603295,-0.01,0.5945130087745136,0.0109612171544888,0.0106850377377263,-0.0092276358849889,1.6509745543296035,0.2931162855639029,0.00582,0.0346410161510844,0.8208378682996501,1.0,0.9978846516294405,0.0021151938858248584,1.5448473480151058e-07,0.015142183928998356,0.9782574869650823,0
2018-06-29,1.63,-0.0024108551271856,0.0,0.006489272678133,-0.015,0.3215759348541139,59.0,0.0284103875448318,0.0287154783531669,0.0052316890881913,0.0,0.0007215375318218,5.091319913493803,0.002746879736764,0.005364489691134,-0.353553390593274,3.0,-0.0365733304435066,0.0690755280214312,4.977930176148606,0.0,0.6105560393434146,0.01129564075212,0.0018496814156605,0.0118623050187922,1.4947848060751592,0.2935605394921841,0.0031599999999999,0.0344082631268752,0.269272466696723,1.0,0.998503518624014,0.001496369996916442,1.1137906954126212e-07,0.011230601834190616,0.978267984331168,0
2018-07-06,1.63,-0.003652777348739,6.746326228523891e-05,0.0146331020131296,-0.02,0.326283481816418,65.0,0.0325432438156048,0.0294951508664711,-0.0029895366218236,0.0011655056934953,0.0013819926387671,5.038314736557797,0.0027245499168787,0.0053775586624641,0.1620110455284665,5.0,-0.0020949866584663,0.0865200224556454,4.860458549893445,0.04,0.6685508436708065,0.0109982239205549,0.0036483266815612,0.0041872660762182,1.054935023049855,0.2943630801002863,-0.00121,0.0338061701888402,-0.923759064989798,1.0,0.9992929026292448,0.000707085615780102,1.1754975116000306e-08,0.005836514713113112,0.9782813740631893,0
2018-07-13,1.62,0.0003349834629597,6.746326228523891e-05,-0.0267456163525413,-0.02,0.32921943467014,65.0,0.0325432438156048,0.0294951508664711,-0.0029895366218236,0.0011655056934953,0.0013819926387671,4.984437318756799,0.0027245499168787,0.0072393816439234,-0.430517049316293,5.0,-0.0765100416624463,0.0677706215322573,4.738087388021606,0.01,0.5257842874803016,0.0094130853370643,0.0036483266815612,-0.0077863981816451,0.391465659719155,0.294164460829511,-0.0054299999999999,0.0410574510374677,-1.861933372359941,1.0,0.998966078065057,0.0010339126263006866,9.308642443816369e-09,0.008141093526962637,0.978275830398245,0
2018-07-20,1.62,9.647648758481786e-05,6.746326228523891e-05,-0.0192139389797797,-0.02,0.3304310198091922,65.0,0.0325432438156048,0.0294951508664711,-0.0029895366218236,0.0011655056934953,0.0013819926387671,4.929659061389391,0.0027245499168787,0.0076176013672158,-0.430517049316293,5.0,-0.0717171909346673,0.0603412912405993,4.610426572726459,0.01,0.5394362765954699,0.0071763201652381,0.0036483266815612,-0.0066361754975269,-0.7306431233017547,0.2927738949164158,-0.0080099999999999,0.0440778532013205,-1.6721861177119917,1.0,0.9994463156170328,0.0005536784859085346,5.897058641619112e-09,0.0047056370232995874,0.9782839762882105,0
2018-07-27,1.68,-0.003246796369199,6.746326228523891e-05,-0.0123910472624907,-0.02,0.3299372342872099,65.0,0.0325432438156048,0.0294951508664711,-0.00817843866171,0.0011655056934953,0.0010801020079216,4.873949590976982,0.0005707668256442,0.0073684782577759,-0.3535533905932799,5.0,-0.040462413687772,0.0595219047315234,4.477023628835433,0.01,0.3818145988029631,0.0071964594382706,0.0028915147186071,0.0060355810456053,-1.7572405581269193,0.2936735523578571,-0.0091500000000001,0.0542481072742411,-1.3507334116079144,1.0,0.9942393282451669,0.005760521665153688,1.5008967955074356e-07,0.035451844341541604,0.9781956542374726,0
2018-08-03,1.65,-0.0051495190969125,0.0005555423283571,-0.0146269870144963,0.065,0.3278737297971009,68.0,0.0435358728088874,0.0269918010418743,-0.0535315985130111,0.0007450552776688,0.0060797562522808,4.7749345545253385,0.002274920234206,0.007395003079957,2.3973546357581546,-15.0,0.0284787304236124,0.0528474894660908,4.46166848512863,0.0099999999999997,0.3814036977479591,0.006070367763833,0.016011743399876,0.0004289010073992,-1.8405176231526224,0.293105479343443,-0.0091899999999999,0.0513913555819664,-1.0467917573913372,1.0,0.9998396739095554,0.00016032559148526502,4.989592881414195e-10,0.001561297660005064,0.9782906485149498,0
2018-08-10,1.64,0.0005585511788672,0.0005555423283571,0.009410393244593,0.065,0.3251275980121945,68.0,0.0435358728088874,0.0269918010418743,-0.0535315985130111,0.0007450552776688,0.0060797562522808,4.647083452595265,0.002274920234206,0.0064318521203819,-0.4438562494715538,-15.0,-0.013074097823869,0.0559176690706726,4.445921071946434,0.04,0.3852928651408398,0.0048501965478491,0.016011743399876,-0.0133580708594884,-1.6737359985096472,0.2882627922673419,-0.0090999999999999,0.0505505404801763,-0.825366991830259,1.0,0.9997812616904498,0.0002187280352034476,1.0274346738980917e-08,0.002062273571466607,0.9782896577111525,0
2018-08-17,1.61,-0.0068355554094263,0.0005555423283571,0.0039009818538664,0.065,0.3216813570343233,68.0,0.0435358728088874,0.0269918010418743,-0.0535315985130111,0.0007450552776688,0.0060797562522808,4.487932537543161,0.002274920234206,0.0059867706977653,-0.4438562494715538,-15.0,0.0183201568535538,0.0547070118254396,4.429777205855026,0.0,0.3586890526205697,0.009195241333376,0.016011743399876,0.0018149457456003,-1.4816885225734986,0.2827213024192941,-0.0070299999999999,0.0495695759223715,-0.2858440658928142,1.0,0.9998670393971216,0.00013295834116420753,2.26171415752017e-09,0.0013197130981245783,0.9782911126933512,0
2018-08-24,1.57,-2.506547764868916e-05,0.0005555423283571,0.0011403528899575,0.065,0.3175122109681077,68.0,0.0435358728088874,0.0269918010418743,-0.0535315985130111,0.0007450552776688,0.0060797562522808,4.294002973736941,0.002274920234206,0.0074947345972569,-0.4438562494715538,-15.0,0.0086445697488533,0.0739570338585495,4.41323253611186,0.04,0.4355546846467715,0.0150843253585366,0.016011743399876,-0.0087427495499508,-1.3461796466556537,0.2751157715995909,-0.00581,0.0401559460102874,0.3871226573102929,1.0,0.9998754950266541,0.00012450178352263285,3.1898233173311236e-09,0.0012439788810698672,0.9782912561191415,0
2018-08-31,1.63,-0.0023420255967506,0.0,-0.0178814160443418,0.065,0.3188284677472507,62.0,0.0424598728999534,0.0215826172215267,-0.045727136431784,0.0,0.0061393336466654,4.08091241683111,0.0022852022864246,0.0085594430653292,-0.3535533905932741,-3.0,-0.0501628818298865,0.0834843869065031,4.41323253611186,0.02,0.4759991901129243,0.0148279852583734,0.0161669841275785,0.0031978251176476,-1.2302980282938578,0.2667866434479143,-0.0040299999999999,0.0244948974274499,1.6185836995851797,1.0,0.9994415166164392,0.0005584621084001229,2.127516070128546e-08,0.004741765258545948,0.9782838948808205,0
2018-09-07,1.63,-0.0024693558579292,0.0011620251758901,0.0068813411201923,0.08,0.3183674952633086,62.0,0.043138260881764,0.02276972194199,-0.0149925037481258,0.0018496186373311,0.0163791094115169,3.815958393580655,0.0022638162788092,0.0060005709246724,-0.1053657529572771,-3.0,-0.0394463937293769,0.0850210058078785,4.41323253611186,0.0300000000000002,0.4269166102188413,0.0146108638297934,0.0210626230766878,-0.0031096651620838,-1.1106619446440436,0.254227306516461,-0.00217,0.0370328039906527,1.770002386685193,1.0,0.9993081236674185,0.0006917731366075661,1.0319597393865882e-07,0.00572681301708902,0.9782816322114003,0
2018-09-14,1.72,0.0005503153620676,0.0011620251758901,-0.0287731905256931,0.08,0.3179035571543994,62.0,0.043138260881764,0.02276972194199,-0.0149925037481258,0.0018496186373311,0.0163791094115169,3.4873397399075805,0.0022638162788092,0.0058093404526421,-0.3928258845757518,-3.0,-0.0849867643783397,0.081492769179746,4.41323253611186,0.02,0.3828422270553107,0.0146611216424713,0.0210626230766878,-0.0063137087885623,-0.956661474471104,0.2473920533370683,-0.0002999999999999,0.0601783064850655,1.624214456211062,0.0,0.9994624230080941,0.0005375631943052907,1.3797600505342034e-08,0.004584707472990643,0.9782842495021556,0
2018-09-21,1.71,-0.0006537931401354,0.0011620251758901,0.0215911961304099,0.08,0.317436640417616,62.0,0.043138260881764,0.02276972194199,-0.0149925037481258,0.0018496186373311,0.0163791094115169,3.0747107431181844,0.0022638162788092,0.0058005572630434,-0.3928258845757518,-3.0,0.0060830979362895,0.0684000835422253,4.41323253611186,0.02,0.3971575008386536,0.0147087393507681,0.0210626230766878,0.0051004475822719,-0.6170173844035841,0.2437666341928964,0.00265,0.0810643483376679,1.658147484349234,0.0,0.9997362110450072,0.0002637866307404372,2.324252362294021e-09,0.002437499803412735,0.9782888935557584,0
2018-09-28,1.68,-0.0036002346925269,0.0011620251758901,0.0075564888765197,0.08,0.3169667318897045,62.0,0.043138260881764,0.02276972194199,0.0322073841319716,0.0018496186373311,0.014333245564592,2.537412370597609,0.0002300773174507,0.0096398438929929,-0.3535533905933105,-3.0,0.0003325332660126,0.0528474894660962,4.41323253611186,0.0099999999999997,0.4176505244009219,0.0146241179510058,0.0113870298619986,-0.0131541578967641,0.1111147614497953,0.241101356805443,0.0044199999999999,0.0911435288823372,1.49973019925518,0.0,0.9997577918750452,0.00024220136560536434,6.759349433114258e-09,0.0022588118106897648,0.9782892596126033,0
2018-10-05,1.78,-0.0043418543068786,0.0017667634557259,-0.0166662131368669,0.08,0.3124394858220394,61.0,0.0293086740173442,0.0252246992860702,-0.0007855459544383,0.0021248761456527,0.015975206194144,2.471063302741168,0.0004801890893945,0.0117048922666378,-2.178888465212615,5.0,0.0977995038761549,0.0850210058078786,4.419337392236959,0.04,0.5082165744994342,0.0150755598582375,0.0171504751735716,0.007517473686515,1.557839431103528,0.2445070763950841,0.0067699999999999,0.1032939633140581,1.5008457045731023,0.0,0.9941482818599711,0.0058506605819637686,1.0575580652497941e-06,0.03592853516756951,0.9781941095505826,0
2018-10-12,1.71,0.0005274625458475,0.0017667634557259,0.004929997029009,0.08,0.3075617457358751,61.0,0.0293086740173442,0.0252246992860702,-0.0007855459544383,0.0021248761456527,0.015975206194144,2.3926168486858974,0.0004801890893945,0.0117048984571675,0.1176683909590908,5.0,0.0536666711171467,0.0855966454617094,4.425348619853384,0.0499999999999998,0.3865888295433877,0.0108519847550063,0.0171504751735716,0.0673425704377494,2.0583161396080967,0.240809579115318,0.01,0.0977515071128869,1.560490115476635,1.0,0.9319002482885268,0.06803782780668276,6.192390479050329e-05,0.24919116367029934,0.9771382227737064,0
2018-10-19,1.76,-0.0003495410239061,0.0017667634557259,0.0106718205803932,0.08,0.3023165469221225,61.0,0.0293086740173442,0.0252246992860702,-0.0007855459544383,0.0021248761456527,0.015975206194144,2.300835968478937,0.0004801890893945,0.0107178569668228,0.1176683909590908,5.0,0.1149228276263911,0.0737636185974033,4.43126659999596,0.0300000000000002,0.3429182262925501,0.0069859167254088,0.0171504751735716,0.021211369816366,1.908630976213768,0.2415504219306455,0.01121,0.0958793885193338,1.3717520974109587,1.0,0.9427299760768194,0.057264921692687536,5.102230492900913e-06,0.2194415507958887,0.9773219401002161,0
2018-10-26,1.76,-0.0005690410078348,0.0017667634557259,-0.0080331376186863,0.08,0.2966844006839438,61.0,0.0293086740173442,0.0252246992860702,-0.0007855459544383,0.0021248761456527,0.015975206194144,2.194047892331983,0.0004801890893945,0.0089758761330303,0.1176683909590908,5.0,0.1573400561825739,0.0737636185974033,4.437091705771733,0.02,0.2539887648322008,0.0064785507396342,0.0171504751735716,0.0358717158969345,1.792327400031415,0.2389712112766633,0.0134499999999999,0.0637937524929164,1.3762369575779454,1.0,0.011065925112705106,0.988397923268315,0.0005361516189796397,0.06541196966478997,0.961518663218265,1
2018-11-02,1.74,-0.0079890823782011,-0.0033493485181009,-0.0052394229090573,0.055,0.2971567745481339,71.0,0.0276666298002101,0.021766010321524,0.0197869101978691,0.0020160900983714,0.0061364353451331,2.033564509767243,0.0005118051067974,0.0087505652671992,1.6257250660225413,-8.0,0.1005361781421456,0.0698467710676959,4.467200728973305,0.0,0.1347951129092812,0.0057752999993913,0.0233659796210506,0.0114129818825521,1.7063457817885843,0.2365988898765806,0.01512,0.0520816666398553,1.3265962067263606,1.0,0.00024364976617072376,0.999626848274083,0.000129501959746325,0.0035594717694854743,0.9613352455779632,1
2018-11-09,1.78,0.0005326433046011,-0.0033493485181009,-0.0310478042894263,0.055,0.2976275434429572,71.0,0.0276666298002101,0.021766010321524,0.0197869101978691,0.0020160900983714,0.0061364353451331,1.81828321395599,0.0005118051067974,0.0084112808606868,0.0755664749484006,-8.0,0.1574852264705613,0.0698467710676959,4.496353474776445,0.0299999999999998,0.0608036102605804,0.0102526340431161,0.0233659796210506,0.0141101813036446,1.6330211775396777,0.2343788524068158,0.0159099999999999,0.0537022212893833,1.2109169423645605,0.0,9.186246366573531e-06,0.9999402323302555,5.058142337753748e-05,0.0006666538666206483,0.9613312980649781,1
2018-11-16,1.75,0.0009551089152513,-0.0033493485181009,-0.0368732169158925,0.055,0.2980967149723519,71.0,0.0276666298002101,0.021766010321524,0.0197869101978691,0.0020160900983714,0.0061364353451331,1.5251733823254765,0.0005118051067974,0.007914708161338,0.0755664749484006,-8.0,0.3793994176489341,0.0874132222754844,4.524568427708001,0.0,-0.001591514656094,0.0109242160983578,0.0233659796210506,0.0086875038788503,1.616021703895413,0.2264037824328023,0.01924,0.0537022212893833,1.4705394235163871,0.0,5.441146628619051e-10,0.9987400891873346,0.001259910268550396,0.009671189904933618,0.9613306901278004,1
2018-11-23,1.71,-0.0095742966772892,-0.0033493485181009,-0.0193548922744872,0.055,0.2985642966667402,71.0,0.0276666298002101,0.021766010321524,0.0197869101978691,0.0020160900983714,0.0061364353451331,1.0933364602833426,0.0005118051067974,0.006819213965701,0.0755664749484006,-8.0,0.5314611245067944,0.114634512379926,4.551863026670854,0.0500000000000002,-0.1446989395012317,0.0106675722096489,0.0233659796210506,-0.0167442582922678,1.5999174603358928,0.216199432400194,0.0210699999999999,0.0537022212893833,1.4649479753038277,0.0,1.0362922551037243e-07,0.999770913764302,0.00022898260647206072,0.002150027787865784,0.961331077305543,1
2018-11-30,1.72,-0.0021986275381752,0.0,0.0196507371394114,0.055,0.2971376756401007,88.0,0.0256612171362566,0.0223669906378283,0.0534591194968554,0.0,0.0039443076029673,1.0933364602833426,0.0002805018649115,0.0037972416387437,-0.3535533905932985,-11.0,0.5066971005388758,0.1058890929227947,4.520774903876752,-0.04,-0.1273132321362226,0.0105275671806088,0.0189006529562442,-0.0004042169131357,1.5508514172971497,0.2054743803137982,0.0201,0.0580486249374439,1.0529261865624913,0.0,1.507516795244535e-08,0.9905326202422594,0.009467364682572282,0.05353971061977277,0.9613276218830185,1
2018-12-07,1.71,-0.0027155329166229,-0.003193962815131,-0.0151651768002827,-0.04,0.30302474618148,88.0,0.0259125368109405,0.0191015884863137,0.0353773584905661,0.002405189659226,0.0052194147917952,1.0933364602833426,0.0002815020479596,0.004772111457364,0.4093415731996013,-11.0,0.6190475453251167,0.1493736924629384,4.489135535737219,0.0299999999999998,-0.0828103198998708,0.0120386900149947,0.0206599030714393,0.0147393672394889,1.490246498832812,0.1931824448898106,0.0189699999999999,0.0755928946017458,0.5958477670610929,0.0,2.0961968882037527e-10,0.9990246807757748,0.0009753190146056999,0.007736487061833334,0.9613307965212285,1
2018-12-14,1.77,0.0005555495731324,-0.003193962815131,-0.007341340740187,-0.04,0.3087512805215502,88.0,0.0259125368109405,0.0191015884863137,0.0353773584905661,0.002405189659226,0.0052194147917952,1.0933364602833426,0.0002815020479596,0.004837496114337,-0.4611027476222802,-11.0,0.4651607655025476,0.1572020992226655,4.456933182544206,0.02,-0.1064572173707069,0.0125338822840954,0.0206599030714393,-0.0142051613546775,1.3754742122426329,0.1777346132868072,0.0132999999999999,0.0767067700494106,-1.2529568245965004,1.0,1.4137165201023528e-08,0.9999015990317216,9.83868311132716e-05,0.0010064279378073132,0.9613311246129302,1
2018-12-21,1.82,-0.0009881824145601,-0.003193962815131,-0.0207621296818641,-0.04,0.3143260529463658,88.0,0.0259125368109405,0.0191015884863137,0.0353773584905661,0.002405189659226,0.0052194147917952,1.0933364602833426,0.0002815020479596,0.0051903200301672,-0.4611027476222802,-11.0,0.4308211119602718,0.1800000000000362,4.424155550820594,-0.0299999999999998,-0.2202839199455099,0.0132169472012584,0.0206599030714393,-0.0001506957720847,1.2034563226674544,0.1684732032436945,0.00595,0.101268737243245,-2.078006602495989,1.0,6.909689744317639e-12,0.9959262699060522,0.004073730087038976,0.026483957342375682,0.9613296381260632,1
2018-12-28,1.86,-0.0021149413579989,-0.003193962815131,0.0013554211890562,-0.04,0.3197570011896284,88.0,0.0259125368109405,0.0191015884863137,-0.0171641791044776,0.002405189659226,0.0029009508971752,1.0933364602833426,8.663184453373799e-05,0.0049586774397069,-0.3535533905935322,-11.0,0.1185235003366764,0.1751275045706876,4.390789757070799,0.0099999999999997,-0.2497516847931085,0.0146146734011392,0.0060684537191384,0.0584988613778205,0.9210897370982662,0.1551006825242453,-0.00339,0.1277273882699761,-2.0236708533340124,1.0,1.3311985493105856e-11,0.9940357326704108,0.005964267316277635,0.03649523862223912,0.9613289313178636,1
2019-01-04,1.95,-0.0042344311415445,0.0019065966652469,-0.0289033730210995,-0.06,0.3393236968417741,92.0,0.0191164223235185,0.0155123513819912,-0.0641791044776119,0.0027031911498369,0.0261091825540302,1.25084586764944,0.0023626086626248,0.0048942942296379,-2.47324337675222,-11.0,0.0890875947276654,0.1666422601177643,4.414215005824423,0.02,-0.2194010391200813,0.0108396124237803,0.0171329394784951,0.0240807205050164,0.3930735531676097,0.1462568403475406,-0.0129499999999999,0.1264911064066667,-1.834511128797297,1.0,5.1326620513522376e-14,0.9970071295751238,0.002992870424825193,0.020381520687066026,0.9613300422230343,1
2019-01-11,1.92,-0.00044722300387,0.0019065966652469,-0.0120290990993179,-0.06,0.3575377620636192,92.0,0.0191164223235185,0.0155123513819912,-0.0641791044776119,0.0027031911498369,0.0261091825540302,1.3861956793825176,0.0023626086626248,0.0048039196287253,0.3385044225726123,-11.0,-0.0315625215834003,0.1502795015011783,4.437431621634322,0.0100000000000002,-0.197667220776632,0.0107869433874899,0.0171329394784951,-0.0055954973557855,-0.6868808985928887,0.1400488764068997,-0.01988,0.124642345475751,-1.593355910645727,1.0,1.028163251413506e-16,0.9985437450736224,0.0014562549263777323,0.010967287097341617,0.9613306167119053,1
2019-01-18,2.0,-0.0016070254548,0.0019065966652469,-0.0088861781577727,-0.06,0.3745965563096688,92.0,0.0191164223235185,0.0155123513819912,-0.0641791044776119,0.0027031911498369,0.0261091825540302,1.5053749852293103,0.0023626086626248,0.007090236359529,0.3385044225726123,-11.0,0.0932496625085768,0.1246065235623721,4.460442862306604,-0.02,-0.1510178295112618,0.0113041016633675,0.0171329394784951,-0.0219906368089258,-1.7986707507261632,0.1357566361303316,-0.02348,0.1084879848514325,-1.3451324795284043,1.0,2.9212602173932457e-13,0.9995259753862621,0.0004740246134453446,0.0041022157926269105,0.9613309839347998,1
2019-01-25,1.93,-0.0007387574060924,0.0019065966652469,0.0243334141740056,-0.06,0.3906514524882421,92.0,0.0191164223235185,0.0155123513819912,-0.0641791044776119,0.0027031911498369,0.0261091825540302,1.6119744223969064,0.0023626086626248,0.0071030124139214,0.3385044225726123,-11.0,-0.0932953296624808,0.0776438756669573,4.48325189023667,-0.02,-0.1882370861480232,0.0111407747117157,0.0171329394784951,-0.0046966946817447,-1.8642382814485865,0.1327087558390528,-0.0243499999999999,0.0852622006350074,-1.0939499760171243,1.0,2.4989190873262716e-13,0.99942589187113,0.0005741081286201786,0.004858335923905099,0.9613309465169381,1
2019-02-01,1.93,-0.001822067025578,0.0042270531400967,0.0183379351294128,-0.125,0.4088557684796796,73.0,0.011096417703535,0.015201352659333,-0.0235383447228549,0.001610639423851,0.0287618195691297,2.219147445442885,0.0028199230308618,0.0065861256950004,-1.4009992283201682,8.0,-0.0393534751518996,0.0720986427454004,4.392635754165915,0.0099999999999997,-0.1556913537332511,0.0101328106472292,0.020273868057271,-0.0100902348993831,-1.687697591620059,0.1357410808328512,-0.02389,0.0768927824960249,-0.8693391711257028,1.0,1.5151337715128583e-09,0.9999086881150258,9.131036984041054e-05,0.0009406387151146682,0.9613311270444835,1
2019-02-08,1.83,-0.003299272862837,0.0042270531400967,0.0166344654702071,-0.125,0.42586000269024,73.0,0.011096417703535,0.015201352659333,-0.0235383447228549,0.001610639423851,0.0287618195691297,2.6720778431775334,0.0028199230308618,0.006631973842446,0.5366797797579483,8.0,-0.0003870611054612,0.0690238054174101,4.299321213392422,0.0300000000000002,-0.1094594503163073,0.0091351502683658,0.020273868057271,-0.0856243323542152,-1.5192313370920183,0.1409844722578609,-0.0205799999999999,0.0633442972964453,-0.4716016060122428,1.0,0.015027304788652409,0.9849617554246451,1.093978670241402e-05,0.078132483987636,0.9615860533187571,1
2019-02-15,2.0,0.0005168452817068,0.0042270531400967,0.0192628261492067,-0.125,0.4418027441606026,73.0,0.011096417703535,0.015201352659333,-0.0235383447228549,0.001610639423851,0.0287618195691297,3.0404959109684206,0.0028199230308618,0.0064238522587807,0.5366797797579483,8.0,0.0261923025660288,0.0642400631561069,4.203128548207713,0.0,-0.0987354105456588,0.0088885401764575,0.020273868057271,-0.0205929540856759,-1.3918401032224028,0.1451876353968418,-0.01736,0.0545108115093586,0.1230150994880938,1.0,0.17542309380247606,0.8245639070885802,1.2999108943655367e-05,0.46453860826232546,0.9643067190988096,1
2019-02-22,2.04,-0.0116698039509675,0.0042270531400967,0.005719129282342,-0.125,0.4567951488234441,73.0,0.011096417703535,0.015201352659333,-0.0235383447228549,0.001610639423851,0.0287618195691297,3.3523814726939776,0.0028199230308618,0.0061770055835149,0.5366797797579483,8.0,0.0350476219540549,0.0719126454209796,4.103855377480367,0.0299999999999998,-0.0989771989148852,0.006842468246934,0.020273868057271,-0.0317057964894113,-1.2883866504342971,0.1495281669113848,-0.0134199999999999,0.0578174466993945,1.336210145958478,1.0,0.9567384736916923,0.043261308377352634,2.1793095504310653e-07,0.1781772877169354,0.9775595569603917,0
2019-03-01,2.03,-0.0017154683504879,0.005641358356806,-0.0108470736552039,-0.205,0.4618909920644926,66.0,0.0065455591463181,0.0186252274056917,0.032695374800638,0.001458730559831,0.0187692204075035,3.625550356099842,0.0019552278232967,0.0062746782600509,0.5173030220831561,-2.0,0.0608534465286385,0.0726906360643756,4.0012724220519695,-0.02,-0.0889796042928889,0.012519673166404,0.0090079036749062,-0.0028165995120165,-1.190699029776998,0.1507512609724908,-0.0090599999999999,0.056804803619641,1.8217384225745048,1.0,0.9971932830104249,0.0028066815201442954,3.546943082720147e-08,0.019294748743402413,0.9782457598720576,0
2019-03-08,1.96,-0.0013727202051029,0.005641358356806,-0.0115627986286181,-0.22,0.4667315570663933,66.0,0.0065455591463181,0.0186252274056917,0.032695374800638,0.001458730559831,0.0187692204075035,3.8600518131237966,0.0019552278232967,0.0063988703776169,0.3253300383713075,-2.0,0.0486822443355736,0.0849264387574035,3.8951181883681008,0.02,-0.0962282581012817,0.0124947924787373,0.0090079036749062,-0.0082960331656471,-1.0925149642553742,0.1557664841573979,-0.00533,0.0639056223771325,1.6343953550234998,1.0,0.9993960753678102,0.000603820717607757,1.0391458213709292e-07,0.005081073135498031,0.9782831240660661,0
2019-03-15,2.05,0.0006109645076231,0.005641358356806,0.0186850654577874,-0.22,0.4713247091152008,66.0,0.0065455591463181,0.0186252274056917,0.032695374800638,0.001458730559831,0.0187692204075035,4.062587277169032,0.0019552278232967,0.0055777631008981,0.3253300383713075,-2.0,0.0398065900208872,0.0823646075170867,3.7850922151146618,-0.0099999999999997,-0.0612768637387569,0.0123111595690129,0.0090079036749062,-0.0077190111538854,-1.0208788806227975,0.1613863393473358,-0.0039299999999999,0.0580640040938301,1.338678830503827,1.0,0.9990494782339328,0.0009504847035340162,3.7062533157026924e-08,0.007564688434404048,0.9782772450387838,0
2019-03-22,2.01,-0.0022185242621348,0.005641358356806,0.0010228443886517,-0.22,0.4756776153373704,66.0,0.0065455591463181,0.0186252274056917,0.032695374800638,0.001458730559831,0.0187692204075035,4.237742504973828,0.0019552278232967,0.0064594776374827,0.3253300383713075,-2.0,0.0625240972070519,0.1056949789320382,3.670846376814276,0.0099999999999997,-0.1038250853529862,0.0118155205682385,0.0090079036749062,0.0161478490965232,-1.0040667218482036,0.1729161646579928,-0.00392,0.0748212154785895,1.055913909893704,1.0,0.9993342462563547,0.0006656474477440475,1.0629590126216084e-07,0.005536283802745334,0.9782820753069983,0
2019-03-29,1.92,-0.0017995088256936,0.0,0.0021006443230225,-0.22,0.479796814592569,66.0,0.0065455591463181,0.0186252274056917,0.0069984447900466,0.0,0.0173384391975379,4.388796926441093,0.0001327065901011,0.0064964711400426,-0.3535533905933863,-2.0,-0.0259788138095737,0.1121144185961755,3.551973513006908,-0.06,-0.0739144267216302,0.0115197601571317,0.0024743238844013,-0.0018081350623905,-1.0006377142399487,0.1840399450051434,-0.0027099999999999,0.0969167536746663,1.0010347708154346,1.0,0.999821805503744,0.00017818891042472074,5.585831254719223e-09,0.0017165301641744535,0.9782903454254526,0
2019-04-05,2.01,-0.0050834041819518,0.0052950016128905,-0.0104599660281366,-0.175,0.4812072262185792,64.0,-0.0102474623280677,0.0199643977553025,0.0279937791601865,0.0016439382643835,0.0184545578821988,4.5181684512473055,0.0020909526187389,0.0062860735407333,-2.4699861544049218,-9.0,-0.0136986083716612,0.1147590643790657,3.62245385694558,0.04,0.0164357143924049,0.0115196643298387,0.0074329250793958,-0.0008663038495813,-1.1273490830175226,0.1908483086723777,-0.0040399999999999,0.1007117527542628,0.6421225475284583,1.0,0.9998027735345925,0.00019722266328544053,3.802122072254027e-09,0.001879822217171851,0.9782900226019221,0
2019-04-12,2.01,0.0003239733411866,0.0052950016128905,0.0006007440474708,-0.175,0.4824435969679773,64.0,-0.0102474623280677,0.0199643977553025,0.0279937791601865,0.0016439382643835,0.0184545578821988,4.62767594105129,0.0020909526187389,0.0058114055499576,0.3272106049248373,-9.0,-0.02742223478678,0.1083315018160925,3.69066941407388,0.0,-0.0519364895637263,0.0113549774389981,0.0074329250793958,0.0013821561870313,-1.2573909251738906,0.1956225318370124,-0.00324,0.0922728872110552,0.6692017853498207,1.0,0.9995042561973732,0.0004957379832130742,5.819413770011043e-09,0.00426803110552584,0.978284959088348,0
2019-04-19,2.1,-0.0012591496002828,0.0052950016128905,-0.0106510576740366,-0.175,0.4835072619562605,64.0,-0.0102474623280677,0.0199643977553025,0.0279937791601865,0.0016439382643835,0.0184545578821988,4.718702559618924,0.0020909526187389,0.0068764043005293,0.3272106049248373,-9.0,-0.090909114648867,0.1056611835742034,3.7567435595132426,-0.02,-0.0640537793118883,0.0110709987648619,0.0074329250793958,-0.007501064133721,-1.2683206327278154,0.1994822672879047,-0.00197,0.0873007936470614,1.059312364095191,1.0,0.9999175807484256,8.241852735797133e-05,7.242164247098068e-10,0.000857470227244086,0.978291969986781,0
2019-04-26,2.09,-0.0009039054871946,0.0052950016128905,0.0085821003651043,-0.175,0.4843993588890247,64.0,-0.0102474623280677,0.0199643977553025,0.0208494208494207,0.0016439382643835,0.0043116267145519,4.7923015187020725,0.002067865152995,0.0068212332241217,0.3535533905932742,-9.0,-0.0739804873616638,0.0668553876449672,3.820787391309712,0.0,-0.0704845718738835,0.0091095490995802,0.0073713834332189,-0.0062773870854379,-0.977803179557371,0.2047917678399033,0.0009599999999999,0.0677047160204246,2.1030571485917813,0.0,0.9998589677730059,0.00014102937205109388,2.8549430867323896e-09,0.0013915213539162142,0.9782909757805716,0
2019-05-03,2.09,-0.0098216188131528,0.0021287585893843,0.0327072886252661,-0.18,0.4830467774967889,62.0,-0.0001015601196847,0.0179022846876639,0.0401544401544402,0.0008397042714227,0.011613094312576,4.716582856916032,0.0021641320392528,0.0064275381130421,0.804314938697427,1.0,-0.0531169513940935,0.0613537750615373,3.804815556343882,0.0100000000000002,-0.1115892492509581,0.0091558191547592,0.0092172638838586,0.0013537188571531,-0.3308757101633444,0.2088100127336536,0.00336,0.0570557371596818,1.960725349752874,0.0,0.9999293619620789,7.063641081290594e-05,1.6271080736497842e-09,0.0007458087989383453,0.9782921698218262,0
2019-05-10,2.13,0.0006491518220856,0.0021287585893843,0.0115077482555057,-0.18,0.4808899456019644,62.0,-0.0001015601196847,0.0179022846876639,0.0401544401544402,0.0008397042714227,0.011613094312576,4.627675941051293,0.0021641320392528,0.0067314902930553,0.2711850746660391,1.0,-0.0666429211051168,0.0580640040941429,3.7886768664256087,0.0,-0.1278641795055245,0.0092840211452902,0.0092172638838586,-0.0055920433962723,1.177210374283417,0.2143525626536095,0.00675,0.0517549169504567,1.8690092407699328,1.0,0.9991952219962553,0.0008045846190021271,1.9338474253233188e-07,0.006540257325166226,0.9782797171161827,0
2019-05-17,2.14,-0.0070569053721581,0.0021287585893843,0.0212826104177802,-0.18,0.4779179746412372,62.0,-0.0001015601196847,0.0179022846876639,0.0401544401544402,0.0008397042714227,0.011613094312576,4.524803438144747,0.0021641320392528,0.0055654180993503,0.2711850746660391,1.0,-0.0758692836379779,0.0539179270480507,3.772369180073414,-0.04,-0.119528627997652,0.0087859213323868,0.0092172638838586,0.0274244906044035,1.9758032901858968,0.2205966815879896,0.0081499999999999,0.0677047160204192,1.5358904533215976,1.0,0.9996311299551188,0.00036883730719304423,3.273768815064771e-08,0.0032850822805452996,0.9782871111372059,0
2019-05-24,2.04,-0.0011162432540897,0.0021287585893843,-0.0176882918417331,-0.18,0.4741155358795977,62.0,-0.0001015601196847,0.0179022846876639,0.0401544401544402,0.0008397042714227,0.011613094312576,4.406987458745354,0.0021641320392528,0.0067299140386043,0.2711850746660391,1.0,-0.1160258095625241,0.0618177043527553,3.7558902959929457,-0.04,-0.1362698373538453,0.0082571911647201,0.0092172638838586,0.0068134651476466,1.8868974870649,0.2307234180268096,0.00802,0.0855235974118403,1.1420409712485746,1.0,0.9994282091605446,0.0005717434756274004,4.7363827961915054e-08,0.004841531842790766,0.9782836691472473,0
2019-05-31,2.06,-0.0023290121450043,0.0,-0.0102397153561258,-0.18,0.4675086233750996,63.0,-0.0078102288804046,0.0162824567739068,0.0189107413010589,0.0,0.0101846655726456,4.37211443301579,0.0004079169690243,0.0066015950437598,-0.3535533905932858,8.0,-0.1715057107771642,0.1162432793756966,3.7462902716414286,0.0,-0.1870536091060264,0.0105377548045601,0.0066859567056218,0.0060853282875496,1.699573294382302,0.2484015262642493,0.0079199999999999,0.1450123147479121,0.8918395176145371,1.0,0.9454958249507865,0.0544694871565839,3.468789262962767e-05,0.21185974025212356,0.977368843939828,0
2019-06-07,2.06,-0.000986383288969,0.0001991471814815,-0.015693966496875,-0.155,0.4624544094436271,63.0,-0.0073693288629623,0.0164848465607625,-0.0173978819969742,0.001990717611749,0.0127571913580204,4.336606259064133,0.0004156546028884,0.0086639344639434,0.5884787345883273,8.0,-0.1913495472810835,0.1337374827254152,3.7365646703146287,-0.0700000000000002,-0.1787343560559858,0.0138294883678516,0.015083053758864,0.0209325799665993,1.4741563326530502,0.2661781913730462,0.00535,0.1856984883390374,0.1422585947065255,1.0,0.7362482165969891,0.2636896360943176,6.214730869304933e-05,0.5775259704051812,0.9738195324594203,0
2019-06-14,2.08,0.000600367237622,0.0001991471814815,-0.0183461645804265,-0.155,0.4561093414929849,63.0,-0.0073693288629623,0.0164848465607625,-0.0173978819969742,0.001990717611749,0.0127571913580204,4.300447203936647,0.0004156546028884,0.0083762587581188,-0.4806075954303317,8.0,-0.210125736212018,0.1217432896362063,3.7267125088580095,-0.0799999999999996,-0.1928988581002924,0.0117846624589483,0.015083053758864,-0.0009552909685291,1.2319792224221342,0.2818975242495238,0.0021599999999999,0.1987415766408436,-1.1127895795401972,1.0,0.9368367709329393,0.06316248836581381,7.407012468679244e-07,0.23559312540903266,0.9772219799662278,0
2019-06-21,2.07,-0.0015426154331673,0.0001991471814815,-0.0277988708762317,-0.155,0.4484186265979725,63.0,-0.0073693288629623,0.0164848465607625,-0.0173978819969742,0.001990717611749,0.0127571913580204,4.2636207076218575,0.0004156546028884,0.010047895351552,-0.4806075954303317,8.0,-0.2577249038128758,0.1104455263273756,3.7167327808306414,-0.0900000000000003,-0.1625838615949105,0.0172240051559624,0.015083053758864,-0.0068954400151109,0.9991143141954228,0.2971028408468151,0.00016,0.2169265840258311,-1.6714946945626037,1.0,0.6028725129526817,0.3971105088678505,1.6978179467938038e-05,0.6720175388530811,0.9715572030736228,0
2019-06-28,2.06,-0.0044742269543103,0.0001991471814815,0.0013760225984265,-0.155,0.4393115985976202,63.0,-0.0073693288629623,0.0164848465607625,-0.0356347438752784,0.001990717611749,0.0063639610306787,4.226109321823132,0.0001571087513867,0.0099651538627058,-0.3535533905933542,8.0,-0.2106702913248334,0.089721792224726,3.70662445585069,0.0100000000000002,-0.2114632499326832,0.0161578782247229,0.0125987845200276,-0.0212327300451511,0.6781829069578841,0.3142414074271758,-0.00228,0.2046425454995697,-1.69114587967356,1.0,0.9416631489534436,0.05833557892773888,1.2721188174634007e-06,0.22238149860589077,0.977303845789834,0
2019-07-05,2.08,-0.003558832314166,0.0016709416224534,0.0116677904154469,-0.16,0.4231809864019728,66.0,-0.0137745417676844,0.0181146480639351,0.0237564959168523,0.002059077639787,0.0065059802706619,3.9426660249906735,0.0017437045990205,0.0126026596674405,-2.465013456432164,10.0,-0.1539538317193641,0.0813172798365578,3.680848072650532,0.1099999999999998,-0.2207317622846168,0.0177839166601654,0.0266685145616516,-0.0031123376216603,0.1197903861029174,0.3282225084953635,-0.00395,0.1698686467327873,-1.4659652810435055,0.0,0.9970267793846825,0.0029731802579483057,4.035736917248006e-08,0.020267812066378222,0.9782429356012903,0
2019-07-12,2.07,0.0004825346074344,0.0016709416224534,-0.0036351408605335,-0.16,0.4052071975380358,66.0,-0.0137745417676844,0.0181146480639351,0.0237564959168523,0.002059077639787,0.0065059802706619,3.616415564956815,0.0017437045990205,0.0127117735416003,0.3157386577024925,10.0,-0.1086482611341775,0.0776323754261247,3.652309750806408,-0.0899999999999998,-0.1520912931538622,0.0160498403670047,0.0266685145616516,-0.0129528327669669,-0.5459420203823488,0.33801540166794,-0.0019399999999999,0.1290002768545171,-0.8220873546138614,0.0,0.9994248139300635,0.0005751818823563099,4.187580095572906e-09,0.004866432337979271,0.9782836115727878,0
2019-07-19,2.02,-0.001815971426759,0.0016709416224534,0.0067988863216753,-0.16,0.3851322600300356,66.0,-0.0137745417676844,0.0181146480639351,0.0237564959168523,0.002059077639787,0.0065059802706619,3.234430160250619,0.0017437045990205,0.0125242032933899,0.3157386577024925,10.0,-0.1835328427865969,0.0809651600558795,3.620944186591629,-0.08,-0.2104740023992638,0.0158900986948398,0.0266685145616516,-0.0238032969688034,-1.034209793099646,0.3487795463408577,0.0001599999999999,0.0625499800157439,-0.1956144231860119,0.0,0.9996435150670686,0.0003564575961991134,2.7336732271905463e-08,0.0031869195621958024,0.9782873212180557,0
2019-07-26,2.0,-0.0012273805115923,0.0016709416224534,0.0199227986765272,-0.16,0.3626073656033329,66.0,-0.0137745417676844,0.0181146480639351,0.0237564959168523,0.002059077639787,0.0065059802706619,2.77377831735821,0.0017437045990205,0.013402703888426,0.3157386577024925,10.0,-0.2313962119664497,0.0732900305051479,3.5866772078991964,0.06,-0.1818314344816187,0.0169343559688227,0.0266685145616516,0.0004319191515942,-0.2181555297952757,0.3565048934655598,0.00331,0.0439967531266125,0.94456893039103,0.0,0.9994047079379172,0.0005952828769894153,9.185093423866282e-09,0.00501613753151334,0.9782832705289219,0
2019-08-02,2.0,-0.006397899162757,-5.066823608290694e-05,-0.0067437299844878,-0.265,0.349992104386583,67.0,-0.0133967492913287,0.0174977988942914,0.1408775981524248,0.002267547857794,0.0310110486740992,2.7456258919346475,0.0031604844315252,0.0128166503715941,2.0879838086127838,-11.0,-0.2565719920085901,0.0752970308654983,3.631342944932192,-0.06,-0.1873265939046605,0.0160265570634856,0.0317360351965244,0.0070885431970438,1.5447147768156906,0.3714169192477677,0.0077399999999999,0.0550162313708898,1.903635295351251,1.0,0.99551626945727,0.004480796582291411,2.9339604387613967e-06,0.028742983520632447,0.9782173129376428,0
2019-08-09,1.98,0.0006459206446398,-5.066823608290694e-05,0.0131527681775199,-0.265,0.3358944557809591,67.0,-0.0133967492913287,0.0174977988942914,0.1408775981524248,0.002267547857794,0.0310110486740992,2.716615541441296,0.0031604844315252,0.0122525498423792,-0.079112197068215,-11.0,-0.2802309939131185,0.0963624111660316,3.672900227127024,-0.06,-0.1941445776526982,0.0176933115901485,0.0317360351965244,0.0522675223657433,2.0978821501048324,0.3907545298062923,0.01087,0.080711125095955,1.7539681773453089,1.0,0.9657938627600655,0.034195374925493904,1.0762314440105972e-05,0.14916956157131936,0.9777131524006204,0
2019-08-16,1.96,0.0011833793771485,-5.066823608290694e-05,-0.0089053828702556,-0.265,0.3201186318602884,67.0,-0.0133967492913287,0.0174977988942914,0.1408775981524248,0.002267547857794,0.0310110486740992,2.6867194752079957,0.0031604844315252,0.0108801367374485,-0.079112197068215,-11.0,-0.2532247204287325,0.1161280081880832,3.711453472404902,-0.1299999999999999,-0.1675012003765269,0.0136631356693543,0.0317360351965244,0.0352439811766461,1.9694039765503768,0.4166581748758013,0.01161,0.1336239392580004,1.363359411799326,1.0,0.6927645552047699,0.30720398773919544,3.145705603467318e-05,0.6171912391865894,0.9730819650746577,0
2019-08-23,1.99,-0.0055868725399614,-5.066823608290694e-05,0.0120965546431413,-0.265,0.3024021035841139,67.0,-0.0133967492913287,0.0174977988942914,0.1408775981524248,0.002267547857794,0.0310110486740992,2.655907783385285,0.0031604844315252,0.0110001131812773,-0.079112197068215,-11.0,-0.2622557731909469,0.1572929478031004,3.747095406031021,0.0999999999999998,-0.2117287950130938,0.0136653641840716,0.0317360351965244,0.0194992194287441,1.7402850472892544,0.4415393253916403,0.01031,0.1569292379203248,0.8964340608215834,1.0,1.2371386683411364e-05,0.9994457177563747,0.0005419108569416663,0.004769318115602497,0.9613311684004309,1
2019-08-30,1.98,-0.0013068194193365,0.0,-0.0284583180451412,-0.185,0.282379827162582,67.0,-0.0133967492913287,0.0174977988942914,0.0746918056562726,0.0,0.0308999914542901,2.624148213450268,0.0024215130478887,0.0106943372694457,-0.3535533905932741,-8.0,-0.2163922590815326,0.1905583900016413,3.770569528616871,0.02,-0.2106017755720789,0.0128564930788245,0.0264075411393091,0.0071243741360564,1.56225109117983,0.4641099024027939,0.0094899999999999,0.1588125579776236,0.5819822629376643,1.0,0.00011242842671419271,0.9997886709713059,9.890060197990328e-05,0.002145641703384921,0.9613330312152799,1
2019-09-06,1.98,0.0004154314982183,0.00078344857693,-0.0126345790652806,-0.12,0.2784756292767332,69.0,-0.0173745730083648,0.0171130451316952,0.0652646845540245,0.0019365082974263,0.0353861712674116,2.9822552127285387,0.0028500165092301,0.010348457108789,-1.339246695567625,-5.0,-0.1008645421762121,0.1806140320447071,3.987537145743728,-0.03,-0.1657564508079162,0.0145452073307103,0.0270254743088625,0.0050166260809977,1.3900379927181936,0.4809422313171188,0.0069599999999999,0.1481734022786278,-0.1491552264656025,1.0,4.391377662636183e-05,0.9999416734519477,1.441277142618544e-05,0.0006595890404248023,0.961331900642773,1
2019-09-13,2.0,0.0021706719751759,0.00078344857693,-0.0239163094209196,-0.12,0.2740760355318747,69.0,-0.0173745730083648,0.0171130451316952,0.0652646845540245,0.0019365082974263,0.0353861712674116,3.2900783249971077,0.0028500165092301,0.0103370238264752,-0.1519889940213983,-5.0,-0.0552944995101087,0.1708330429730926,4.180324523547203,0.0,-0.2049572376791468,0.0158754722886546,0.0270254743088625,-0.0045326056384238,1.2608984294024264,0.4839537937756453,0.0054299999999999,0.1465556939478583,-0.965810303623292,1.0,1.0371061078283896e-06,0.9999915751073052,7.38778658714926e-06,0.00011000696123191647,0.9613311759862244,1
2019-09-20,2.02,0.019901460949,0.00078344857693,-0.0058841767105604,-0.12,0.269156754037049,69.0,-0.0173745730083648,0.0171130451316952,0.0652646845540245,0.0019365082974263,0.0353861712674116,3.5606827348785126,0.0028500165092301,0.0095692741473487,-0.1519889940213983,-5.0,-0.1488075507172059,0.1497617154969503,4.352146191316002,-0.05,-0.1792879181345903,0.0153666228199621,0.0270254743088625,-0.0338754328719191,1.16539761180192,0.4884972493211244,0.00396,0.1174658004939346,-1.5879364775840432,1.0,0.0008730955375394938,0.9991168156509599,1.00888115008252e-05,0.007148475116915452,0.961345967011895,1
2019-09-27,2.03,0.0033864844935684,0.00078344857693,0.0112687349087978,-0.12,0.2636887010733405,69.0,-0.0173745730083648,0.0171130451316952,-0.0087719298245614,0.0019365082974263,0.0133862085525292,3.8020237526066314,0.0011963200396831,0.008447988145583,0.353553390593275,-5.0,-0.2007978303908558,0.1608848301470544,4.505401484211451,-0.1099999999999998,-0.2367235515711657,0.0152186665583908,0.0031013455315203,-0.0349889551156754,0.9795840704112212,0.4935936494723503,-0.00011,0.1090216230189254,-1.833061150325126,1.0,0.05902140576516111,0.9409626346463453,1.5959588493634707e-05,0.22445762196578026,0.962332288482648,1
2019-10-04,2.05,0.0228415007329467,0.0022861905522297,0.0133644091628059,-0.105,0.2465998183629018,63.0,-0.0245947515809882,0.0176404294442138,0.0276653171390013,0.0022013101956217,0.0148978759530851,3.8020237526066314,0.0030529420902474,0.0067825130419537,-2.281158356954525,4.0,-0.2516703524324346,0.1642298041509107,4.511548780428747,-0.09,-0.2896152276728847,0.0089973126894635,0.0137856442862639,0.0105017634268109,0.6148049548331282,0.4976073597371649,-0.0037399999999999,0.127272205471895,-1.7363571102198978,1.0,0.04524620079791055,0.9547210641057847,3.273509630448843e-05,0.18464186447315534,0.9620986243348931,1
2019-10-11,1.99,0.0010451537331426,0.0022861905522297,0.0226291028756242,-0.105,0.2272826770170799,63.0,-0.0245947515809882,0.0176404294442138,0.0276653171390013,0.0022013101956217,0.0148978759530851,3.8020237526066314,0.0030529420902474,0.0063396299988158,0.4842143417581074,4.0,-0.2995887449234227,0.2045203447791664,4.513596018653628,-0.03,-0.2332491789898398,0.0096735018957851,0.0137856442862639,-0.0167280285791943,-0.3744132341861186,0.4948347073842067,-0.00848,0.1237509018724791,-1.7358984599114875,1.0,0.06581546328214676,0.9341740538738568,1.048284399654179e-05,0.24280776983454208,0.9624475327391235,1
2019-10-18,1.98,0.0041813134580013,0.0022861905522297,-0.0168865963023957,-0.105,0.2051086678813153,63.0,-0.0245947515809882,0.0176404294442138,0.0276653171390013,0.0022013101956217,0.0148978759530851,3.8020237526066314,0.0030529420902474,0.0075386557318728,0.4842143417581074,4.0,-0.2861538666945237,0.2104374695044726,4.511548780428741,-0.02,-0.2219329189486137,0.0088682837725453,0.0137856442862639,-0.0069772536020708,-1.8366933891551167,0.4889399683083695,-0.0124199999999999,0.1201115552902887,-1.6139379034624004,1.0,0.22356649842685572,0.7764291983944372,4.303178707000656e-06,0.5314414234121944,0.9651233407372802,1
2019-10-25,1.93,0.0005619604933453,0.0022861905522297,-0.0081065457165013,-0.105,0.1790193328124328,63.0,-0.0245947515809882,0.0176404294442138,0.0276653171390013,0.0022013101956217,0.0148978759530851,3.8020237526066314,0.0030529420902474,0.0060038173706114,0.4842143417581074,4.0,-0.2778649941484519,0.1839060319060944,4.505401484211438,0.0,-0.1617102690143395,0.0095853678188769,0.0137856442862639,0.0009601792866971,-1.984448552540103,0.4843578884488229,-0.0138099999999999,0.1142678557474037,-1.3569421122265048,1.0,0.7876918826295569,0.2123076832958129,4.3407463018414854e-07,0.5170048614313951,0.9746921536359194,0
2019-11-01,1.91,0.0128815481139918,-0.0005362430346691,-0.0220180934610174,0.015,0.1746260483139881,60.0,-0.0204760152246461,0.0205127798189161,0.044928522804629,0.0021813790240403,0.0093429815987973,3.794935896894552,0.0036840382261695,0.0068225400896171,1.4786001718410058,-3.0,-0.1735688024199629,0.1515632823986239,4.433648589931601,-0.1399999999999999,-0.1099144550807007,0.0094332639351868,0.0128967237094951,0.0029779260525597,-1.7563180900394555,0.4751944509505731,-0.01197,0.1117315021441815,-0.8945495424489959,1.0,0.9922136871566697,0.0077862920877663205,2.075556412808619e-08,0.045561776458536374,0.9781612949426939,0
2019-11-08,1.9,0.0048808119163454,-0.0005362430346691,0.0204392465824256,0.015,0.1700845302598577,60.0,-0.0204760152246461,0.0205127798189161,0.044928522804629,0.0021813790240403,0.0093429815987973,3.787428597956109,0.0036840382261695,0.0079892675075095,0.1161498399679547,-3.0,-0.2500672335246131,0.2014190727244045,4.356476082940744,0.03,-0.0490114141144562,0.0143051124028925,0.0128967237094951,-0.0056257297925542,-1.5339857930056502,0.461226641774947,-0.0094299999999999,0.0919627253679953,-0.3796543982065041,1.0,0.9950535128399846,0.004946466277218546,2.0882797010924648e-08,0.0311957966574479,0.9782094646532841,0
2019-11-15,1.88,0.002089149419858,-0.0005362430346691,-0.0037688379185446,0.015,0.1653825673173567,60.0,-0.0204760152246461,0.0205127798189161,0.044928522804629,0.0021813790240403,0.0093429815987973,3.779499356345464,0.0036840382261695,0.0083602912245751,0.1161498399679547,-3.0,-0.3707865011770801,0.1905958701396794,4.2735903711787095,0.02,0.0223167225763734,0.0135704488257589,0.0128967237094951,-0.0314651955105615,-1.30242398654936,0.4513275206766143,-0.0049299999999999,0.0848528137421872,0.6632246729646237,1.0,0.999861593507767,0.00013840525279184694,1.2394411180982295e-09,0.0013681979249350294,0.9782910203194318,0
2019-11-22,1.77,-0.0043561052421983,-0.0005362430346691,0.0137471164280392,0.015,0.1605060595929326,60.0,-0.0204760152246461,0.0205127798189161,0.044928522804629,0.0021813790240403,0.0093429815987973,3.771145510523143,0.0036840382261695,0.0086794164148351,0.1161498399679547,-3.0,-0.3813834940629457,0.1691522982404188,4.1846519828048345,0.01,0.1457755366073252,0.0135422575574628,0.0128967237094951,-0.0270294378647327,-1.0278199996383766,0.4423405457010249,0.0002499999999999,0.0837939650058097,1.7029864685610323,1.0,0.9997939058815356,0.0002060865469561439,7.57150822120882e-09,0.001955315156244387,0.9782898721855476,0
2019-11-29,1.77,0.0056140451867863,0.0,0.0019342057106059,0.015,0.1554385801994681,60.0,-0.0204760152246461,0.0205127798189161,0.0078791858174656,0.0,0.0048127686677616,3.613862199918586,0.0017745972876455,0.0086530924543404,-0.3535533905932744,-3.0,-0.5054206624955477,0.0994179489400377,4.117614738075863,0.01,0.0832514792531551,0.0133374613854884,0.0027857128608798,-0.0014141852644585,-0.6359125197097915,0.4330206697751607,0.0051799999999999,0.0358319490314893,1.8120780625154875,1.0,0.9988640531927323,0.0011359125070503568,3.4300217370249446e-08,0.008837740062582262,0.9782740998219138,0
2019-12-06,1.68,0.0031634333652037,-0.0009097695250538,0.0304256752909384,0.14,0.1693417047247174,58.0,-0.0229918073733639,0.0228512974012171,-0.0525279054497701,0.0017774564297226,0.0096944594615351,3.613862199918586,0.0020593459420242,0.0093099618973348,-1.29210795186572,-9.0,-0.4799464896900962,0.0941123948115128,4.094058159967004,-0.06,0.1252613586035815,0.0124226832158493,0.0217634823810461,0.0112688958542521,0.0929458226820838,0.426538560142134,0.00912,0.0352288437014056,1.5927028026269046,1.0,0.9981560872210008,0.0018438460446304837,6.673436877427485e-08,0.013451987697266308,0.9782620911445378,0
2019-12-13,1.6,0.007328388546512,-0.0009097695250538,-0.0154136477872638,0.14,0.1818956792531679,58.0,-0.0229918073733639,0.0228512974012171,-0.0525279054497701,0.0017774564297226,0.0096944594615351,3.613862199918586,0.0020593459420242,0.0087632380220191,-0.1636040833866037,-9.0,-0.4000522440098032,0.0794512429104486,4.070272614377602,0.04,0.1732421640568648,0.0131831580075985,0.0217634823810461,0.0018432484304939,1.1270629432868402,0.4180592866080073,0.00763,0.0329501788414111,1.0893800150048656,1.0,0.9983675255343839,0.001632440851180379,3.361443559292619e-08,0.012108200955441954,0.978265677617326,0
2019-12-20,1.55,0.0101479895817131,-0.0009097695250538,-0.0099797006526856,0.14,0.1933634601731164,58.0,-0.0229918073733639,0.0228512974012171,-0.0525279054497701,0.0017774564297226,0.0096944594615351,3.613862199918586,0.0020593459420242,0.0079310514296986,-0.1636040833866037,-9.0,-0.3899370864849654,0.0733752585783761,4.046254063414603,0.01,0.3257292920469126,0.0127319238937469,0.0217634823810461,-0.0014036044526003,1.5385397258553148,0.410261109513106,0.00402,0.0329501788414111,0.5085455401426988,1.0,0.9945555797599506,0.005444332252237875,8.798781159974763e-08,0.0338132867795185,0.9782010185842984,0
2019-12-27,1.52,0.0068983904480774,-0.0009097695250538,-0.0008895413752459,0.14,0.2039283740839428,58.0,-0.0229918073733639,0.0228512974012171,-0.0599348534201954,0.0017774564297226,0.0091310276496196,3.613862199918586,0.0008216509599198,0.0078517789295204,0.3535533905932766,-9.0,-0.3466545534917316,0.0703942976587739,4.021998332698948,-0.01,0.3615706756583445,0.0161911467362569,0.021190170641421,0.0002999797204989,0.9115829327137476,0.4041629153470428,-0.00472,0.0269589635233342,-0.8381300091646853,1.0,0.9989499931935056,0.0010499769790837247,2.982741064399228e-08,0.008251750692401487,0.9782755575556553,0
2020-01-03,1.58,0.0019288979642984,0.0038797699378148,-0.0074673903490528,0.095,0.2206953385847078,70.0,-0.0229037901551323,0.0248657195525046,-0.0260586319218241,0.0026163446357416,0.009049889700922,3.7424796387093737,0.0023451712378998,0.0057670713907729,-2.321312779859245,-15.0,-0.3002627538866185,0.055226805086072,3.892406654319674,-0.05,0.31463720685252,0.0118858700644322,0.0262389796285865,0.0076200101144884,-0.3881270490215169,0.3998255181291597,-0.01317,0.0302371578401836,-1.7913006969177727,1.0,0.9994232346856604,0.0005767296166479423,3.569769166038661e-08,0.004878539598484316,0.9782835847735372,0
2020-01-10,1.66,-0.0057700426439742,0.0038797699378148,0.0079333346000173,0.095,0.2348751013491249,70.0,-0.0229037901551323,0.0248657195525046,-0.0260586319218241,0.0026163446357416,0.009049889700922,3.863238975861548,0.0023451712378998,0.0059344325500564,0.4731823722398246,-15.0,-0.2894482352408972,0.0558057856704902,3.756743559513144,0.02,0.1444078453363939,0.0118446413839805,0.0262389796285865,0.0003936006716616,-1.759354167150914,0.3931216196588263,-0.0199799999999999,0.0329230705037506,-1.7747693330141123,1.0,0.9997782456996247,0.00022175051540376155,3.784971504392266e-09,0.0020876025472631875,0.9782896065557184,0
2020-01-17,1.67,0.0063394917610224,0.0038797699378148,-0.0074761090043659,0.095,0.246913798801827,70.0,-0.0229037901551323,0.0248657195525046,-0.0260586319218241,0.0026163446357416,0.009049889700922,3.976856122037232,0.0023451712378998,0.0048146124812135,0.4731823722398246,-15.0,-0.4247558999866274,0.0454933276113956,3.6143254441579225,0.02,0.0881041216670057,0.0114459452878444,0.0262389796285865,-0.0091662722763481,-1.979265613106176,0.3827190960557274,-0.0214099999999999,0.0325137333615991,-1.3763020200965774,1.0,0.9996598920995439,0.00034009867765225,9.222803887686144e-09,0.003056342176940062,0.9782875990154403,0
2020-01-24,1.64,-0.0071693188213177,0.0038797699378148,0.0063197869583079,0.095,0.2571123584893988,70.0,-0.0229037901551323,0.0248657195525046,-0.0260586319218241,0.0026163446357416,0.009049889700922,4.083927220025099,0.0023451712378998,0.0047295417784171,0.4731823722398246,-15.0,-0.4043423465759926,0.0544452542863072,3.464319312018408,-0.02,0.0093127214153301,0.0111651534073701,0.0262389796285865,0.0037014779110838,-1.695861598895057,0.3744310918366407,-0.0135,0.0465985898004933,-0.570093180691597,1.0,0.9997690466614565,0.0002309083802754769,4.4958267995012416e-08,0.002165196158519354,0.978289450504337,0
2020-01-31,1.72,0.0013791899104467,0.0,0.0100356131755259,0.215,0.2648313549745775,73.0,-0.0175355003204097,0.0205517928917302,0.0360360360360361,0.0,0.0017802285528357,4.370530684200588,0.0023170367720686,0.0044025116915464,0.353553390593274,11.0,-0.3266276581077534,0.1225837905854639,3.634508645195903,0.01,-0.0669561538296392,0.0098687502190172,0.012740662724082,0.031125823100267,-1.210152966075121,0.3714532119767244,0.00197,0.0957675757832164,0.8369924197506488,0.0,0.9826419087401917,0.01733230295481714,2.5788304991323623e-05,0.0877646943363291,0.97799892682372,0
2020-02-07,1.69,0.0036315856663526,0.0027406181314952,-0.0072704356122215,0.125,0.2656341471885874,73.0,-0.0142322177502087,0.0233487356394594,0.0083160083160083,0.0024520463714212,0.0043679678135055,4.62318571483415,0.0027511262259977,0.0071460670359218,1.36713364092874,11.0,-0.2806813473317563,0.1416169380507588,3.79350083262372,0.01,-0.0455235483745859,0.0119627094055961,0.0169187399460061,0.0142534820243999,-0.2342127472719551,0.367366140035644,0.0255199999999999,0.1008535005411003,1.9721187778003584,0.0,0.9638977301972468,0.03609755928411648,4.710518636775512e-06,0.1553995005808245,0.9776809920704519,0
2020-02-14,1.75,0.0038356428709769,0.0027406181314952,-0.0090409900303527,0.125,0.2654934114904818,73.0,-0.0142322177502087,0.0233487356394594,0.0083160083160083,0.0024520463714212,0.0043679678135055,4.847203793465365,0.0027511262259977,0.0073442019623707,0.1450010033170503,11.0,-0.3001904714675177,0.1451107951089731,3.942650722669076,0.02,-0.0636805343732769,0.0114781647671891,0.0169187399460061,-0.0017006137152795,1.6121769209609005,0.3610684663686025,0.05957,0.0937226150477745,2.077842114186464,0.0,0.9965011247073349,0.0034988502240848466,2.506858028027258e-08,0.02328030651836243,0.9782340193436412,0
2020-02-21,1.82,-0.0026583377344095,0.0027406181314952,-0.0185403505066367,0.125,0.264407641255712,73.0,-0.0142322177502087,0.0233487356394594,0.0083160083160083,0.0024520463714212,0.0043679678135055,5.0464000878006345,0.0027511262259977,0.0067415501808045,0.1450010033170503,11.0,-0.2988590482000406,0.1583790660770683,4.083037050228928,-0.02,-0.0677610437854109,0.0146582154663478,0.0169187399460061,0.0031656887617531,2.191257282122713,0.357100935915066,0.10009,0.0967692395043487,1.9286213142986164,0.0,0.9382444983867159,0.06175225679272648,3.2448205575199564e-06,0.23180599103094832,0.9772458571942709,0
2020-02-28,1.85,-0.0031002716003806,0.0027406181314952,-0.017282815510575,0.125,0.2692948374823726,73.0,-0.0146020877622217,0.0176080439965067,-0.0267558528428093,0.0024520463714212,0.0042511429730652,5.223615017031237,0.0011887317589216,0.0078419607443112,-0.3535533905932752,11.0,-0.4109828491229005,0.1648754941507217,4.215535442248628,-0.29,-0.1978494814780379,0.0245498987033106,0.00945962249079,0.0972653949809926,2.087244644328167,0.3590491464866672,0.13915,0.2271524032135194,1.7462480433793235,0.0,1.785773912627273e-33,2.4758157995781543e-05,0.9999752418420044,0.00028735170454934213,0.9609573040341388,2
2020-03-06,1.8,0.0199272021097296,-0.0021764510317846,0.0138001382824801,0.22,0.2753084153402557,62.0,-0.0531505496438906,0.015393269919198,-0.0996655518394649,-0.0011818827841568,0.042472520563569,5.1518480627381535,0.0140500660397301,0.0133668826402354,-2.466181276939808,5.0,-0.4038394628267157,0.1648754941507217,4.258387163798052,-0.8200000000000001,-0.2637774388447623,0.0341549664264154,0.0268218975064786,0.0968152988592701,1.920251315657865,0.3841542786485218,0.16197,0.3711757381233175,1.4941383680843277,0.0,6.818678036530379e-39,1.304898055844341e-06,0.9999986951019443,1.898549181275348e-05,0.9609572952657535,2
2020-03-13,1.86,0.0165988173543034,-0.0021764510317846,0.0001528880273301,0.22,0.2810533094252136,62.0,-0.0531505496438906,0.015393269919198,-0.0996655518394649,-0.0011818827841568,0.042472520563569,5.077855392251318,0.0140500660397301,0.0157315355734122,0.3181252831074135,5.0,-0.3313059366651084,0.2626479175082954,4.300022799756876,-0.1699999999999999,-0.4577922198558902,0.0499029865334997,0.0268218975064786,0.2687784053870172,1.760949754285234,0.3952895248378087,0.1671,0.4247331094766138,1.2042250097647418,1.0,0.0,1.940641716451093e-89,1.0,5.526204223185709e-11,0.9609572947778958,2
2020-03-20,1.8,0.0826318075674568,-0.0021764510317846,-0.0093778841662457,0.22,0.2865456805463376,62.0,-0.0531505496438906,0.015393269919198,-0.0996655518394649,-0.0011818827841568,0.042472520563569,5.001538224924911,0.0140500660397301,0.0202517236232961,0.3181252831074135,5.0,-0.4173628913478998,0.3773497808968126,4.340477345838954,-0.23,-0.6200880766030483,0.050094332604795,0.0268218975064786,0.1361072258078181,1.5970951822100308,0.4092664869193168,0.14612,0.4621668684422015,0.716193566591788,1.0,0.0,7.57045369163e-312,1.0,5.526204223185709e-11,0.9609572947778958,2
2020-03-27,1.78,0.125543998430234,-0.0021764510317846,-0.0242134239374329,0.22,0.2917997883135961,62.0,-0.0531505496438906,0.015393269919198,-0.0996655518394649,-0.0011818827841568,0.042472520563569,4.922788453086986,0.0140500660397301,0.0233863538017345,0.3181252831074135,5.0,-0.386175815166306,0.3993365032865862,4.379783530122993,-0.02,-0.6423345452746341,0.0615222693244678,0.0268218975064786,0.0895135848660909,1.4016905511711146,0.4307876261963744,0.09295,0.4963707571678488,-0.365297059427319,1.0,0.0,1.7769831126580236e-77,1.0,5.526204223185709e-11,0.9609572947778958,2
2020-04-03,1.79,0.1060714716655646,-0.0066869418669972,-0.0779577936965752,0.1099999999999999,0.3670966200512688,40.0,-0.173182822613763,0.0032909668633682,-0.2604810996563573,-0.0048978858208451,0.0750377971689889,5.059796286565188,0.046701218696632,0.024413010262568,-2.3661668764560018,-15.0,-0.3915165050271058,0.3914807056001066,4.443503231157461,0.07,-0.5507292433426036,0.06126632823233,0.0720734771163074,0.0200318497940933,1.1883703707945543,0.4511400006105378,0.0383599999999999,0.4737822736839102,-1.559767056961409,1.0,0.0,1.7269940369609676e-47,1.0,5.526204223185709e-11,0.9609572947778958,2
2020-04-10,1.86,0.0467227050968863,-0.0066869418669972,-0.0370264243733754,0.1099999999999999,0.4269381508563247,40.0,-0.173182822613763,0.0032909668633682,-0.2604810996563573,-0.0048978858208451,0.0750377971689889,5.178654413886096,0.046701218696632,0.024784086221071,0.4576893952950256,-15.0,-0.3484962465656746,0.3677125235833207,4.502219998738552,0.15,-0.6437627101845074,0.0644145853393358,0.0720734771163074,0.023381127841081,0.93249900009315,0.4608027538751596,-0.0136999999999999,0.3876946515714312,-1.8398132949543384,1.0,0.0,1.156696733063216e-63,1.0,5.526204223185709e-11,0.9609572947778958,2
2020-04-17,1.86,0.0468090415790132,-0.0066869418669972,-0.0317673464990423,0.1099999999999999,0.4771748998747904,40.0,-0.173182822613763,0.0032909668633682,-0.2604810996563573,-0.0048978858208451,0.0750377971689889,5.280588545286954,0.046701218696632,0.0247969407883807,0.4576893952950256,-15.0,-0.2959839300133274,0.305368629692072,4.556127261824492,-0.13,-0.7145312428474426,0.0648977667037878,0.0720734771163074,-0.0181088554353434,0.5707528702880175,0.4706429526070267,-0.0556699999999999,0.2230310676627936,-1.6409887473865683,1.0,0.0,4.531081428793455e-50,1.0,5.526204223185709e-11,0.9609572947778958,2
2020-04-24,1.86,0.0322318847680556,-0.0066869418669972,0.0114771590335089,0.1099999999999999,0.5205948805883137,40.0,-0.173182822613763,0.0032909668633682,-0.2604810996563573,-0.0048978858208451,0.0750377971689889,5.366563145999533,0.046701218696632,0.0246697999941298,0.4576893952950256,-15.0,-0.3195634988772213,0.1736169840276881,4.605393912794401,0.0,-0.7323854543723332,0.0611559707360269,0.0720734771163074,-0.1110457009840208,-0.05118849294182,0.4816470297187045,-0.07879,0.1224744871389439,-1.3721010403543166,1.0,1.2680769625862428e-241,2.3139729045256645e-30,1.0,5.526204223185709e-11,0.9609572947778958,2
2020-05-01,1.8,0.0125956621010123,1.9501616683959e-05,-0.0234456266659183,0.08,0.571008887810238,33.0,-0.1604773810453941,0.001179263702107,-0.0713224368499256,-0.0012568392374673,0.069042032545115,5.649370284853437,0.047812578297962,0.022119094665257,0.6474363140315501,-18.0,-0.2637319632670052,0.1366891677180082,4.7726596927692375,0.0,-0.6806586838037767,0.0576448669331769,0.097247278387984,-0.2019214436686426,-1.2462814785764296,0.4868989507437275,-0.09738,0.1029476288491439,-1.193784449796935,1.0,4.7864604184768055e-149,6.564286951848067e-17,1.0,5.526204223185709e-11,0.9609572947778959,2
2020-05-08,1.75,0.0098394979874334,1.9501616683959e-05,0.0419495753369196,0.08,0.6156088244494502,33.0,-0.1604773810453941,0.001179263702107,-0.0713224368499256,-0.0012568392374673,0.069042032545115,5.897587511986478,0.047812578297962,0.0214698775218581,0.3015402863488898,-18.0,-0.3039328051043243,0.1341374561517789,4.929365327700354,0.0,-0.5987674370363056,0.0427152999715964,0.097247278387984,-0.1303664912134682,-1.8305840739220551,0.4899633685941753,-0.09952,0.0618177043521901,-0.985499542528136,1.0,3.190463632276134e-61,6.159746993722949e-07,0.9999993840253009,9.424477267121753e-06,0.9609572950081883,2
2020-05-15,1.71,0.031661018058684,1.9501616683959e-05,-0.0258436310490021,0.08,0.6555823777680483,33.0,-0.1604773810453941,0.001179263702107,-0.0713224368499256,-0.0012568392374673,0.069042032545115,6.1154281565939375,0.047812578297962,0.0172915669909291,0.3015402863488898,-18.0,-0.3743823635862431,0.0674933859194415,5.07648885203686,0.0,-0.5310707282941683,0.0400612195423848,0.097247278387984,-0.0515168975649958,-1.6706384636039466,0.4951147085885078,-0.09033,0.0329230705034388,-0.733712312720793,1.0,5.751523095370347e-42,0.002873776123617845,0.9971262238763828,0.01968734973923326,0.9609583691861693,2
2020-05-22,1.62,0.014858325232214,1.9501616683959e-05,0.0147709636056145,0.08,0.69173205640494,33.0,-0.1604773810453941,0.001179263702107,-0.0713224368499256,-0.0012568392374673,0.069042032545115,6.306041059662887,0.047812578297962,0.0125459529920922,0.3015402863488898,-18.0,-0.3337182780782838,0.0297609523659427,5.214841333707523,0.0,-0.4328841993134066,0.0284125188667656,0.097247278387984,-0.0616040507976657,-1.4989336172350127,0.4994447520315686,-0.0797799999999999,0.0297309362680399,-0.4161398237266311,1.0,7.046007664394877e-52,7.589097659699015e-07,0.9999992410902332,1.1453025248175963e-05,0.9609572950616259,2
2020-05-29,1.58,0.0085342899180334,0.0,0.0424814653376553,0.08,0.7246303721171442,33.0,-0.1604773810453941,0.001179263702107,0.1617100371747211,0.0,0.0024620709651338,6.471832459560102,0.005847129933749,0.0099840066548463,-0.3535533905932737,-18.0,-0.2465362754743062,0.029970223317952,5.310566035167454,0.02,-0.3366354826454804,0.0285223788317793,0.057173131936087,-0.0207145474483859,-1.363894313417492,0.5070421130183447,-0.0635,0.0286605752101057,0.312850454813577,1.0,1.9071057117985513e-29,0.03419559649095796,0.9658044035090417,0.14903679896153232,0.9609700793617253,2
2020-06-05,1.61,0.009567137774336,0.0054720469277753,0.0305912485280451,0.055,0.7378529915633021,46.0,-0.1058606467358145,0.0064573304755548,0.2397769516728625,0.0016464967672902,0.0281165848048348,6.471832459560102,0.0230707400099866,0.0089061352490568,2.395745863686852,-7.0,-0.2374839421968055,0.0871677364953783,5.310566035167454,0.0099999999999999,-0.2674569733744879,0.0218977730357009,0.0586953399015789,-0.034865116426911,-1.2531206302934943,0.5070508882925866,-0.0466199999999999,0.0266926956290581,1.5276438451094358,1.0,2.4382620475657335e-43,1.1528912740713415e-06,0.9999988471087262,1.6916674579949343e-05,0.9609572952089234,2
2020-06-12,1.48,0.0005190352225201,0.0054720469277753,-0.0330206861031815,0.055,0.7503376535675212,46.0,-0.1058606467358145,0.0064573304755548,0.2397769516728625,0.0016464967672902,0.0281165848048348,6.471832459560102,0.0230707400099866,0.0096320304402183,-0.4446560623454345,-7.0,-0.2748220001110688,0.0866746791168759,5.310566035167454,0.01,-0.3094648737274141,0.0229488072109379,0.0586953399015789,0.0590728786733741,-1.149238564523091,0.5110681447392024,-0.02994,0.0261861468272788,1.743212992039417,1.0,3.6490875450994474e-24,0.1544620273253251,0.8455379726746752,0.43037147582681656,0.961015042936709,2
2020-06-19,1.6,-0.0103566275385914,0.0054720469277753,0.0419572404928138,0.055,0.7621206254927946,46.0,-0.1058606467358145,0.0064573304755548,0.2397769516728625,0.0016464967672902,0.0281165848048348,6.471832459560102,0.0230707400099866,0.00865748027205,-0.4446560623454345,-7.0,-0.2365050564695358,0.0812403840464418,5.310566035167454,-0.01,-0.3078530421596115,0.0221032340646308,0.0586953399015789,-0.0116316196860448,-1.0784414960598123,0.514428140965525,-0.02261,0.0223207142730637,1.4358195203150157,1.0,2.93109818955332e-24,0.08945930085984144,0.910540699140159,0.3012850546451993,0.9609907406027556,2
2020-06-26,1.53,-0.0017460946144228,0.0054720469277753,-0.0034463826414665,0.055,0.7732339862421073,46.0,-0.1058606467358145,0.0064573304755548,0.0671999999999999,0.0016464967672902,0.028362512661701,6.471832459560102,0.0231684153309187,0.0070993457461776,-0.3535533905932737,-7.0,-0.3522530554868605,0.0831092224554907,5.310566035167454,-0.0099999999999999,-0.341713684369854,0.0211222914987278,0.023758787847868,0.0063336584629929,-1.0387418751586543,0.519734058634246,-0.0181599999999999,0.0212132034343097,1.2056938667081272,1.0,6.0355458190165855e-15,0.7827853077144432,0.2172146922855508,0.5233600174535784,0.9612499518862417,1
2020-07-03,1.55,-0.010344376729487,0.0050582435016697,0.0720666509683047,0.075,0.7766728935338947,54.0,-0.0678354495942743,0.009860818253037,0.2367999999999999,0.0057927620566562,0.0406513029353407,6.75277720645368,0.0249919417073718,0.0052074218984063,0.984190993668249,6.0,-0.2828784202294123,0.0833987838212916,5.53788542336247,0.0,-0.293166358680652,0.0210850936650393,0.0577930614188446,-0.0140091868536068,-1.045425151971754,0.5216152471538774,-0.01708,0.0212132034343097,1.002249678708041,1.0,1.2026794073266028e-15,0.9244772737593775,0.07552272624062094,0.2676957462422623,0.9613029257484866,1
2020-07-10,1.62,-0.0126014404255075,0.0050582435016697,-0.0290320668301791,0.075,0.7797672736751448,54.0,-0.0678354495942743,0.009860818253037,0.2367999999999999,0.0057927620566562,0.0406513029353407,7.011748382865414,0.0249919417073718,0.004691615150256,-0.5151775912258985,6.0,-0.2641663689269355,0.0833987838212916,5.749680298017423,-0.01,-0.3265238356810099,0.019576754959573,0.0577930614188446,0.0022835054777214,-1.127741107637035,0.5207591048161533,-0.0184799999999999,0.0212132034343097,0.7779170959543025,1.0,3.197842486781406e-12,0.9968974653942553,0.003102534602546854,0.021016516785050593,0.9613300012233383,1
2020-07-17,1.6,0.0054745780638882,0.0050582435016697,-0.0005375005110215,0.075,0.7825212138422998,54.0,-0.0678354495942743,0.009860818253037,0.2367999999999999,0.0057927620566562,0.0406513029353407,7.251100712199624,0.0249919417073718,0.0046533246600165,-0.5151775912258985,6.0,-0.2367836029867673,0.0837939650060908,5.947609378164624,-0.02,-0.2703577319208005,0.018735889092339,0.0577930614188446,0.0018026586422978,-1.2581523267219112,0.5205906191627294,-0.01877,0.025035688810797,0.62606903662178,1.0,7.586812273845809e-14,0.9987947502864664,0.0012052497134579434,0.009305089022433464,0.9613307105543165,1
2020-07-24,1.57,0.0008839416641612,0.0050582435016697,-0.0044043647400319,0.075,0.784938297323864,54.0,-0.0678354495942743,0.009860818253037,0.2367999999999999,0.0057927620566562,0.0406513029353407,7.472719616146374,0.0249919417073718,0.006357458844057,-0.5151775912258985,6.0,-0.1664361257473937,0.0868393426310037,6.133015271443299,0.0,-0.2653024847865192,0.0241330305249198,0.0577930614188446,-0.086409358827462,-1.3777308436694715,0.519407511397343,-0.0190099999999999,0.0274837614383923,0.4778318069417147,1.0,1.37659015258333e-09,0.9993694870946263,0.0006305115287834374,0.005276568466794625,0.9613309254529486,1
2020-07-31,1.45,-0.0022575094170577,0.0,-0.0041638785507306,0.075,0.7874641292401562,57.0,-0.0741764826235641,0.0099119887121041,0.1589205397301349,0.0,0.0253508192999017,7.262231062146145,0.0132483994173623,0.0062781118218746,-0.3535533905932739,-17.0,-0.1518151904218008,0.0333541601605203,6.237959744963649,-0.02,-0.2765001694545277,0.0163281143493944,0.0561868956565023,-0.0050240906040016,-1.4126236628293751,0.523447896021394,-0.0174699999999999,0.027124053636199,0.6349833907067371,1.0,2.6168945757043566e-05,0.9997540768071463,0.00021975424709636137,0.0023729900285619004,0.9613315228810069,1
2020-08-07,1.44,-0.0005461192292681,0.0031532105240814,-0.0001228830204167,0.2,0.7870174759666636,57.0,-0.0651224193532672,0.0130964538233071,0.1491754122938531,0.0038632853258735,0.0275691599520044,6.974348604818858,0.013205569660682,0.0068289698962773,0.2932868308422175,-17.0,0.0561585466705221,0.0337797487939909,6.333968373338126,0.01,-0.2436697023724197,0.0157664691785974,0.0566880218160789,-0.0242822347294358,-1.3668929650567945,0.5281675256425201,-0.01371,0.0250713268200236,1.8076750327685376,1.0,1.1816960897554502e-06,0.9997040435626652,0.0002947747412446433,0.0027083531211264805,0.9613310709944689,1
2020-08-14,1.34,0.0017335621520186,0.0031532105240814,-0.0117716084863336,0.2,0.7864776969616094,57.0,-0.0651224193532672,0.0130964538233071,0.1491754122938531,0.0038632853258735,0.0275691599520044,6.598950965581887,0.013205569660682,0.0064707790767655,-0.4472696316689853,-17.0,0.0709090434224162,0.0483846197524078,6.421441975424117,0.0,-0.2343721680460734,0.0252459377602266,0.0566880218160789,-0.024755639966749,-1.282651283707779,0.5317058974543034,-0.01026,0.0192260983324172,2.070168458649108,1.0,0.00016376343268198918,0.9995732620893361,0.0002629744779824081,0.004022004942457932,0.961333840628564,1
2020-08-21,1.35,0.0076696673138068,0.0031532105240814,0.0051078614682951,0.2,0.7858446003270971,57.0,-0.0651224193532672,0.0130964538233071,0.1491754122938531,0.0038632853258735,0.0275691599520044,6.119954750963965,0.013205569660682,0.0074044135474129,-0.4472696316689853,-17.0,0.1375464733437608,0.0488254910005235,6.500725101683689,0.0,-0.2183865315900887,0.0257369781573459,0.0566880218160789,-0.0175064939650693,-1.1694621606951363,0.5364650230586927,-0.0061399999999999,0.0175254916361212,1.905106164533595,1.0,0.0001617748304065101,0.9992706999613016,0.000567525208291828,0.006383027212080384,0.9613336930362016,1
2020-08-28,1.35,-0.0028840460574409,0.0031532105240814,-0.0092186240740935,0.2,0.7851179603171687,57.0,-0.0651224193532672,0.0130964538233071,-0.0084087968952134,0.0038632853258735,0.0078025575855065,5.510409729286526,0.0034575647602154,0.0075618223952436,-0.3535533905932748,-17.0,0.162800859976304,0.0651235090315701,6.572114177813141,0.0,-0.2201451468118475,0.0256942235796391,0.0029729586531136,-0.0085242579457575,-1.0250894066957894,0.5390017867257668,-0.00201,0.0160356745130263,1.728985089228156,0.0,6.955037472055975e-08,0.9939465760284049,0.006053354421220097,0.03695155610105798,0.9613288991906916,1
2020-09-04,1.35,0.0038730158911812,0.0013927469432666,0.0205072503539476,0.0099999999999999,0.7843938765865686,61.0,-0.061831018547937,0.0137132486105646,0.0582147477360932,0.0019037187711885,0.0299570373892665,5.264832527104897,0.0034515257734119,0.0096912059047563,-0.3224682096043949,-10.0,0.0368589766551346,0.070457687403854,6.659885314191865,0.0099999999999999,-0.2963552700696978,0.028275159083465,0.0243578177928833,0.0506163159508573,-0.8067157202655527,0.5408479948604318,0.00214,0.0138873014946018,1.594906605585338,1.0,5.908534164156267e-07,0.9994619421231953,0.0005374670233878962,0.004592784363767788,0.9613309702379886,1
2020-09-11,1.46,-0.0009801222431033,0.0013927469432666,0.0198718554309122,0.0099999999999999,0.7836135058737442,61.0,-0.061831018547937,0.0137132486105646,0.0582147477360932,0.0019037187711885,0.0299570373892665,4.882779788351981,0.0034515257734119,0.0096719751379584,-0.3587010989899201,-10.0,-0.1319816441414016,0.0704956938908777,6.719408641293243,0.0,-0.3194165383857312,0.0282547606535711,0.0243578177928833,0.0351752375208244,-0.4740812390507548,0.5359852995440784,0.00436,0.0140788595297735,1.3762748376997578,1.0,1.7552724883874013e-05,0.9998530705110426,0.000129376764073659,0.0014974082547863608,0.9613314105199889,1
2020-09-18,1.42,0.0076827792829559,0.0013927469432666,-0.0065116584919633,0.0099999999999999,0.7827766798367835,61.0,-0.061831018547937,0.0137132486105646,0.0582147477360932,0.0019037187711885,0.0299570373892665,4.3282613315101806,0.0034515257734119,0.0079703233917068,-0.3587010989899201,-10.0,-0.1917915698424386,0.0670687280759646,6.751431332518018,-0.0099999999999999,-0.2923050352493392,0.0231680046461581,0.0243578177928833,0.0052744587983342,0.0364487254746106,0.5334918693482489,0.0038499999999999,0.0140788595297735,1.050599255575515,1.0,4.12223041168039e-06,0.9998670400596589,0.00012883770992921505,0.0013380569434375041,0.9613311829106975,1
2020-09-25,1.36,0.0040605989829392,0.0013927469432666,0.0223454221489035,0.0099999999999999,0.7818832172084128,61.0,-0.061831018547937,0.0137132486105646,0.0582147477360932,0.0019037187711885,0.0299570373892665,3.5207079707616646,0.0034515257734119,0.0102730236254329,-0.3587010989899201,-10.0,-0.1102329867172884,0.053435541944201,6.75634442914566,0.0,-0.28009300465303,0.0258441582045003,0.0243578177928833,0.017483226984986,1.2039867552970638,0.5319645070890248,0.00567,0.0116496474478463,1.0522551704269756,1.0,6.074439940079026e-08,0.997944452710699,0.002055486544901328,0.014772236682627173,0.9613303937097086,1
2020-10-02,1.27,-0.0052208035317399,0.000414937759336,-0.0126853521615308,0.08,0.781219484806382,53.0,-0.0462268345754283,0.0118206616772749,0.0521852576647097,0.001386962552011,0.0298091129915404,3.474965412113437,0.0028400019687101,0.0110806889631705,2.474579904989714,7.0,0.036564611282936,0.0339905449039931,6.809296280608067,-0.01,-0.2984283606589941,0.0256401387543376,0.0249545189496307,0.0089857716611274,1.6165242740948034,0.532173713402737,0.0031299999999999,0.0116496474478463,0.5330513845732908,1.0,5.23196382629424e-08,0.999667044262774,0.0003329034175874857,0.002999554250940794,0.961331037582722,1
2020-10-09,1.34,0.0026246685682758,0.000414937759336,-0.0119829782309554,0.08,0.7803915516918297,53.0,-0.0462268345754283,0.0118206616772749,0.0521852576647097,0.001386962552011,0.0298091129915404,3.399773748128193,0.0028400019687101,0.0116961833134911,-0.3598020923057581,7.0,0.2380306926770494,0.0488254910005188,6.849464093711243,0.01,-0.2577696908986416,0.0231037612432921,0.0249545189496307,0.0141532767819972,1.2168224254476223,0.5258716817257627,-0.0001499999999999,0.0141421356217815,-0.3845342859411254,1.0,4.7569061097222464e-11,0.998063039982267,0.0019369599701643421,0.014034567058191012,0.9613304369932584,1
2020-10-16,1.52,0.0108524111938275,0.000414937759336,0.0089447987197524,0.08,0.7793988945877949,53.0,-0.0462268345754283,0.0118206616772749,0.0521852576647097,0.001386962552011,0.0298091129915404,3.2931163636615475,0.0028400019687101,0.0117581294939303,-0.3598020923057581,7.0,0.1952586559049449,0.0444007721942048,6.877071880317797,0.0099999999999999,-0.2398660841202478,0.0233164100375459,0.0249545189496307,-0.0253217906770132,0.694136846350681,0.5191458061317545,-0.00251,0.0116496474478463,-1.4230315646101923,1.0,4.5524043916361563e-07,0.9998218859623206,0.00017765879724041369,0.0017189442271003624,0.9613311024578924,1
2020-10-23,1.55,0.003613125550065,0.000414937759336,-0.0263504064972905,0.08,0.7782408831712926,53.0,-0.0462268345754283,0.0118206616772749,0.0521852576647097,0.001386962552011,0.0298091129915404,3.1518004622510944,0.0028400019687101,0.0118670295701772,-0.3598020923057581,7.0,0.2917391381416969,0.0653425042155248,6.892270573995001,-0.0099999999999999,-0.29668198762021,0.0222953340347961,0.0249545189496307,-0.0291617236528569,-0.3144873662347271,0.5096224536349685,-0.0058999999999999,0.0190862703069671,-1.8435923419940776,1.0,1.34239047139335e-06,0.9997840033336568,0.00021465427587174,0.0020471973213454482,0.9613311036745489,1
2020-10-30,1.5,-0.0043134815281308,0.0,-0.0083824500082694,0.04,0.7730418929484907,53.0,-0.0509902175064648,0.0123635345712418,-0.0140586797066014,0.0,0.0061564023237632,3.169324121104599,0.0028459812105351,0.0119263168783485,-0.3535533905932753,15.0,0.2358143360547662,0.0857633787981213,6.932338366942636,-0.01,-0.3631672521412363,0.0216119639681403,0.0049704938775342,0.0353302752323081,-1.689599153370532,0.5010376864045695,-0.00852,0.0190862703069671,-1.6358272202456694,1.0,3.9902718399705415e-10,0.9986652870896824,0.0013347125112895106,0.010168345063628851,0.9613306621592951,1
2020-11-06,1.63,0.0015634650965128,-0.0006106272178441,0.0057502677165968,0.03,0.7674705473668342,54.0,-0.0476332487060662,0.0117453578426796,0.0409535452322737,0.0025064424854999,0.0228842326667171,3.1583832280748743,0.0029405380161257,0.0137655575173705,0.7104022571818761,9.0,0.0354965851176543,0.0808437646681985,6.944077416142966,0.01,-0.351153069521656,0.0261319019822058,0.0210209269145431,0.0021761977194522,-2.078619308286961,0.4851864019586779,-0.01358,0.0192260983324181,-1.6905013290884867,1.0,1.3615587214727264e-12,0.9316272573419834,0.06837274265665476,0.24940925258592495,0.9613055988869804,1
2020-11-13,1.52,0.002506189679355,-0.0006106272178441,-0.0064733532758744,0.03,0.7614779168885673,54.0,-0.0476332487060662,0.0117453578426796,0.0409535452322737,0.0025064424854999,0.0228842326667171,3.1430019946639525,0.0029405380161257,0.0151477273441662,-0.4925539495921647,9.0,0.1142112819708631,0.0859817256332401,6.947986025023422,-0.01,-0.3047470509456378,0.0285539359775726,0.0210209269145431,-0.000315549694307,-1.959960159088302,0.4712042913248492,-0.0166699999999999,0.0207019667789424,-1.508203479727501,1.0,1.523958049706157e-06,0.9984632961639959,0.001535179877954671,0.011502530499301755,0.9613306130542112,1
2020-11-20,1.53,0.0094298352276946,-0.0006106272178441,-0.0019339462792673,0.03,0.7550539707554663,54.0,-0.0476332487060662,0.0117453578426796,0.0409535452322737,0.0025064424854999,0.0228842326667171,3.1231148159883904,0.0029405380161257,0.0125967889196677,-0.4925539495921647,9.0,-0.0056284678049923,0.0673477118076538,6.944077416142974,-0.0199999999999999,-0.2703825308657341,0.0224577572571678,0.0210209269145431,-0.0096164327376243,-1.7723330159247723,0.4588333622337202,-0.0161099999999999,0.0169030850929457,-1.1472923454337287,1.0,3.917981119713941e-07,0.999426801953474,0.0005728062484141415,0.004854791216238884,0.9613309536494238,1
2020-11-27,1.5,-0.0036724708273275,-0.0006106272178441,-0.0113122597579013,0.03,0.7481875992085696,54.0,-0.0476332487060662,0.0117453578426796,0.0557966522008679,0.0025064424854999,0.021178626086883,3.0986349351833145,0.0012506380054147,0.0122836275670864,-0.3535533905932809,9.0,0.2463831920852135,0.0498569381904534,6.932338366942653,0.0199999999999999,-0.1747326392893501,0.0264336860602151,0.0197270955693706,-0.0021606380075168,-1.6079872491863965,0.4449580114751562,-0.01453,0.0135620268165826,-0.7474007408243343,1.0,8.947433987713882e-05,0.9997376648096373,0.00017286085048569993,0.0025938387175697027,0.961332614212061,1
2020-12-04,1.59,0.0008222845486995,0.0009414784670425,0.0089257245534283,-0.0099999999999999,0.7352987073645011,54.0,-0.0328150457766595,0.0136200549471932,0.0861748295102293,0.001333427167097,0.0293168658589824,3.1083015396737963,0.004655531331231,0.0136249004144765,2.3857937616912808,-4.0,0.103256180648952,0.0654517270317663,7.110711440817263,0.0,-0.2185811195040893,0.0291933003677025,0.0208639802739346,-0.0041835999959177,-1.4740123454007477,0.4272541587144838,-0.01285,0.0135620268165826,-0.2956199581581096,1.0,6.386259752335417e-06,0.9995708101423653,0.00042280359788222005,0.003790079317834873,0.9613311114096695,1
2020-12-11,1.62,0.0028029409557523,0.0009414784670425,0.0222010983757028,-0.0099999999999999,0.7217347442942187,54.0,-0.0328150457766595,0.0136200549471932,0.0861748295102293,0.001333427167097,0.0293168658589824,3.0334037748935576,0.004655531331231,0.0132700770498522,-0.4493725550238708,-4.0,0.1284843535730908,0.04869731585458,7.275965102648702,-0.0099999999999999,-0.2247378070348682,0.0292296476122861,0.0208639802739346,-0.0480454288281846,-1.351787073799214,0.4089250798928425,-0.01017,0.0213808993517096,0.5603579529189038,1.0,0.015106811752412063,0.9847043329400479,0.00018885530754007731,0.08013439558869653,0.9615873354156904,1
2020-12-18,1.67,0.0165593902128196,0.0009414784670425,0.0407110651403008,-0.0099999999999999,0.7074568819497681,54.0,-0.0328150457766595,0.0136200549471932,0.0861748295102293,0.001333427167097,0.0293168658589824,2.8673225248545853,0.004655531331231,0.0129956155113548,-0.4493725550238708,-4.0,0.1597938007074724,0.0545108115096504,7.428974907412315,0.0,-0.1876240967943477,0.0309569848951123,0.0208639802739346,-0.0321672136373059,-1.2397079650597191,0.3840782976988627,-0.00739,0.0203100960102356,1.4756063283823937,1.0,0.0009310372008461984,0.9985966697604202,0.00047229303873336156,0.011517028504428626,0.9613467770277515,1
2020-12-25,1.64,0.0056294033405626,0.0009414784670425,0.0334009421042313,-0.0099999999999999,0.6924209594905737,54.0,-0.0328150457766595,0.0136200549471932,0.0861748295102293,0.001333427167097,0.0293168658589824,2.5925929995929686,0.004655531331231,0.0118989265383618,-0.4493725550238708,-4.0,0.1668210826545735,0.0570087712550624,7.570483286724152,0.0099999999999999,-0.2185677480826388,0.0305924093465902,0.0208639802739346,-0.0039513999994263,-1.1744043251485976,0.3587011511511539,-0.0062299999999999,0.0212132034342994,1.532473911243505,1.0,0.014171756564759696,0.9855473956960042,0.00028084773923590895,0.07696648889871038,0.9615714404233107,1
2021-01-01,1.69,-0.0054953789411428,0.0042537834870275,0.0096962195272887,0.045,0.6698844120678459,65.0,-0.0212958435691817,0.0139976974156008,0.0892542571931884,0.0001701554703132,0.0199468159680408,2.60413871779874,0.0047719843360244,0.0101278081913077,0.6221114066480024,-9.0,0.1920187314162242,0.0482367672455116,7.633477904405263,0.0,-0.2304520056323203,0.0267343948025078,0.0217968759755851,-0.0133993894605933,-1.1466183330955655,0.334906112324719,-0.00531,0.0213390989219803,1.2946766203133806,1.0,0.00012370567153370223,0.9984124064470825,0.001463887881383712,0.012253685155774855,0.9613327121793879,1
2021-01-08,1.67,-0.003876224289729,0.0042537834870275,-0.0030533992459648,0.045,0.6458736041118875,65.0,-0.0212958435691817,0.0139976974156008,0.0892542571931884,0.0001701554703132,0.0199468159680408,2.61033449079733,0.0047719843360244,0.0071095833883106,-0.4840128300640853,-9.0,0.2261581139682,0.0928516481891428,7.691055705052453,-0.0099999999999999,-0.1151761370530766,0.0264307226310512,0.0217968759755851,0.0013659318968331,-1.1430767269978424,0.3087254854064138,-0.0045399999999999,0.0185164019939621,1.149712413307471,1.0,1.74080958257496e-05,0.9962610539256123,0.003721537978561825,0.024739578210554957,0.9613300650784554,1
2021-01-15,1.68,-0.0001146587457151,0.0042537834870275,-0.0018515753807529,0.045,0.6202173377235062,65.0,-0.0212958435691817,0.0139976974156008,0.0892542571931884,0.0001701554703132,0.0199468159680408,2.6112184011418,0.0047719843360244,0.0078997878443876,-0.4840128300640853,-9.0,0.3664503044865901,0.1009950493836781,7.743337524485116,0.0099999999999999,-0.1055688453796483,0.0263862296975725,0.0217968759755851,0.0008004990448328,-1.113549272337485,0.2783668163855285,-0.0027399999999999,0.0168501801584843,1.256660816061749,1.0,0.0005617414358246076,0.998109666836207,0.0013285917279683272,0.014892989324303687,0.9613401928153094,1
2021-01-22,1.62,0.0110409535465658,0.0042537834870275,0.0076883385543194,0.045,0.5927019707277401,65.0,-0.0212958435691817,0.0139976974156008,0.0892542571931884,0.0001701554703132,0.0199468159680408,2.606795852264733,0.0047719843360244,0.0079183387204924,-0.4840128300640853,-9.0,0.2921289437698033,0.0943303465790606,7.790429987919892,-0.0099999999999999,-0.0354308584167223,0.0191620712753767,0.0217968759755851,0.0064468374166767,-1.0902139083271865,0.2535795025285438,-0.00204,0.0138873014945992,1.1929639903560696,1.0,0.0008615134757684946,0.9977701377926178,0.0013683487316137185,0.017330017190625616,0.9613452627468496,1
2021-01-29,1.6,-0.001350786020983,0.0,-0.0082422072036076,0.045,0.5630550175281442,65.0,-0.0212958435691817,0.0139976974156008,0.0587899543378995,0.0,0.0074478409418656,2.509060504528461,0.0018661988796195,0.0047511398302492,-0.3535533905932769,-9.0,0.3927213176194637,0.1030949631581618,7.498290403442566,-0.02,0.0124127108728118,0.0164153267778063,0.0207853876889882,0.0334553799715177,-0.9850588115527452,0.2382711739550506,-0.0004099999999999,0.0106066017151897,1.4150984697968614,1.0,2.729807796430679e-05,0.9990344393669579,0.000938262555078162,0.007793040815082579,0.9613312734074824,1
2021-02-05,1.61,0.0007659765944993,0.0054743827939232,0.0363010211142584,0.105,0.5424206750857413,56.0,-0.0568057727118034,0.0167621521737451,-0.0234018264840182,0.0015015514799159,0.0114655367386306,2.509060504528461,0.0120907506602675,0.0059504906106725,-2.4458245572393382,-3.0,0.5409041196753452,0.1158508893856221,7.119402884785875,-0.03,0.1297694518859173,0.0179260386255005,0.0367190316339313,0.0122779485164652,-1.0548454733534411,0.2187879680474968,-0.0022,0.0159798980848368,0.6945328363854703,1.0,5.9526717588763244e-05,0.9970840713675709,0.002856401914840229,0.020224166013720596,0.9613311029485171,1
2021-02-12,1.64,0.0042678067276082,0.0054743827939232,-0.0018689211516515,0.105,0.5206555984478612,56.0,-0.0568057727118034,0.0167621521737451,-0.0234018264840182,0.0015015514799159,0.0114655367386306,2.509060504528461,0.0120907506602675,0.0066652345281861,0.2870369736298371,-3.0,0.5851932069784094,0.1208821740374109,6.700976944150255,0.01,0.1425552755505019,0.0148644672402923,0.0367190316339313,-0.0004350379807827,-1.1404898411429474,0.1974668958644779,-0.0017499999999999,0.0164208056162738,0.7030810226598876,1.0,0.03576948346982593,0.9640480090820772,0.00018250744809683125,0.1560049800579209,0.961937822300537,1
2021-02-19,1.6,0.0154761512854018,0.0054743827939232,0.0044116558349445,0.105,0.497611437838306,56.0,-0.0568057727118034,0.0167621521737451,-0.0234018264840182,0.0015015514799159,0.0114655367386306,2.509060504528461,0.0120907506602675,0.006699313230638,0.2870369736298371,-3.0,0.6110236492460903,0.135013226865304,6.235057552642671,0.0,0.1097789526619519,0.0165720340487543,0.0367190316339313,-0.0082989578358144,-1.298626215177748,0.1903044912679198,-0.00187,0.0164208056162727,0.4644240488721484,1.0,0.0036946171901701638,0.9957694463812333,0.0005359364285963348,0.028951096082506157,0.9613936296490335,1
2021-02-26,1.33,0.0043280746478751,0.0054743827939232,-0.0318896346730544,0.105,0.4731013225279429,56.0,-0.0568057727118034,0.0167621521737451,-0.0776280323450134,0.0015015514799159,0.0098457906241164,2.509060504528461,0.011682233941856,0.0080982679476945,0.3535533905932738,-3.0,0.6454868665909315,0.140813960346912,5.710030601677789,0.0,0.3739946895934867,0.0168120747174509,0.0274456540406639,0.0166532858034816,-1.4833926405425129,0.2048668772783718,-0.0021299999999999,0.0177281052069951,0.0693598580914391,1.0,0.0008168213728471183,0.998607785377966,0.0005753932491869802,0.011491615119264362,0.9613448011295505,1
2021-03-05,1.14,-0.0042933495966001,0.0070832731337495,0.0389858103102813,0.105,0.5155737435644221,57.0,0.0100382104923835,0.0261976250895918,-0.0533692722371967,0.0024594431909243,0.0399035503825603,2.49830711913857,0.0166022318454172,0.0105328100817074,1.7760131421970011,-7.0,0.5813817697164008,0.1862362171314661,5.322339725236444,0.0,0.6010174004907354,0.0150958406840245,0.0302099967187579,0.0254938663691597,-1.7550124018545243,0.2291327343589537,-0.00423,0.0177281052069951,-1.9316014314664016,1.0,0.00019226965542701646,0.9978385644145541,0.001969165930018791,0.01607246447487944,0.9613336862693904,1
2021-03-12,0.53,0.0029608903656805,0.0070832731337495,0.018683211016608,0.105,0.5540102536386509,57.0,0.0100382104923835,0.0261976250895918,-0.0533692722371967,0.0024594431909243,0.0399035503825603,2.486888695662792,0.0166022318454172,0.011010842936127,0.0306031609366808,-7.0,0.3911182252574703,0.2151369995408467,4.876259167546411,0.0,1.0677592674723178,0.0169432577629901,0.0302099967187579,-0.0114697181887871,-1.8126976433157216,0.2548213818572595,-0.0050799999999999,0.0188509188848113,-1.7636012802591257,1.0,0.002887831228208885,0.9961694726706454,0.0009426961011459544,0.027276594882446607,0.9613797927049035,1
2021-03-19,0.31,0.014987662767627,0.0070832731337495,0.0278370161918544,0.105,0.5892012301657882,57.0,0.0100382104923835,0.0261976250895918,-0.0533692722371967,0.0024594431909243,0.0399035503825603,2.474796028891145,0.0166022318454172,0.0103744648421885,0.0306031609366808,-7.0,0.5804240209100826,0.2394040219258963,4.353878664690627,-0.03,1.7382968048722,0.0166364074634704,0.0302099967187579,-0.0159977392142078,-1.748164285132069,0.2833964972625681,-0.00546,0.0232992948992408,-1.425177850526786,1.0,0.015258269146656664,0.9844634889400037,0.0002782419133392,0.08151291202408702,0.9615898710486924,1
2021-03-26,0.54,0.0033945511968145,0.0070832731337495,0.0179596392198813,0.105,0.6216980541463677,57.0,0.0100382104923835,0.0261976250895918,-0.0533692722371967,0.0024594431909243,0.0399035503825603,2.462019183828278,0.0166022318454172,0.0104762184940126,0.0306031609366808,-7.0,0.5648714870556875,0.2198051084808875,3.723220114918455,0.01,1.8344956100389849,0.0166173233833365,0.0302099967187579,0.0095150593230428,-1.7191854527837256,0.3040854919679636,-0.0065499999999999,0.0229518128745948,-1.5220693270287988,1.0,0.12007465448313415,0.8797209465789859,0.00020439893788029898,0.3689883958610179,0.9633678158646893,1
2021-04-02,0.78,-0.0039683290192188,0.00821890915406,0.0092423847954909,0.0499999999999999,0.7373549815456854,50.0,0.1655213518144698,0.0415969483870211,0.0058445353594389,0.008108038414641,0.0379484052795975,2.994353660834645,0.010174944466219,0.0104849405338934,-0.2046924497126209,-11.0,0.6280073134639426,0.2038732098984427,3.723220114918455,0.0,1.168313353284442,0.0159498010750296,0.0124436592483364,0.0026355880310759,-1.6505470892116485,0.3234389939470636,-0.00687,0.0258774584742733,-1.2543200222921214,1.0,0.028611931879064675,0.9711679161162694,0.0002201520046657739,0.13195117302744017,0.9618164003559323,1
2021-04-09,0.9,0.0025873365909792,0.00821890915406,0.0067308665332087,0.0499999999999999,0.8305481879924811,50.0,0.1655213518144698,0.0415969483870211,0.0058445353594389,0.008108038414641,0.0379484052795975,3.416701062991338,0.010174944466219,0.0125166395957884,-0.3776077733326873,-11.0,0.4575879772103213,0.1514159361305614,3.723220114918455,0.0,1.606326849660955,0.0164026708791974,0.0124436592483364,-0.0183445441021422,-1.620431113390123,0.3396672912989107,-0.00812,0.023145502493125,-1.3886009031887716,1.0,0.3557568746714998,0.644137933505475,0.0001051918230250984,0.6519601741071134,0.9673655435228952,1
2021-04-16,0.67,0.0109253196507612,0.00821890915406,-0.0217405682507711,0.0499999999999999,0.9082192696873628,50.0,0.1655213518144698,0.0415969483870211,0.0058445353594389,0.008108038414641,0.0379484052795975,3.766246856568933,0.010174944466219,0.0130580978953041,-0.3776077733326873,-11.0,0.5288077779130282,0.1063350499936463,3.723220114918455,0.0,2.4553913238293714,0.0164719991265652,0.0124436592483364,-0.0320088453046051,-1.5221317000103742,0.3500279562203638,-0.0067499999999999,0.0176776695281099,-0.5901250270205184,1.0,0.9747560858073558,0.025239115221066557,4.798971577580675e-06,0.11784514308448472,0.9778651737112135,0
2021-04-23,0.72,0.0035729024019184,0.00821890915406,-0.0103332319052515,0.0499999999999999,0.9740884028525324,50.0,0.1655213518144698,0.0415969483870211,0.0058445353594389,0.008108038414641,0.0379484052795975,4.061829826378934,0.010174944466219,0.0122419845048149,-0.3776077733326873,-11.0,0.5635738479678776,0.0737636185973802,3.723220114918455,0.0099999999999999,2.668240698382323,0.0124125917399919,0.0124436592483364,-0.0046724939010878,-1.4452912110526732,0.3579202431444004,-0.0062,0.016850180158493,-0.0351582028849838,1.0,0.9994624614343459,0.0005373731426891199,1.6542296496499106e-07,0.0045857616089410936,0.978284250097262,0
2021-04-30,0.68,-0.0051126794347693,0.0,0.0093390650533119,0.0499999999999999,1.0251517097194696,52.0,0.1465593459313823,0.0415766359587197,-0.0199316628701594,0.0,0.0141587930272923,4.091266495654067,0.000622043184284,0.008181914648998,-0.3535533905932861,-8.0,0.5507936595038283,0.0613974173491943,3.736564670314919,-0.0199999999999999,2.2143579182977886,0.010013243371909,0.0070469069879072,-0.0076791948456025,-1.3659061362736011,0.3678122102665624,-0.0052499999999999,0.0155264750834362,1.0200280360739982,1.0,0.9976815689091878,0.002316105787017069,2.3253037951307017e-06,0.01639972879086451,0.9782540414223787,0
2021-05-07,0.74,0.0037943894341085,0.0080171051547628,0.000675782102988,0.05,1.1123384246016346,52.0,0.1567337983536605,0.0499270653759447,-0.0301822323462415,0.0065957757801649,0.0274851399403294,4.11769166103833,0.0031100804285302,0.0089953192947303,2.425897583988122,-2.0,0.6226001201116997,0.0634569595418344,3.746239944996972,0.01,1.623282220141494,0.0148278863744206,0.0074758018126349,-0.0023694661641677,-1.3113790991133152,0.3756263246188476,-0.00485,0.0155264750834362,1.3315366521407068,1.0,0.9994959488708646,0.0005036775352397058,3.7359389573079466e-07,0.004334166089663489,0.9782848180402588,0
2021-05-14,0.75,0.0025833219597346,0.0080171051547628,-0.0124480855740745,0.05,1.1856375230279883,52.0,0.1567337983536605,0.0499270653759447,-0.0301822323462415,0.0065957757801649,0.0274851399403294,4.140605678474511,0.0031100804285302,0.0089235359078789,-0.4273725219185147,-2.0,0.7989063887704562,0.050142653642324,3.752274322896613,-0.01,1.221202924523435,0.0147579407368457,0.0074758018126349,0.0271171499258092,-1.178091751986852,0.3825148978260596,-0.0020799999999999,0.0155264750834362,2.062509451153567,1.0,0.9990395400934935,0.0009594754719741888,9.84434532235388e-07,0.007641128270263476,0.9782770761117994,0
2021-05-21,0.8,0.0117767805867778,0.0080171051547628,-0.006193338488668,0.05,1.2474993881524936,52.0,0.1567337983536605,0.0499270653759447,-0.0301822323462415,0.0065957757801649,0.0274851399403294,4.160066567514735,0.0031100804285302,0.0068697515396285,-0.4273725219185147,-2.0,0.6787983758336384,0.048678977568877,3.754685358559432,0.0,0.9121805061971336,0.0146053878852268,0.0074758018126349,-0.0013274903866976,-1.1282589182356637,0.3887134578811432,-0.00248,0.0138873014946149,1.3337440093387396,1.0,0.9985847117659907,0.0014132929127799565,1.9953212293641717e-06,0.010714266174284134,0.9782693608416938,0
2021-05-28,0.83,-0.0024412830531512,0.0080171051547628,0.0144575530841325,0.05,1.299558360802604,52.0,0.1567337983536605,0.0499270653759447,-0.0104590354445089,0.0065957757801649,0.0216216116557607,4.1761226035642185,0.0031373972608493,0.0066654411341996,-0.3535533905932743,-2.0,0.6149270405613319,0.0370328039910161,3.753480034318146,0.0,0.8686953101798025,0.0135697641904134,0.0036978274437419,-0.0017930875605004,-1.117726623489158,0.3923278171871324,-0.0021399999999999,0.0106066017152102,1.1310641055688744,1.0,0.9997054408989804,0.00029440009698202663,1.5900403755254668e-07,0.0026906456612069167,0.9782883715675995,0
2021-06-04,0.95,0.0040693152600841,0.0092906629023572,0.0244083048155803,0.03,1.373659894353994,63.0,0.0895839656569141,0.0539145141332133,-0.0389308541545613,0.0079356724084731,0.0256700217775344,4.056523710689313,0.0032197298352259,0.0045898588251135,0.6541650227990976,8.0,0.7379348923259788,0.036228441865591,3.625159277720011,0.01,0.7603035168037178,0.0151580880448334,0.0103155301128154,-0.005775551946405,-1.0483162318920334,0.3982031190007897,-0.0009299999999999,0.0118773493893416,1.330885601416266,1.0,0.9998388045007925,0.00016111839376722713,7.710544026350398e-08,0.0015695520700264153,0.978290633739218,0
2021-06-11,0.95,0.0020948364625037,0.0092906629023572,-0.0101288398642144,0.03,1.438070331758566,63.0,0.0895839656569141,0.0539145141332133,-0.0389308541545613,0.0079356724084731,0.0256700217775344,3.92702666931846,0.0032197298352259,0.0046753969569167,-0.4871808113760073,8.0,0.9041017362823228,0.063471028261562,3.483369236357713,0.0099999999999999,0.955598647118499,0.015557548485902,0.0103155301128154,-0.0043680755796443,-0.8324301219053265,0.3990873355012941,0.0007499999999999,0.0118773493893416,1.5483821469674526,1.0,0.9998534062626596,0.00014647312111337477,1.206162270922185e-07,0.0014416671351364172,0.9782908814010558,0
2021-06-18,1.06,0.0140751254318389,0.0092906629023572,-0.0168565461495907,0.03,1.4940435918388215,63.0,0.0895839656569141,0.0539145141332133,-0.0389308541545613,0.0079356724084731,0.0256700217775344,3.7866161065602495,0.0032197298352259,0.0106544052198037,-0.4871808113760073,8.0,0.9263030900061549,0.0877394682325061,3.3263879376760137,0.02,0.80226413558864,0.0279546957309209,0.0103155301128154,0.0014378714218815,-0.1111825710251056,0.3988711446636684,0.00306,0.0396187185190044,1.7491906930473449,1.0,0.982618511669883,0.01714691173662454,0.0002345765934926578,0.08890834104145684,0.9779984518988526,0
2021-06-25,1.11,0.0046734621676862,0.0092906629023572,0.0215434127989729,0.03,1.542498437940212,63.0,0.0895839656569141,0.0539145141332133,-0.0389308541545613,0.0079356724084731,0.0256700217775344,3.634027221438196,0.0032197298352259,0.0107476919628737,-0.4871808113760073,8.0,1.3384615654500065,0.0827107697254727,3.151946416768371,0.0099999999999999,0.923876326905567,0.0279215800534904,0.0103155301128154,-0.0255491887846523,1.3421894093844304,0.3985732473262837,0.00402,0.0561725657487942,1.5358542514733635,1.0,0.9907263035997054,0.009266544449959823,7.151950334991712e-06,0.05269518841844201,0.9781360629690322,0
2021-07-02,1.21,-0.0028883187925862,0.0048105235262938,0.0143941573899211,-0.04,1.5896558347669802,58.0,0.0549988634641613,0.0536547523938539,-0.0264239577216676,0.0035908388588552,0.0222587982917387,4.164317286367411,0.0019156700309377,0.0092770606125666,1.8344210859436143,9.0,1.1337947617484745,0.0933120724084065,3.452762463224488,-0.0099999999999999,0.848954510229488,0.0241936651919587,0.010329574742355,-0.0169250852484781,2.001268150214328,0.3965982804784801,0.0055599999999998,0.0568048036193363,1.5441219906205046,1.0,0.9984316827162923,0.0015669360435992083,1.3812401085110194e-06,0.0117059882980657,0.9782667653608842,0
2021-07-09,1.25,0.002380255650028,0.0048105235262938,-0.0146189119818431,-0.04,1.6310260723539791,58.0,0.0549988634641613,0.0536547523938539,-0.0264239577216676,0.0035908388588552,0.0222587982917387,4.613025037868317,0.0019156700309377,0.0100563009582612,-0.5361026703052882,9.0,1.035457136598065,0.1037080379858096,3.717138570911173,0.0099999999999999,0.8387176069401716,0.0249993655399603,0.010329574742355,0.0064611364262849,1.934708482172324,0.3924141162247144,0.00668,0.0562519840915099,1.3810612896033103,1.0,0.9991838122766087,0.0008153120722924368,8.756510989997712e-07,0.006626518613295041,0.9782795233270817,0
2021-07-16,1.35,0.0128279713447141,0.0048105235262938,-0.0152718848684989,-0.04,1.6670400589419632,58.0,0.0549988634641613,0.0536547523938539,-0.0264239577216676,0.0035908388588552,0.0222587982917387,5.002153382448248,0.0019156700309377,0.0098198822006339,-0.5361026703052882,9.0,1.138533124881302,0.1067624198195387,3.952393932528684,-0.0099999999999999,0.7691548974782492,0.0233948468542038,0.010329574742355,0.0048018350258201,1.759198125543595,0.3868410077916456,0.00673,0.0567576300718634,1.099867159526243,1.0,0.9989090266991977,0.0010889666461379058,2.0066546643560067e-06,0.008546206684379725,0.9782748619344358,0
2021-07-23,1.35,0.0047403870269535,0.0048105235262938,0.022757793503347,-0.04,1.6980386336196929,58.0,0.0549988634641613,0.0536547523938539,-0.0264239577216676,0.0035908388588552,0.0222587982917387,5.344731410104146,0.0019156700309377,0.0097948553361628,-0.5361026703052882,9.0,1.2455752286784318,0.1040518414747909,4.163467852050021,0.0,0.7454589028047678,0.0222757215083973,0.010329574742355,0.0226663006954796,1.6136703845998217,0.3792612092697685,0.0065199999999999,0.0486239212140669,0.8501237179490695,1.0,0.9976165854491202,0.0023815780379599304,1.8365129199754276e-06,0.016789540189079948,0.9782529393422303,0
2021-07-30,1.4,-0.0023125939715042,0.0,0.0011246742024428,-0.04,1.7242923122666518,58.0,0.0549988634641613,0.0536547523938539,0.0024183796856105,0.0,0.0177810477140476,5.649234120997834,0.0016055359099554,0.011954031768616,-0.3535533905932758,9.0,1.1756531297308492,0.1046678419710019,4.327992996595938,0.0099999999999999,0.8363545097498337,0.0227294540238328,0.0008550263375921,0.0012780956640077,1.4728761695393633,0.3694300265202817,0.00534,0.0387067731238403,0.2407058002792338,1.0,0.9991799656255727,0.0008195675738820923,4.6680054521295307e-07,0.006650951277079991,0.9782794582322465,0
2021-08-06,1.5,0.0016542047878769,0.0020659113636114,-0.0086430862745693,-0.13,1.7486751438643795,64.0,0.0426116852813145,0.0525127155487499,0.049576783555018,0.0012524762424277,0.0482440055945163,5.674911046405521,0.0018584091032974,0.01226396484902,-1.283256309290759,3.0,0.8498659614533179,0.099857040670341,4.34950284081916,0.0,0.656477359467001,0.0242879333086604,0.0165323158726463,-0.0117869358890516,1.3704573544041954,0.3598492960075911,0.00464,0.0287849166842234,-0.5059969790625044,1.0,0.9989779477607318,0.0010217039566222852,3.4828264586729425e-07,0.008062451914537274,0.9782760316077469,0
2021-08-13,1.53,0.0026819434387528,0.0020659113636114,-0.0404174025211713,-0.13,1.769414814163654,64.0,0.0426116852813145,0.0525127155487499,0.049576783555018,0.0012524762424277,0.0482440055945163,5.678569700739252,0.0018584091032974,0.008284453389396,-0.1657582211885453,3.0,0.6387946301172458,0.0972386607418408,4.36391344702822,0.0,0.6291360432243991,0.013536683939119,0.0165323158726463,-0.0003855746142897,1.235118564442825,0.3536823633969237,0.0027299999999998,0.0269589635229531,-1.789774433781323,1.0,0.9998052064239653,0.00019475272088046353,4.085515416262533e-08,0.0018593940633356435,0.978290063855242,0
2021-08-20,1.52,0.0103472635079451,0.0020659113636114,0.0074452233543699,-0.13,1.7866381994069034,64.0,0.0426116852813145,0.0525127155487499,0.049576783555018,0.0012524762424277,0.0482440055945163,5.660252780438484,0.0018584091032974,0.0081741616113435,-0.1657582211885453,3.0,0.5731209732776399,0.0648074069841542,4.371295026781287,-0.0099999999999999,0.4718941773790976,0.0134736845763587,0.0165323158726463,-3.296518027089135e-05,1.1146435780701056,0.3448060529892615,0.00167,0.0185164019939958,-1.7561364450467465,1.0,0.999026392992356,0.0009729099844202147,6.970232237993253e-07,0.007730358014233137,0.9782768532154039,0
2021-08-27,1.68,-0.0011812866927065,0.0020659113636114,0.0010165992539101,-0.13,1.8004462146266802,64.0,0.0426116852813145,0.0525127155487499,0.0470446320868516,0.0012524762424277,0.0474597531707719,5.619745408961025,0.0007342485870244,0.0080979976854933,0.3535533905932816,3.0,0.6447119980804481,0.0385217934608248,4.371683185721632,0.0,0.5997206402370385,0.0151727694029504,0.0166327891835196,0.0020498761865629,0.8923865890578293,0.3385438162712462,-0.00068,0.0175254916361547,-1.795250436661684,1.0,0.9970499126834881,0.002949106513626743,9.808028853447002e-07,0.020141541592247302,0.9782433276414888,0
2021-09-03,1.57,0.0019717396780387,0.0027159708590582,0.0023370257888273,-0.0549999999999999,1.8154520281561712,63.0,0.0301249701720072,0.0539034885507916,-0.0108564535585041,0.0025125718197684,0.050803527056038,5.658621740318049,0.0041498388330894,0.0076840175161615,-2.4366299769821382,3.0,0.8207108908554221,0.0320713490296451,4.4142577169389465,0.0,0.7422680442036793,0.0144773242606801,0.0274192802455491,-0.0286876616679282,0.6282598419929319,0.3313018222647615,-0.0011799999999999,0.0177281052070363,-1.423322553367278,0.0,0.9964560320999962,0.0035419917750751243,1.976124928618291e-06,0.023551329352326133,0.978233253744074,0
2021-09-10,1.53,0.0009750666323478,0.0027159708590582,-0.0048659123559463,-0.0549999999999999,1.827004145627024,63.0,0.0301249701720072,0.0539034885507916,-0.0108564535585041,0.0025125718197684,0.050803527056038,5.690477876377215,0.0041498388330894,0.0077139586519248,0.4195822264920871,3.0,1.1762891520284595,0.0381725406169504,4.455071508043536,0.0,0.867666697050717,0.0167671715446367,0.0274192802455491,0.0040113037352271,0.1543154650153953,0.3219043893728228,-0.00185,0.013887301494644,-1.2543634803831525,0.0,0.939632319690586,0.06016397589814041,0.00020370441127386558,0.22934076362817754,0.977269322761187,0
2021-09-17,1.58,0.0109432288890904,0.0027159708590582,-0.041266385995011,-0.0549999999999999,1.8351677897591467,63.0,0.0301249701720072,0.0539034885507916,-0.0108564535585041,0.0025125718197684,0.050803527056038,5.715431203868517,0.0041498388330894,0.0091986498902065,0.4195822264920871,3.0,1.4926756721674843,0.0486973158545561,4.494172529732256,-0.01,0.7506689407000633,0.018293460533701,0.0274192802455491,0.0022216301679581,-0.8199426449475142,0.3128738487776225,-0.00216,0.0145773797352616,-1.0904729865850251,1.0,0.7605107190954388,0.2390958950680697,0.0003933858364916753,0.5534057625519564,0.974230954206374,0
2021-09-24,1.43,0.0048591688494301,0.0027159708590582,0.0468833171066239,-0.0549999999999999,1.8399880629585004,63.0,0.0301249701720072,0.0539034885507916,-0.0108564535585041,0.0025125718197684,0.050803527056038,5.733571849540759,0.0041498388330894,0.0069071797554846,0.4195822264920871,3.0,1.40299205850986,0.072456883731014,4.531605118190597,-0.01,0.8380125057623253,0.0179561004683523,0.0274192802455491,0.0234994733894573,-1.551435914971159,0.3024247784266171,-0.0011999999999999,0.0253193883914606,-0.5857808978841529,1.0,0.9482987082187968,0.05168901769131148,1.227408989154247e-05,0.20360915686394573,0.9774163954053432,0
2021-10-01,1.48,-0.0049286062938407,0.008308118552003,-0.0200417642414294,0.005,1.858500368698703,58.0,0.0356287097087639,0.0622186890332889,-0.0167050691244239,0.0070433109997212,0.014346081834252,5.29208407398767,0.0067684929407049,0.0065517051194501,1.9557703772672,12.0,1.3047580154068474,0.0879021371429347,4.558981654436853,0.01,1.0480431529271494,0.0150120429939732,0.0259146263578895,0.0197650366702878,-1.307609359295421,0.2925177412727806,-0.00026,0.0269589635229551,0.0619073458289408,1.0,0.9880720854954176,0.011921546389969175,6.368114613335444e-06,0.06473807353554906,0.9780910418655911,0
2021-10-08,1.56,0.0018999805989146,0.008308118552003,0.0030455536343964,0.005,1.871720093263895,58.0,0.0356287097087639,0.0622186890332889,-0.0167050691244239,0.0070433109997212,0.014346081834252,4.747144890919669,0.0067684929407049,0.006768073512682,-0.0292278120061604,12.0,1.0302809868702774,0.1169554249643035,4.5832339218618765,0.01,0.9544335334076356,0.014593727572088,0.0259146263578895,0.0062121551198545,-0.5349817277781795,0.2870762665311834,0.00178,0.0389138242046729,1.5208536886476052,1.0,0.9950889101772419,0.004908779542989916,2.3102797681635896e-06,0.03102764890357173,0.9782100642143118,0
2021-10-15,1.53,0.0019978657925678,0.008308118552003,0.0100651864846265,0.005,1.8797589029057804,58.0,0.0356287097087639,0.0622186890332889,-0.0167050691244239,0.0070433109997212,0.014346081834252,4.057282152074042,0.0067684929407049,0.0069822720494858,-0.0292278120061604,12.0,0.9509555873389676,0.1177087810779908,4.604411288997979,0.0,1.012720074106651,0.0147595421061491,0.0259146263578895,0.0096189186677878,1.409993605933917,0.2790884213077406,0.00564,0.067347711807166,2.185613623634077,1.0,0.9984428271878492,0.001556482427582881,6.903845679113389e-07,0.011628921238842719,0.9782669546540035,0
2021-10-22,1.66,0.0099046780416609,0.008308118552003,0.0216328107274103,0.005,1.8826831642712567,58.0,0.0356287097087639,0.0622186890332889,-0.0167050691244239,0.0070433109997212,0.014346081834252,3.1280369858132278,0.0067684929407049,0.0073653458249474,-0.0292278120061604,12.0,0.7771794977352644,0.1237436867076824,4.6225560172627125,0.0099999999999999,1.1018821918054753,0.0140044361908734,0.0259146263578895,-0.0003368647243505,2.210863200878484,0.274803851615653,0.0098899999999999,0.0953190132432222,1.9890120484522709,1.0,0.9994520500938836,0.0005478920918158398,5.781430051517934e-08,0.004663121807120633,0.9782840735381829,0
2021-10-29,1.59,-0.0010230073918764,0.0,0.0216356525239206,0.005,1.8805167373513247,58.0,0.0356287097087639,0.0622186890332889,0.0408536585365852,0.0,0.0053421528798432,3.060417266673609,0.0047501475692481,0.0073566858854446,-0.353553390593274,9.0,0.6177698181706515,0.1074293787963998,4.6377037018274905,-0.0099999999999999,1.3350097110103096,0.0135811633782008,0.0144439494937497,-0.0025257230024761,2.1286097976414675,0.2685689128234984,0.0144699999999999,0.10425757937479,1.816436098402123,1.0,0.998829594615255,0.0011700668918135388,3.3849293136755587e-07,0.009073527285417217,0.9782735152146675,0
2021-11-05,1.54,0.0021843857674352,0.0049134275043476,0.0102008158249105,-0.03,1.8890696979465729,58.0,0.0389754598193683,0.0680900283980647,0.0762195121951219,0.0061703849922603,0.0211129581382932,3.625762519271493,0.0050057085861718,0.0072327655498136,0.8497105142631318,4.0,0.9099722202730092,0.0900694176733084,4.728527715788083,0.0,1.1882067307119493,0.0130197600217501,0.0174173185264798,-0.0162277894054112,1.9660410809976183,0.2585905642898066,0.0176899999999999,0.0953845599961668,1.5849635850814725,0.0,0.9980267348356351,0.0019728275906526265,4.375737123496193e-07,0.014265061262545602,0.9782598969039771,0
2021-11-12,1.64,0.0102912335357581,0.0049134275043476,0.012523705350378,-0.03,1.891265013731472,58.0,0.0389754598193683,0.0680900283980647,0.0762195121951219,0.0061703849922603,0.0211129581382932,4.095776436206538,0.0050057085861718,0.0057864241930584,-0.5048193375882111,4.0,0.599666134370965,0.0689590976076828,4.81638731073407,0.0,1.01320704622951,0.0117506139083848,0.0174173185264798,-0.026051128257414,1.8130576683526984,0.2514851062642718,0.01929,0.0965012953278277,1.3381205025112377,1.0,0.9992277747375732,0.0007721312368044843,9.402562228492624e-08,0.006306815668083095,0.9782802693196613,0
2021-11-19,1.61,0.0013682142351303,0.0049134275043476,-0.0028925536097201,-0.03,1.8871248726177927,58.0,0.0389754598193683,0.0680900283980647,0.0762195121951219,0.0061703849922603,0.0211129581382932,4.500427330137248,0.0050057085861718,0.0057772569011001,-0.5048193375882111,4.0,0.9113207075255514,0.0647522751945126,4.901441903156329,0.0,0.8054566006930712,0.0130223453285636,0.0174173185264798,-0.0153645240321599,1.655723081949697,0.2403090016825105,0.0180099999999999,0.094566680933647,0.9333291005499812,0.0,0.9758521903774553,0.024131350838796507,1.6458783748260055e-05,0.1139061880039959,0.9778837617044411,0
2021-11-26,1.67,0.0007839796564137,0.0049134275043476,0.004042888783345,-0.03,1.8766073435228807,58.0,0.0389754598193683,0.0680900283980647,0.0339777387229056,0.0061703849922603,0.0212033414163329,4.856082625073277,0.0023972269429592,0.0054402884464616,-0.3535533905932748,4.0,0.9159339257653588,0.0680336051417253,4.983835106424145,0.0099999999999999,0.4968153602689673,0.0200274543038836,0.0120129447301758,0.0152381890682499,1.5163802768549828,0.227685581409874,0.01594,0.0732778469736409,0.4843449435963596,1.0,0.0069934957017201,0.9899773338761757,0.003029170422104014,0.06224698676184126,0.9614486537723311,1
2021-12-03,1.83,-0.0036132028822229,0.0030725171614836,0.0160613463277545,0.02,1.871831120840124,60.0,0.0224637312810711,0.0703640286554514,0.1241944932630345,0.0062595710747126,0.02886242272035,4.925912644842121,0.0027391578672174,0.0056425535372491,-1.2367182018258347,-3.0,0.6046601526082576,0.0974587824966186,4.986104371392046,0.0,0.4323390518885432,0.0200606146635444,0.0314650259639679,0.0327545207065358,1.36182539431783,0.2195150970391469,0.0110099999999999,0.0668553876444737,-0.6289935854474039,1.0,6.613079230983864e-07,0.9960433277138083,0.003956010978268679,0.025844950353218224,0.9613296933544041,1
2021-12-10,1.82,0.001632525286108,0.0030725171614836,-0.0010099389803735,0.02,1.860528345509793,60.0,0.0224637312810711,0.0703640286554514,0.1241944932630345,0.0062595710747126,0.02886242272035,4.993534280986236,0.0027391578672174,0.0056754160454476,-0.1769477795754916,-3.0,0.5148590625098344,0.0945572389009981,4.985650601028617,0.0,0.5389735589135232,0.0199907673460641,0.0314650259639679,0.0170703435141388,1.1291924987548112,0.2075628891233404,0.00212,0.0840811682667012,-2.007470755153512,1.0,0.0003926160277050034,0.999371255584971,0.00023612838732410668,0.005679647987525124,0.9613377325104676,1
2021-12-17,1.92,0.0106343983812613,0.0030725171614836,-0.0059304130619114,0.02,1.8425789156135064,60.0,0.0224637312810711,0.0703640286554514,0.1241944932630345,0.0062595710747126,0.02886242272035,5.059036089399468,0.0027391578672174,0.004739224239237,-0.1769477795754916,-3.0,0.3666666637232274,0.0792712341990316,4.982473051346307,-0.0099999999999999,0.4431772466897208,0.019592572909811,0.0314650259639679,0.0148372504764092,0.8677634753504716,0.1966549067221811,-0.0026399999999999,0.0948589177972481,-1.8118005010065636,1.0,0.0028217170335720324,0.9970880608587188,9.022210770901519e-05,0.020312590163230775,0.9613789899736235,1
2021-12-24,1.92,0.0038632283108661,0.0030725171614836,-0.0115215165573928,0.02,1.817785947904677,60.0,0.0224637312810711,0.0703640286554514,0.1241944932630345,0.0062595710747126,0.02886242272035,5.12249938994629,0.0027391578672174,0.0050866830494166,-0.1769477795754916,-3.0,0.4817315779740991,0.073630350884929,4.976566504928914,0.02,0.5299606389360925,0.0193599260708578,0.0314650259639679,0.0125867478568381,0.4779599504064116,0.1843053895616435,-0.00701,0.1068710838879244,-1.5724632583153428,0.0,0.004806713243740285,0.9951489371700765,4.434958618315412e-05,0.03094080525332485,0.9614126770401159,1
2021-12-31,1.95,-0.0037580363790662,0.0,-0.0101096307693599,0.055,1.7872692657357168,64.0,0.0170950889037662,0.0658302176755283,0.0872521246458923,0.0,0.0167859176542799,4.980114302055583,0.0010263225324611,0.0051866728052324,0.3535533905932788,-8.0,0.4690823035197118,0.0746420027292792,4.997548418582851,-0.01,0.5500824067374535,0.0184519637067026,0.0308482845050222,0.003342235992694,-0.1836345686644636,0.1699164686982779,-0.0085399999999999,0.0902377811274688,-1.273624180915918,0.0,0.005413897306197345,0.9945622715999406,2.3831093862093875e-05,0.033930559395147046,0.9614229838929494,1
2022-01-07,2.07,0.0009433100465203,0.0084145737835452,0.0042792519102216,0.155,1.7611554886410206,64.0,0.0131813410300336,0.0747987246828911,0.0878186968838528,0.0055298408023003,0.0255603848845559,4.825572903413018,0.001582800928864,0.0044611671917256,-1.897971412353879,-8.0,0.4503703037832347,0.1076286605483764,5.017766324158865,0.04,0.5103368872670098,0.0155219930300848,0.0308225041411673,0.0100055120112693,-1.0884487842503094,0.169040411243984,-0.0058799999999999,0.1197318432400785,-0.8182587374539618,0.0,2.2747935181647715e-05,0.9998079051398516,0.00016934692496643983,0.001905809783011966,0.9613314836987209,1
2022-01-14,2.09,0.0025733194109189,0.0084145737835452,-0.0481159926306745,0.155,1.7265939911649395,64.0,0.0131813410300336,0.0747987246828911,0.0878186968838528,0.0055298408023003,0.0255603848845559,4.65766531148882,0.001582800928864,0.0042207647926466,0.5331407214588728,-8.0,0.5571794306700197,0.1304319746074901,5.037229421152946,0.03,0.6008403116453176,0.0163101822704041,0.0308225041411673,-0.0281550967916777,-1.276096796501251,0.167123995477323,-0.0001599999999999,0.1532446689819319,-0.0870578838600849,0.0,0.023589651180487742,0.9763369658003723,7.338301914010615e-05,0.11246859956670657,0.96173126626389,1
2022-01-21,2.16,0.0090525129041207,0.0084145737835452,0.0144407105677368,0.155,1.6830644354013715,64.0,0.0131813410300336,0.0747987246828911,0.0878186968838528,0.0055298408023003,0.0255603848845559,4.474887192389935,0.001582800928864,0.0041892792260656,0.5331407214588728,-8.0,0.6349141088818422,0.1353764592323737,5.055946426583077,0.04,0.6288501749382054,0.0094204768932295,0.0308225041411673,0.0041365508573348,-0.5366794421928708,0.1627024785643132,0.0065399999999999,0.1564791177303492,1.0362685735236703,1.0,2.4944965566124828e-05,0.9989820276146787,0.0009930274197555424,0.008148380353977157,0.9613312130187615,1
2022-01-28,2.21,-0.0008287254813295,0.0084145737835452,-0.0086969059919946,0.155,1.6298484301702965,64.0,0.0131813410300336,0.0747987246828911,0.0005211047420532,0.0055298408023003,0.0170266505384861,4.275331746012421,0.0013604616183691,0.0082397140394654,0.3535533905932765,-8.0,0.8092824242074836,0.1148212897133506,5.07392559713983,0.0199999999999999,0.6632183606492206,0.0139262750715935,0.0001842383484192,0.0064699390256339,0.9025690247665408,0.1586218693495572,0.014,0.1844247814149585,1.8626849498871751,1.0,1.748283353196523e-05,0.9989552007449949,0.0010273164214729487,0.008304529580073347,0.961331073625029,1
2022-02-04,2.28,0.0014362644934222,0.0091339792564768,0.0322424076932381,0.16,1.5903464188775789,63.0,0.0542959308643318,0.0787106389773928,-0.0323084940072955,0.0052867061658476,0.0267054751051565,4.835127871986593,0.002738977893303,0.0085844478092239,2.155158943604739,16.0,0.5969263572204939,0.1228166461496038,5.254424265224108,0.04,0.623746702484338,0.0145476224887681,0.011628720175491,0.0113285306812817,1.9310991673120708,0.1632682558816396,0.01893,0.2291872285146842,1.6651831816935283,0.0,0.0001890323831694883,0.9996703226273722,0.00014064498945827328,0.003197728209787439,0.9613343149806113,1
2022-02-11,2.35,0.0005407287170338,0.0091339792564768,0.0096078803677355,0.16,1.5404727420574376,63.0,0.0542959308643318,0.0787106389773928,-0.0323084940072955,0.0052867061658476,0.0267054751051565,5.271257330671108,0.002738977893303,0.0085590484543006,-0.1071810747119855,16.0,0.3533654068553367,0.0949341877302812,5.426424092473243,0.1299999999999999,0.5654951498758412,0.0154491230091878,0.011628720175491,0.0141227048223943,2.025914877932512,0.1664792687034759,0.0253899999999999,0.2760919877762547,1.5492442308001673,0.0,2.600491048771723e-07,0.9994563654226641,0.0005433745282312856,0.004632362817018411,0.9613309624182007,1
2022-02-18,2.29,0.0037197529310908,0.0091339792564768,-0.0403284236967125,0.16,1.479178662732884,63.0,0.0542959308643318,0.0787106389773928,-0.0323084940072955,0.0052867061658476,0.0267054751051565,5.612623135534622,0.002738977893303,0.0086028020108307,-0.1071810747119855,16.0,0.443792839503123,0.0742462120246425,5.590709541954872,-0.01,0.5373058257006658,0.0185248733130563,0.011628720175491,0.0075793753021717,1.8826680325248888,0.1728471325240007,0.0295599999999999,0.2795116915519725,1.3716954481765982,1.0,1.1079739113664012e-07,0.9990591577418836,0.0009407314607255285,0.007497993117334594,0.9613308113281649,1
2022-02-25,2.39,0.0019185205576053,0.0091339792564768,0.0110972988423868,0.16,1.4049702750676207,63.0,0.0542959308643318,0.0787106389773928,-0.0323084940072955,0.0052867061658476,0.0267054751051565,5.875765089298193,0.002738977893303,0.0086463288401594,-0.1071810747119855,16.0,0.6131360295484174,0.0505505404804455,5.7479421197824765,-0.0199999999999999,0.4892682331364328,0.0189682204344192,0.011628720175491,0.02160824162998,1.7210964217732447,0.1821747292461749,0.02952,0.2622124275140632,1.0914589410985676,1.0,1.642354674127907e-08,0.9991657370569422,0.0008342465195110118,0.006748167470566703,0.9613308495385153,1
2022-03-04,2.43,-0.0026516193930441,0.0133513795485626,0.0138151207148698,0.145,1.38917208042632,64.0,0.0305441040152216,0.0854245555484243,-0.0270833333333333,0.0027161752921707,0.0278510758332389,6.35609943282828,0.00277784449353,0.0094146272847297,1.5469419524993255,16.0,0.8570899074616363,0.0891126894924604,6.090413553684456,0.01,0.7503405464535378,0.0209334829443965,0.0120793289983433,0.0011569102316495,1.578525395251413,0.1840539792290151,0.0270799999999999,0.2309607264078007,0.73523181854038,1.0,2.5057608731612104e-11,0.9976512021621629,0.002348797812779142,0.016565311377823067,0.9613302830205529,1
2022-03-11,2.51,0.0007067248922028,0.0133513795485626,0.0107452048832944,0.145,1.363525740997657,64.0,0.0305441040152216,0.0854245555484243,-0.0270833333333333,0.0027161752921707,0.0278510758332389,6.720462438301054,0.00277784449353,0.0104631308399555,-0.5396611605203809,16.0,0.817307722286361,0.0856904728827272,6.403094792840007,0.06,0.6663618474925792,0.0209516969233438,0.0120793289983433,0.0228537080391263,1.434003125332418,0.1938531265954953,0.0210199999999999,0.236763896861633,-0.0596710167559458,1.0,4.26477570965438e-13,0.9957664735787144,0.004233526420859503,0.027359588753219116,0.9613295783834762,1
2022-03-18,2.51,0.0048882540500527,0.0133513795485626,-0.0068189059645925,0.145,1.3274605854055508,64.0,0.0305441040152216,0.0854245555484243,-0.0270833333333333,0.0027161752921707,0.0278510758332389,6.987020934451355,0.00277784449353,0.0103577740012378,-0.5396611605203809,16.0,0.9183430972086593,0.0989588659133951,6.69016409559167,0.0199999999999999,0.7046564648251614,0.0250720188803502,0.0120793289983433,-0.0065234429136686,1.2669771552987168,0.2084739495285333,0.01199,0.250827202899228,-1.4956863487499386,1.0,6.613358353407027e-20,0.9486178017053605,0.05138219829463986,0.2025651048380476,0.9613119510802518,1
2022-03-25,2.57,0.0009121868294428,0.0133513795485626,-0.0128193311252754,0.145,1.280096303940489,64.0,0.0305441040152216,0.0854245555484243,-0.0270833333333333,0.0027161752921707,0.0278510758332389,7.166696481750737,0.00277784449353,0.0080269602991427,-0.5396611605203809,16.0,1.1787251738604838,0.153343684950811,6.954793696038052,0.13,0.8681318557560196,0.021416320046612,0.0120793289983433,-0.0026613016440449,1.102272466018609,0.24349911190039,0.0057599999999999,0.3240563222650758,-1.7869680510163162,0.0,5.863013960486684e-14,0.9987191457939234,0.001280854206017905,0.009810814732638076,0.9613306822883382,1
2022-04-01,2.58,-0.0028264517141137,0.0055825310256552,-0.0230923644688522,0.12,1.2800927537840694,61.0,0.029234354755085,0.0825862934088237,0.0010770059235325,0.0050440053138494,0.0417967263898658,7.525546236243987,0.0020318648879602,0.00804788890413,-0.1471919807625352,9.0,1.1674876553560427,0.1716308330608187,7.273684463268437,-0.02,0.6154596486666966,0.0237798806842408,0.0028821732767442,-0.011750466600065,0.9557886157148934,0.2673700188849545,0.0023199999999999,0.3857460304396775,-1.5345531288117549,0.0,9.66728945532159e-18,0.992893297648345,0.007106702351655365,0.042236234696125835,0.9613285041995882,1
2022-04-08,2.51,5.035166723321716e-05,0.0055825310256552,0.0133181317856215,0.12,1.275130476726996,61.0,0.029234354755085,0.0825862934088237,0.0010770059235325,0.0050440053138494,0.0417967263898658,7.763920500524294,0.0020318648879602,0.0085590523755718,-0.3864981927796689,9.0,1.4853522648632178,0.2067952748838646,7.575138943615754,0.1699999999999999,0.6564396938930506,0.0234330898497567,0.0028821732767442,-0.0166795251020065,0.8655358137902657,0.3093248498668463,0.0024399999999999,0.4361008238600322,-1.1486144986922353,0.0,2.535074934901105e-10,0.9984485593564388,0.0015514403900536364,0.011585845222392149,0.9613305811295605,1
2022-04-15,2.57,0.0031210867535684,0.0055825310256552,0.0137118594029947,0.12,1.2651511255674963,61.0,0.029234354755085,0.0825862934088237,0.0010770059235325,0.0050440053138494,0.0417967263898658,7.892742528132058,0.0020318648879602,0.0087561050205816,-0.3864981927796689,9.0,1.7238806003344087,0.2248769504799233,7.861163297255991,0.09,0.6941231607591232,0.0216405865766002,0.0028821732767442,-0.0005626078561055,0.9567900366568364,0.3520139750243116,0.00672,0.425740950746847,-0.6012002326563509,0.0,9.88148171050645e-10,0.9988593620471614,0.0011406369646902222,0.008869155859442427,0.9613307347276104,1
2022-04-22,2.44,-0.001074788240728,0.0055825310256552,0.0130594341507757,0.12,1.250034548254784,61.0,0.029234354755085,0.0825862934088237,0.0010770059235325,0.0050440053138494,0.0417967263898658,7.917361642909534,0.0020318648879602,0.0099492826506261,-0.3864981927796689,9.0,1.393406547340934,0.2386270251728914,8.13338556717402,0.0399999999999999,0.6425812793269434,0.023173080967665,0.0028821732767442,-0.0086517097406839,1.3150578458412792,0.3927416011950463,0.01023,0.4250042016598724,-0.0803053955036541,0.0,3.885489316577417e-10,0.9995883706748534,0.00041162893659811144,0.0036203603907456095,0.9613310072690321,1
2022-04-29,2.57,-0.001859343126633,0.0,-0.0338129725313084,0.12,1.229591288435118,61.0,0.029234354755085,0.0825862934088237,-0.0048179871520342,0.0,0.0345220482397472,7.838759713510395,0.000171911054527,0.0086541063310782,-0.353553390593446,9.0,1.4715114200547363,0.1717972226617526,8.45090515201697,0.02,0.646586968015342,0.017456130688112,0.0017034156934378,0.0274876506982041,1.7880220584487887,0.4277868878517033,0.0149199999999999,0.3423448553724389,0.8509606718213055,1.0,7.961172289047813e-12,0.999654726602666,0.00034527338937310884,0.003097448258854122,0.9613310320706844,1
2022-05-06,2.65,8.647307213993649e-05,0.0110235239995988,-0.0398843702745634,0.185,1.2403415959671742,60.0,0.0191102980591009,0.0858151154367652,-0.0877944325481798,0.0053319289259725,0.0539920399691687,8.140402560448319,0.000430774565343,0.0084387756751865,-2.2736398699974965,16.0,1.719067062762846,0.162123189493157,8.778315529155494,0.0,0.6913712490329538,0.0170524916395551,0.0292838584553141,0.0272354318924319,1.8668122374853533,0.4712040912661839,0.0175299999999999,0.2564280740145955,1.5180095902881856,1.0,2.2314206755342803e-14,0.9923467132664037,0.0076532867335739165,0.044915484017247015,0.9613282998500646,1
2022-05-13,2.68,0.0002277412054534,0.0110235239995988,0.003636989903849,0.185,1.2471113622699015,60.0,0.0191102980591009,0.0858151154367652,-0.0877944325481798,0.0053319289259725,0.0539920399691687,8.400366292379966,0.000430774565343,0.0085855186527699,0.1635553312417406,16.0,1.5879771008654733,0.1274964985513818,9.077344878611228,0.18,0.6902247700998705,0.0194603946144146,0.0292838584553141,0.0196377263913649,1.7711942956697628,0.4999548622160213,0.01881,0.1531980510878703,1.362645560536714,0.0,6.286132037678894e-17,0.9977939759763469,0.0022060240236532,0.015696874941784553,0.9613303363984479,1
2022-05-20,2.62,0.0004350253321177,0.0110235239995988,-0.00783468171126,0.185,1.2499652644151409,60.0,0.0191102980591009,0.0858151154367652,-0.0877944325481798,0.0053319289259725,0.0539920399691687,8.622421576689085,0.000430774565343,0.0148826920269931,0.1635553312417406,16.0,1.7814867392582625,0.1572929478030626,9.350716412975956,0.0,0.7809059467756749,0.0204366241002617,0.0292838584553141,0.0240274314136101,1.6536973828381505,0.5198172320644807,0.0190199999999999,0.1110260587171549,1.0654002132275049,0.0,1.0831243664668338e-21,0.9905043394018104,0.009495660598189456,0.053670968667311435,0.961327611048419,1
2022-05-27,2.57,-0.0035342455279503,0.0110235239995988,-0.0028432987335544,0.185,1.2489301468503218,60.0,0.0191102980591009,0.0858151154367652,-0.0833781603012372,0.0053319289259725,0.0368736665035929,8.809435500992867,0.0003711892359836,0.016749041483577,0.353553390593309,16.0,1.9226390013822847,0.1933492399039476,9.60062215178568,0.05,0.73507237973954,0.0203457888698302,0.0294786312759319,0.0207179097556878,1.5881738950914797,0.536268319414159,0.02133,0.1052547929006127,1.1094034278161242,0.0,1.469106931534493e-31,0.22786266132947408,0.7721373386705255,0.5366808458134018,0.9610424849659424,2
2022-06-03,2.54,8.626607126260843e-05,0.0137360757588198,0.0121369169748064,0.155,1.2689461059771308,71.0,0.0122175940167557,0.0905975796478415,-0.0656266810112964,0.0068033266795177,0.0583951499992816,8.781886953356782,0.0011102972989273,0.0166803295590304,-2.3354657312620186,19.0,1.7520181090349711,0.2062591989290735,9.77890964814002,0.1299999999999999,0.7074116354070084,0.0193251764549409,0.0312015928640413,0.0023851738842,1.5533038893490805,0.5591876245024814,0.0230899999999999,0.1024607938954894,1.1916027830359348,0.0,2.435119368883548e-28,0.16696051709533155,0.8330394829046689,0.45103383220736143,0.9610197157018194,2
2022-06-10,2.43,0.000359392263644,0.0137360757588198,-0.0248881168237424,0.155,1.284707654833495,71.0,0.0122175940167557,0.0905975796478415,-0.0656266810112964,0.0068033266795177,0.0583951499992816,8.714620782605227,0.0011102972989273,0.0185391017956093,0.4687216915617425,19.0,1.6850729281635273,0.209625516440302,9.943050507448172,0.1799999999999999,0.7017344794388314,0.0191786457355001,0.0312015928640413,-0.0098295840025112,1.5332473479637367,0.5866534689315297,0.02444,0.1701050095843592,1.2603771839613125,1.0,3.322727728185902e-33,0.013743225683825673,0.9862567743161735,0.07256843628857007,0.960962432907914,2
2022-06-17,2.37,0.0015884275105866,0.0137360757588198,-0.0031134183643732,0.155,1.296369980850888,71.0,0.0122175940167557,0.0905975796478415,-0.0656266810112964,0.0068033266795177,0.0583951499992816,8.60670579347198,0.0011102972989273,0.0196054863452874,0.4687216915617425,19.0,1.1598755684874256,0.2177113095034818,10.093734896602747,0.24,0.529313211781302,0.0190715887026638,0.0312015928640413,-0.0129059621806429,1.503809844500369,0.6150961616564601,0.0237699999999999,0.24038287911457,1.017365646463964,1.0,1.1212252681695444e-29,0.0055269525919989775,0.9944730474080006,0.034241406332682515,0.9609593611196465,2
2022-06-24,2.46,0.0002156190595605,0.0137360757588198,0.0271737097565735,0.155,1.3040430692523857,71.0,0.0122175940167557,0.0905975796478415,-0.0656266810112964,0.0068033266795177,0.0583951499992816,8.456585963250516,0.0011102972989273,0.0197203724409347,0.4687216915617425,19.0,0.7791761151507162,0.2504246393628372,10.231557369930444,0.1,0.4533423134548722,0.0189613084914814,0.0312015928640413,0.0099039372838444,1.3904266386496995,0.6368427910977696,0.01574,0.2598041845038226,-1.4931921134257853,1.0,1.1254692804344952e-29,3.149268551379774e-05,0.9999685073144858,0.00035793768728939343,0.9609573065519518,2
2022-07-01,2.49,-0.0023273108070809,-0.0001181191383377,0.015214849302848,0.1099999999999999,1.2941528231987696,76.0,0.0096865994559702,0.0852481474562552,-0.0005868544600938,0.0035300119027377,0.0534106277679483,7.856501472323087,0.0013971948686901,0.0189840817447507,1.5494322989509273,25.0,0.5486486338454499,0.2398176390510256,10.196042174201684,0.0,0.442655601676599,0.0189895078219937,0.010407310729121,-0.0307560870592845,1.2049659714531986,0.6470688930383711,0.00619,0.2585640290969325,-2.154938189233424,1.0,3.3851386545749285e-26,0.026712715627914805,0.9732872843720852,0.1231226110315054,0.9609672817641546,2
2022-07-08,2.44,-0.002434719353775,-0.0001181191383377,-0.0181361683423444,0.0099999999999999,1.2812522243672504,76.0,0.0096865994559702,0.0852481474562552,-0.0005868544600938,0.0035300119027377,0.0534106277679483,7.111853593716687,0.0013971948686901,0.0189799768946842,0.0969925920886017,25.0,0.6423516274274295,0.2705021784966568,10.135284006896512,0.25,0.4054453372691842,0.0173353783029332,0.010407310729121,-0.0028918614597185,0.9304309669291716,0.6610995400164782,-0.0033999999999999,0.2660289994933102,-1.979341761718552,1.0,1.3435564028959093e-26,0.12698772220683785,0.8730122777931625,0.3806201096047416,0.9610047712177452,2
2022-07-15,2.52,0.0004516494934518,-0.0001181191383377,-0.0209713210161939,0.0099999999999999,1.2652491945949722,76.0,0.0096865994559702,0.0852481474562552,-0.0005868544600938,0.0035300119027377,0.0534106277679483,6.170525473197886,0.0013971948686901,0.016409932444697,0.0969925920886017,25.0,0.9096352059488098,0.4167540384584631,10.04882499903528,0.3900000000000001,0.3590029195901525,0.0153018517476685,0.010407310729121,-0.0108202333722993,0.449053885666294,0.6673165855419828,-0.01337,0.2549474735817131,-1.7897517297619217,1.0,5.256644110998205e-21,0.6380789215067976,0.3619210784932026,0.6545155117200256,0.961195851033646,1
2022-07-22,2.53,0.0003761297240616,-0.0001181191383377,-0.0286586801424372,0.0099999999999999,1.2460242035068751,76.0,0.0096865994559702,0.0852481474562552,-0.0005868544600938,0.0035300119027377,0.0534106277679483,4.92091298595941,0.0013971948686901,0.0162269405142483,0.0969925920886017,25.0,1.044088646143016,0.5475905013263723,9.935994258273904,0.1200000000000001,0.3140002407276709,0.0168741318345936,0.010407310729121,0.0045521362914539,-0.4445786205115031,0.6679766164927026,-0.0189799999999999,0.1719634512662894,-1.5038130486319663,1.0,8.014369320577739e-21,0.9384547858460437,0.06154521415395663,0.2311982343500974,0.9613081514703152,1
2022-07-29,2.56,-0.0010348106062861,0.0,-0.0388310928233628,0.0099999999999999,1.223425370160018,76.0,0.0096865994559702,0.0852481474562552,-0.0195739781232009,0.0,0.0106066017177981,2.999743578784834,0.0007174804992339,0.0165300080790792,-0.3535533905932841,25.0,1.1024527387252805,0.5872149764536327,9.79588056369099,-0.08,0.3336038785181623,0.0198154875954382,0.0069204463328565,-0.0398671389846978,-1.5265652970680412,0.6640783938077003,-0.01807,0.1176480829786731,-1.111313957976443,1.0,3.787666947936737e-14,0.9930646360110691,0.0069353639888933664,0.04138779729409776,0.961328568257242,1
2022-08-05,2.5,-0.0017304829109188,-0.0003543992763505,0.0171019822134098,0.04,1.1892634816351797,72.0,0.0105214021472617,0.0826269250311624,-0.1036269430051813,0.0049036219703952,0.0457030281444632,2.796701353655365,0.0008951748573808,0.0135114169694482,-1.506854202945972,-2.0,0.9478261811020674,0.5563256369121662,9.786637856944829,0.1699999999999999,0.3036028665428025,0.0188152468566531,0.0301112503827841,-0.0301444458355938,-1.6837000046229071,0.6638107852940797,-0.0131699999999999,0.1396360064084473,-0.6473032935990173,0.0,9.503298413469647e-14,0.9995698143428072,0.000430185657097488,0.003764588507549171,0.9613310003247084,1
2022-08-12,2.52,0.0005090922202866,-0.0003543992763505,-0.0123808160022871,0.04,1.1511240219740586,72.0,0.0105214021472617,0.0826269250311624,-0.1036269430051813,0.0049036219703952,0.0457030281444632,2.5289097681380204,0.0008951748573808,0.0141925918456337,-0.1085890496594416,-2.0,1.2709141441186875,0.4891318840558383,9.755147150484246,0.0499999999999998,0.3455580516194738,0.0193544481269725,0.0301112503827841,-0.0204868652826648,-1.4134149025718812,0.6619548042698762,-0.00742,0.1516987145627339,-0.0703063958941127,0.0,1.3589111406293257e-13,0.9997066785269477,0.00029332147291668507,0.002679226138384898,0.9613310514936265,1
2022-08-19,2.4,-0.003308429264192,-0.0003543992763505,0.043109067593246,0.04,1.1085965415764605,72.0,0.0105214021472617,0.0826269250311624,-0.1036269430051813,0.0049036219703952,0.0457030281444632,2.1725560982398755,0.0008951748573808,0.0149833659886653,-0.1085890496594416,-2.0,1.4243054457068411,0.3996337609076064,9.70119179131846,0.1100000000000003,0.4565147157824041,0.0214540626422466,0.0301112503827841,0.0043884618376562,-1.0294125545020163,0.6610920395574708,0.0023299999999999,0.16507574019215,1.135016662732172,0.0,2.5920087332750373e-10,0.9997107034749587,0.0002892962658401399,0.002646463512135644,0.96133105300291,1
2022-08-26,2.53,0.0001891576293238,-0.0003543992763505,0.0204045677343758,0.04,1.061153600022022,72.0,0.0105214021472617,0.0826269250311624,-0.0857310628302995,0.0049036219703952,0.0459962663490278,1.671940374350675,0.0004425398831112,0.0149392900167116,0.3535533905932982,-2.0,1.1272310687459537,0.3180184181548768,9.62439396928539,0.1499999999999999,0.3537969224704103,0.0211060642546542,0.0303105079428174,0.030167961141104,-0.4440349097020211,0.6613436149793451,0.01245,0.1577464058906437,1.837242383620292,0.0,6.734623810535352e-16,0.9989332125633615,0.0010667874366375619,0.008366355130752358,0.9613307623207049,1
2022-09-02,2.48,-0.0028631512446115,0.0021507845130008,-0.0080259330126701,0.03,1.013941701267961,69.0,0.024620187157526,0.0820166964383362,-0.0604815032295947,0.0057025308985447,0.0457124439099721,1.675157857084847,0.0008658732144985,0.015159290499201,2.1348809841157554,3.0,0.864601114374131,0.1215304194724897,9.568204006158512,0.0499999999999998,0.2537162880469112,0.0185410737457575,0.033145508457659,-0.0125692668677067,0.6641336077352453,0.66467776472521,0.02079,0.1788405115498616,1.7060559454584023,0.0,3.167806390960086e-13,0.9928309499347533,0.007169050064930085,0.04254393186551226,0.9613284808898795,1
2022-09-09,2.55,-0.0004183051322935,0.0021507845130008,0.0249297067958727,0.03,0.9613262497851152,69.0,0.024620187157526,0.0820166964383362,-0.0604815032295947,0.0057025308985447,0.0457124439099721,1.6328361357322687,0.0008658732144985,0.0168145306975901,-0.0984711059178611,3.0,0.6192789561959713,0.0406201920233854,9.484845418316002,0.1400000000000001,0.2448364801484732,0.0167461943478276,0.033145508457659,-0.0071596081818617,1.8268667384661257,0.6703930546046719,0.0256799999999999,0.2188117259850572,1.434298817723779,0.0,1.5495126572824777e-14,0.9975664668535155,0.002433533146469067,0.01707657264757333,0.9613302513404361,1
2022-09-16,2.51,0.0011740568128788,0.0021507845130008,-0.0202243304384418,0.03,0.9023625201142482,69.0,0.024620187157526,0.0820166964383362,-0.0604815032295947,0.0057025308985447,0.0457124439099721,1.5412282813989129,0.0008658732144985,0.0158282537538053,-0.0984711059178611,3.0,0.5208618824596876,0.0373927036429705,9.373593408808793,0.1200000000000001,0.1825760617865397,0.0181741483249721,0.033145508457659,0.0331032092698348,1.9038525310645675,0.6782094249807875,0.0276399999999999,0.2779227796143405,1.1899577423524164,0.0,2.6209687905116232e-21,0.9884032256426686,0.011596774357331712,0.06321642175577497,0.9613268255126268,1
2022-09-23,2.47,-0.0018065702913439,0.0021507845130008,0.0094949211864979,0.03,0.8357078742678193,69.0,0.024620187157526,0.0820166964383362,-0.0604815032295947,0.0057025308985447,0.0457124439099721,1.3906279710423533,0.0008658732144985,0.0161430129307524,-0.0984711059178611,3.0,0.3284047171256254,0.0856487844965172,9.233439784631113,0.04,0.0643416368051545,0.0154857293470679,0.033145508457659,-0.0004748465791352,1.7019016961944775,0.6945640037854607,0.02515,0.3451293753279745,0.8433271497492473,1.0,2.713531711405661e-20,0.9897933439652816,0.010206656034718611,0.05694900128258454,0.9613273452311302,1
2022-09-30,2.51,-0.0024084696469309,0.0,-0.0178226602859673,0.0249999999999999,0.80344601343086,65.0,0.0110364611458075,0.0731012440841827,0.0276172125883109,0.0,0.0024299202102625,1.3922864426764898,0.0006837014595091,0.0157481988394981,-0.353553390593285,6.0,0.204128820881581,0.1208821740374335,9.025270371519788,0.0899999999999998,0.0475751283740188,0.0161768789269539,0.0097641591493328,0.0060111474559672,1.4901704497968105,0.7134754178987114,0.01882,0.4026962698042777,0.2515210480203994,1.0,1.6604145349042988e-22,0.05096195396538718,0.9490380460346134,0.2013379761563335,0.9609763477390802,2
2022-10-07,2.64,-0.0041514094543307,0.0040564944341123,0.004021091630076,0.03,0.7675856028282436,65.0,0.0106481837300782,0.0774542733080492,0.0237636480411047,0.0039332586695994,0.0078725519096246,1.39283882771813,0.0007158259587272,0.0123844742588641,-0.8071222808683067,6.0,0.212578629932469,0.1266885945932631,8.787503124402617,0.1200000000000001,0.167485837064782,0.0180124026022375,0.0100396887512657,0.0348493467505914,1.243794757936749,0.7344355575782896,0.00726,0.4286336264390387,-1.1064610275509743,1.0,2.1663158718728276e-28,0.05034370210737676,0.9496562978926236,0.1995260124600456,0.9609761165954968,2
2022-10-14,2.71,-9.59007783152277e-06,0.0040564944341123,-0.0179527144634947,0.03,0.7287655782897076,65.0,0.0106481837300782,0.0774542733080492,0.0237636480411047,0.0039332586695994,0.0078725519096246,1.3922864426764892,0.0007158259587272,0.0120253704437597,-0.2706245753612509,6.0,0.1927911738761627,0.1321727765357112,8.517659766829565,0.3599999999999999,0.0404715833794175,0.0191711368287509,0.0100396887512657,0.0042648504773001,0.9755444825768986,0.7559532453800577,-0.00171,0.4365039682359281,-1.8228167827054125,1.0,4.301118046172745e-24,0.026578588896210675,0.97342141110379,0.12264000651886714,0.9609672316186797,2
2022-10-21,2.91,-0.0017178962501179,0.0040564944341123,-0.0329536204645654,0.03,0.686484033164751,65.0,0.0106481837300782,0.0774542733080492,0.0237636480411047,0.0039332586695994,0.0078725519096246,1.3906279710423517,0.0007158259587272,0.0128474988414441,-0.2706245753612509,6.0,-0.0607954709141537,0.1377108772548557,8.212579101919015,0.2799999999999998,0.0154011566693759,0.0197463724932123,0.0100396887512657,0.0134653849418855,0.592505958788664,0.7839826342076097,-0.0103,0.4129597005589215,-1.7308712445584578,1.0,1.1833149335577803e-27,8.878336449234248e-05,0.9999112166355083,0.0009170670930276916,0.9609573279710114,2
2022-10-28,2.89,-0.0023824549212584,0.0040564944341123,0.0314175183274529,0.03,0.6400553388105056,65.0,0.0106481837300782,0.0774542733080492,-0.00375,0.0039332586695994,0.0078433346036049,1.3878594475497363,0.0001357782850543,0.0118553078812962,0.3535533905935413,6.0,0.0475488189053185,0.2161348785233477,7.868163315972494,0.0899999999999998,0.0518128736013727,0.0194185424090322,0.0013258252147264,-0.0150097214627595,-0.0553516981210987,0.7982688660494083,-0.0150299999999999,0.326909227243809,-1.4455676006365976,1.0,2.3946035476251294e-28,0.03403969048584221,0.9659603095141571,0.14851556959982443,0.9609700210737114,2
2022-11-04,2.87,-0.0052985811220565,-0.0010100264418881,0.0389220852911951,0.015,0.6300787922370964,63.0,0.000890295383749,0.0711032279419172,-0.124375,0.0030928627016122,0.0214613131495561,1.6323649667321936,0.0010289212830384,0.0078478333150527,-2.453674087990652,2.0,0.160261119357117,0.2400855502286388,7.919728311685811,0.0300000000000002,0.1395349383006605,0.0212471506391273,0.0426387007793784,0.0024104499763342,-1.2136254873302617,0.8120770160149251,-0.01771,0.2459928860760069,-1.2106199350329223,1.0,7.20874987248923e-31,0.02152425906932757,0.9784757409306718,0.10391340735036879,0.9609653419746891,2
2022-11-11,3.11,0.000232341846772,-0.0010100264418881,-0.0185348319340957,0.015,0.6198864897967641,63.0,0.000890295383749,0.0711032279419172,-0.124375,0.0030928627016122,0.0214613131495561,1.8313509095324585,0.0010289212830384,0.0149110783092332,0.4038454812713611,2.0,0.2270925323875547,0.3381039569633919,7.957276567838493,0.0700000000000002,0.1011263532165041,0.0274389542415885,0.0426387007793784,0.0303402076647417,-1.7894760405568089,0.8148182671286228,-0.01693,0.1544344521148182,-0.9334699799960884,1.0,9.244920903689707e-27,0.011987707969670348,0.9880122920303299,0.06494767007026088,0.9609617765788644,2
2022-11-18,3.02,-0.0061374236278711,-0.0010100264418881,0.035958406758229,0.015,0.609467607143003,63.0,0.000890295383749,0.0711032279419172,-0.124375,0.0030928627016122,0.0214613131495561,1.9984609462897585,0.0010289212830384,0.014048492575915,0.4038454812713611,2.0,0.2444224880731871,0.378472021989195,7.981005920639114,0.0599999999999996,0.0522996509426614,0.0266308814477022,0.0426387007793784,-0.0314708931332562,-1.6024455340699464,0.8141215921577882,-0.0128,0.1387636737149235,-0.5127477643570744,1.0,4.953530892744562e-38,0.0008909855458922687,0.9991090144541083,0.007148142490623424,0.9609576278874359,2
2022-11-25,2.92,-0.0004903995307004,-0.0010100264418881,-0.0165766523805571,0.015,0.5988103173786757,63.0,0.000890295383749,0.0711032279419172,-0.124375,0.0030928627016122,0.0214613131495561,2.141171498179112,0.0010289212830384,0.0138056392682368,0.4038454812713611,2.0,0.2895171899050588,0.3996426975615906,7.9910394765345085,0.0700000000000002,0.1192956283402388,0.0267330596124117,0.0426387007793784,-0.0093934503035869,-1.358600052054029,0.8058256962832484,-0.0078799999999999,0.1116675550782221,0.1768162708694243,0.0,1.286947042004454e-22,0.49121071626303303,0.5087892837369672,0.6929926696123139,0.961140941949596,2
2022-12-02,2.72,-0.0042700770989364,-0.003070091464541,-0.0024884205300427,0.1849999999999999,0.6231166408323595,59.0,-0.0080160998124736,0.0645440133141082,-0.1154328732747804,0.0035594772329976,0.0288913475747422,2.157277486519838,0.0041445061380083,0.0129803510964114,-2.3974050305055163,-6.0,0.5200871693413553,0.3860768798346741,7.861642949425442,-0.0700000000000002,0.2070630965645734,0.0268545836995578,0.0431909052745255,-0.0067167257487589,-1.1701560218452964,0.7873394878195646,-0.0047999999999999,0.1156889302026493,1.0529429137562676,0.0,2.1201053547060256e-17,0.9826809012197377,0.017319098780262377,0.08741356904101678,0.9613246861279166,1
2022-12-09,2.76,-0.0002144543888946,-0.003070091464541,0.0390064668028725,0.1849999999999999,0.6463121928717949,59.0,-0.0080160998124736,0.0645440133141082,-0.1154328732747804,0.0035594772329976,0.0288913475747422,2.1554938752297668,0.0041445061380083,0.0101015331902306,0.4438310151514231,-6.0,0.591082792720464,0.3549245392635589,7.710543994283418,-0.0300000000000002,-0.0090693671338832,0.0213181546173275,0.0431909052745255,-0.0010189920700186,-1.0379630644080269,0.7719088355350704,-0.0031899999999999,0.1218898800440279,1.4429888987228272,1.0,2.8900557634514278e-22,0.9883777169039679,0.011622283096031848,0.06332978901446977,0.9613268159757666,1
2022-12-16,2.65,7.899579795944689e-05,-0.003070091464541,-0.0264519138955285,0.1849999999999999,0.6685126056528656,59.0,-0.0080160998124736,0.0645440133141082,-0.1154328732747804,0.0035594772329976,0.0288913475747422,2.1357758453399662,0.0041445061380083,0.0106663858934491,0.4438310151514231,-6.0,0.7886178325981126,0.3036651115950294,7.536437380229525,0.0,0.0484053101274559,0.0220166653409579,0.0431909052745255,-0.0064197306218127,-1.079663231149603,0.7498480489612238,-0.0065399999999999,0.1489007339519615,0.7139013791009705,1.0,4.0537986334289776e-17,0.9978908461648741,0.0021091538351254773,0.01510241281825525,0.961330372614954,1
2022-12-23,2.72,-0.0022138046951719,-0.003070091464541,-0.0075491773941897,0.1849999999999999,0.6898139661302247,59.0,-0.0080160998124736,0.0645440133141082,-0.1154328732747804,0.0035594772329976,0.0288913475747422,2.097617696340108,0.0041445061380083,0.010935863353558,0.4438310151514231,-6.0,0.361297257809279,0.2622839246749202,7.337685531506042,0.0300000000000002,0.0781948308914066,0.0211521817964871,0.0431909052745255,-0.0620605439788359,-1.3261289034225083,0.7334840874113797,-0.01016,0.1511621645783234,-0.0293194903857975,1.0,1.748430024642326e-11,0.9996023164287812,0.000397683553734713,0.0035114090657610885,0.9613310124764475,1
2022-12-30,2.87,-0.0015461658717687,0.0,-0.0040227354932747,0.2299999999999999,0.71029716493122,59.0,-0.0080160998124736,0.0645440133141082,0.006423982869379,0.0,0.0193300795562458,2.039984916987779,0.0041632751035833,0.0102545746670418,0.3535533905932739,-6.0,0.1997318717827074,0.145307555599522,6.8182613460326085,0.08,0.0671453678132061,0.0208999942304876,0.0022712209245831,0.0036086929938937,-1.7470032673351534,0.7178981754726369,-0.01735,0.1023910570871907,-1.3840061136393742,1.0,8.437475716788519e-11,0.9998671617881979,0.00013283812742743067,0.001318594850892758,0.9613311114943826,1
2023-01-06,2.78,-0.0051150901122407,0.00799536383454,-0.0346351088518893,0.31,0.740401343390879,68.0,0.0031880829181039,0.0641014696885626,0.006423982869379,0.0041407592719164,0.0334110633513788,2.0636040168745318,0.0052246954113452,0.0069669761881473,1.5215858028224898,-10.0,-0.0526046621670739,0.196959024019922,6.252842490874299,0.25,-0.065019072035504,0.0124509065774489,0.0022712209245831,0.0110681760091044,-1.8995645611666283,0.7016126650973956,-0.02268,0.109144399764732,-1.8071611754400283,1.0,1.5704823400937102e-11,0.9997079823281028,0.0002920176561926017,0.0026686184366693936,0.9613310519813438,1
2023-01-13,2.79,0.0001361163284465,0.00799536383454,-0.005278729893031,0.31,0.7687673609114637,68.0,0.0031880829181039,0.0641014696885626,0.006423982869379,0.0041407592719164,0.0334110633513788,2.0505158825560303,0.0052246954113452,0.0055816834124317,0.1046048092644722,-10.0,-0.1977944995234984,0.2285357114951512,5.578184181541005,0.0,-0.0472440837376569,0.0130222110188359,0.0022712209245831,-0.0219514080536635,-1.8225517164762997,0.6830652179741443,-0.02443,0.0884388408530538,-1.4906736443207858,1.0,1.854719170817832e-12,0.9998911745950401,0.00010882540310534777,0.0011019346715331639,0.9613311204705332,1
2023-01-20,2.7,-0.0022974437471227,0.00799536383454,-0.0094528586767375,0.31,0.7955811587968908,68.0,0.0031880829181039,0.0641014696885626,0.006423982869379,0.0041407592719164,0.0334110633513788,1.999999999999784,0.0052246954113452,0.0055970514722395,0.1046048092644722,-10.0,-0.2063015835786777,0.2676318099821276,4.747945495194309,0.0499999999999998,-0.0449847528601268,0.0126769396600384,0.0022712209245831,0.003206772061796,-1.6545630707705576,0.6610556482897475,-0.0208999999999999,0.0884388408530516,-0.833362904337252,1.0,1.1839625324842788e-09,0.9999393649807186,6.063383531880978e-05,0.0006494519231872238,0.9613311385077911,1
2023-01-27,2.8,-0.0021771604536154,0.00799536383454,0.0046964761577005,0.31,0.8209948382203749,68.0,0.0031880829181039,0.0641014696885626,0.0,0.0041407592719164,0.0301525466893929,1.9090875790844453,0.0026174597288485,0.0050214792115952,-0.3535533905932745,-10.0,-0.3298124577538103,0.289553227280574,3.657674425383981,0.0100000000000006,-0.0822391086701891,0.0120732092182138,0.0,-0.0025257641888402,-1.4827101256479474,0.6382410075437324,-0.01663,0.0915637950908068,-0.1790463412581817,1.0,7.1257928962202525e-09,0.999961759037017,3.8233837190276256e-05,0.00042728045760603985,0.961331146983184,1
2023-02-03,2.78,-0.0043618146953028,0.0055821105057323,0.0127519048124071,0.28,0.8613439637636647,69.0,-0.0016348168370262,0.0603561307786659,0.1475177304964539,0.0048935706213941,0.0305617546420521,3.09441183674438,0.0025928057518586,0.0051666236750284,0.1017556190386534,12.0,-0.4728783745067755,0.2888894993888971,4.0431309642359015,-0.0300000000000002,-0.2049615282129745,0.0194930835481585,0.0521553937896461,-0.0067901262443624,-1.25944952339625,0.6189492629006677,-0.0072399999999999,0.0884388408530506,1.216744025226637,1.0,1.7227381819490019e-09,0.9999524791291527,4.7519148108911044e-05,0.0005205780589398207,0.9613311434200704,1
2023-02-10,2.82,0.0002085702326761,0.0055821105057323,0.037910883757625,0.28,0.8984729768738767,69.0,-0.0016348168370262,0.0603561307786659,0.1475177304964539,0.0048935706213941,0.0305617546420521,3.848875959789462,0.0025928057518586,0.0051431647265028,-0.4224395931945414,12.0,-0.3620908529057179,0.2824257171617177,4.345209390299474,0.0899999999999998,-0.1437164067960451,0.019258116492729,0.0521553937896461,-0.0054233206704265,-0.9441028636893548,0.6002500735773325,0.00389,0.1188561555590994,1.9336679976677704,0.0,6.429384455834855e-07,0.9999518226578554,4.7534403698992525e-05,0.0005305028497935413,0.9613311542908005,1
2023-02-17,2.86,-0.005998789146035,0.0055821105057323,0.0132093143217829,0.28,0.9327664890882458,69.0,-0.0016348168370262,0.0603561307786659,0.1475177304964539,0.0048935706213941,0.0305617546420521,4.399999999999896,0.0025928057518586,0.0052149866126977,-0.4224395931945414,12.0,-0.4865718853770052,0.2257645739640479,4.5804358042503805,0.0499999999999998,-0.1617437510299096,0.0202081704713607,0.0521553937896461,-0.0034792752051502,-0.4175519469993449,0.5803578497667211,0.0145799999999999,0.16248076809273,1.8490582087337075,0.0,5.680772242157056e-07,0.9999499832847865,4.9448637989497324e-05,0.0005484472693218659,0.9613311523053213,1
2023-02-24,3.02,-0.000307343066301,0.0055821105057323,0.0305791595926359,0.28,0.9645269943823872,69.0,-0.0016348168370262,0.0603561307786659,0.1475177304964539,0.0048935706213941,0.0305617546420521,4.818074942738565,0.0025928057518586,0.0061850033906884,-0.4224395931945414,12.0,-0.4516778321594995,0.1115795680222213,4.758734130827172,0.0200000000000004,-0.1667212277936213,0.0209060627925172,0.0521553937896461,-0.0003101779424682,0.71934984027698,0.5625236713638593,0.02538,0.2291248879666248,1.673954044870538,1.0,8.321658983242651e-09,0.999903356620906,9.663505743482866e-05,0.0009901429817763964,0.9613311251692154,1
2023-03-03,3.19,-0.0050709898009947,0.003310729956123,0.0071184907956232,0.08,1.0326309245969765,66.0,-0.0036512224493961,0.0498497412209917,0.0496453900709219,0.0033670587229508,0.0294940450757302,5.653725796730367,0.001349042510951,0.0061620739124904,2.31597380438736,4.0,-0.4001195800410558,0.1269420565230888,5.322587685343551,0.0499999999999998,-0.3112033186810882,0.0204224569050153,0.0638658396707527,-0.0007274303413804,1.8561768380490955,0.5298627771360219,0.0309499999999999,0.2780255640866851,1.417375585375678,1.0,7.608006065053564e-10,0.9999366503471815,6.334889201780298e-05,0.0006757480562448329,0.9613311374855449,1
2023-03-10,3.52,0.000311642503481,0.003310729956123,0.0018925333405745,0.08,1.0921523158415585,66.0,-0.0036512224493961,0.0498497412209917,0.0496453900709219,0.0033670587229508,0.0294940450757302,6.302258447450449,0.001349042510951,0.0091823054392355,-0.4747794339156598,4.0,-0.4857142612056482,0.1468660711572564,5.79163072245936,0.0999999999999996,-0.2986371625268262,0.0170614046636957,0.0638658396707527,0.0039950688493087,1.8915699091917069,0.5007027866339623,0.03253,0.2655418987655352,1.1621648427171007,1.0,3.5045179185176668e-12,0.9937645443179075,0.006235455678588324,0.037876523558911995,0.9613288299294863,1
2023-03-17,3.48,0.0356038029397947,0.003310729956123,-0.0151213387115313,0.08,1.144431075506315,66.0,-0.0036512224493961,0.0498497412209917,0.0496453900709219,0.0033670587229508,0.0294940450757302,6.817285721999893,0.001349042510951,0.0092891701635111,-0.4747794339156598,4.0,-0.5192267942677563,0.1373993137850288,6.187462387715366,-0.4900000000000002,-0.3625596961883195,0.0277681940002734,0.0638658396707527,-0.000563312969002,1.706132340533201,0.4722812963966729,0.0315,0.3430951554806493,0.8962384245930862,1.0,1.4969700251256997e-51,3.1764546431741062e-15,0.9999999999999964,5.526559494553589e-11,0.9609572947778955,2
2023-03-24,3.59,0.0109368814603034,0.003310729956123,0.0027213580513395,0.08,1.190421792136464,66.0,-0.0036512224493961,0.0498497412209917,0.0496453900709219,0.0033670587229508,0.0294940450757302,7.227405109400163,0.001349042510951,0.0102236312290865,-0.4747794339156598,4.0,-0.6022258049440763,0.1634832887921919,6.523423394993035,0.2200000000000006,-0.3919227286358367,0.0277748431728124,0.0638658396707527,0.0042513162987287,1.4568222970770528,0.4563254111318739,0.0187299999999999,0.4163939583752785,-0.0041560803577281,1.0,3.761534388131195e-30,0.2958034783193042,0.7041965216806957,0.6072665550166052,0.961067885753161,2
2023-03-31,3.28,-0.0031881931629429,0.0,0.0275059221813566,0.08,1.235194144627917,65.0,-0.0041354495268138,0.0440214590344818,-0.0852904820766378,0.0,0.0258955398192382,7.257992941472213,0.001331073628557,0.0102323695458895,-0.3535533905932766,-4.0,-0.6125873843721951,0.187307043571389,6.722326098528528,0.1099999999999994,-0.2377354615914501,0.0238526207307123,0.0301547391235302,0.0033490814896985,1.174311959467765,0.4355272372182965,0.00397,0.4330436302663856,-1.3672623467569742,1.0,1.3211833494763814e-19,0.6067628677855109,0.39323713221448897,0.6701740934410936,0.9611841430140438,1
2023-04-07,3.33,-0.0084491718414848,0.0050590386832585,-0.0303290681825372,0.14,1.277262448285095,65.0,-0.001843454258675,0.0493032039818892,-0.0889987639060568,0.0045453502738024,0.0289185300414561,7.234213582266218,0.001457538593268,0.01051669276561,1.058783856186577,-4.0,-0.6796750625858277,0.2345816945726958,6.899734403701666,0.1000000000000005,-0.1787095950155038,0.0241530524028047,0.0299835572084039,-0.0102849889579501,0.9046284121362372,0.4254299572986686,-0.0031799999999999,0.4507137197189151,-1.6764360114509929,1.0,1.169124016059919e-10,0.9953307145258588,0.00466928535722929,0.029717253704936827,0.9613294154698365,1
2023-04-14,3.33,-0.0020373282745531,0.0050590386832585,-0.0409890048768075,0.14,1.3148155651578095,65.0,-0.001843454258675,0.0493032039818892,-0.0889987639060568,0.0045453502738024,0.0289185300414561,7.155525030459841,0.001457538593268,0.0106333311136624,-0.520257048706518,-4.0,-0.7104109552354432,0.2630046170154722,7.057269499625353,0.1899999999999995,-0.2284245068001128,0.0233385545657108,0.0299835572084039,-0.0012387244266559,0.5333001618584303,0.4182475740306589,-0.01117,0.4394477053237264,-1.5801292484665228,1.0,1.008963216010321e-13,0.9998586035222276,0.0001413964776713527,0.0013947167866600377,0.9613311082932734,1
2023-04-21,3.37,-0.0024996526325576,0.0050590386832585,0.0066358817704869,0.14,1.3482308410169004,65.0,-0.001843454258675,0.0493032039818892,-0.0889987639060568,0.0045453502738024,0.0289185300414561,7.020081086535772,0.001457538593268,0.0076033098751667,-0.520257048706518,-4.0,-0.6582491479290606,0.2340787413305283,7.19623665683053,0.0,-0.2370921624433914,0.0224119017863321,0.0299835572084039,-0.0244461543675525,-0.039419993859923,0.4126498996343056,-0.0134499999999999,0.3814610071816017,-1.2613659377905178,1.0,2.3456308653685345e-09,0.999954605779034,4.5391875335236165e-05,0.0004993666070519972,0.9613311442259519,1
2023-04-28,3.3,-0.0035487101930896,0.0050590386832585,0.0230354045885066,0.14,1.3778093673157037,65.0,-0.001843454258675,0.0493032039818892,-0.004054054054054,0.0045453502738024,0.0096942058711058,6.824503363164599,0.0008137077455856,0.0076323832851308,-0.3535533905932809,-4.0,-0.6673108641923136,0.1835950512872575,7.3176937988639486,-0.04,-0.2665966473515966,0.0221124463311192,0.0014333245564609,-0.0036725458988025,-0.9422056384311328,0.4058313163313807,-0.0107899999999999,0.2577616562419093,-0.8789624424486869,1.0,7.52743207789925e-08,0.9999545042947786,4.542043090073693e-05,0.0005009131324702175,0.9613311454523076,1
2023-05-05,3.22,-0.0068639019532001,0.0025184350102023,-0.0352505149881385,0.18,1.4298689773723567,63.0,-0.0039957171123073,0.0404760927279197,0.0641891891891892,0.0036472299973249,0.0290986070911799,6.713018351279411,0.0014861203496389,0.0062944411192106,-2.0799546014917043,-2.0,-0.7343031176007391,0.2149044638239441,7.364768767892178,0.1600000000000001,-0.3500956680370201,0.0221442255923893,0.0244717568378366,-0.0020602302110472,-1.5713897766977885,0.4034726240664514,-0.00842,0.1398915396196021,-0.5723743590943321,1.0,9.300658719767533e-09,0.9984649808905474,0.0015350098087938415,0.011479676325992994,0.961330587425862,1
2023-05-12,3.03,-0.000114887193006,0.0025184350102023,0.0194911464997541,0.18,1.474852354077134,63.0,-0.0039957171123073,0.0404760927279197,0.0641891891891892,0.0036472299973249,0.0290986070911799,6.580741131981457,0.0014861203496389,0.0059791705000255,0.0758975063169633,-2.0,-0.7042933575831855,0.1695319186129866,7.402941610921708,-0.0099999999999997,-0.3660964587773426,0.0111004260427239,0.0244717568378366,-0.0054332701598338,-1.422645075599172,0.3971045278427453,-0.0067099999999999,0.1229111177117145,-0.26588465048018,1.0,4.286447087089786e-08,0.9999491258406084,5.0831294920654306e-05,0.0005541689996424792,0.9613311428796247,1
2023-05-19,2.88,-0.0054400690954751,0.0025184350102023,-0.0112372445465908,0.18,1.5133906218448303,63.0,-0.0039957171123073,0.0404760927279197,0.0641891891891892,0.0036472299973249,0.0290986070911799,6.4263879075620896,0.0014861203496389,0.0056241017403646,0.0758975063169633,-2.0,-0.6801930001746181,0.1413961001685911,7.432349494239353,0.04,-0.3681003185506266,0.0131189714085192,0.0244717568378366,0.0001390556034157,-1.2194351796228673,0.3872504305067056,-0.0041299999999999,0.1167108759774744,0.466728544130717,1.0,3.1316342684533593e-09,0.9999319868417033,6.801002666227763e-05,0.0007206865505741039,0.9613311357831178,1
2023-05-26,2.95,-0.0024246874689597,0.0025184350102023,0.0039288779802277,0.18,1.5459658522538349,63.0,-0.0039957171123073,0.0404760927279197,0.0641891891891892,0.0036472299973249,0.0290986070911799,6.248322851896911,0.0014861203496389,0.0065456292624258,0.0758975063169633,-2.0,-0.7500859476142461,0.1064944666571962,7.453096170983686,0.0499999999999998,-0.3684713794935904,0.0143875686950674,0.0244717568378366,0.0078372185925504,-1.0539605161579133,0.3761824995949905,-0.00205,0.2051306204070298,1.308456528061416,1.0,3.0098932685206294e-11,0.9997851357475335,0.00021486422236795567,0.0020294786005517975,0.9613310808266631,1
2023-06-02,3.04,-0.0059743333979354,0.0032289142364865,-0.0164005297508265,-0.0149999999999999,1.6034845390087633,72.0,-0.0088934645310736,0.0296917765455888,-0.0067842605156037,0.002177785289873,0.0434019726418971,6.835315534892088,0.0028977720690644,0.0057527045449421,-2.2821462116441364,11.0,-0.7451601558596815,0.1147668443909566,8.017514763717012,0.1600000000000001,-0.3964835853776211,0.0113493256349861,0.0371513262805328,0.0081485523541927,-0.9757460169757808,0.369832367961734,-0.0017999999999999,0.2325902282679058,1.2584260522551118,1.0,1.799880915851194e-08,0.9999886811575145,1.1300843676262026e-05,0.00014036351534167272,0.9613311572369548,1
2023-06-09,3.13,0.0004139113321075,0.0032289142364865,-0.0066786392415348,-0.0149999999999999,1.6505573837760823,72.0,-0.0088934645310736,0.0296917765455888,-0.0067842605156037,0.002177785289873,0.0434019726418971,7.233362873625036,0.0028977720690644,0.0045680115794484,0.4839676336497404,11.0,-0.7453107512604126,0.1147668443909566,8.502217792472933,-0.1299999999999999,-0.4184967329600597,0.0117357739135652,0.0371513262805328,-0.0192469214065954,-0.9284842647750934,0.3681339249879383,-0.0010799999999999,0.2660155741949869,1.090081091234723,1.0,1.046126066728279e-06,0.9999921471841429,6.806689790352062e-06,0.0001032416808693142,0.9613311763564751,1
2023-06-16,2.8,-0.0001194374994412,0.0032289142364865,0.0423526326991686,-0.0149999999999999,1.6880584845400726,72.0,-0.0088934645310736,0.0296917765455888,-0.0067842605156037,0.002177785289873,0.0434019726418971,7.472719616146252,0.0028977720690644,0.0057018753707927,0.4839676336497404,11.0,-0.6209677336287562,0.1147668443909566,8.9202094003785,-0.0300000000000002,-0.3448338775207783,0.0111771057888936,0.0371513262805328,-0.0067584636750351,-1.0031451691414897,0.3680220561132829,-0.0020099999999999,0.3055878410071841,0.7248521835874615,1.0,6.1825303468490795e-09,0.9999864176668537,1.357615061620037e-05,0.00016584968024919208,0.9613311561858643,1
2023-06-23,2.82,-0.0031308999426941,0.0032289142364865,0.024697030958986,-0.0149999999999999,1.716615267644468,72.0,-0.0088934645310736,0.0296917765455888,-0.0067842605156037,0.002177785289873,0.0434019726418971,7.5684568084608195,0.0028977720690644,0.0057819111872183,0.4839676336497404,11.0,-0.5612539897740658,0.1146345123800023,9.280507963160916,0.0700000000000002,-0.3573685012351864,0.0125496901039265,0.0371513262805328,-0.0041721675751776,-1.3612852201685317,0.3650884725107152,-0.00402,0.3100575983357262,-0.0929644818274069,1.0,7.28755636878709e-07,0.9999935007504555,5.7704939075321706e-06,8.640599216404803e-05,0.9613311713605711,1
2023-06-30,2.6,-0.0025288027112936,0.0,0.0120877479650638,-0.0149999999999999,1.7519506334835362,76.0,-0.0109006846270115,0.0298134172190793,-0.0704761904761904,0.0,0.0311606378150003,7.13992027535742,0.0028339310462044,0.0060021957890594,0.3535533905932742,10.0,-0.5116928293261676,0.0996332560660095,9.298368302664745,0.0199999999999995,-0.3485197898106386,0.0105706916460842,0.0249170960989546,0.0020347116973108,-1.8021948272231396,0.3552299936890404,-0.0060999999999999,0.2792560269205193,-1.2454776932929348,1.0,1.3358948186013624e-08,0.9999875439258372,1.2442715214177418e-05,0.00015323090324060766,0.961331156731345,1
2023-07-07,2.62,-0.005107593724141,0.0019075150192227,0.0071152942812125,0.1049999999999999,1.7729746569546068,76.0,-0.0031247838929887,0.0317778017794216,-0.0336507936507936,0.0020692652486684,0.0472147673678222,6.77336412268379,0.0042435004716286,0.0059279483752843,1.8571563314222708,14.0,-0.572091473078338,0.1160972498752677,9.296583812790027,0.0300000000000002,-0.2951617524090765,0.0109188407130994,0.0302782481924171,-0.0040745469649639,-1.9412960354621915,0.3561400659942106,-0.0087499999999999,0.2114870816723608,-1.9205236272678252,1.0,8.15384788071568e-08,0.9999413060148633,5.861244665810634e-05,0.0006311758566098773,0.9613311406265106,1
2023-07-14,2.59,-0.0001673834389451,0.0019075150192227,0.0079856404648995,0.1049999999999999,1.7877319634217057,76.0,-0.0031247838929887,0.0317778017794216,-0.0336507936507936,0.0020692652486684,0.0472147673678222,6.331362716363062,0.0042435004716286,0.0117376872143132,0.0045354628925989,14.0,-0.638112869316031,0.1176480829788586,9.275143154851069,0.0300000000000002,-0.2271749052247634,0.0123265254641069,0.0302782481924171,-0.0093926211745388,-1.946993458213418,0.3462938882128883,-0.01288,0.1539422433437971,-1.931819751225296,1.0,6.2816592794016e-06,0.9999816077329293,1.2110607791701368e-05,0.00023074242033070506,0.9613312631797163,1
2023-07-21,2.56,-0.0026963007852429,0.0019075150192227,-0.0107797869883103,0.1049999999999999,1.796377003491285,76.0,-0.0031247838929887,0.0317778017794216,-0.0336507936507936,0.0020692652486684,0.0472147673678222,5.796683401871871,0.0042435004716286,0.0112951395934733,0.0045354628925989,14.0,-0.6730931282127184,0.1148834813441139,9.233909408059704,0.0099999999999997,-0.1861668196573814,0.0104057940094503,0.0302782481924171,-0.0066190886226147,-1.8580388491439064,0.32826036046623,-0.01496,0.1442158600352995,-1.611302397489663,0.0,7.226427058293211e-06,0.9999851956885847,7.577884357075796e-06,0.00018969430501028137,0.9613312808996953,1
2023-07-28,2.73,-0.0037715637052011,0.0019075150192227,0.0295525868136433,0.1049999999999999,1.7989978963582498,76.0,-0.0031247838929887,0.0317778017794216,0.0396174863387979,0.0020692652486684,0.0402015537590482,5.140487854728747,0.002779494461983,0.0114651862373672,-0.3535533905932745,14.0,-0.6794264209387891,0.088801544388277,9.172615648115226,0.0199999999999995,-0.1829243603032914,0.010389260289938,0.0140068966218648,0.0018135122822402,-1.7459379707992686,0.3040510793000984,-0.0159999999999999,0.1148912529307917,-1.3288576513903068,0.0,1.870694512516423e-07,0.9999922503356501,7.562594898437514e-06,9.98280331850116e-05,0.9613311615023715,1
2023-08-04,2.64,-0.0044375195309087,0.0043671550683535,0.0035344491443447,0.14,1.790796786617077,70.0,-0.0025421306219911,0.0366511238439954,0.0662568306010928,0.0020067322630761,0.0429332902123675,5.314711078332689,0.0028229235793019,0.0118418235407949,-0.555151576682699,-10.0,-0.6804315648217649,0.095234672557696,9.05130341521721,0.0200000000000004,-0.0695427737652719,0.01088815790455,0.0155567367178156,0.0031892490594249,-1.6606971711318537,0.2877422908484428,-0.01744,0.0860128727907724,-1.2244101169925936,1.0,2.516857335273435e-06,0.9997231639423407,0.0002743192003237891,0.002558997925704103,0.9613311012893895,1
2023-08-11,2.67,0.000179973495034,0.0043671550683535,0.004430044951777,0.14,1.7780809453450903,70.0,-0.0025421306219911,0.0366511238439954,0.0662568306010928,0.0020067322630761,0.0429332902123675,5.478910616031248,0.0028229235793019,0.0121627489882993,-0.3185373945347386,-10.0,-0.6840784566834104,0.1185628224072429,8.923231327004117,0.0,-0.0966445243827472,0.0117419418393235,0.0155567367178156,-0.0031814240010053,-1.554363079393298,0.2723870792921978,-0.01584,0.0792374370394383,-0.7597703361361087,1.0,0.00020588818621636624,0.9997848375455147,9.27426826893523e-06,0.0020702274339679987,0.9613346500073249,1
2023-08-18,2.72,-0.0076160044521109,0.0043671550683535,-0.0159081725625619,0.14,1.760752561498956,70.0,-0.0025421306219911,0.0366511238439954,0.0662568306010928,0.0020067322630761,0.0429332902123675,5.633962944636471,0.0028229235793019,0.012325280068099,-0.3185373945347386,-10.0,-0.7267566412442059,0.1400765097061487,8.788103847290555,0.0099999999999997,-0.1048804340106098,0.0106161786362833,0.0155567367178156,0.0029476159982999,-1.429050618127706,0.265750027136596,-0.0124699999999999,0.0688554386274547,0.1499335465816252,1.0,6.472297879464754e-05,0.9998484354278655,8.684159334010008e-05,0.0015879243691138455,0.961332226534063,1
2023-08-25,2.73,-0.0008177293444772,0.0043671550683535,0.0176066279419409,0.14,1.7386737286896523,70.0,-0.0025421306219911,0.0366511238439954,0.0662568306010928,0.0020067322630761,0.0429332902123675,5.7806041739063065,0.0028229235793019,0.0125516192686292,-0.3185373945347386,-10.0,-0.726764189855884,0.1404075700035923,8.645590162674202,0.0600000000000005,-0.1421663021128817,0.0119318405458593,0.0155567367178156,0.0088597264635673,-1.2985817461017364,0.2594165486266863,-0.00874,0.0931875988071187,1.4102571106417705,0.0,2.7992580304871245e-06,0.9999658588328961,3.1341909073564036e-05,0.0003949653079086886,0.9613311969205688,1
2023-09-01,2.55,-0.0021808399145553,0.0024851315523766,0.0156374222475175,0.445,1.7129554393480149,68.0,-0.0026724769428521,0.0369969812134443,0.0098554533508541,0.0030977453323857,0.0122509648795659,6.30030524291042,0.000710681463274,0.0123492607108181,2.3371974843843457,-3.0,-0.6852947842396043,0.1452522436513192,8.959267638675131,-0.08,-0.0151951151501046,0.0131504673910655,0.0112112854434317,0.0064971736089141,-1.1730273630350876,0.255974979334452,-0.0054699999999999,0.0892828570971854,1.8455304190338884,0.0,0.00033569766692006294,0.9996608931149726,3.4092181075137814e-06,0.0030673143366158856,0.9613368540553321,1
2023-09-08,2.51,-0.0024624088017262,0.0024851315523766,-0.0128374869231518,0.445,1.6823083730487685,68.0,-0.0026724769428521,0.0369969812134443,0.0098554533508541,0.0030977453323857,0.0122509648795659,6.75277720645353,0.000710681463274,0.0024800841746139,-0.1996191031321781,-3.0,-0.674212096051799,0.1341374561518323,9.228027181970427,0.0199999999999995,0.0082959006003917,0.0118004185310374,0.0112112854434317,0.0001318455275763,-0.9674685659871508,0.2588427080513111,0.00034,0.0812403840464098,1.8737033727371928,0.0,0.0005721989263598363,0.9994248369746563,2.9640989839821596e-06,0.00488477825120616,0.9613408658050282,1
2023-09-15,2.49,-0.0003134057939707,0.0024851315523766,-0.0046189825393273,0.445,1.6464573208406312,68.0,-0.0026724769428521,0.0369969812134443,0.0098554533508541,0.0030977453323857,0.0122509648795659,7.150793393312692,0.000710681463274,0.002485890833293,-0.1996191031321781,-3.0,-0.6594538801917764,0.109209824257312,9.455699678514003,0.0099999999999997,0.0665021265670915,0.0118381623858008,0.0112112854434317,-4.942204496490021e-05,-0.6423744467863808,0.2665977475043308,0.0047999999999999,0.0855235974120248,1.6677580606467728,0.0,0.0004185518006750579,0.9995791598355718,2.288363753122284e-06,0.0037062651551152755,0.9613382598633361,1
2023-09-22,2.38,-0.0092222543669854,0.0024851315523766,0.0062507271785131,0.445,1.6050536063169656,68.0,-0.0026724769428521,0.0369969812134443,0.0098554533508541,0.0030977453323857,0.0122509648795659,7.503025030971364,0.000710681463274,0.0035307396792295,-0.1996191031321781,-3.0,-0.6137961251603947,0.1099269237787337,9.645195116668488,0.0,0.1433833022838091,0.0119008693629905,0.0112112854434317,0.0060085482538075,0.0387684708130227,0.28148409480105,0.0089899999999999,0.1031555690623635,1.5177821599029206,0.0,1.2038940944199342e-06,0.9999481036966206,5.06924092850355e-05,0.0005696384348137229,0.961331162625174,1
2023-09-29,2.14,-0.0027449841664288,0.0,0.0372541194899494,0.445,1.5576545096503764,68.0,-0.0026724769428521,0.0369969812134443,-0.0153747597693786,0.0,0.0081510868148303,7.76748647593572,0.0006374102796217,0.0035463489982305,-0.3535533905932864,1.0,-0.5671002083960272,0.1432031523995521,9.745865813383736,-0.0099999999999997,0.1421562882807447,0.0179379359139242,0.0054357984460213,0.0006508499384342,1.3875043426521942,0.3023075531837391,0.01224,0.0800000000000558,1.39254874770855,0.0,1.3123639149282461e-06,0.99946106581458,0.0005376218215053507,0.004603971196164243,0.9613309824185258,1
2023-10-06,2.36,-0.00578375779049,-0.0003833795229848,-0.0096846106051635,0.565,1.5302936155564704,64.0,-0.007742988102069,0.032411446518932,-0.0211402946828955,0.0029561504352111,0.0212824921819622,7.747158287944018,0.0021197043354691,0.0056606079236442,-2.362721144879407,7.0,-0.5053349159125813,0.1885612821946308,9.543482294143766,0.08,-0.1063255455420666,0.0177385822157203,0.0055334054229428,0.0014746586932855,1.8589237177919784,0.3308093735506642,0.0112099999999999,0.0776323754260736,1.0409832570828323,1.0,3.1935072748497912e-06,0.9996665138904679,0.0003302926022573936,0.0030213131840813776,0.961331091840293,1
2023-10-13,2.44,-0.0004685900141557,-0.0003833795229848,-0.0106264407727582,0.565,1.4973339484532062,64.0,-0.007742988102069,0.032411446518932,-0.0211402946828955,0.0029561504352111,0.0212824921819622,7.726577508832623,0.0021197043354691,0.0069034660244253,0.2160275493004998,7.0,-0.4985278123970567,0.1936076666133197,9.32503401746292,-0.0099999999999997,0.0242962482913846,0.0266848280556296,0.0055334054229428,-0.007541358045277,1.672683374340291,0.3483576528492894,0.0095399999999999,0.0703942976587336,0.6833380630604748,1.0,8.215186965416733e-08,0.9998530048831964,0.00014691296493394256,0.0014449299751058597,0.9613311076243197,1
2023-10-20,2.69,-0.0023757383941306,-0.0003833795229848,-0.0176515557162461,0.565,1.4583959618590827,64.0,-0.007742988102069,0.032411446518932,-0.0211402946828955,0.0029561504352111,0.0212824921819622,7.705742114712876,0.0021197043354691,0.0083809674352713,0.2160275493004998,7.0,-0.4154063591940481,0.2379675848274224,9.08936278498647,-0.04,0.0435037838386733,0.0280410902293664,0.0055334054229428,0.0143179771520895,1.4178700646953943,0.3765731707665853,0.0059099999999999,0.0726906360643369,-0.0058267034495924,1.0,2.5648183748975638e-09,0.9827319708696061,0.01726802656557611,0.08720729172372649,0.961324705265606,1
2023-10-27,2.62,-0.0031931782056133,-0.0003833795229848,0.0326380251711805,0.565,1.4129855041514492,64.0,-0.007742988102069,0.032411446518932,-0.0058555627846453,0.0029561504352111,0.0208586071146473,7.684650034571795,0.0019325881651022,0.0091586586478358,0.3535533905932748,7.0,-0.4433497491487568,0.2259582768060673,8.835090465264328,0.0099999999999997,-0.0268486981727383,0.0277440786233647,0.0020702540763444,0.0008131323707238,1.1312292327356233,0.4001554656402595,0.00093,0.0425734659149268,-1.289714380410039,1.0,1.301533411571831e-08,0.9996310356076408,0.00036895137702496394,0.0032856363411395344,0.9613310234389143,1
2023-11-03,2.61,-0.0052057264761634,-0.0020151395484137,0.0091640897681083,0.23,1.387942320149213,62.0,-0.0009043615385835,0.0313727070884177,-0.022121014964216,0.0030020195404181,0.0233334500810074,7.539128698892174,0.0025366456014404,0.0090988230434775,1.6255295484491834,0.0,-0.4507812417927199,0.1882579916725864,8.742568488192234,-0.0599999999999996,-0.130655419440399,0.0271583013291767,0.0058588144656697,0.0173891711146357,0.7178626198437302,0.4097979397616636,-0.00475,0.0845154254729065,-1.8936532204755512,1.0,5.8741480319012016e-09,0.9997325879600844,0.0002674061657677428,0.0024673691040724703,0.9613310612821248,1
2023-11-10,2.47,-0.0007592799183999,-0.0020151395484137,-0.00510039955266,0.23,1.3580631068566715,62.0,-0.0009043615385835,0.0313727070884177,-0.022121014964216,0.0030020195404181,0.0233334500810074,7.369897191642678,0.0025366456014404,0.0090306721675218,0.0756225019198042,0.0,-0.4840959523834436,0.1471636601106632,8.633303924429882,0.0,-0.1325314864755344,0.0298164180759142,0.0058588144656697,0.0004064188063621,0.0307484964983391,0.4221404554204527,-0.0085199999999999,0.0848107136089919,-1.6730473995982331,1.0,8.628282156889436e-08,0.999989430296861,1.0483420317676613e-05,0.00013217300771153543,0.9613311587008099,1
2023-11-17,2.28,-0.0058137382578706,-0.0020151395484137,-0.0162142242255145,0.23,1.3230202528208588,62.0,-0.0009043615385835,0.0313727070884177,-0.022121014964216,0.0030020195404181,0.0233334500810074,7.175278070194446,0.0025366456014404,0.0090854837472036,0.0756225019198042,0.0,-0.5303823495657438,0.1354094320412659,8.506651642799198,-0.0300000000000002,-0.052322706613393,0.0310373016741009,0.0058588144656697,-0.0022782557251383,-1.1696439094190427,0.4287946556475939,-0.01051,0.091495511209226,-1.3801475421996516,1.0,2.594202874175164e-07,0.9999968217209979,2.9188587147511997e-06,4.431119824594277e-05,0.9613311644657385,1
2023-11-24,2.34,-0.0005344855803416,-0.0020151395484137,-0.0120157884419356,0.23,1.2823905199150931,62.0,-0.0009043615385835,0.0313727070884177,-0.022121014964216,0.0030020195404181,0.0233334500810074,6.95313985521302,0.0025366456014404,0.0079078471050151,0.0756225019198042,0.0,-0.5935364534666956,0.1482216005080464,8.361821591723753,0.04,-0.0097010733562095,0.0253927131789183,0.0058588144656697,-0.0015148698606128,-1.842044140684278,0.4346904291916169,-0.01116,0.0937226150480099,-1.1291147180773562,1.0,4.425958950566478e-07,0.9999986937645278,8.636395770650652e-07,1.9839913009048218e-05,0.9613311683411782,1
2023-12-01,2.51,-0.0018780372954726,-0.0009933203278934,0.0156536233929645,0.2249999999999999,1.2571484277501632,64.0,0.0083865910767553,0.0335212283143022,-0.0058900523560209,0.0025704883607775,0.0522579087174223,6.8326140959821045,0.0017694398306536,0.0084245320150643,-1.5563684156201238,-12.0,-0.5519821955492366,0.1799553516054828,8.129142406147114,-0.1100000000000003,-0.0738935160546855,0.0252049774578452,0.0073380693515946,-0.0136891674837789,-1.7302069505241564,0.4327614860067401,-0.01039,0.1670703444660612,-0.8351548000430928,1.0,4.264986234368156e-05,0.9999563446989606,1.0054386957320563e-06,0.0004867032081459268,0.961331884216548,1
2023-12-08,2.3,-0.0075370583794939,-0.0009933203278934,0.0116999262557581,0.2249999999999999,1.2284383888513222,64.0,0.0083865910767553,0.0335212283143022,-0.0058900523560209,0.0025704883607775,0.0522579087174223,6.686956304282439,0.0017694398306536,0.0103082112824059,-0.0950796974636443,-12.0,-0.5867093455656129,0.2021624170244494,7.877359351134134,0.0100000000000006,0.0029570082201304,0.0258614769331491,0.0073380693515946,-0.0239257563194135,-1.5333041556396825,0.4316155766804591,-0.0088199999999999,0.1727921955909781,-0.4662986301141485,1.0,0.0002941033470620642,0.9997036248243739,2.271828563780706e-06,0.0027173781935115595,0.9613361489491064,1
2023-12-15,2.14,0.0002818781797726,-0.0009933203278934,0.0093049047751461,0.2249999999999999,1.196010686823023,64.0,0.0083865910767553,0.0335212283143022,-0.0058900523560209,0.0025704883607775,0.0522579087174223,6.514480910898399,0.0017694398306536,0.0106626696341371,-0.0950796974636443,-12.0,-0.6225757616588674,0.2345474365667325,7.604575109383877,0.0,-0.0384977867156519,0.0242702846561798,0.0073380693515946,-0.0139752078761515,-1.4248531614289002,0.4266299151074356,-0.0089299999999999,0.2106410284278687,-0.2881529013886881,1.0,3.6174508612866385e-05,0.9999613151515919,2.5103397951005e-06,0.00044101750192060673,0.9613317738176268,1
2023-12-22,2.29,-0.0020030838938513,-0.0009933203278934,-0.0062380994226351,0.2249999999999999,1.159553462660712,64.0,0.0083865910767553,0.0335212283143022,-0.0058900523560209,0.0025704883607775,0.0522579087174223,6.312990270374596,0.0017694398306536,0.0093882766344876,-0.0950796974636443,-12.0,-0.4861193350942854,0.2378324740532964,7.308438479011816,0.0,-0.0754147836113389,0.0248574216263811,0.0073380693515946,0.0094604818470701,-1.384943220401019,0.4257374048145674,-0.0090999999999999,0.2540212308337485,-0.0393056453501739,1.0,0.0012585941555215438,0.9987351724437269,6.233400751359578e-06,0.009743327921373342,0.9613525073605989,1
2023-12-29,2.33,-0.001460630240846,0.0,0.0071920832069591,0.2249999999999999,1.1186728228236962,64.0,0.0083865910767553,0.0335212283143022,0.010645375914837,0.0,0.0484477729361093,6.319688405171549,0.0009141697303666,0.0102290438112609,0.353553390593279,-11.0,-0.4382122921695877,0.2436478723779718,6.985980358447885,-0.04,-0.1072763566058377,0.0248409244952254,0.0037637087488313,-0.0195698065066154,-1.3654039602828456,0.4257374048145674,-0.0083699999999999,0.2986128645205179,1.0503482311348868,1.0,0.002079387879366532,0.9979190794475752,1.5326730581186342e-06,0.014940911832776318,0.9613664315909621,1
2024-01-05,2.18,-0.004117451279895,0.0054475037979304,-0.0012780905467186,0.135,1.078714341776244,71.0,-0.0127625491269089,0.0309088478122805,0.0279441117764471,0.0035888184677277,0.062606722397499,6.412127931925784,0.0048079068490158,0.0116608665317186,-2.4306549275751306,-14.0,-0.2202156717735797,0.205912602819806,6.7403917426687965,0.0699999999999994,0.0005422382723003,0.0217268812883633,0.0066543115683549,0.0061823436699696,-1.3800071207220954,0.4220234243961908,-0.00855,0.2579555609568774,0.8860528308365831,1.0,0.0065521088322251795,0.9934416278608175,6.263306957140211e-06,0.039555653939791685,0.9614422970402894,1
2024-01-12,2.2,0.0007402658812158,0.0054475037979304,0.0188807624816817,0.135,1.033204506932195,71.0,-0.0127625491269089,0.0309088478122805,0.0279441117764471,0.0035888184677277,0.062606722397499,6.497336732491465,0.0048079068490158,0.0119362298960219,0.4240641029769794,-14.0,-0.031003202507614,0.1832202031905062,6.479693305964305,-0.0199999999999995,-0.0899073409754657,0.0204602611464052,0.0066543115683549,0.0077630805823274,-1.388289914322076,0.4166411606069881,-0.0080299999999999,0.2579555609568764,1.068044695571322,1.0,2.1565043564212118e-05,0.999973633356492,4.801599943622447e-06,0.0003168736342961022,0.9613315251522335,1
2024-01-19,2.23,-0.0016871977738199,0.0054475037979304,0.0059437898467431,0.135,0.9813713112263222,71.0,-0.0127625491269089,0.0309088478122805,0.0279441117764471,0.0035888184677277,0.062606722397499,6.575595907479399,0.0048079068490158,0.0148142537644828,0.4240641029769794,-14.0,-0.2063641985736799,0.1422020695048295,6.201979930053177,0.0,-0.0971589488831489,0.0208391979329987,0.0066543115683549,0.0071789100655165,-1.3702066976224043,0.4113779588623214,-0.00713,0.1804557721833544,1.6418151952436042,1.0,0.006585352131103754,0.993412083321637,2.564547259364754e-06,0.03967679824488783,0.9614428623028434,1
2024-01-26,2.33,0.0004546674171046,0.0054475037979304,-0.0110682530289187,0.135,0.922149078627186,71.0,-0.0127625491269089,0.0309088478122805,0.0171165240289663,0.0035888184677277,0.0471742687592172,6.6471509223586684,0.0048525991915874,0.014324704537183,0.3535533905932739,-14.0,-0.1276938174741262,0.1289241194325422,5.904851393973355,-0.0099999999999997,-0.0209588122809888,0.0161401555204581,0.0060516051056127,-0.0028550184536524,-1.3327098346446318,0.4065947226374732,-0.0062099999999999,0.1685229954635416,1.9344146362786452,1.0,0.0023323803441331918,0.9976655685257045,2.0511301623339356e-06,0.01649481301762541,0.9613707227076457,1
2024-02-02,2.27,-0.0061358067948986,0.0061896717755507,-0.0298828855917425,0.0699999999999999,0.8737109942567073,67.0,-0.0035432664027599,0.0315317112086159,0.0381830151415405,0.003960944136371,0.0494005253785924,6.447062539219982,0.0065678429070538,0.0136083583391288,1.688097639645553,7.0,-0.1373444306460658,0.100702886893075,5.909160258639513,-0.0100000000000006,-0.0151246848287632,0.0101331316525715,0.008808168752741,0.0152730423814253,-1.3454890270337327,0.4011515757503899,-0.0068599999999999,0.0985520167221585,0.98974780047046,1.0,0.0012811071132182393,0.9986924882757455,2.6404611036121332e-05,0.010117225856245334,0.9613528816887067,1
2024-02-09,2.47,0.0001541259355679,0.0061896717755507,0.0024153175015417,0.0699999999999999,0.8186067823100851,67.0,-0.0035432664027599,0.0315317112086159,0.0381830151415405,0.003960944136371,0.0494005253785924,6.198759181046922,0.0065678429070538,0.0130752726360373,0.0573805065372522,7.0,-0.2653142212797598,0.1078275739980895,5.908298737099323,0.0100000000000006,-0.036126503245268,0.0098092066262822,0.008808168752741,-0.0102952594064463,-1.368600790312814,0.3999270295432634,-0.0068,0.1058890929227588,0.8160561464589722,1.0,0.015010831564680279,0.9849878827119875,1.2857233321691042e-06,0.07794653718536367,0.9615857775058544,1
2024-02-16,2.5,0.0003372950873377,0.0061896717755507,0.0205217561452839,0.0699999999999999,0.7553789849407047,67.0,-0.0035432664027599,0.0315317112086159,0.0381830151415405,0.003960944136371,0.0494005253785924,5.896152591700236,0.0065678429070538,0.0116240803067001,0.0573805065372522,7.0,-0.2927472966478246,0.1267097357857101,5.902264565273538,0.0,0.0373330657615063,0.0068537517469096,0.008808168752741,0.0064586618856786,-1.4295264007704904,0.4008221189514698,-0.0078599999999999,0.1510676291315696,-0.4556114160487772,1.0,0.001745871519562968,0.9982492779744644,4.850505972916102e-06,0.012895701027872786,0.9613607731770558,1
2024-02-23,2.47,-0.0068367646623457,0.0061896717755507,0.0081698634712423,0.0699999999999999,0.6817711801058906,67.0,-0.0035432664027599,0.0315317112086159,0.0381830151415405,0.003960944136371,0.0494005253785924,5.53033591968999,0.0065678429070538,0.0078892836830571,0.0573805065372522,7.0,-0.3459812072462519,0.1168561386615361,5.8910418482053855,0.0199999999999995,0.002227439329469,0.0088590403168653,0.008808168752741,0.0095099255987853,-1.4773826889797377,0.4019651482307627,-0.00808,0.1706081558928181,-0.7963466079569309,1.0,0.010494006732250545,0.9895028086783728,3.184589376740169e-06,0.05830288413237721,0.9615091614788522,1
2024-03-01,2.71,-0.0018302004976995,0.0064641699374206,-0.0049074664911801,-0.04,0.6545696509112192,58.0,-0.0055731262466529,0.0347738507003803,-0.0446601941747573,0.0038914451585096,0.0158524882922068,5.675859812872631,0.0037484244907541,0.0077433726963234,0.044364975793199,6.0,-0.3901628448779346,0.111355287256721,6.1623032950711165,-0.04,0.0036395697090441,0.0117828744809755,0.0247735629885185,-0.0020569964343265,-1.434771171169608,0.4024519026376615,-0.0063199999999999,0.1745197491894491,1.1238970502587915,1.0,0.004546192774219215,0.9954445116963561,9.295529424432493e-06,0.029172526353819086,0.9614082711435583,1
2024-03-08,2.34,-0.0038254146808976,0.0064641699374206,0.0158010820651127,-0.04,0.6248174677061229,58.0,-0.0055731262466529,0.0347738507003803,-0.0446601941747573,0.0038914451585096,0.0158524882922068,5.816686870877962,0.0037484244907541,0.0092115532272045,-0.4145205441729947,6.0,-0.2572016880819853,0.0856904728828349,6.412186738016088,0.04,0.0173448334084698,0.0187031841184316,0.0247735629885185,0.0067613584943057,-1.303327538555312,0.3996780378463067,-0.0036399999999999,0.1236065185521256,2.1681367435608703,1.0,0.0060753558661128795,0.9939205311013569,4.113032530005137e-06,0.03711762656719277,0.9614342110617807,1
2024-03-15,2.1,0.0004127946716592,0.0064641699374206,-0.0025027078600496,-0.04,0.5921302746802839,58.0,-0.0055731262466529,0.0347738507003803,-0.0446601941747573,0.0038914451585096,0.0158524882922068,5.95315042645471,0.0037484244907541,0.0068060338927276,-0.4145205441729947,6.0,-0.2921300558019793,0.0923405962419146,6.643105045499603,0.0200000000000004,0.2142643618441095,0.0186905811241059,0.0247735629885185,-0.0101951276348813,-1.1245642624719898,0.3904047093774542,-0.00139,0.1403503269882906,1.9852613417744944,1.0,0.00028819999377437095,0.9997036376964672,8.162309758495988e-06,0.0027413126877579644,0.9613360466129544,1
2024-03-22,2.21,-0.0036623062226853,0.0064641699374206,-0.0016368053505373,-0.04,0.5559906569545973,58.0,-0.0055731262466529,0.0347738507003803,-0.0446601941747573,0.0038914451585096,0.0158524882922068,6.0855440310496505,0.0037484244907541,0.0074368572019956,-0.4145205441729947,6.0,-0.2513538000326641,0.0916125381314352,6.856974518510552,-0.0200000000000004,0.1641639440729927,0.0182708043155388,0.0247735629885185,-0.001726145257826,-0.8203350674844114,0.3788426051238636,0.0018999999999999,0.1184422704467346,1.9073013489767627,0.0,0.023288598165781448,0.9767095015722407,1.9002619778764733e-06,0.11060244819831808,0.9617261864653833,1
2024-03-29,2.4,-0.0039403285554515,0.0,0.0201231130702918,-0.04,0.5156732620897275,58.0,-0.0055731262466529,0.0347738507003803,-0.0640456563094483,0.0,0.0114939333742936,6.214127824190815,0.0006081463815858,0.0074538265397908,-0.3535533905932861,6.0,-0.2044224062673959,0.0703054559965551,7.019123844719008,0.0,0.0991145788487408,0.0194588473529256,0.022643558940977,-0.0091875335234807,-0.2724690673101588,0.3695998814910688,0.00456,0.086592229938491,1.6899480643486051,0.0,0.13806131582815434,0.8619372792476414,1.404924204307747e-06,0.401448670298288,0.9636729852274711,1
2024-04-05,2.33,-0.0060364162330843,0.0038932930343353,-0.0141299343878438,-0.0799999999999999,0.473707775407348,57.0,-0.0099710625857999,0.0335736395011916,-0.0748256182625237,0.0027052450819466,0.0161321522655276,6.22365215559513,0.001033705541002,0.0075482661569068,-2.01203870386756,-10.0,-0.1123818799501348,0.0962047667368063,7.039079665263652,-0.0300000000000002,0.0769517589678479,0.0220930889156722,0.0224269466482785,-0.005657997271164,0.7174367253568378,0.3582016840489828,0.0054899999999999,0.0868496237347265,1.3611336190457874,1.0,0.03433514084401535,0.9656518807511791,1.297840480556582e-05,0.14966126407083144,0.9619135560654442,1
2024-04-12,2.31,-0.0001857637241352,0.0038932930343353,0.0081495027614066,-0.0799999999999999,0.4254565703479422,57.0,-0.0099710625857999,0.0335736395011916,-0.0748256182625237,0.0027052450819466,0.0161321522655276,6.203224967708141,0.001033705541002,0.0081578245330118,0.049718197734114,-10.0,-0.162724734031905,0.1317736153951605,7.05128273687034,0.0200000000000004,0.0380514680899082,0.0201294090584341,0.0224269466482785,0.0135308682694114,1.743328574347752,0.3522198511291403,0.00591,0.126942056523015,1.1159756162979062,1.0,0.005565667865513653,0.9944136130370231,2.0719097463046283e-05,0.03468634969784092,0.9614255594200399,1
2024-04-19,2.3,-0.0043922058311069,0.0038932930343353,0.0117071397515496,-0.0799999999999999,0.3684584420892346,57.0,-0.0099710625857999,0.0335736395011916,-0.0748256182625237,0.0027052450819466,0.0161321522655276,6.152547939987442,0.001033705541002,0.0083785907286804,0.049718197734114,-10.0,-0.2154053099756444,0.1806288617976409,7.055773285159836,0.0,0.067676851896576,0.0199799630197613,0.0224269466482785,-0.0031572887779636,1.735129508581733,0.349573916471102,0.0051399999999999,0.1705244012702532,0.7852501955828851,1.0,0.0008421262368609614,0.9991026973218642,5.51764412747007e-05,0.007399804174905452,0.9613454248474619,1
2024-04-26,2.2,-0.0004148264818095,0.0038932930343353,-0.0076987990730604,-0.0799999999999999,0.2977315021376738,57.0,-0.0099710625857999,0.0335736395011916,-0.0115176151761517,0.0027052450819466,0.0097961896637933,6.070863580692788,0.0007535104987285,0.0083932363009997,0.3535533905932805,-10.0,-0.330290495715737,0.2122288185628816,7.052566042427174,0.0099999999999997,0.0920812686536611,0.0259103907044058,0.0040720918970776,0.0078127011489814,1.4108182507753555,0.3421108285403237,0.00217,0.1828348200660332,-0.0996761458380123,1.0,0.0003500358115548794,0.9996400040186069,9.9601698381844e-06,0.003260042869813614,0.9613370948127263,1
2024-05-03,2.19,-0.0053982244218591,0.0016616275657954,0.0192754907985056,0.41,0.281878931668941,63.0,-0.0006499644303002,0.0326902905694002,-0.0467479674796748,0.001404065493674,0.036989506060391,6.121965496346654,0.0024111769882142,0.0087518576468821,2.3535154529591304,0.0,0.0023396704847851,0.1801140511692413,6.974744355424134,-0.0099999999999997,0.0948977378747804,0.0247098630569688,0.0126769506091667,0.0104534306821525,1.0960712154842882,0.3288503214787442,0.00015,0.1500892591569876,-1.052889723081915,1.0,0.007060192517803392,0.9929384526499284,1.3548322681164582e-06,0.04202599328178967,0.9614509170959715,1
2024-05-10,2.11,-0.0012313795607291,0.0016616275657954,-0.0014621301911922,0.41,0.2642163169775291,63.0,-0.0006499644303002,0.0326902905694002,-0.0467479674796748,0.001404065493674,0.036989506060391,6.166410251079045,0.0024111769882142,0.0086118045332188,-0.2099444607649712,0.0,-0.0061782607080821,0.1713757359055454,6.883730573339299,0.0199999999999995,0.1173615236044465,0.0248208286592574,0.0126769506091667,0.0018955966756995,0.8207647203233334,0.3146385797982467,-0.00072,0.1507125930846309,-1.48858362762992,1.0,0.010240803126875723,0.989758092907189,1.1039659354895227e-06,0.05712138324569039,0.9615048673647997,1
2024-05-17,2.19,-0.0066820717686275,0.0016616275657954,-0.0348822405971397,0.41,0.2443514630203703,63.0,-0.0006499644303002,0.0326902905694002,-0.0467479674796748,0.001404065493674,0.036989506060391,6.204340912123015,0.0024111769882142,0.0067224787796997,-0.2099444607649712,0.0,0.0158606919801709,0.1444632924211788,6.778993371527443,-0.0099999999999997,0.1189377238835334,0.0244498829126142,0.0126769506091667,-0.0061458017165768,0.6217072224302529,0.3073226474783688,-0.0003399999999999,0.1245563555756742,-1.1168926793217322,1.0,0.023534984611408318,0.9764644563929527,5.589956389759837e-07,0.11150337910661684,0.9617303662246918,1
2024-05-24,2.13,-0.0006442804977689,0.0016616275657954,0.0079603518888888,0.41,0.221693162023323,63.0,-0.0006499644303002,0.0326902905694002,-0.0467479674796748,0.001404065493674,0.036989506060391,6.235876349491792,0.0024111769882142,0.0069940119499867,-0.2099444607649712,0.0,0.155433281768893,0.0917975256437209,6.659885314191325,0.0,0.0694922688730144,0.0287618631448014,0.0126769506091667,-0.0099590069167971,0.5782310684144033,0.3028935369415911,0.0006399999999999,0.0815475321515519,-0.5953016548103696,1.0,0.042340851099835916,0.9576585953413314,5.535588325954896e-07,0.17532195050241137,0.9620493552239586,1
2024-05-31,2.13,-0.0020887543177224,0.0,-0.0167509027312343,0.45,0.2166293087215054,61.0,0.0074251195570098,0.0293665542478263,-0.0356408498971898,0.0,0.0370956277695015,6.129876394788216,0.002185297793287,0.008513034645987,-0.3535533905932749,8.0,0.1910681284404396,0.0838365757208345,6.616487245440076,0.0,0.0731809333193662,0.02324384402526,0.0126009433247776,-0.0032269991207493,1.4155950969266995,0.2948970216765283,0.00351,0.0577556428907413,0.5692399741693226,1.0,0.020119125195467224,0.9798795692095216,1.3055950111486507e-06,0.0985213341969637,0.9616724254316041,1
2024-06-07,2.13,-0.0039306351080999,0.0003375054526233,-0.0094756745967165,0.43,0.2165608988516045,61.0,0.0077347492399091,0.029713971072633,0.0013708019191227,0.0009273959037392,0.0367217173744388,6.012806844880622,0.0021724382086295,0.0073150211790293,-0.2318548351631337,8.0,0.2945874221397782,0.1003920884761113,6.571884674501947,0.0599999999999996,0.0763859306002334,0.0227340600368893,0.0197929317400903,-0.0078265950144089,2.2307976308228272,0.2869649260420204,0.0056999999999999,0.0581715443446116,1.4633767866547205,1.0,0.04762714351351454,0.9523713028573986,1.5536290868036878e-06,0.1914905918403831,0.9621390220354183,1
2024-06-14,2.17,0.0004530239521081,0.0003375054526233,-0.0034689427137484,0.43,0.2164924587849719,61.0,0.0077347492399091,0.029713971072633,0.0013708019191227,0.0009273959037392,0.0367217173744388,5.88400700726431,0.0021724382086295,0.0074323328859753,-0.3733307073305634,8.0,0.0946048918565198,0.1485885979091123,6.526052904767812,-0.0099999999999997,0.0929227957979446,0.0220003901896418,0.0197929317400903,-0.0196353421061342,2.0877204973461176,0.2783518477237818,0.00718,0.0887914892961985,1.667066706841951,1.0,0.011323154820630782,0.9886632016015805,1.3643577789005239e-05,0.062163118615274085,0.9615232217499666,1
2024-06-21,2.16,-0.0008860756354823,0.0003375054526233,0.0001420571219719,0.43,0.21642398849296,61.0,0.0077347492399091,0.029713971072633,0.0013708019191227,0.0009273959037392,0.0367217173744388,5.742687658096905,0.0021724382086295,0.0071491572015501,-0.3733307073305634,8.0,-0.0087944914040014,0.1370544730078282,6.478965850480744,-0.0199999999999995,0.167293219811714,0.0200335347192251,0.0197929317400903,-0.0062941437427549,1.8917272374862089,0.2678133340602633,0.00772,0.0918753036924485,1.352443230392628,1.0,0.01795413758890264,0.9820414342793811,4.428131716255217e-06,0.09002538497255906,0.961635701296598,1
2024-06-28,2.18,-0.0029477940286316,0.0003375054526233,-0.0060860078396855,0.43,0.2163554879468725,61.0,0.0077347492399091,0.029713971072633,0.0383795309168444,0.0009273959037392,0.0046048922074374,5.587899013458664,0.0001086637826396,0.0070140519716028,-0.3535533905936297,8.0,-0.070407440977131,0.1289518182446319,6.4697929032661206,-0.0099999999999997,0.1543035336927847,0.0191977620609657,0.0135692132850299,-0.0045990719757534,1.6786395774049137,0.2593031472465527,0.0066499999999999,0.1000624804809883,0.8144716786158469,1.0,0.012845629706826804,0.9871517913644887,2.578928684832426e-06,0.06873802748564523,0.9615490504205996,1
2024-07-05,2.22,-0.0013335337621348,0.0011617728972705,-8.63334958888613e-05,0.3149999999999999,0.2232215502898338,63.0,-0.009226344732312,0.028947531984913,0.0206112295664533,0.0017274411884795,0.0097980366223047,5.587899013458664,0.0032352241799001,0.0069445756835615,-2.4735058506174687,7.0,-0.1018590277674538,0.1222336755096433,6.55418878646003,-0.0200000000000004,0.1259139314230442,0.0184786878884136,0.0156262295472186,0.0027342558855194,1.487747437469927,0.2571249410192239,0.00529,0.1200000000000335,0.2477153198949028,0.0,0.0013153602942490622,0.9986819205797347,2.719126016062377e-06,0.010077689311206735,0.9613534715534549,1
2024-07-12,2.15,0.0003543575313784,0.0011617728972705,0.0038761811308525,0.3149999999999999,0.2297511989130998,63.0,-0.009226344732312,0.028947531984913,0.0206112295664533,0.0017274411884795,0.0097980366223047,5.587899013458664,0.0032352241799001,0.0068849501851332,0.3397864929844079,7.0,-0.0827097421454742,0.12601020366858,6.63609127353142,-0.0300000000000002,0.0900291843062277,0.0175534405019167,0.0156262295472186,-0.0012794413450782,1.3864077877245355,0.2489652795215862,0.0054499999999999,0.1627223753163015,0.080133813154709,0.0,0.007495641238249602,0.9925018680639478,2.4906978027330443e-06,0.044181510419502946,0.9614583028425754,1
2024-07-19,2.23,-0.0021915596437968,0.0011617728972705,0.0115906046886669,0.3149999999999999,0.2359723624269571,63.0,-0.009226344732312,0.028947531984913,0.0206112295664533,0.0017274411884795,0.0097980366223047,5.587899013458664,0.0032352241799001,0.0059815982344157,0.3397864929844079,7.0,-0.2156284649455712,0.1122497216033331,6.71559159251045,0.0,0.0397041335242052,0.0121409517593864,0.0156262295472186,0.0123167676388452,1.3238177295587206,0.2401497615946944,0.0049,0.15881255797775,-0.6666013552096474,1.0,0.0007280046119914276,0.9992402410925477,3.1754295460712646e-05,0.0063483460124168735,0.9613434978496085,1
2024-07-26,2.28,-0.0003873341188225,0.0011617728972705,0.0066151831014103,0.3149999999999999,0.2419088419133417,63.0,-0.009226344732312,0.028947531984913,0.0206112295664533,0.0017274411884795,0.0097980366223047,5.587899013458664,0.0032352241799001,0.0051522941843719,0.3397864929844079,7.0,-0.2395754233285438,0.0713016729919757,6.792774086397246,-0.0499999999999998,-0.0424422696851723,0.0123754884401133,0.0156262295472186,0.0319429775220779,1.261666217995086,0.2354113725562769,0.00368,0.1655240595373425,-1.6349511922464737,1.0,0.0005391155127427215,0.9994444611045139,1.6423382743179857e-05,0.004793475049572977,0.9613402996053494,1
2024-08-02,2.26,-0.003756043164519,0.0008138869460163,0.0067681483902795,0.18,0.2579561542659835,67.0,-0.0040500082805017,0.0253073029645696,0.0102669404517454,0.00253966263247,0.0131208960692928,5.9677337535988615,0.0037982014048006,0.009355268188077,1.348446668644118,-11.0,-0.2367093201869122,0.1150077637132045,6.678571572602063,-0.0899999999999998,-0.1122917542384271,0.0126837552935544,0.0122724268184516,0.0237774994507336,1.163058094289568,0.2434840129352942,0.0018799999999999,0.2744214693808591,-1.8076621893429217,1.0,1.0827835548369134e-07,0.9976179452326892,0.002381946488955119,0.016767521234840578,0.9613302724635924,1
2024-08-09,2.3,-0.0004367273947601,0.0008138869460163,-0.0064529220401158,0.18,0.2712792154044943,67.0,-0.0040500082805017,0.0253073029645696,0.0102669404517454,0.00253966263247,0.0131208960692928,6.305065118921711,0.0037982014048006,0.0098546734067389,0.1496933852870254,-11.0,-0.226353825912433,0.1246638336832221,6.561462515849596,0.04,-0.0763313609467455,0.012576333899769,0.0122724268184516,0.0425469865319823,0.9080507658344856,0.2481311748646064,-0.0011599999999999,0.3002380008307806,-1.9319842224788288,1.0,3.200400220000926e-07,0.999966624505711,3.305545426690937e-05,0.00037920490896883917,0.9613311542269231,1
2024-08-16,2.22,0.0003389426105493,0.0008138869460163,-0.0038166836051514,0.18,0.282264048997035,67.0,-0.0040500082805017,0.0253073029645696,0.0102669404517454,0.00253966263247,0.0131208960692928,6.606407146445982,0.0037982014048006,0.0100677463263815,0.1496933852870254,-11.0,-0.1677774174343694,0.1405537517922734,6.441288386528169,0.0,-0.0566153658353365,0.0136701868982907,0.0122724268184516,0.0104907479294049,-0.1618084659923934,0.2548849295273703,-0.0082599999999999,0.2956349099819005,-2.1428952978847056,1.0,2.109027460996422e-09,0.9999865587911784,1.343909979424498e-05,0.00016423423192709637,0.9613311561680071,1
2024-08-23,2.25,-0.0052574032195324,0.0008138869460163,-0.0134901642181387,0.18,0.2911754101239725,67.0,-0.0040500082805017,0.0253073029645696,0.0102669404517454,0.00253966263247,0.0131208960692928,6.87649284491383,0.0037982014048006,0.0111290510862579,0.1496933852870254,-11.0,-0.203936966632287,0.134317055613197,6.317874282140987,-0.08,-0.0626330938909605,0.0137213554589339,0.0122724268184516,0.0025159291427812,-1.6267329126853431,0.2639097925091522,-0.01029,0.2833946012188764,-1.674621623486476,1.0,3.3081027096311554e-07,0.9999908387748221,8.830414906942638e-06,0.00011685970467393758,0.9613311634665379,1
2024-08-30,2.17,-0.0023409120957675,0.0,-0.0537962492678675,0.165,0.2970539031804841,67.0,-0.0058423438271807,0.0227655959114847,0.0278551532033426,0.0,0.0079868988838841,6.880518763983998,0.0016097662071688,0.0112771410892499,-0.3535533905932756,-14.0,-0.2307414058728227,0.1228166461496808,6.314053372035144,-0.04,-0.1402688436228341,0.0128008197642183,0.0098482838605371,-0.0051371742662902,-1.9811882767935505,0.2688686424780986,-0.0115199999999999,0.2562225595063903,-1.359091673741197,1.0,6.349655375852386e-07,0.9999937953650819,5.569669380639593e-06,8.264821439240534e-05,0.9613311698447657,1
2024-09-06,2.26,-0.0014980546768197,0.0016042135224081,0.0067369769926631,0.13,0.3050196466472711,63.0,-0.012004422838397,0.0244063303106998,-0.0013927576601671,0.0030711493354182,0.012995175061316,6.6952336662846506,0.0028985530119669,0.0112106017714658,-2.067460347393713,-6.0,-0.1266794323569428,0.1202304335136685,6.238685082093492,-0.08,-0.2267169864354408,0.0127435342108821,0.0150502385328062,0.0022678959500014,-1.8105722013419328,0.2803106443131539,-0.01125,0.270419647426534,-1.0283993326443603,1.0,1.4744949728837051e-08,0.9997334079626293,0.00026657729242130694,0.0024607125361848703,0.9613310617424812,1
2024-09-13,2.27,0.0003422111876063,0.0016042135224081,0.0193089068702941,0.13,0.3108656290286297,63.0,-0.012004422838397,0.0244063303106998,-0.0013927576601671,0.0030711493354182,0.012995175061316,6.451237209904719,0.0028985530119669,0.0121779428725411,0.0709485538996603,-6.0,-0.1282148183816753,0.1005698051818406,6.152045362460458,-0.1600000000000001,-0.2436928052798068,0.0157392999575089,0.0150502385328062,-0.0060698303450479,-1.6082678849444323,0.2931440711587511,-0.00989,0.2455860338048661,-0.6435172782663359,1.0,5.558900849481771e-06,0.999942934829562,5.150626958869308e-05,0.0006328898209692913,0.9613312361914247,1
2024-09-20,2.29,-0.0008241741638546,0.0016042135224081,5.514281692301989e-05,0.13,0.3147100011222695,63.0,-0.012004422838397,0.0244063303106998,-0.0013927576601671,0.0030711493354182,0.012995175061316,6.141535763834593,0.0028985530119669,0.0124702170840588,0.0709485538996603,-6.0,-0.0769814418672776,0.1483239697420058,6.053650283061818,-0.2199999999999997,-0.2011551800055794,0.0144018783890582,0.0150502385328062,-0.0469560055350379,-1.4337588360358076,0.3014247215228368,-0.0080199999999999,0.2033821174889526,-0.1422824118965936,1.0,2.0524674217286396e-05,0.9999655094647637,1.396586101887493e-05,0.00041215375772662055,0.9613315040790644,1
2024-09-27,2.22,-0.0040902292359817,0.0016042135224081,-0.0016367596549173,0.13,0.3166256801427607,63.0,-0.012004422838397,0.0244063303106998,-0.0284552845528455,0.0030711493354182,0.0114553381340971,5.755532455485922,0.0021914269975108,0.0096675624333396,0.3535533905932743,-6.0,-0.0092181465767193,0.1969771560359902,5.942915982669236,-0.0700000000000002,-0.2490362416824768,0.0141336315572488,0.0100604623339552,-0.013346804539416,-1.298611742993191,0.305599082781188,-0.00628,0.2226103257777171,0.6049044401590755,1.0,0.0024430959055401877,0.9975449957057919,1.1908388667916655e-05,0.01728098281019484,0.9613725970026014,1
2024-10-04,2.17,-0.0046799045036206,0.0011512808395786,-0.0409064181067732,0.065,0.3228129983402923,61.0,-0.0099473568437596,0.0259790490491467,-0.0325203252032519,0.0031147500093535,0.0113442423806877,5.599450522492737,0.0023434760322526,0.0123831984640486,-0.9371894954422634,9.0,-0.1449969919118392,0.26435906318063,5.910181158584878,0.0500000000000007,-0.101582359815291,0.0143248941552149,0.009957364352091,-0.0001944562464623,-1.192437062100924,0.2978609006546258,-0.0042499999999999,0.2052829058362522,1.768684308350461,1.0,2.003843629998923e-06,0.9997830744636841,0.00021492169268628992,0.00205825791489748,0.9613311147942766,1
2024-10-11,2.26,-1.206199867320734e-05,0.0011512808395786,0.0132952150466625,0.065,0.3284092085368018,61.0,-0.0099473568437596,0.0259790490491467,-0.0325203252032519,0.0031147500093535,0.0113442423806877,5.4207578238299385,0.0023434760322526,0.0121452292621468,0.5117290095309183,9.0,-0.1866502101855714,0.3061483067310855,5.876686561932768,0.0,-0.1383282534507588,0.0127145093622163,0.009957364352091,0.0027103178725322,-1.1162607101877289,0.2928650665574075,-0.00324,0.1855301284736059,1.5195943188019814,1.0,2.9568305477427962e-05,0.9998833305417288,8.710115279362006e-05,0.0012392847580243354,0.9613316301361818,1
2024-10-18,2.47,-0.0010722536626346,0.0011512808395786,0.0201778516930519,0.065,0.3334440738547064,61.0,-0.0099473568437596,0.0259790490491467,-0.0325203252032519,0.0031147500093535,0.0113442423806877,5.217131543143196,0.0023434760322526,0.0093121698502004,0.5117290095309183,9.0,-0.2211107444046678,0.3086722718816765,5.842419125396082,0.0,-0.2200563242737676,0.0133972773639161,0.009957364352091,-0.0337715622439143,-1.15416930138631,0.275245947881271,-0.0044799999999999,0.1919402808911554,0.8795316629241502,1.0,0.0007771288490537279,0.9991685179496399,5.4353201306422845e-05,0.0069290533528653005,0.9613443226561077,1
2024-10-25,2.39,-0.0014029835989001,0.0011512808395786,0.0098096854340664,0.065,0.3379426849461496,61.0,-0.0099473568437596,0.0259790490491467,-0.0325203252032519,0.0031147500093535,0.0113442423806877,4.985517487220647,0.0023434760322526,0.0092969525150733,0.5117290095309183,9.0,-0.190897624841588,0.3311020559111566,5.807365168135196,0.0,-0.1608604394313577,0.0118082170760744,0.009957364352091,-0.0032580869157985,-1.2486805156472556,0.2599358169996925,-0.00461,0.2246862892377569,0.6477304749549959,1.0,0.0006706931380336079,0.9992134321037849,0.00011587475818167388,0.006737319600138203,0.9613424942707203,1
2024-11-01,2.32,-0.0022644865684279,-0.0005417152415225,0.0142543546300247,-0.02,0.3398730989308892,60.0,-0.0155794094814893,0.0274938039609056,0.0516039051603904,0.0028781808405158,0.0065433209402486,4.762190833897759,0.0012732611743149,0.0083392924949837,-0.8895046334012775,-1.0,-0.2423897504025475,0.3320472212545665,5.807365168135196,-0.1200000000000001,-0.1368774559689373,0.0119153341665376,0.0200717132989669,0.0056741307814266,-1.4346904772722333,0.2555733949005981,-0.00608,0.2623928352680477,-0.1014435063404398,1.0,0.00023077464190834318,0.9996216473701263,0.00014757798796535755,0.003612611925004728,0.9613350204294231,1
2024-11-08,2.28,-0.0027362981910574,-0.0005417152415225,0.0128860413757427,-0.02,0.3416265800530743,60.0,-0.0155794094814893,0.0274938039609056,0.0516039051603904,0.0028781808405158,0.0065433209402486,4.5193600636167215,0.0012732611743149,0.0083330412598703,0.5080404773100452,-1.0,-0.1200132156055453,0.2730482688882646,5.807365168135196,0.0199999999999995,-0.0879875738841182,0.0120481510495757,0.0200717132989669,0.0286602194670407,-1.6256797223454535,0.2489071134605102,-0.0079899999999999,0.2695730751709973,-1.3410723865708911,1.0,2.6113260691206966e-07,0.9998388931091868,0.00016084575820658474,0.001570050323224844,0.9613311054512254,1
2024-11-15,2.23,-0.0038875947396587,-0.0005417152415225,-0.0059670048245704,-0.02,0.3432058402391097,60.0,-0.0155794094814893,0.0274938039609056,0.0516039051603904,0.0028781808405158,0.0065433209402486,4.2536861842224045,0.0012732611743149,0.0089756066000851,0.5080404773100452,-1.0,-0.0462838115397812,0.2654376440092151,5.807365168135196,-0.0300000000000002,-0.1168797314260081,0.0207333030089712,0.0200717132989669,0.0028408417113855,-1.6335250052206214,0.2487024396122835,-0.0074599999999999,0.2458767112657541,-1.145994588325108,1.0,0.005955864248607094,0.9940290132788572,1.5122472535582183e-05,0.036635123647213115,0.9614321801041892,1
2024-11-22,2.21,-0.0062259692256816,-0.0005417152415225,0.0062926442978956,-0.02,0.3446132747055852,60.0,-0.0155794094814893,0.0274938039609056,0.0516039051603904,0.0028781808405158,0.0065433209402486,3.960574938838085,0.0012732611743149,0.0069613687718084,0.5080404773100452,-1.0,0.0959719536243715,0.2265226258015283,5.807365168135196,0.0300000000000002,-0.0569235239560864,0.0293575947019584,0.0200717132989669,-0.0073095117671519,-1.4873840577120894,0.2474438705645409,-0.00508,0.1765492646746211,0.1936008767880681,1.0,0.027218015385240695,0.9727699565481776,1.2028066581699461e-05,0.12508250904302534,0.9617928342665858,1
2024-11-29,2.12,-0.0026851129831589,0.0,0.0034331581503774,-0.02,0.342780108013938,60.0,-0.0130274315602599,0.0285154492642121,0.0560224089635854,0.0,0.0065194242237055,3.865428625849524,0.0006291270201921,0.0085681623277249,0.3535533905932836,0.0,0.1950959651763133,0.187749833555236,5.793323249091847,-0.0499999999999998,-0.0819495034404377,0.0304764723170402,0.0198069126382787,-0.0022448289942679,-1.3217395575799238,0.2473603480346242,-0.0034299999999999,0.1561535416551137,1.0661827249783011,1.0,0.19893764758531493,0.8010600897472913,2.2626673939168837e-06,0.49895733193136027,0.9647055818378848,1
2024-12-06,2.11,-0.0013487054570943,0.0003549999524554,0.0404712229338052,0.04,0.3392336561493276,61.0,-0.0027414662172438,0.0288805721998006,0.0364145658263306,0.0018657583749928,0.0118186486011,3.731157791026395,0.0038255305105693,0.0089442400348796,2.441869699089167,-7.0,0.191786078406178,0.159194400475882,5.776995779929113,-0.1600000000000001,-0.0565773721573062,0.0305539103153466,0.0217384125519563,-0.003500915615487,-1.1783367275468557,0.2472493474592524,-0.0023299999999999,0.1346954236151477,1.4825334911289911,0.0,0.6534250745081496,0.3465745511302939,3.743615565628589e-07,0.6453060792654632,0.9724146922867684,0
2024-12-13,2.17,0.00024043526614,0.0003549999524554,0.009726747185298,0.04,0.335407712418672,61.0,-0.0027414662172438,0.0288805721998006,0.0364145658263306,0.0018657583749928,0.0118186486011,3.588014235457364,0.0038255305105693,0.0101010344612913,-0.2823887371208252,-7.0,0.3167402867397439,0.1627388354740384,5.760032889129428,-0.08,-0.0019599522476593,0.0295008020214776,0.0217384125519563,-0.0105122806188127,-1.0554392169720366,0.246414713768089,-0.00156,0.0983797307811864,1.4078223262413248,0.0,0.5574389392966675,0.442559075442423,1.9852609094283876e-06,0.6865605595839939,0.9707865550050108,0
2024-12-20,2.16,-0.0011820250424611,0.0003549999524554,0.0013447345575966,0.04,0.3312925937996592,61.0,-0.0027414662172438,0.0288805721998006,0.0364145658263306,0.0018657583749928,0.0118186486011,3.434888868429385,0.0038255305105693,0.0101362142702535,-0.2823887371208252,-7.0,0.4360153475800468,0.1968275169497094,5.742428945670107,0.0,-0.0557367945921323,0.029159979991532,0.0217384125519563,0.0116913346222901,-0.976718332745976,0.2475411509584205,-0.00117,0.0914076426939492,1.2128926255383452,1.0,0.312406996287354,0.6875593721737142,3.363153893165344e-05,0.621380465117801,0.9666302606731181,1
2024-12-27,2.12,-0.0004890169322656,0.0003549999524554,-0.0139762536144838,0.04,0.3268773790493592,61.0,-0.0027414662172438,0.0288805721998006,-0.0185676392572944,0.0018657583749928,0.0108331122465904,3.2703798885424926,0.0036846393089701,0.0103799573940244,-0.3535533905932742,-7.0,0.3977724838019512,0.2571825366211191,5.724178035139222,-0.0300000000000002,-0.0146546131109092,0.029117382793625,0.0065646518147296,0.0096475532409831,-1.2379892071791716,0.2504436485841884,-0.0040499999999999,0.0933407735130134,0.0326726415778354,1.0,0.26312110297045455,0.7368712896193313,7.607410214244896e-06,0.5763911912230602,0.9657942728857924,1
2025-01-03,2.19,-0.0048609032607349,0.0065461573802696,0.0162233795655003,0.2000000000000001,0.3263856767445668,69.0,0.0084900269395085,0.030004831121501,-0.0318302387267904,0.0042659291775324,0.0164961464042968,3.1749015732772805,0.0039251952165498,0.0104790540433893,-0.9153610256918824,-7.0,0.1593502322912388,0.2678185686510573,5.650451469568266,0.0300000000000002,0.002032265693544,0.0290363360709351,0.0075472060079114,0.0017103174842713,-1.5833058288353308,0.2552379630813372,-0.00478,0.0937987968244902,-0.5038724605604512,1.0,0.47233735602640403,0.5276626407969274,3.176668513675095e-09,0.6916160184116309,0.9693430450879668,1
2025-01-10,2.22,0.000155126070213,0.0065461573802696,0.003543203155722,0.2000000000000001,0.3258837765057771,69.0,0.0084900269395085,0.030004831121501,-0.0318302387267904,0.0042659291775324,0.0164961464042968,3.06844987174031,0.0039251952165498,0.0099435680633387,-0.2485322447200677,-7.0,0.2040447104286504,0.3013037148318009,5.574667979074135,0.0200000000000004,0.0535222808656401,0.0240495511784339,0.0075472060079114,0.0104240434657865,-1.784658807487864,0.2637652299506926,-0.00617,0.1057963002324042,-1.46284095543274,1.0,0.09346616330953053,0.9064937573847197,4.007930574988761e-05,0.31092667915538774,0.9629165385672138,1
2025-01-17,2.3,-0.0028429045718469,0.0065461573802696,-0.0105368671869965,0.2000000000000001,0.3253716311406908,69.0,0.0084900269395085,0.030004831121501,-0.0318302387267904,0.0042659291775324,0.0164961464042968,2.9498370228771846,0.0039251952165498,0.0100843467211114,-0.2485322447200677,-7.0,0.5672885551891202,0.2902092840889876,5.496742487953684,-0.0200000000000004,0.060890796462605,0.0143374934586642,0.0075472060079114,0.0110944527515194,-1.7039989755782674,0.2685809870529866,-0.0053599999999999,0.0975412000863913,-0.9673907437075828,1.0,0.03355226271879148,0.9664290390589148,1.8698222293645157e-05,0.14710283282842554,0.9619002745863038,1
2025-01-24,2.26,-0.0003380123411086,0.0065461573802696,0.0009231118374271,0.2000000000000001,0.3248491921930361,69.0,0.0084900269395085,0.030004831121501,-0.0318302387267904,0.0042659291775324,0.0164961464042968,2.8175275577108323,0.0039251952165498,0.0095172601209744,-0.2485322447200677,-7.0,0.4848820460956671,0.210696125125429,5.416582549525898,0.0099999999999997,-0.0429431916726642,0.011788979750552,0.0075472060079114,0.0018841955732331,-1.5814426354812572,0.2735488243002331,-0.0050599999999999,0.0834522960396754,-0.6646948357998271,1.0,0.036236361303364883,0.9637589741455282,4.664551106984494e-06,0.15585459302845833,0.9619458080683998,1
2025-01-31,2.19,-0.001986896495193,0.0,-0.0033792306721129,0.3550000000000001,0.3236553274198039,63.0,-0.0021967392930148,0.0236686581208147,-0.0135135135135134,0.0,0.0109888215995205,2.9438331892537923,0.0009254023617678,0.008898716887801,0.3535533905932778,14.0,0.4641654237325454,0.1012775535701547,5.433680785417876,-0.04,0.0034587715027964,0.0108072655419453,0.0047777485215312,0.0071081224847971,-1.381534026396051,0.2754414391941799,-0.003,0.0533853912602322,0.491300453414626,1.0,0.01927712445677269,0.9807116214294133,1.1254113813881496e-05,0.09535159410104814,0.9616581395214959,1
2025-02-07,2.28,-0.0010634793477326,0.0044417022642924,0.0005188592469818,0.4800000000000001,0.3227602395529678,63.0,0.00811985840355,0.0282154895174751,-0.0175675675675676,0.0025474528551803,0.0346959676801211,3.003587598445672,0.0038968645543914,0.0071870926949978,2.405543141078519,14.0,0.7915538766286476,0.0812403840464373,5.450448664886082,0.04,-0.0760020382121082,0.0114963116231848,0.0047910936957525,-0.0249927003143581,-1.0279640040184848,0.2769138122717417,0.0009299999999999,0.051199888392815,1.882723346094072,0.0,0.032376070070687456,0.9675802193340094,4.371059530352798e-05,0.1433880392763815,0.9618803144120347,1
2025-02-14,2.38,0.0003785089712351,0.0044417022642924,0.0286491864711649,0.4800000000000001,0.321733798985349,63.0,0.00811985840355,0.0282154895174751,-0.0175675675675676,0.0025474528551803,0.0346959676801211,3.0007691321748533,0.0038968645543914,0.0090316012102789,-0.2476952052419333,14.0,1.3151025355497814,0.0901486867031261,5.466889227709451,-0.0099999999999997,-0.1067054466110035,0.0085453968088085,0.0047910936957525,-0.0088012269925639,-0.4409989248157596,0.2782958266291054,0.00446,0.052304056111571,1.9909195591952928,0.0,0.0467072334752232,0.9532870225008461,5.744023930821296e-06,0.18877809294114942,0.9621234167644246,1
2025-02-21,2.34,-0.0045763470327274,0.0044417022642924,-0.0085188385484717,0.4800000000000001,0.3205747439942639,63.0,0.00811985840355,0.0282154895174751,-0.0175675675675676,0.0025474528551803,0.0346959676801211,2.935197542821011,0.0038968645543914,0.0082298595570816,-0.2476952052419333,14.0,1.6412976217115287,0.1027827111643716,5.483005418224655,-0.0199999999999995,-0.0796182050983587,0.0058178092346776,0.0047910936957525,0.0016979084876282,0.935339850409455,0.2790492369124839,0.0094299999999999,0.061353775061471,1.884217483223544,0.0,0.051300114472291374,0.9486760549596948,2.383056801389388e-05,0.20260194344590174,0.9622013153999504,1
2025-02-28,2.4,-0.0023931296787005,0.0044417022642924,-0.0165488370939179,0.4800000000000001,0.3112594077690127,68.0,0.0063887713709778,0.021611618406055,-0.0041095890410959,0.0025474528551803,0.0345170674219374,3.4950514467432723,0.0036554982716962,0.0075794669656529,-0.3535533905932742,12.0,1.0893733138544706,0.1494752726803684,5.483005418224655,0.0,-0.1276728639317492,0.0183506946677943,0.0014529591394262,-0.0005618741245914,2.019419354815224,0.2788380193332014,0.0133699999999999,0.1168561386614519,1.6674229917647772,0.0,0.005940413370063041,0.9939365442549816,0.0001230423749555785,0.037603203660547285,0.9614318776755686,1
2025-03-07,2.34,-0.0013799675765998,0.0022470712857509,-0.0043273039716488,0.6300000000000001,0.3091858245615489,68.0,0.005802453773984,0.0239072525389649,0.0143835616438356,0.0006913185749619,0.0504669576355797,4.031605902595585,0.0036905588555504,0.0109471932741885,-0.4883230332453075,4.0,1.4371192773843062,0.1357452972087784,5.483005418224655,0.0199999999999995,-0.1406230088488651,0.0183422433659168,0.0069238480447823,0.0184452082400031,2.0072769374204604,0.2776582749479666,0.01666,0.1244416099450696,1.4976512627435998,0.0,6.215268353448572e-05,0.9997855292059522,0.00015231811051304964,0.002155259532825242,0.9613321584567142,1
2025-03-14,2.39,0.000415435554653,0.0022470712857509,0.006436211879406,0.6300000000000001,0.3056449071516346,68.0,0.005802453773984,0.0239072525389649,0.0143835616438356,0.0006913185749619,0.0504669576355797,4.427188724235413,0.0036905588555504,0.01212732609679,-0.3304619747523869,4.0,1.4797584063439224,0.1336306209562654,5.483005418224655,-0.0099999999999997,-0.1710266591038003,0.0199317204355534,0.0069238480447823,0.0281689210365763,1.8413526628943515,0.2776582749479666,0.01834,0.1312508503374048,1.2834072566663235,0.0,4.089183743350693e-05,0.9998965628927514,6.254526981523315e-05,0.001122041045017424,0.9613318313888922,1
2025-03-21,2.41,-0.0005309508547214,0.0022470712857509,-0.0335609352830539,0.6300000000000001,0.30058480400462,68.0,0.005802453773984,0.0239072525389649,0.0143835616438356,0.0006913185749619,0.0504669576355797,4.71739823990334,0.0036905588555504,0.0117574680941605,-0.3304619747523869,4.0,1.399035518547104,0.1246709955958954,5.483005418224655,0.0,-0.1531687820266862,0.0199586556790514,0.0069238480447823,0.0031223152704316,1.68110034072485,0.2775623121104416,0.0179199999999999,0.1409913877815839,0.995564632732612,0.0,1.710465158807586e-05,0.9999608584508505,2.2036897561426815e-05,0.00046318125408050046,0.961331443050444,1
2025-03-28,2.38,-0.0023281589560185,0.0022470712857509,-0.0056208843964465,0.6300000000000001,0.2939270649363518,68.0,0.005802453773984,0.0239072525389649,0.0143835616438356,0.0006913185749619,0.0504669576355797,4.9209129859591485,0.0036905588555504,0.0113415540761657,-0.3304619747523869,4.0,1.3057288887314158,0.0942545944314842,5.483005418224655,0.0,-0.1660454233814116,0.0204097315446645,0.0069238480447823,0.0113787247328131,1.5517980701042715,0.2773335109931371,0.0167899999999999,0.1528245960009778,0.6870642946216685,1.0,1.996537174271941e-06,0.9999374839079969,6.0519554828955736e-05,0.0006765157245949013,0.9613311723961108,1
2025-04-04,2.45,-0.0024926364040044,0.0031144562678433,-0.026140548682432,0.375,0.2929722143854729,64.0,0.0088235235436946,0.0231128886167348,-0.0220082530949106,0.0023857041972428,0.0479473273698778,5.076037218751498,0.0003926680840919,0.0142554821610921,2.115185655370881,-4.0,1.1495798122904448,0.1229111177117771,5.5849398872759615,-0.0499999999999998,-0.2867334131123399,0.0236545866477537,0.0163678407419632,0.097386005997988,1.4457563910223492,0.2794284189686545,0.01502,0.1781652523441678,0.2120284365180414,1.0,1.0933057418658694e-26,0.398312164665828,0.6016878353341719,0.6723213709291163,0.9611062103045174,2
2025-04-11,2.47,0.0005895780917302,0.0031144562678433,0.0007779931071906,0.375,0.2905977867149662,64.0,0.0088235235436946,0.0231128886167348,-0.0220082530949106,0.0023857041972428,0.0479473273698778,5.183999050331953,0.0003926680840919,0.0197485198291407,-0.090214459005512,-4.0,0.9926553606869042,0.124892811185151,5.6839856005872855,0.0599999999999996,-0.2820453260474964,0.0325534982175464,0.0163678407419632,0.1258150271604938,1.3279305795050342,0.2791257089335444,0.01078,0.1424028490886849,-1.210451149614381,1.0,7.467464747280676e-38,1.1548273227161722e-06,0.9999988451726771,1.6943145006640268e-05,0.9609572952096468,2
2025-04-18,2.44,-4.503958131918395e-05,0.0031144562678433,0.0073881714209624,0.375,0.2867685220299237,64.0,0.0088235235436946,0.0231128886167348,-0.0220082530949106,0.0023857041972428,0.0479473273698778,5.247710123325964,0.0003926680840919,0.0199223676006087,-0.090214459005512,-4.0,0.8521689116729232,0.113821602268079,5.780291057193715,0.0,-0.2220351120999775,0.0328318423120254,0.0163678407419632,-0.0020699810408709,1.0707569000786912,0.2749948580350606,-0.00041,0.1143928069666836,-2.261961383526093,1.0,6.999794625318724e-53,2.5614269732503466e-06,0.9999974385730268,3.553968539831671e-05,0.9609572957355272,2
2025-04-25,2.44,-2.7203348598403565e-05,0.0031144562678433,-0.0093976181943444,0.375,0.2814250400243324,64.0,0.0088235235436946,0.0231128886167348,-0.0220082530949106,0.0023857041972428,0.0479473273698778,5.268775948927425,0.0003926680840919,0.0213142515183997,-0.090214459005512,-4.0,0.8197026666173286,0.1132317471888699,5.873991040089874,-0.0199999999999995,-0.2484197781206431,0.0281065558800209,0.0163678407419632,0.0113435649232211,0.7198026256549153,0.2691117168366791,-0.0064899999999999,0.1232230845719695,-1.8671625248468664,1.0,3.112243597340479e-48,6.180259037841393e-06,0.9999938197409615,8.030722380866208e-05,0.9609572970884862,2
2025-05-02,2.35,-0.0026242282883871,0.0020885612306924,-0.0635012253802926,0.4499999999999999,0.2768987089647049,69.0,0.0010162299356553,0.0235489653547467,-0.0587440918298447,0.0013048792067804,0.0297729171025914,5.2881580332485685,0.0006824725893119,0.0202853669936878,-2.217525072656417,1.0,0.6946779562652163,0.1140175425099819,5.913274684658282,0.0099999999999997,-0.2537447130962839,0.0304122242187446,0.0147929771495187,-0.0044510940269267,0.0329925489473037,0.2671837228945853,-0.01329,0.1153178836335292,-1.668022652308494,1.0,1.6928139654406954e-45,1.3855432115477527e-05,0.9999861445678848,0.00016885377163433125,0.9609572999579764,2
2025-05-09,2.34,0.0002402643384675,0.0020885612306924,0.025893634429206,0.4499999999999999,0.2711374967218675,69.0,0.0010162299356553,0.0235489653547467,-0.0587440918298447,0.0013048792067804,0.0297729171025914,5.293246786090502,0.0006824725893119,0.0197847584632725,0.1355177065550663,1.0,0.6851687028410027,0.1166113814588,5.952045670366871,0.0099999999999997,-0.2202913520045195,0.0305036378047141,0.0147929771495187,-0.0030625942650406,-1.1910633706742364,0.2654802984001527,-0.01721,0.0964272486681849,-1.4246722623831225,1.0,6.296117432935088e-51,5.284252040935532e-06,0.9999947157479592,6.949204694223629e-05,0.9609572967535002,2
2025-05-16,2.32,0.0003547965105665,0.0020885612306924,-0.0122808524622051,0.4499999999999999,0.2640605886146932,69.0,0.0010162299356553,0.0235489653547467,-0.0587440918298447,0.0013048792067804,0.0297729171025914,5.284083502513398,0.0006824725893119,0.0209530542949259,0.1355177065550663,1.0,0.2696116537116217,0.1191562599519203,5.990313951438075,0.0300000000000002,-0.2194603599290387,0.0372412422133754,0.0147929771495187,-0.022950533361184,-1.8357344743719783,0.2656051884636008,-0.0174499999999999,0.10308630226314,-1.1158070276065362,1.0,2.1185125100002815e-43,0.00011721806160988328,0.9998827819383895,0.0011782075243128218,0.9609573386017874,2
2025-05-23,2.33,-0.0036560424353556,0.0020885612306924,0.0350066514143734,0.4499999999999999,0.2555587056218844,69.0,0.0010162299356553,0.0235489653547467,-0.0587440918298447,0.0013048792067804,0.0297729171025914,5.260593707352988,0.0006824725893119,0.021577887452625,0.1355177065550663,1.0,0.3230159269288677,0.1307123340994618,6.02808910187983,-0.0099999999999997,-0.2083119169727127,0.0410700127592997,0.0147929771495187,-0.1954707733869983,-1.6978752776227577,0.2664474966604925,-0.0146499999999999,0.1162509600574879,-0.7207841606615245,1.0,1.0489779371682158e-09,0.8468220693688902,0.15317792958213156,0.42818217336096226,0.961273893096614,1
2025-05-30,2.34,-0.0023146410841167,0.0,0.0157125661704536,0.4499999999999999,0.2454838381795934,69.0,0.0010162299356553,0.0235489653547467,-0.0196905766526019,0.0,0.0,5.22258409366285,0.0005677668638658,0.0199636384200428,0.3535533905932854,1.0,0.3324314530428733,0.0654653670709096,6.096354274887444,0.0,-0.2104169034646212,0.0408356686326249,0.0069616701382645,-0.0129223537343435,-1.486746633741401,0.2649417250020853,-0.01188,0.0907016301633438,-0.3126103064582648,1.0,7.577899943226506e-05,0.9996114727667658,0.0003127482338021368,0.003631332645160544,0.9613323296096741,1
2025-06-06,2.28,-5.3796923954796405e-05,0.0034093913800881,0.0189800182646003,0.3299999999999998,0.2415702157529575,71.0,0.0057932087140959,0.0266921301822231,-0.020393811533052,0.0023402152998077,0.0575709544069507,5.376301273609118,0.0019597871028305,0.0108389842962606,2.3709521546236627,9.0,0.2967785956655369,0.056505372690319,6.120798802352115,0.0699999999999994,-0.1449754683597801,0.0335237347239715,0.0069299858694829,-0.0404504067832589,-1.326033355606069,0.2662070888950943,-0.00918,0.1035012077224339,0.369744358292942,1.0,0.0008632802988472038,0.9991181022423391,1.861745881358152e-05,0.007174524086924431,0.9613457973352113,1
2025-06-13,2.11,0.0006399031303552,0.0034093913800881,0.0368344328726072,0.3299999999999998,0.2374471694804019,71.0,0.0057932087140959,0.0266921301822231,-0.020393811533052,0.0023402152998077,0.0575709544069507,5.523237623545589,0.0019597871028305,0.0118296694818532,-0.2216475636109164,9.0,0.2429712035710649,0.0622781777879394,6.142936691155525,0.0200000000000004,-0.069725861110198,0.0341382403000255,0.0069299858694829,0.0054786708881159,-1.2181922696465708,0.2669244841548805,-0.0075,0.0991391518451418,1.119223166444146,1.0,0.0024950961552096347,0.9974638521803981,4.105166439224651e-05,0.017901757953889975,0.9613734681459012,1
2025-06-20,2.19,0.0005842308588013,0.0034093913800881,-0.0159081039244141,0.3299999999999998,0.2331035870023402,71.0,0.0057932087140959,0.0266921301822231,-0.020393811533052,0.0023402152998077,0.0575709544069507,5.663920903402142,0.0019597871028305,0.0109060835999854,-0.2216475636109164,9.0,0.4221811431258939,0.0595219047315513,6.162792798962783,-0.0600000000000005,-0.071844454485083,0.0348978480913413,0.0069299858694829,-0.0043061721005545,-1.164892508116053,0.2674317832134423,-0.00645,0.0709124208342542,1.365213793214362,1.0,0.0027202737165096854,0.9972363892267507,4.3337056739494696e-05,0.019263893117369264,0.9613772867998408,1
2025-06-27,2.24,-0.0028223083297012,0.0034093913800881,-0.0032319283994381,0.3299999999999998,0.2285268935513699,71.0,0.0057932087140959,0.0266921301822231,-0.0007173601147776,0.0023402152998077,0.0575709544069507,5.798806243197785,0.0017963847985138,0.0132453550709214,-0.3535533905932753,9.0,0.437524021748247,0.0770435869214895,6.180389118258113,0.0,-0.196468041361161,0.0361522067268142,0.0002536251008666,-0.0255004726429769,-1.185850943348832,0.2671103256962113,-0.0067099999999999,0.0963253415699846,1.0160957304627165,1.0,0.0019427169507677663,0.9979679800249784,8.930302425390312e-05,0.014992247816376831,0.9613640805360187,1
2025-07-04,2.22,-0.0003905616763231,0.0015097919463296,0.0173197460287258,0.2999999999999998,0.225863715809776,74.0,0.0191876626020122,0.0270490239715139,-0.0229555236728837,0.0031252098224368,0.0570309811028926,5.798806243197785,0.0021399968490386,0.0127970051246452,1.37735600140204,15.0,0.460543370231153,0.0843462252522343,6.105007464266892,0.0300000000000002,-0.2003367355513989,0.034810508450603,0.007835812035947,0.0002576842088053,-1.2621039082876333,0.2673804549557231,-0.0069799999999999,0.0963253415699846,0.7533984153616056,1.0,2.6585353491107073e-05,0.9998465891884855,0.000126825458023019,0.0015714463636767755,0.9613315646871508,1
2025-07-11,2.15,0.0003474684207664,0.0015097919463296,-0.0006694381292623,0.2999999999999998,0.2231078509745993,74.0,0.0191876626020122,0.0270490239715139,-0.0229555236728837,0.0031252098224368,0.0570309811028926,5.798806243197785,0.0021399968490386,0.0112481350030034,-0.5359474509246309,15.0,0.4229282510558902,0.0824621125124441,6.027682494907816,-0.0099999999999997,-0.1673762594510158,0.0293278159760833,0.007835812035947,-0.027149963763063,-1.331873348901074,0.2681039931281209,-0.00653,0.0936177638821199,0.7300032531952516,1.0,0.0449808601620736,0.9549827107541133,3.642908381324407e-05,0.18386972161082865,0.9620941221910868,1
2025-07-18,2.18,-0.0003961325217144,0.0015097919463296,0.0120738083157418,0.2999999999999998,0.2202558199402535,74.0,0.0191876626020122,0.0270490239715139,-0.0229555236728837,0.0031252098224368,0.0570309811028926,5.798806243197785,0.0021399968490386,0.009999630014497,-0.5359474509246309,15.0,0.6752819652592315,0.0625499800161051,5.948338424726202,-0.0099999999999997,-0.1596156415066116,0.0212525511345248,0.007835812035947,0.0009802127010841,-1.333455676603616,0.2691481450464079,-0.0050499999999999,0.0869729021838879,1.1820436297138182,1.0,0.03925779461322805,0.9607111672702339,3.1038116538123386e-05,0.16593014273182674,0.9619970483849738,1
2025-07-25,2.13,-0.0002339594727532,0.0015097919463296,0.0131823453365179,0.2999999999999998,0.2173038363042572,74.0,0.0191876626020122,0.0270490239715139,-0.0229555236728837,0.0031252098224368,0.0570309811028926,5.798806243197785,0.0021399968490386,0.0097901896498015,-0.5359474509246309,15.0,0.5503488684150537,0.0587367006224833,5.866893335124029,0.0199999999999995,-0.155520987953151,0.0195408208492573,0.007835812035947,-0.0055231080571252,-1.297839333341657,0.2695345409744404,-0.0042299999999999,0.0870139561876773,1.5700212811369982,1.0,0.11409239788957454,0.8858817609921443,2.5841118281320355e-05,0.3552825430189369,0.963266410347728,1
2025-08-01,1.89,-0.0022736028802674,0.002872638121889,0.0101448153031989,0.355,0.2205912196096114,79.0,0.0118867798655593,0.029161742842984,-0.0452261306532663,0.0030972185881794,0.0216687184509795,5.850969676373468,0.001831720974345,0.0114971334398633,-1.5419284880893558,0.0,0.567361429958755,0.0562519840921292,5.849385369472121,-0.0700000000000002,-0.0841947102101166,0.0192817303665258,0.0105940241383993,0.0019661474494394,-1.2157197645719773,0.2611289880811998,-0.00285,0.0942545944314143,1.8423977322837328,1.0,0.02771535405157144,0.9720799016543493,0.0002047442940793148,0.12864654970653316,0.961801198177797,1
2025-08-08,1.96,-0.0002611937714543,0.002872638121889,0.0051920773263023,0.2299999999999999,0.2235799041415195,79.0,0.0118867798655593,0.029161742842984,-0.0452261306532663,0.0030972185881794,0.0216687184509795,5.896152591700033,0.001831720974345,0.0107164227071548,-0.0990544352589777,0.0,0.3952403950294563,0.0564263109856034,5.815248847241671,-0.0299999999999993,-0.1686621016063828,0.0180863486430914,0.0105940241383993,0.0036315752781,-1.1149695020599522,0.2565838929427738,-0.0017699999999999,0.0891928088068685,1.68409556907441,1.0,0.04973436040159038,0.9502327832473718,3.285635103776373e-05,0.1981027075044939,0.9621747533811013,1
2025-08-15,1.97,0.0004174168851756,0.002872638121889,0.000808850081619,0.2299999999999999,0.2262817256734914,79.0,0.0118867798655593,0.029161742842984,-0.0452261306532663,0.0030972185881794,0.0216687184509795,5.934514431565323,0.001831720974345,0.0102325292683835,-0.0990544352589777,0.0,0.3735280347356684,0.0609302880348962,5.764188344422483,-0.0200000000000004,-0.1806914809276587,0.0201549178644715,0.0105940241383993,0.0016186348281445,-1.1205633923430645,0.2503126250440278,-0.0025,0.0884388408530424,1.0092947722551275,1.0,0.03119721328798781,0.9687835905722899,1.9196139722358053e-05,0.13910655651823958,0.9618603275645792,1
2025-08-22,2.01,-0.0037931156456236,0.002872638121889,-0.001578534403779,0.2299999999999999,0.2287068509738662,79.0,0.0118867798655593,0.029161742842984,-0.0452261306532663,0.0030972185881794,0.0216687184509795,5.966186773424052,0.001831720974345,0.0061900954869024,-0.0990544352589777,0.0,0.3343223812897784,0.0549675228789136,5.6957487255395804,-0.0300000000000002,-0.1492717053363346,0.0172194352576284,0.0105940241383993,0.0068881959607579,-1.073600666225563,0.2406880377654867,-0.0011099999999999,0.0965012953280996,1.270501196020513,1.0,0.6067167561253164,0.3932802940157068,2.949858976558103e-06,0.670231848489664,0.971622415166188,0
2025-08-29,2.01,-0.0022710875640165,0.0,-0.0216167288585079,0.2299999999999999,0.2308639999258399,79.0,0.0118867798655593,0.029161742842984,-0.0234948604992657,0.0,0.0200557028699587,5.9071013326200585,0.0009344213406752,0.0059665566095026,0.3535533905932778,2.0,0.4090267265309875,0.0518066460161609,5.609293893073784,-0.0399999999999991,-0.1297076889148999,0.0189453981808157,0.0083066875910317,0.0020874098322162,-1.0520270906330418,0.2343428120180273,-0.00087,0.1171080087538265,1.122532926943078,1.0,0.9203108102140161,0.07968768195771342,1.5078282704180282e-06,0.2780275140924107,0.9769416629154346,0
2025-09-05,1.86,-0.0001988374445587,0.0025433982764155,0.0074358678087027,0.1599999999999999,0.2337408735439398,80.0,0.018631698334008,0.0301267677552561,0.0389133627019089,0.0021777373369731,0.0254747035264696,5.803977416061285,0.0009674987339896,0.0062565866184116,0.7268078368178235,1.0,0.3397802063751132,0.0528474894661266,5.545744227304552,-0.1600000000000001,-0.085710054588449,0.022626581713383,0.0251631734308771,0.0041546791586779,-0.9428167844391656,0.2210262468802666,-4.999999999999449e-05,0.1350595106927733,1.3190949955845217,1.0,0.9909525952357731,0.00904724063324543,1.6413098157268367e-07,0.051578857528270745,0.9781399039870805,0
2025-09-12,1.95,0.0005893605203579,0.0025433982764155,-0.0014838560923039,0.1599999999999999,0.2360606333733199,80.0,0.018631698334008,0.0301267677552561,0.0389133627019089,0.0021777373369731,0.0254747035264696,5.692234926769459,0.0009674987339896,0.00601638363518,0.2864170604919007,1.0,0.2759218653207103,0.0484030695604362,5.474574440921554,0.0099999999999997,-0.0868172289395098,0.02223629121526,0.0251631734308771,0.000635587862698,-0.8616090451658345,0.2038811760233725,-0.00012,0.1285565467577791,1.0845237622924069,1.0,0.9930335346333524,0.006966134858826448,3.305078213179887e-07,0.04154574046318104,0.978175201249367,0
2025-09-19,2.02,0.0003988821007447,0.0025433982764155,0.007980126040901,0.1599999999999999,0.2378395813407534,80.0,0.018631698334008,0.0301267677552561,0.0389133627019089,0.0021777373369731,0.0254747035264696,5.571355310873264,0.0009674987339896,0.0059105132828903,0.2864170604919007,1.0,0.1865242371976865,0.0667484617266365,5.395482999918004,-0.0499999999999998,-0.1284760581064546,0.0213606390369943,0.0251631734308771,-0.0232587238357272,-0.3037210340134481,0.1875659763260249,0.00126,0.0935700654208164,1.6542921076386543,1.0,0.9595749451774526,0.04042200142971754,3.0533928298291982e-06,0.16932468317092125,0.9776076687163529,0
2025-09-26,2.03,-3.056624575537015e-05,0.0025433982764155,0.018915792124518,0.1599999999999999,0.2390897894856235,80.0,0.018631698334008,0.0301267677552561,0.0639097744360901,0.0021777373369731,0.0188318816295386,5.440729589084009,0.0001506411513409,0.0034852855671986,-0.3535533905934537,1.0,-0.0230874960051331,0.0757698583117737,5.308115815835191,-0.0100000000000006,-0.036080948569399,0.0217378321376693,0.0225955174439311,-0.0014230055143013,0.5249485325620358,0.1695032000926555,0.0010199999999999,0.091251223083772,1.1804815983768444,1.0,0.9943129711317569,0.005686833791772236,1.9507647087955584e-07,0.03507250616351183,0.9781969033665282,0
2025-10-03,2.14,-0.0032195412047857,0.0,-0.0057800114850518,0.345,0.24232411914359,76.0,0.0174726926344255,0.028942166354098,0.0609022556390976,0.0,0.019886951752536,5.405979595282541,0.0016297563995091,0.0035554980450634,-2.464495544167929,14.0,0.1646810704676411,0.0704576874038622,5.30459830690106,0.0100000000000006,-0.1815003587497762,0.0217894367765728,0.0227598016542836,-0.0053322840128182,1.803767437307105,0.16437183319393,0.00139,0.0758640701706376,1.12308286608921,1.0,0.9526651306649094,0.04732382525441303,1.1044080677319198e-05,0.19069527349473736,0.9774904600258961,0
2025-10-10,2.25,0.0005610950705459,0.0,0.006077650649353,0.345,0.2452514824638965,76.0,0.0174726926344255,0.028942166354098,0.0609022556390976,0.0,0.019886951752536,5.370718330410858,0.0016297563995091,0.0050846930355055,0.3147227460491983,14.0,0.1800911788023416,0.0704576874038622,5.292464548342856,-0.0100000000000006,-0.2204869847937155,0.0117910851311273,0.0227598016542836,0.0298794071471859,1.977001900183928,0.1653793801129321,0.00225,0.0555492059863338,1.4993540984625595,1.0,0.7362008224964793,0.26370780342080563,9.137408271516517e-05,0.5778127703357895,0.9738187176239765,0
2025-10-17,2.23,0.0008555846280011,0.0,0.0162216947576812,0.345,0.2478827550120141,76.0,0.0174726926344255,0.028942166354098,0.0609022556390976,0.0,0.019886951752536,5.334935656737978,0.0016297563995091,0.0063150915497161,0.3147227460491983,14.0,0.3321523623607791,0.0673874723415714,5.271655044479369,-0.0199999999999995,-0.1687373605778324,0.0152696409421588,0.0227598016542836,0.0042548189793674,1.9840756092038505,0.1674756009784672,0.0037999999999999,0.0533853912601326,1.829348223687716,1.0,0.04388451007304728,0.9558744813969087,0.00024100853004365675,0.1823365949421226,0.9620754491887276,1
2025-10-24,2.32,-0.0010492000702195,0.0,0.0007964005081699,0.345,0.2502272776168471,76.0,0.0174726926344255,0.028942166354098,0.0609022556390976,0.0,0.019886951752536,5.298621010732929,0.0016297563995091,0.0066827826316307,0.3147227460491983,14.0,0.2906249901046973,0.0640869944462789,5.242066475650043,-0.0699999999999998,-0.1432153657581543,0.0218653664391614,0.0227598016542836,0.0052557991013572,1.802191212832354,0.173005549218381,0.00336,0.056426310985442,1.211822869485715,0.0,0.040936295334863225,0.9590386886202819,2.5016044854686194e-05,0.17119745431774377,0.9620255217128499,1
2025-10-31,2.37,-0.0003792378003114,0.0,-0.0304733430213054,0.155,0.253119982069303,82.0,0.019286451645391,0.0294998621205542,-0.0028268551236748,0.0,0.009624865442648,5.298621010732929,0.0016014019786777,0.0071528569956777,0.353553390593275,0.0,0.5486293304798311,0.0811414109529954,5.244835138108103,-0.04,-0.1224636434471689,0.0276135924746218,0.0009994442136938,0.0071457892126925,1.6926861186514854,0.1758997554913658,0.0037599999999999,0.0587974732207113,1.1579605189381648,1.0,0.11054280303959757,0.8894227935863338,3.440337406866011e-05,0.348032643212407,0.9632061981845348,1
2025-11-07,2.43,-0.0021712351871874,-0.0020874384236453,-0.0316549611969291,0.3049999999999999,0.2531201756763032,82.0,0.0208273535261978,0.0273508445512262,-0.0190812720848057,0.0018915434389168,0.0184281848516093,5.298621010732929,0.0017591785759661,0.0071445140843058,1.0737730593220334,0.0,0.6167104541592698,0.0736303508849621,5.244080193312954,0.0299999999999998,-0.1510371933539928,0.0277616709719833,0.0057067045462752,0.0062403272727212,1.5729841804654687,0.1786258718988817,0.00335,0.0586606463360984,0.6998175257852041,1.0,0.08703591328086581,0.9129194541314297,4.463258770439634e-05,0.29611348550315564,0.9628074656338576,1
2025-11-14,2.39,0.0011760710766846,-0.0020874384236453,-0.0010912830344476,0.3049999999999999,0.253120064826734,82.0,0.0208273535261978,0.0273508445512262,-0.0190812720848057,0.0018915434389168,0.0184281848516093,5.298621010732929,0.0017591785759661,0.0087180054716505,0.2144255822233953,0.0,0.6174282886224591,0.07778174593061,5.239800118232128,0.0300000000000002,-0.1034019223752895,0.0278608210204319,0.0057067045462752,0.0153073342510224,1.364356574864949,0.1800557145214971,0.0017899999999999,0.0636957051702887,-0.719084264273287,1.0,0.01979696895107783,0.9801618887423736,4.114230654850183e-05,0.09770369112402585,0.9616669460571441,1
2025-11-21,2.43,-0.0038263270876726,-0.0020874384236453,0.0167410913130559,0.3049999999999999,0.2531196495201953,82.0,0.0208273535261978,0.0273508445512262,-0.0190812720848057,0.0018915434389168,0.0184281848516093,5.298621010732929,0.0017591785759661,0.01113023885704,0.2144255822233953,0.0,0.463726429877163,0.0761577310587308,5.23198626157581,-0.0500000000000002,-0.185008378519077,0.027719527762004,0.0057067045462752,-0.0097757360389282,1.127115498643286,0.1834143863062388,0.0004699999999999,0.0573211504220873,-1.6625582729984407,1.0,0.0031392107818792813,0.9967554247054954,0.00010536451262538884,0.022297975504922952,0.9613843697070175,1
2025-11-28,2.33,-0.0004368995205851,-0.0020874384236453,0.0217344439972344,0.3049999999999999,0.2531189297551884,82.0,0.0208273535261978,0.0273508445512262,-0.0163004961020553,0.0018915434389168,0.0171499779019124,5.298621010732929,0.0005344828077046,0.0112891901006238,-0.353553390593289,0.0,0.4421647414998066,0.0755928946019376,5.220622756029688,-0.02,-0.1389705994549919,0.0284425743406195,0.0057630956652345,0.0019414774392292,0.6906392712504625,0.1871234781593511,-0.00185,0.0595069023607219,-2.0131289704199204,1.0,0.001272161170176344,0.9986862410242204,4.1597805603150766e-05,0.010214058958333742,0.9613527242655457,1
