,Expected_Inflation_5Y__lvl__L52,Fed_Total_Assets__pct1,CPI__pct4,Sector_Rotation__lvl__L4,Japan_10Y_JGB__d26,CPI_YoY__lvl__rollstd52,sell_jewelry__lvl,Industrial_Production__pct52,CPI__pct52,Building_Permits__pct8,Core_CPI__pct4,Consumer_Sentiment__pct1__rollstd8,credit_card_debt__lvl__rollstd26,Industrial_Production__pct1__rollstd8,USD_CHF__pct1__rollstd8,Industrial_Production__pct1__z8,resume_template__d26,Natural_Gas__pct52,Spread_10Y_3M__lvl__rollstd8,credit_card_debt__lvl__rollstd52,US_3M_Treasury__d1,WTI_Crude_Oil__pct52,Gold__pct1__rollstd8,Building_Permits__pct1__rollstd8,RV_30D__d1,NFCI__lvl__z8,US_10Y_Treasury__lvl__rollstd52,NFCI__d1,US_2Y_Treasury__lvl__rollstd8,NFCI__d1__z8,y_SP500_bin_4w
2005-04-08,2.34,-0.012660500699027022,0.0067252974650799935,-0.0025443506571953,-0.2260000000000002,0.3229307519476186,22.0,0.04006456472613795,0.03510638297872348,0.017029328287606393,0.0004997501249375258,0.018752255340486416,4.20421034385587,0.0009546102463944629,0.016765867366423094,-0.10491752764517506,-1.0,0.21898672304276845,0.09207915849187934,3.7767147973647033,-0.009999999999999787,0.43564891144520135,0.019528647254254693,0.018460491796922766,-0.008622344742867397,1.561211182002523,0.2232073720110076,0.013189999999999924,0.14222090463178697,0.6814593329173814,1.0
2005-04-15,2.44,0.010510116928186264,0.0067252974650799935,-0.0022176778047383,-0.2260000000000002,0.3118459677515615,22.0,0.04006456472613795,0.03510638297872348,0.017029328287606393,0.0004997501249375258,0.018752255340486416,4.301162633521321,0.0009546102463944629,0.014326857180887989,-0.10491752764517506,-1.0,0.2472370857243542,0.11476684439083347,3.54432182435091,0.0,0.33783782281267705,0.018811550862801975,0.018460491796922766,0.012016796364422808,1.4451982834779824,0.22346400468001995,0.011600000000000055,0.12418304462134397,0.1898649364779426,1.0
2005-04-22,2.29,-0.004857845345764611,0.0067252974650799935,-0.0145065796288341,-0.2260000000000002,0.2984607895531888,22.0,0.04006456472613795,0.03510638297872348,0.017029328287606393,0.0004997501249375258,0.018752255340486416,4.390374086041493,0.0009546102463944629,0.014977473315411298,-0.10491752764517506,-1.0,0.2915096111230846,0.1582042079989424,3.291460224161891,0.14000000000000012,0.5191991437333185,0.019401532120876492,0.018460491796922766,0.01630604499430488,1.3451924357310998,0.2230032059506172,0.009440000000000004,0.11335784048753812,-0.8479802655189894,1.0
2005-04-29,2.34,0.00998262643849479,0.0,0.0017892917371354,-0.2260000000000002,0.28244836067300716,22.0,0.04006456472613795,0.03510638297872348,0.04267701260911738,0.0,0.018708548746296315,4.472307956920957,0.0007610267745460656,0.015046137906147353,-0.35355339059327284,-1.0,0.12333675383871401,0.19360766661325615,3.3315417508123413,-0.03000000000000025,0.3301230551091072,0.019396960433961413,0.015088602508345348,0.008996111935727802,1.2530754214500124,0.22218466562979916,0.007059999999999955,0.10287822204639177,-1.7808099932534762,1.0
2005-05-06,2.46,-0.009119569472349265,-0.0010277492291880241,-0.0169369716226289,-0.21399999999999997,0.2854325808153882,20.0,0.03353479064927534,0.028027498677948293,0.011154219204655647,0.0014985014985016143,0.01852490103890605,4.42510321478929,0.0007818200214563511,0.01356652650031125,0.6632551117623344,10.0,0.051954187571854105,0.18306907361508892,3.315203334991368,-0.029999999999999805,0.2762333757825479,0.017060160418593994,0.019697631913573592,0.0024681949548483184,1.1759067931338005,0.21289819404034654,0.005190000000000028,0.10287822204639177,-1.692286574849717,1.0
2005-05-13,2.51,0.007435083224079486,-0.0010277492291880241,-0.049793686379645,-0.21399999999999997,0.28830482832511045,20.0,0.03353479064927534,0.028027498677948293,0.011154219204655647,0.0014985014985016143,0.01852490103890605,4.374225206118932,0.0007818200214563511,0.013655155678336799,-0.4880653610784616,10.0,0.021090415804086327,0.19070826635765936,3.298326738820478,-0.040000000000000036,0.17617198918941734,0.01693592118970578,0.019697631913573592,-0.00019195043284031543,1.1094762976151196,0.20450313180990742,0.0036800000000000166,0.10836446439149354,-1.4793868483911565,1.0
2005-05-20,2.57,-0.008451491752620721,-0.0010277492291880241,0.0160516399602301,-0.21399999999999997,0.2910684180408173,20.0,0.03353479064927534,0.028027498677948293,0.011154219204655647,0.0014985014985016143,0.01852490103890605,4.3195441354918005,0.0007818200214563511,0.009927310265444545,-0.4880653610784616,10.0,-0.0015740954861693801,0.176534092215319,3.2809036572942047,0.06999999999999984,0.1720510613418218,0.01280143188476645,0.019697631913573592,0.004311161852756318,1.0217660530766108,0.1961245948674352,0.0017099999999999893,0.0788194138521605,-1.4277976457547812,1.0
2005-05-27,2.55,0.010746731940525,-0.0010277492291880241,-0.0136961424361666,-0.21399999999999997,0.29372641697091334,20.0,0.03353479064927534,0.028027498677948293,-0.03023255813953485,0.0014985014985016143,0.003225116447829156,4.26091358928865,0.0003182423859905228,0.010047242208273006,-0.35355339059326824,10.0,-0.011176657510633126,0.18011405116917542,3.2629253362010844,0.07000000000000028,0.30015037827007673,0.013002135066855575,0.010688823436540824,-0.018091071217421817,0.8770627028864031,0.19187453479832192,-0.000260000000000038,0.07245688373093455,-1.4125505010450816,1.0
2005-06-03,2.6,0.008856275303643635,0.0005144032921811093,0.0116830726476065,-0.254,0.3023778873987442,26.0,0.046347083589064475,0.02530311017395892,0.013023255813953583,0.0004987531172069293,0.03761982508824812,4.223013870903843,0.001576469946388719,0.010745217691432107,2.4249722487396213,11.0,0.0988659866755206,0.16317716051668027,3.349151757718556,0.03999999999999959,0.42972191165383533,0.013533811512372691,0.020275721570037174,-0.014244222285684394,0.7141575977843868,0.1838785257097593,-0.0006199999999999539,0.06181770435261069,-1.2004772737135236,1.0
2005-06-10,2.55,-0.003869894229416304,0.0005144032921811093,-0.0140425602469221,-0.254,0.31013090076047195,26.0,0.046347083589064475,0.02530311017395892,0.013023255813953583,0.0004987531172069293,0.03761982508824812,4.140048308896908,0.001576469946388719,0.010798117410639631,-0.4279925066183848,11.0,0.12240933087533667,0.15477518258059914,3.429257050961427,0.0,0.3924577335023771,0.013820438648824693,0.020275721570037174,-0.014459806335375802,0.4140174467241068,0.1703518672416005,-0.0013699999999999823,0.05423164600645652,-1.140956315820279,1.0
2005-06-17,2.54,-0.0036527908107869544,0.0005144032921811093,0.0125334127699087,-0.254,0.3170513751474561,26.0,0.046347083589064475,0.02530311017395892,0.013023255813953583,0.0004987531172069293,0.03761982508824812,4.009220142851516,0.001576469946388719,0.007682522448146264,-0.4279925066183848,11.0,0.17944786498721488,0.15087838053971267,3.503661088867053,-0.019999999999999574,0.5089032573084677,0.014594829957895152,0.020275721570037174,-0.011396347443775295,-0.10202902432069715,0.15917052619833993,-0.0011700000000000044,0.0568048036197986,-0.9211711814961077,1.0
2005-06-24,2.42,-0.0009479806409778968,0.0005144032921811093,0.0155009027970616,-0.254,0.323192796047346,26.0,0.046347083589064475,0.02530311017395892,0.013023255813953583,0.0004987531172069293,0.03761982508824812,3.825622121352923,0.001576469946388719,0.007651247882450983,-0.4279925066183848,11.0,0.15850778269826482,0.18460382289804284,3.5727200853756362,0.09999999999999964,0.5936085584131754,0.014656835195766417,0.020275721570037174,-0.0038167918308489035,-1.2729009246829146,0.15479795131565333,-0.0015700000000000713,0.0629625739172399,-0.8883233896991994,1.0
2005-07-01,2.41,-0.0004281682911149165,0.004627249357326502,-0.001487993183677,-0.10200000000000009,0.32373178704585054,31.0,0.03529849334526092,0.03167898627243937,0.056594724220623505,0.0014955134596212893,0.036805518917207555,4.012480529547806,0.0020713480992724837,0.008050518219691057,-1.6090191886167493,15.0,0.16639562128828245,0.1586325493531708,3.7398429565112163,0.08000000000000007,0.5303464687170971,0.01662831677111327,0.01571232463507606,-0.006781022525827393,-1.8027791697240507,0.15273808159272997,-0.0019399999999999418,0.06854352110675715,-0.9050578096559184,1.0
2005-07-08,2.41,0.014163998212526563,0.004627249357326502,0.0023773822037734,-0.015000000000000124,0.32423339069334983,31.0,0.03529849334526092,0.03167898627243937,0.056594724220623505,0.0014955134596212893,0.036805518917207555,4.1851385419583025,0.0020713480992724837,0.00794495575574774,-0.0803323867956184,15.0,0.2167400053266617,0.13125085033738298,3.8950697846702345,0.0,0.49224230316075746,0.016350162560731848,0.01571232463507606,0.0131707821554133,-1.6137016550779992,0.14897677651120045,-0.0015899999999999803,0.07629828681842549,-0.6314370273034866,1.0
2005-07-15,2.37,-0.015452385473418762,0.004627249357326502,0.0099775298622766,-0.015000000000000124,0.3246977802614624,31.0,0.03529849334526092,0.03167898627243937,0.056594724220623505,0.0014955134596212893,0.036805518917207555,4.345289226454176,0.0020713480992724837,0.00903887970956373,-0.0803323867956184,15.0,0.33327668850327563,0.10042765697612703,4.039772106530256,0.08999999999999986,0.40824242794152465,0.016261273372458487,0.01571232463507606,-0.005585201056419797,-1.694817375543199,0.1473428554214305,-0.0029600000000000737,0.09898592973606102,-1.8528016576363324,1.0
2005-07-22,2.38,0.009819981430678526,0.004627249357326502,-0.0152194280805912,-0.015000000000000124,0.32512511521342585,31.0,0.03529849334526092,0.03167898627243937,0.056594724220623505,0.0014955134596212893,0.036805518917207555,4.49426985599016,0.0020713480992724837,0.009034020591849032,-0.0803323867956184,15.0,0.20378220341684083,0.09223417401995399,4.175044368041276,0.1200000000000001,0.40613768432597475,0.016467728846845373,0.01571232463507606,0.004019519795455992,-1.5666601346274893,0.14361354104135657,-0.0020000000000000018,0.1204085307846267,-0.5059321510228959,1.0
2005-07-29,2.41,-0.0031158025670785516,0.0,-0.0052776289490553,-0.015000000000000124,0.32551554148454104,31.0,0.03529849334526092,0.03167898627243937,0.011478420569329684,0.0,0.001841423909339829,4.633158085599296,0.0011195064824656837,0.008605855478860492,0.3535533905932734,15.0,0.2900851183975275,0.0956836304853522,4.3017762650666596,0.040000000000000036,0.3828767294492108,0.016697040410391557,0.004058234510942091,0.005108332604384397,-1.379979839743157,0.13810107890225484,-0.0011099999999999444,0.13458932243786573,1.0101482965874586,0.0
2005-08-05,2.34,0.005627202155579436,0.0051177072671442225,0.010666957937995,-0.05400000000000005,0.33104538511579773,33.0,0.03797594088074363,0.03641160949868083,0.018824609733700592,0.0009955201592830587,0.02743552910687803,4.633158085599296,0.0017174290424781383,0.010215898216601167,1.890911901759131,-8.0,0.5569076750902495,0.08526220063511798,4.29563600503847,0.10000000000000009,0.41774744690865884,0.017415589386209313,0.004481684385819732,0.0006721970847623077,-0.9285824726066952,0.14059062551216012,0.0010099999999999554,0.1685229954635216,2.1287589910920053,1.0
2005-08-12,2.41,-0.012575090890661333,0.0051177072671442225,0.0015973621478897,-0.05400000000000005,0.3353914080773001,33.0,0.03797594088074363,0.03641160949868083,0.018824609733700592,0.0009955201592830587,0.02743552910687803,4.633158085599296,0.0017174290424781383,0.011230202323694323,-0.006743012250833229,-8.0,0.7328755305922972,0.0674933859193431,4.289135314911735,0.0,0.4353799480912919,0.01646671892383833,0.004481684385819732,-0.0034843766589615077,-0.14199754475766457,0.14064318426086167,0.0025100000000000122,0.1738585221215338,1.922510380349314,1.0
2005-08-19,2.36,0.006468417303201912,0.0051177072671442225,0.0200387627336551,-0.05400000000000005,0.3385991975253272,33.0,0.03797594088074363,0.03641160949868083,0.018824609733700592,0.0009955201592830587,0.02743552910687803,4.633158085599296,0.0017174290424781383,0.013434787601116173,-0.006743012250833229,-8.0,0.641030256829026,0.0908589959379773,4.2822725532375,0.0,0.36544081990643873,0.018086039488357117,0.004481684385819732,-0.005600284343283593,1.4524678761539425,0.14058485894328224,0.0050400000000000444,0.1310874844194776,1.88116415007836,1.0
2005-08-26,2.29,-0.0030241811608628932,0.0051177072671442225,-0.0114140788274132,-0.05400000000000005,0.3407009052888344,33.0,0.03797594088074363,0.03641160949868083,0.0072628234226055355,0.0009955201592830587,0.027111866221660366,4.633158085599296,0.0011522614931132528,0.012692317239951768,-0.35355339059327345,-8.0,0.9268005201109506,0.11083288578499065,4.275045976308041,0.029999999999999805,0.5314959885605022,0.014132584771110525,0.002567795846342441,0.0018362481239884015,2.0497691102237288,0.14056594830193092,0.006639999999999979,0.11357030547512209,1.6233506723491702,1.0
2005-09-02,2.36,0.014697163733355723,0.012219959266802416,0.0069825070622619,0.125,0.39469680834273146,34.0,0.016574450087309733,0.04686677198525535,0.027235587834770758,0.0009945300845350946,0.051996210517970244,4.6123579819704394,0.007106353065939288,0.013336915036089261,-2.442796242097241,-4.0,1.5007485578098994,0.1266885945931999,4.2731050592820905,-0.08999999999999986,0.5360308505716627,0.013431064864777225,0.007113205198680563,-0.0006911700812382987,1.95779263023838,0.1421611899273801,0.007869999999999933,0.12130245551630012,1.4075314922539683,1.0
2005-09-09,2.26,-0.0008952464478637623,0.012219959266802416,0.0087883247198791,0.125,0.4381913009305376,34.0,0.016574450087309733,0.04686677198525535,0.027235587834770758,0.0009945300845350946,0.051996210517970244,4.583079247036389,0.007106353065939288,0.014703809443279505,0.2834543113693018,-4.0,1.4645512279078066,0.11575065565997647,4.270810111035721,0.03000000000000025,0.4968465259390049,0.012652708224945132,0.007113205198680563,0.00859040726018609,1.7695067762739767,0.1424334673079029,0.00782000000000005,0.11877349391653473,1.1034185263883287,0.0
2005-09-16,2.18,0.0013252279635258546,0.012219959266802416,-0.0121227943871565,0.125,0.47408358329560973,34.0,0.016574450087309733,0.04686677198525535,0.027235587834770758,0.0009945300845350946,0.051996210517970244,4.545158032286861,0.007106353065939288,0.01801228324459107,0.2834543113693018,-4.0,1.1816758978410888,0.10687108388815332,4.268160560491581,0.009999999999999787,0.3818819870397354,0.013754480476792891,0.007113205198680563,-0.0013293122996936996,1.610581890289926,0.1423476667185352,0.007380000000000053,0.11661138145872618,0.7943210740896072,0.0
2005-09-23,2.2,-0.012948190240289481,0.012219959266802416,-0.0129345782911887,0.125,0.5040004501323031,34.0,0.016574450087309733,0.04686677198525535,0.027235587834770758,0.0009945300845350946,0.051996210517970244,4.4983757752532,0.007106353065939288,0.01876148891069537,0.2834543113693018,-4.0,1.2856082910234705,0.09433034657900075,4.265155746803952,-0.020000000000000018,0.31321606053069084,0.013728003422226569,0.007113205198680563,0.0007424267621573,1.4556659761654578,0.14050276026123348,0.005809999999999982,0.11661138145872618,0.11800680622945574,0.0
2005-09-30,2.35,0.013340697677279412,0.0,-0.0034795965541987,0.19300000000000006,0.5398844528720018,31.0,0.007974911815878949,0.04138292299633317,0.019828751689950463,0.0,0.048410228566082354,4.333767236658968,0.00684963696241039,0.017572844304444057,0.3535533905932738,2.0,1.0556703875034303,0.07464200272921848,4.2834611257353945,0.06999999999999984,0.3216280781209222,0.013447881575950569,0.007010522391214097,-0.004651071139003801,1.2680492398189607,0.1416476786139184,0.003049999999999997,0.12936658875348198,-1.3002108410178752,0.0
2005-10-07,2.32,-0.00805320896219941,0.002012072434607548,0.0033379116598592,0.256,0.5582107565473992,31.0,0.020209103457029087,0.04347826086956519,-0.02208201892744477,0.003477396920019915,0.04822807679726726,4.132609531332693,0.008586626720101558,0.016873708765881436,1.5188659233511739,2.0,0.8464330078085995,0.07464200272921846,4.299496620716616,0.08000000000000007,0.1600074762626158,0.01280586829105437,0.017010564799470673,0.013332109206429812,0.990707566935965,0.14261866272076534,-0.0007800000000000029,0.1448583051517131,-2.070869623438425,1.0
2005-10-14,2.34,0.011220884625221972,0.002012072434607548,-0.0020107372084787,0.256,0.5750746709898453,31.0,0.020209103457029087,0.04347826086956519,-0.02208201892744477,0.003477396920019915,0.048228076797267254,3.8892356377769346,0.008586626720101558,0.015235892899249858,0.10534261946501859,2.0,0.970338298509438,0.07453426824526574,4.31328754804228,0.1499999999999999,0.14017842199454567,0.010474567281128512,0.017010564799470673,-0.0017110260608311084,0.5407291582341814,0.1456488059018455,-0.004090000000000038,0.17216582537939912,-1.8559841188430013,1.0
2005-10-21,2.43,-0.01455272017872311,0.002012072434607548,0.0031553503227268,0.256,0.5906014797809754,31.0,0.020209103457029087,0.04347826086956519,-0.02208201892744477,0.003477396920019915,0.048228076797267254,3.595082110969892,0.008586626720101558,0.01345630395977664,0.10534261946501859,2.0,0.5881555172856863,0.09783367810436583,4.324855379930673,0.0900000000000003,0.09896688563320111,0.011201130337549586,0.017010564799470673,0.010517314448586002,-0.2546859315327233,0.14388634592269825,-0.005809999999999982,0.18388175548432856,-1.5267181083271633,1.0
2005-10-28,2.49,0.00592424482457532,0.002012072434607548,-0.0029765941660144,0.256,0.6048941567261311,31.0,0.020209103457029087,0.04347826086956519,-0.04109589041095896,0.003477396920019915,0.012413448044237154,3.2363322069661726,0.004291217851944566,0.011434088921981335,-0.3535533905932739,2.0,0.49627504119107724,0.08799350625391206,4.334217916442332,0.06000000000000005,0.18276667708535,0.01098945296277401,0.01452959139424415,0.02139216911673071,-1.3925027892992476,0.14939899709109483,-0.006149999999999989,0.17113069358158134,-1.2020146514352261,1.0
2005-11-04,2.6,-0.005535309880906558,-0.008032128514056214,-0.0065819962389937,0.21599999999999997,0.6047051392856962,32.0,0.029120723180627417,0.034554973821989465,-0.0198851082633672,0.0024752475247524774,0.039018213689046836,3.1741746353004943,0.005416176871737214,0.01298572337276006,1.5357726912896217,-5.0,0.435126976028112,0.08642709561904167,4.323765397157106,0.04999999999999982,0.22112479511669547,0.018674950862708706,0.017456668915118632,0.0007806487285718922,-1.662302016822483,0.1601379260339329,-0.0039599999999999635,0.17020470868087648,-0.6351885653867683,1.0
2005-11-11,2.59,0.012792009536308102,-0.008032128514056214,0.0051546326588118,0.21599999999999997,0.604513217535628,32.0,0.029120723180627417,0.034554973821989465,-0.0198851082633672,0.0024752475247524774,0.039018213689046836,3.0864467995016995,0.005416176871737214,0.010884952347558657,-0.5395322194934835,-5.0,0.6321069816308056,0.09148575220843393,4.304536524505217,-0.009999999999999787,0.2157649862704758,0.019169539400952448,0.017456668915118632,0.0006376599065947008,-1.3641431539183497,0.16522848570596915,-0.0014600000000000168,0.15443445211480356,0.050108613300331825,1.0
2005-11-18,2.64,-0.0020945683043814833,-0.008032128514056214,0.0036736486773403,0.21599999999999997,0.6043183887088408,32.0,0.029120723180627417,0.034554973821989465,-0.0198851082633672,0.0024752475247524774,0.039018213689046836,2.970884354220863,0.005416176871737214,0.010207719439525729,-0.5395322194934835,-5.0,0.604216433544781,0.10329396331414016,4.276412911617472,0.03999999999999959,0.15895955782900906,0.022735583474287373,0.017456668915118632,-0.009941592240207506,-0.844456263086314,0.16838197257361803,0.0025199999999999667,0.12035661297043104,1.3017217864193944,1.0
2005-11-25,2.7,0.011977946294197572,-0.008032128514056214,0.0108477409943963,0.21599999999999997,0.6041206499927393,32.0,0.029120723180627417,0.034554973821989465,-0.0198851082633672,0.0024752475247524774,0.039018213689046836,2.8240723459899377,0.005416176871737214,0.010191937469151873,-0.5395322194934835,-5.0,0.45687062814568447,0.09750457864707134,4.239217535017596,-0.05999999999999961,0.18750001446714726,0.022797216774533818,0.017456668915118632,-0.005372706687029397,-0.12646439027868614,0.1699173563646947,0.0049000000000000155,0.10629305850202193,1.7068427169030433,1.0
2005-12-02,2.68,0.002322583432958325,-0.004048582995951344,0.0184681902701434,0.345,0.603786310460665,28.0,0.026259073757150198,0.03415659485023648,-0.02304147465437789,0.001481481481481639,0.0514884937282914,2.8748244093537063,0.0041296532531272636,0.009434592827247465,0.754139769577834,-8.0,1.0498822466214977,0.08741322227541716,4.146269834983582,0.040000000000000036,0.3944522430222157,0.02348714748708624,0.018441623684060753,-0.013772079983909905,1.030871619115677,0.1734996011922683,0.00653999999999999,0.08815570640309546,1.5078532699191856,0.0
2005-12-09,2.59,-0.002166313996975089,-0.004048582995951344,0.0031222658440934,0.345,0.6034357694356669,28.0,0.026259073757150198,0.03415659485023648,-0.02304147465437789,0.001481481481481639,0.0514884937282914,2.9225910527371033,0.0041296532531272636,0.011212759566776457,-0.4965672602680066,-8.0,1.0914804048356572,0.07366672053434806,4.035429444234745,-0.050000000000000266,0.45885533591919403,0.02570333239316476,0.018441623684060753,-0.015673877693359997,1.7863263594916505,0.176666808958649,0.006429999999999936,0.08000000000000203,1.1248843234963184,1.0
2005-12-16,2.69,-0.0027602760276027594,-0.004048582995951344,0.0117289402292771,0.345,0.6030689986658146,28.0,0.026259073757150198,0.03415659485023648,-0.02304147465437789,0.001481481481481639,0.0514884937282914,2.96751644412535,0.0041296532531272636,0.011760752093388463,-0.4965672602680066,-8.0,0.8282152042828763,0.07366672053434802,3.905173117021388,-0.009999999999999787,0.2545376599980347,0.032957049584636015,0.018441623684060753,-0.015838939175637,1.6770056172598118,0.17795299937038667,0.0048000000000000265,0.04389516732268084,0.6286098192618441,1.0
2005-12-23,2.7,0.020900174499067337,-0.004048582995951344,0.008863015614736,0.345,0.6026859685207724,28.0,0.026259073757150198,0.03415659485023648,-0.02304147465437789,0.001481481481481639,0.0514884937282914,3.0097278180031597,0.0041296532531272636,0.012434407309920629,-0.4965672602680066,-8.0,0.8420815214165522,0.08749489781042742,3.7534800343180446,0.06000000000000005,0.3225441353908407,0.0331354501830756,0.018441623684060753,-0.0008241192086992921,1.324932095337999,0.1782784906015338,0.0014000000000000679,0.045981362684093224,-0.32765436455104596,1.0
2005-12-30,2.64,-0.0007273224513949517,0.0,0.0074791453642821,0.19300000000000006,0.6022866479796101,28.0,0.026259073757150198,0.03415659485023648,-0.044183949504057685,0.0,0.04289434518227218,2.968812246311085,0.0018260984380057117,0.009818630629317919,-0.3535533905932744,-7.0,0.8255000935218082,0.09647353449077528,3.7935008326240305,0.08999999999999986,0.40483313794533293,0.02849772200915409,0.015621385156961593,0.007077027808712097,0.905148430322156,0.17872052383826942,-0.0017900000000000693,0.03807886552932423,-1.4219695217241073,1.0
2006-01-06,2.57,0.004902677834139446,0.007621951219512146,-0.0046819673352879,0.252,0.6040688772826668,35.0,0.024194801632455576,0.03985317252228637,-0.0027051397655545317,0.001972386587770991,0.043075225776472915,2.9267992493771007,0.0018316056626398527,0.015770438397030653,0.40128175406233474,-12.0,0.6050658366632873,0.142327589936536,3.8322183439748696,0.13999999999999968,0.41338319729567097,0.030010582288492335,0.023407496654427217,0.0103549460975208,0.13240151174400427,0.17915957227527085,-0.006199999999999983,0.035757117173672,-1.9208748483602538,0.0
2006-01-13,2.58,-0.026411740951522322,0.007621951219512146,-0.019495517659035,0.252,0.6052036178844961,35.0,0.024194801632455576,0.03985317252228637,-0.0027051397655545317,0.001972386587770991,0.043075225776472915,2.883640861027102,0.0018316056626398527,0.015918956790980248,-0.4601720624470423,-12.0,0.3746677705130015,0.19869215240811908,3.8696716881873883,0.11000000000000032,0.32120704335973427,0.0295140182750392,0.023407496654427217,-0.004062873106073006,-1.2622200361851834,0.1791937700920955,-0.009809999999999985,0.0389138242053635,-1.7182341703950395,0.0
2006-01-20,2.51,0.008060461297125343,0.007621951219512146,0.0040608340728803,0.252,0.605694508916285,35.0,0.024194801632455576,0.03985317252228637,-0.0027051397655545317,0.001972386587770991,0.043075225776472915,2.839284850369714,0.0018316056626398527,0.015981973778305916,-0.4601720624470423,-12.0,0.4871794989358278,0.229035243700926,3.905897231431445,0.019999999999999574,0.4084071748066789,0.03054411640245413,0.023407496654427217,0.013164292430093802,-1.9376778643982138,0.17848311326133007,-0.010610000000000008,0.033806170189144565,-1.3392516328719344,1.0
2006-01-27,2.58,-0.008541436913456546,0.007621951219512146,0.0007045036416738,0.252,0.605543116213958,35.0,0.024194801632455576,0.03985317252228637,0.04339622641509444,0.001972386587770991,0.0011591914445674397,2.7936741729514356,0.0005578519858675323,0.01593075486535484,-0.3535533905932807,-12.0,0.3420673995895498,0.22651080075162552,3.9409288321830784,0.10000000000000053,0.43620181640390965,0.03043783623475762,0.015342882988010028,0.0022981102584647,-1.867857492189288,0.18000534180107772,-0.01212000000000002,0.054510811509542935,-1.1932009588472716,1.0
2006-02-03,2.57,0.003507053315172648,0.0020171457387794245,0.0141731743211238,0.2330000000000001,0.601804913428958,25.0,0.017242361205308532,0.0359749739311781,0.009905660377358405,0.0019685039370078705,0.017317516556882226,2.7936741729514356,0.0005564699470537295,0.016215465930185212,0.30848015400450274,9.0,0.41289364192894085,0.1889066284853815,3.9409288321830784,0.03000000000000025,0.406411432667515,0.027359852101674183,0.0203453551014534,0.0032039655318339966,-1.6665388714052638,0.18029262287806766,-0.010739999999999972,0.08815570640309743,-0.8019721614146121,1.0
2006-02-10,2.7,-0.005043231130260839,0.0020171457387794245,0.0013768861687228,0.2330000000000001,0.5978238388133317,25.0,0.017242361205308532,0.0359749739311781,0.009905660377358405,0.0019685039370078705,0.017317516556882226,2.7936741729514356,0.0005564699470537295,0.01601234394206755,-0.44913312997152177,9.0,0.20072215043621644,0.1393607856300623,3.9409288321830784,0.04999999999999982,0.311280753873483,0.023450097337813062,0.0203453551014534,0.0012643399185506,-1.4823523023493075,0.18171661344469764,-0.008539999999999992,0.1282853961179675,-0.25820111449507105,1.0
2006-02-17,2.78,0.00921565997634155,0.0020171457387794245,-0.0119012557500219,0.2330000000000001,0.5935950057681826,25.0,0.017242361205308532,0.0359749739311781,0.009905660377358405,0.0019685039370078705,0.017317516556882226,2.7936741729514356,0.0005564699470537295,0.01459862932878136,-0.44913312997152177,9.0,0.215639839115078,0.10148011768673637,3.9409288321830784,0.009999999999999787,0.2384695544543911,0.02321004365264478,0.0203453551014534,-0.0057594383480744915,-1.334040978889763,0.1840187379795914,-0.00658000000000003,0.14116226731774706,0.5149946690187437,1.0
2006-02-24,2.8,0.0063634404482544316,0.0020171457387794245,0.0173769912011787,0.2330000000000001,0.5891130788613481,25.0,0.017242361205308532,0.0359749739311781,0.009905660377358405,0.0019685039370078705,0.017317516556882226,2.7936741729514356,0.0005564699470537295,0.014630342707587932,-0.44913312997152177,9.0,0.05912134429587734,0.055226805085932223,3.9409288321830784,0.05999999999999961,0.22179059616774444,0.0223004150865276,0.0203453551014534,-0.0011861308141035976,-1.198325215694531,0.18709607069143555,-0.004129999999999967,0.16086818028613756,1.632153559376343,1.0
2006-03-03,2.85,-0.001426438484096848,0.005535983895319729,-0.001070580068557,0.30899999999999994,0.5870849066949437,25.0,0.02091541760329152,0.033626487325400856,-0.042495479204339937,0.0034381139489194634,0.02072515045341985,2.6694856894455086,0.0007897478712899596,0.00762735011138913,2.4313106052954994,0.0,0.006820878425402244,0.03295017884190947,3.9326916162364354,0.020000000000000462,0.18389735243831362,0.017856979833807254,0.011440854983740291,0.004119074174169693,-1.037779378969717,0.193129638624509,-0.0012199999999999989,0.1617537811437127,1.8053778283159758,1.0
2006-03-10,2.88,-0.0001453495298776586,0.005535983895319729,-0.0031010351771871,0.30899999999999994,0.5850201029416922,25.0,0.02091541760329152,0.033626487325400856,-0.042495479204339937,0.0034381139489194634,0.02072515045341985,2.5337718918640895,0.0007897478712899596,0.008857205769315467,-0.4235911384103703,0.0,-0.018606014555926365,0.049407200169317086,3.9240527577045805,0.0,0.10159836024786917,0.022796389170681934,0.011440854983740291,-0.012439151317335001,-0.8569973395130329,0.19946487611209376,0.00041999999999997595,0.13583077707207214,1.5272296959240619,1.0
2006-03-17,2.92,0.004499341065781426,0.005535983895319729,-0.0024768582398502,0.30899999999999994,0.5829182783342692,25.0,0.02091541760329152,0.033626487325400856,-0.042495479204339937,0.0034381139489194634,0.02072515045341985,2.384565756307505,0.0007897478712899596,0.013131080085144617,-0.4235911384103703,0.0,-0.03024883780363541,0.04823676724538305,3.915009597795338,0.019999999999999574,0.10666430019138051,0.025076599570321895,0.011440854983740291,-0.002641744937402893,-0.6402909591165122,0.20357624636598493,0.0012999999999999678,0.0851469318296517,1.2733998772682826,1.0
2006-03-24,2.85,-0.005939431323471855,0.005535983895319729,-0.0003025482591534,0.30899999999999994,0.5807790309402128,25.0,0.02091541760329152,0.033626487325400856,-0.042495479204339937,0.0034381139489194634,0.02072515045341985,2.219147445442941,0.0007897478712899596,0.014090790199911784,-0.4235911384103703,0.0,0.03228549568952577,0.048697315854450494,3.905559328080733,0.010000000000000675,0.17177246457753803,0.025144529036695038,0.011440854983740291,-0.0048022099252535005,-0.32038853519542887,0.2054971347688081,0.0015300000000000313,0.05755432216613834,1.0623756658182928,1.0
2006-03-31,2.85,-0.005164659315062159,0.0,0.0100919717199316,0.30899999999999994,0.5813568697521388,26.0,0.018722608253011863,0.026721479958890182,-0.010742643624474524,0.0,0.008971366312632043,2.2408789484349674,0.0007971400624423034,0.013925878895815747,-0.3535533905932772,0.0,-0.0695573660202361,0.08192984804086718,3.736615127271136,-0.020000000000000462,0.1634362968541836,0.02829383457055824,0.0037980980773681906,-0.0017250981603663118,0.5215694920418724,0.21688830177062757,0.0025199999999999667,0.05574175147182615,1.0598826772902052,1.0
2006-04-07,2.8,0.0010963504962964166,0.008508508508508372,-0.0154530532112141,0.44300000000000006,0.5813295464299241,26.0,0.021816142662632876,0.035457348406988665,-0.06679121905651564,0.0024473813020069457,0.01146137818371916,2.261721604306143,0.001242411701685557,0.013615613940384042,1.9118165799189577,0.0,-0.06890362681336548,0.11121889613344683,3.552875749799644,0.0600000000000005,0.2638784654042299,0.02480139254111987,0.019848003261496317,0.004646329960834611,1.6468378971227273,0.23221148108071857,0.0021700000000000053,0.07905694150423632,0.8146744068435517,1.0
2006-04-14,2.7,0.0027234962358717585,0.008508508508508372,0.0176579926195622,0.44300000000000006,0.5813014228110989,26.0,0.021816142662632876,0.035457348406988665,-0.06679121905651564,0.0024473813020069457,0.01146137818371916,2.2816997712570295,0.001242411701685557,0.013433430685093577,-0.5323650375107608,0.0,0.02043727949178442,0.1353038907686784,3.3519090258608024,0.009999999999999787,0.37294508596517084,0.024736262758801388,0.019848003261496317,-0.006828496910546308,1.7113401864173108,0.25036172925411865,0.0023800000000000487,0.10000000000002336,0.77138277135589,1.0
2006-04-21,2.81,-0.0006094194741785852,0.008508508508508372,0.0040321079748086,0.44300000000000006,0.5812724987795013,26.0,0.021816142662632876,0.035457348406988665,-0.06679121905651564,0.0024473813020069457,0.01146137818371916,2.3008359684789976,0.001242411701685557,0.014583997397570558,-0.5323650375107608,0.0,0.10924249564699706,0.12452767908036559,3.130398805543741,0.04999999999999982,0.3571041523245342,0.03041992617066088,0.019848003261496317,0.009783311850931009,1.517470323456595,0.26445217857134523,0.0018799999999999928,0.1055597325823728,0.4070012919912518,0.0
2006-04-28,2.73,0.009828397612488438,0.008508508508508372,0.0214638369073914,0.44300000000000006,0.5812427742156401,26.0,0.021816142662632876,0.035457348406988665,-0.056657223796033995,0.0024473813020069457,0.005965467782788535,2.3191510383030396,0.0010736284544760528,0.016502542751263578,-0.3535533905932756,0.0,-0.0045558404912009465,0.12244532307465587,2.883614708282311,0.019999999999999574,0.4456958062882659,0.030830695245056067,0.020031353574689735,-0.005362430096171003,1.526248580189061,0.27910456638034126,0.0028399999999999537,0.10602391913420522,1.2312029514827665,0.0
2006-05-05,2.68,-0.000834742331026872,0.00496277915632759,0.0198737891579103,0.395,0.5774558433677284,27.0,0.021156664964513183,0.04166666666666674,-0.1005665722379604,0.0029296875,0.033251618181694184,2.302172886644382,0.0010645134736171865,0.014015447448305343,-0.1476791921797692,1.0,0.0232593696775778,0.12299099850918131,2.8064781771239122,0.0600000000000005,0.37735486072237623,0.01792071410620489,0.024039386511865993,0.004584823028938104,1.7278915205604335,0.2951551347079939,0.005310000000000037,0.10835622468772511,2.2588666166469222,0.0
2006-05-12,2.53,-0.006472583949840405,0.00496277915632759,0.0082296813839369,0.395,0.5724197949734628,27.0,0.021156664964513183,0.04166666666666674,-0.1005665722379604,0.0029296875,0.033251618181694184,2.2843952237872633,0.0010645134736171865,0.013499367054349128,-0.3864237948073766,1.0,-0.039167621471826175,0.10412046594484299,2.722178614686492,0.019999999999999574,0.48017266541615866,0.01827391019970521,0.024039386511865993,0.009595881811636398,1.8444812913593065,0.31015906005457244,0.007319999999999993,0.0895125689498732,2.0284482054525212,0.0
2006-05-19,2.55,-0.0003005707265582025,0.00496277915632759,0.0120728803192577,0.395,0.56610129349055,27.0,0.021156664964513183,0.04166666666666674,-0.1005665722379604,0.0029296875,0.033251618181694184,2.265799230701315,0.0010645134736171865,0.012861775155157075,-0.3864237948073766,1.0,-0.06006622195443101,0.04503966505838158,2.6300273269632033,-0.02999999999999936,0.4643162371043057,0.04216639421325216,0.024039386511865993,0.010333802382719193,1.9271305496167677,0.3177610683059195,0.011310000000000042,0.060341291240555435,2.044450562957062,1.0
2006-05-26,2.5,0.0025031229381746734,0.00496277915632759,-0.0136239290906299,0.395,0.5584568107581576,27.0,0.021156664964513183,0.04166666666666674,-0.1005665722379604,0.0029296875,0.033251618181694184,2.2463645844239886,0.0010645134736171865,0.014022198455057968,-0.3864237948073766,1.0,-0.06985866606262303,0.04688511795563776,2.5291662162900614,0.019999999999999574,0.37647068171474674,0.042628932647595666,0.024039386511865993,0.002385125985076106,1.8669357797272292,0.32339777933721253,0.013270000000000004,0.04627171304995863,1.681906909324169,0.0
2006-06-02,2.42,0.01348287595016262,0.0019753086419753707,0.0100504268884032,0.41300000000000003,0.5424533001484406,24.0,0.01980338625144462,0.043187660668380534,-0.06556556556556559,0.0024342745861734016,0.04525559285739667,2.186672920566532,0.0011102268945038208,0.013854378843554116,2.466920888875711,7.0,-0.03735464610574446,0.05750776345105604,2.5291662162900614,-0.03000000000000025,0.31437404026013405,0.044791966788659855,0.016952882713539272,0.006300607990164894,1.7597377477194391,0.32307651009095045,0.014100000000000001,0.04309458036864002,1.3582145816559312,0.0
2006-06-09,2.37,-0.0029427652128983794,0.0019753086419753707,-0.0090077585601668,0.41300000000000003,0.5236649315426628,24.0,0.01980338625144462,0.043187660668380534,-0.06556556556556559,0.0024342745861734016,0.04525559285739667,2.122407921351568,0.0011102268945038208,0.017255860342809688,-0.3851193170526478,7.0,-0.1096364990358012,0.07472568883207636,2.5291662162900614,0.07000000000000028,0.3378781477129986,0.04854480363725228,0.016952882713539272,0.009989729374641113,1.634198650376735,0.32313620353216604,0.013549999999999951,0.04955156044832007,0.9715332893721007,1.0
2006-06-16,2.43,-0.0037747004383599236,0.0019753086419753707,-0.024635053435787,0.41300000000000003,0.5017789777771837,24.0,0.01980338625144462,0.043187660668380534,-0.06556556556556559,0.0024342745861734016,0.04525559285739667,2.0531401840559025,0.0011102268945038208,0.016662797094387144,-0.3851193170526478,7.0,-0.0656697153034157,0.07445036697597181,2.5291662162900614,0.0,0.19514273635203505,0.04573407564555032,0.016952882713539272,0.0210279568133111,1.515707474292205,0.327966620363105,0.012299999999999978,0.08642709561907996,0.5387993846482061,1.0
2006-06-23,2.32,-0.0012957089100085195,0.0019753086419753707,-0.0069150594320616,0.41300000000000003,0.4763686900674046,24.0,0.01980338625144462,0.043187660668380534,-0.06556556556556559,0.0024342745861734016,0.04525559285739667,1.9783442960836306,0.0011102268945038208,0.014630611828097266,-0.3851193170526478,7.0,-0.1540761251072964,0.07069805008424207,2.5291662162900614,0.10000000000000053,0.18432490918897715,0.04371844202901239,0.016952882713539272,-0.0021008688177397983,1.3748072872696118,0.32949181584967224,0.008790000000000076,0.12264204592462837,-0.6036438204192918,1.0
2006-06-30,2.34,-0.0003989237345417562,0.0,-0.0021836123175634,0.41300000000000003,0.47333417383498966,31.0,0.023042792430079784,0.038382804503582335,-0.019947506561679762,0.0,0.025924268842490408,1.9283312833800152,0.0011194956069840417,0.015422932025714908,-0.35355339059327545,5.0,-0.15144330847720178,0.07348469228349325,2.4861607902774874,0.02999999999999936,0.2592340996924867,0.04419614205960106,0.007052508578763467,0.0059016206335407995,1.1957524276137368,0.3312025599940391,0.0040199999999999125,0.12454918707084184,-1.8424775066552819,1.0
2006-07-07,2.33,0.008553638167960731,0.0029571217348447476,-0.0355881155730807,0.3800000000000001,0.4663576274852775,31.0,0.02251836527383766,0.041453428863869046,-0.07454068241469813,0.0019426906265178623,0.026056292947258315,1.876166303929498,0.0011593475956085508,0.01340155853054413,-0.7282886169084525,10.0,-0.260840514820752,0.05994044663544634,2.44178062269146,0.009999999999999787,0.24249530455747892,0.04261884026873462,0.019948061628395714,0.0032155921249452935,0.9656531288883704,0.33278771332754825,-0.0006699999999999484,0.12883405716549515,-1.9338399837282803,1.0
2006-07-14,2.23,-0.008533932007998457,0.0029571217348447476,0.0039110938250976,0.3800000000000001,0.45849004628051976,31.0,0.02251836527383766,0.041453428863869046,-0.07454068241469813,0.0019426906265178623,0.026056292947258315,1.8216644966793445,0.0011593475956085508,0.013133349670881174,-0.286130393224317,10.0,-0.19136193902680998,0.0834950811211546,2.3959493217382373,0.040000000000000036,0.32604576651675576,0.04015197374170936,0.019948061628395714,-0.010159785001485289,0.5703305111844867,0.3331858082293249,-0.005759999999999987,0.12005207203546292,-1.7634027110394894,1.0
2006-07-21,2.32,0.0065171229915999,0.0029571217348447476,0.006585290105497,0.3800000000000001,0.4496846646194433,31.0,0.02251836527383766,0.041453428863869046,-0.07454068241469813,0.0019426906265178623,0.026056292947258315,1.764609348792707,0.0011593475956085508,0.012980593289555848,-0.286130393224317,10.0,-0.16860778915841212,0.10702970215251813,2.348581934715597,0.040000000000000036,0.2690536806266588,0.0478402017219315,0.019948061628395714,0.004288867099178889,-0.25878507463869416,0.3334826400152669,-0.010070000000000023,0.10822430410960458,-1.5801367191817977,1.0
2006-07-28,2.32,-0.009815341677903322,0.0029571217348447476,0.0131027073092864,0.3800000000000001,0.43988516897079044,31.0,0.02251836527383766,0.041453428863869046,-0.05570433851098022,0.0019426906265178623,0.0008328701780751203,1.7047445105218288,0.00018123679730749833,0.011499849017769041,0.3535533905933391,10.0,-0.0889030048541235,0.1231651040560696,2.2995835415472765,-0.02999999999999936,0.20917943260329874,0.04820683596345925,0.019694457751312535,-0.008601807455544203,-1.6029627935485118,0.3331160868228211,-0.013410000000000033,0.0947081984685123,-1.4167650423803018,1.0
2006-08-04,2.41,0.010351113181360061,0.0019656019656020263,-0.0161454056692671,0.06999999999999984,0.4385755926508953,35.0,0.023669704568583194,0.038187372708757605,-0.07766470273165504,0.002423654871546388,0.011181742002547033,1.6473755351608876,0.001587710851793708,0.009861195985042542,2.4590280614534876,-9.0,-0.16712644000714272,0.15642775603179385,2.2774221355977176,0.019999999999999574,0.19980742238076887,0.04490784379525906,0.020228932610544394,-0.005677949157302686,-1.9094818439485972,0.3329515158630966,-0.014000000000000012,0.11482128971334822,-1.1556327642978248,1.0
2006-08-11,2.38,-0.012063326288454301,0.0019656019656020263,-0.0195386912509212,0.06999999999999984,0.43723490054081116,35.0,0.023669704568583194,0.038187372708757605,-0.07766470273165504,0.002423654871546388,0.011181742002547033,1.5869661428215815,0.001587710851793708,0.011349241474312193,-0.3051662587677763,-9.0,-0.24186484899610083,0.14372592966177822,2.2548757294034742,-0.019999999999999574,0.11202509415786488,0.040071001364574685,0.020228932610544394,-0.01711627309550301,-1.720824457316206,0.3300410756464636,-0.013009999999999966,0.12176528944774642,-0.8612295541868661,1.0
2006-08-18,2.42,0.0034166422620791614,0.0019656019656020263,-0.0382475247379315,0.06999999999999984,0.4358628055088066,35.0,0.023669704568583194,0.038187372708757605,-0.07766470273165504,0.002423654871546388,0.011181742002547033,1.5231546211729372,0.001587710851793708,0.010513332228869464,-0.3051662587677763,-9.0,-0.2612227086485731,0.1375746550578457,2.2319326554764736,0.02999999999999936,0.0885998630561593,0.04325712023489253,0.020228932610544394,0.0023360220762053963,-1.5175415447379272,0.3239788459287887,-0.010379999999999945,0.11262294868913594,-0.3751295030937887,1.0
2006-08-25,2.44,-0.005800378703391673,0.0019656019656020263,0.0121364468693947,0.06999999999999984,0.4344590100277681,35.0,0.023669704568583194,0.038187372708757605,-0.07766470273165504,0.002423654871546388,0.011181742002547033,1.4554935721129159,0.001587710851793708,0.00813997616717516,-0.3051662587677763,-9.0,-0.2690972019319696,0.1434212078360182,2.2085805519153476,0.010000000000000675,0.09647671477081077,0.04008362359842446,0.020228932610544394,-0.012942379311587607,-1.327960253550694,0.3166759743015682,-0.006750000000000034,0.11166755507823006,0.5450556049512195,1.0
2006-09-01,2.53,0.015439380324515861,-0.004904364884747436,0.0040306451528576,-0.131,0.49088397126889327,27.0,0.042159275134967755,0.020623742454728422,-0.06125921724333527,0.0019342359767891004,0.019726286306240074,1.440085467549282,0.0017358498930410398,0.008425981777409134,-1.153599469577355,3.0,-0.49730563145051665,0.12279483469825112,2.129304264679844,-0.09000000000000075,0.023975177651304858,0.03838022613086116,0.014983982923346824,-0.0195483418911738,-1.1370002232310483,0.3020519942655855,-0.002870000000000039,0.10842212478485751,1.6473435008669501,1.0
2006-09-08,2.62,-0.0027393718600347006,-0.004904364884747436,-0.0082213871331462,-0.131,0.536643014269464,27.0,0.042159275134967755,0.020623742454728422,-0.06125921724333527,0.0019342359767891004,0.019726286306240074,1.4234303095530634,0.0017358498930410398,0.008975775311941438,-0.19638513448247494,3.0,-0.4961377585697544,0.10306031521118068,2.0440104901544167,-0.08999999999999986,0.03386389055771977,0.03189310087323521,0.014983982923346824,-0.005849815367367089,-0.9408638228878847,0.29094187038942954,-7.00000000000145e-05,0.10126873724335046,1.6988227993594058,1.0
2006-09-15,2.65,-0.009083260074900346,-0.004904364884747436,0.0120156886280916,-0.131,0.5742913772126461,27.0,0.042159275134967755,0.020623742454728422,-0.06125921724333527,0.0019342359767891004,0.019726286306240074,1.4054837656070958,0.0017358498930410398,0.009286856415667698,-0.19638513448247494,3.0,-0.5529433013065698,0.09014868670305214,1.9519105387110558,0.03000000000000025,0.005238124302455294,0.027838236642134865,0.014983982923346824,-0.0040966050856277025,-0.7433213823180933,0.28342623354984553,0.001100000000000101,0.07206148168655989,1.3802712614442887,1.0
2006-09-22,2.64,-0.003203763649293756,-0.004904364884747436,-0.0106343534494372,-0.131,0.6053442465064524,27.0,0.042159275134967755,0.020623742454728422,-0.06125921724333527,0.0019342359767891004,0.019726286306240074,1.3861956793825867,0.0017358498930410398,0.011746094361443946,-0.19638513448247494,3.0,-0.6245537390122198,0.08700369450283237,1.8519892692436764,-0.03000000000000025,-0.05670669988941601,0.02750822959522686,0.014983982923346824,0.0005736656803993906,-0.5743109672750983,0.2756336454166461,0.0005600000000000049,0.09014868670308199,1.0034778156530328,1.0
2006-09-29,2.72,0.014052866169087741,0.0,-0.0031987140354375,-0.131,0.6307764558678585,27.0,0.042159275134967755,0.020623742454728422,-0.03890824622531941,0.0,0.014659530829477168,1.365509203416761,0.0005874573845846822,0.01163928558151785,0.3535533905932798,2.0,-0.5962933642323549,0.08548182764273453,1.8519892692436764,-0.040000000000000036,-0.050271710805395275,0.027646298383488883,0.013756142374999628,-0.0066487286588796934,-0.5507203764675797,0.27005725330072133,-0.0010100000000000664,0.09515964030439321,0.5667626905685054,1.0
2006-10-06,2.59,-0.009029719837500338,-0.005421389847215297,-0.0043399130474841,-0.238,0.7022905808225234,34.0,0.028481025781383007,0.013052208835341528,-0.08826945412311271,0.0019305019305020377,0.03500233583604068,1.4443523968043088,0.0006644173634752993,0.010923211757537346,-1.1976930748096426,3.0,-0.5140631992031419,0.06664136424602031,1.8837840996082096,0.0600000000000005,-0.03363521710741202,0.03029570125654967,0.021156282232597898,0.005409768410257601,-1.23432774527776,0.2641502925872023,-0.003489999999999993,0.07689278249617416,-0.1575047303239806,1.0
2006-10-13,2.63,0.020233979503642363,-0.005421389847215297,0.0067654209619631,-0.238,0.7626032386323703,34.0,0.028481025781383007,0.013052208835341528,-0.08826945412311271,0.0019305019305020377,0.03500233583604068,1.5028178660310294,0.0006644173634752993,0.01103618489131256,0.5283573272068556,3.0,-0.5719040790769812,0.06664136424602032,1.9132782035456726,0.09999999999999964,-0.06482518448108332,0.031936146047404586,0.021156282232597898,0.0031289588238208044,-2.212430944359979,0.26128236951890926,-0.00600999999999996,0.07689278249617416,-1.24391636257849,1.0
2006-10-20,2.6,-0.017617028902447096,-0.005421389847215297,0.0009571908461048,-0.238,0.8142075019666942,34.0,0.028481025781383007,0.013052208835341528,-0.08826945412311271,0.0019305019305020377,0.03500233583604068,1.5432233997509865,0.0006644173634752993,0.012606915642148137,0.5283573272068556,3.0,-0.4374611310287191,0.06390562237728298,1.9405764875604514,0.040000000000000036,-0.06284019967294141,0.03125743501421236,0.021156282232597898,-0.009652498295594503,-2.046755812090984,0.25586926337422045,-0.006489999999999996,0.07833080036434097,-1.4430794198027095,1.0
2006-10-27,2.64,0.01000710732054011,-0.005421389847215297,0.0160554016320072,-0.238,0.8586748686032629,34.0,0.028481025781383007,0.013052208835341528,-0.051359516616314216,0.0019305019305020377,0.033947749448066035,1.5669666924938643,0.00040546134185308065,0.012778636374091552,0.35355339059328644,3.0,-0.45208734502336145,0.09101608962940519,1.9657704325951235,0.020000000000000462,-0.0076772494500405575,0.03151497344622074,0.018158331238929477,0.0028668703805220935,-1.817471685187872,0.25476899304860967,-0.006190000000000029,0.07872873862649028,-1.0809787423711203,1.0
2006-11-03,2.66,0.003387095260881434,-0.0014866204162538033,0.0115479003114929,-0.15900000000000003,0.8817753689100107,46.0,0.016621660136106442,0.019736842105263275,-0.07250755287009059,0.0009633911368016612,0.03520664875982519,1.7382573059069804,0.0004114227677184537,0.011905747500962653,-0.5455434458246717,-2.0,-0.3093298422364519,0.08475805903527918,2.0220317425857073,-0.020000000000000462,-0.023770260777180585,0.035361135643983715,0.018733815791868967,-7.850404994790006e-05,-1.5263856758468404,0.25437706718116376,-0.0036199999999999566,0.0795410945001996,-0.15590628449835325,1.0
2006-11-10,2.47,0.003616446297993292,-0.0014866204162538033,0.016029322950777,-0.15900000000000003,0.9033698783503363,46.0,0.016621660136106442,0.019736842105263275,-0.07250755287009059,0.0009633911368016612,0.03520664875982519,1.8810798862520584,0.0004114227677184537,0.012361554054639155,0.47614104007539343,-2.0,-0.33452866975297135,0.09680613912055275,2.072225288683372,0.009999999999999787,0.03580742946291071,0.026530382124319383,0.018733815791868967,0.0021394579294761046,-1.232619694077948,0.25374183148180074,-0.0012100000000000444,0.07434235478036376,0.828423559662257,1.0
2006-11-17,2.38,-0.0035859450520014935,-0.0014866204162538033,-0.0229670420998153,-0.15900000000000003,0.9235640409055448,46.0,0.016621660136106442,0.019736842105263275,-0.07250755287009059,0.0009633911368016612,0.03520664875982519,2.0015378702773408,0.0004114227677184537,0.010499854470160502,0.47614104007539343,-2.0,-0.28342384633727713,0.10940586299253831,2.1167827547410933,-0.009999999999999787,-0.005878126468563338,0.027116548631839103,0.018733815791868967,-0.007582623817610004,-0.8749375536625432,0.25184590023675457,0.0014600000000000168,0.06273527146444952,1.6566350006691728,1.0
2006-11-24,2.4,0.011191618033290718,-0.0014866204162538033,0.0077068003184395,-0.15900000000000003,0.9424478780524774,46.0,0.016621660136106442,0.019736842105263275,-0.07250755287009059,0.0009633911368016612,0.03520664875982519,2.1034769750619753,0.0004114227677184537,0.013098324167116886,0.47614104007539343,-2.0,-0.33580034327351427,0.10979689040613275,2.1560535983957854,-0.04999999999999982,0.00902746725019643,0.026970392675175873,0.018733815791868967,-0.0038862901587773946,-0.36471240774781316,0.24912720950517445,0.0034799999999999276,0.05976143046675233,1.6788825498776436,1.0
2006-12-01,2.36,-0.00977314287167419,0.0014888337468983437,0.0080480657787934,-0.256,0.9482584611190128,33.0,0.021707334984272686,0.025406504065040636,0.043312101910828016,0.0014436958614050255,0.00565461891658704,2.1034769750619753,0.0036281065273368195,0.012488528914586157,2.4728390033174805,-5.0,-0.3954489929702887,0.11829140773047006,2.124694991862718,-0.009999999999999787,0.06928524328212649,0.018241325235196375,0.026045425378701838,0.0166787974451148,0.4779872713284069,0.2512763797186733,0.004170000000000007,0.1115795680221232,1.3507398776431832,1.0
2006-12-08,2.31,0.0064283721522031545,0.0014888337468983437,0.0190646474144229,-0.256,0.9537309940025834,33.0,0.021707334984272686,0.025406504065040636,0.043312101910828016,0.0014436958614050255,0.00565461891658704,2.1034769750619753,0.0036281065273368195,0.011750689842775436,-0.33671160762046637,-5.0,-0.4717020873952671,0.09218575966879831,2.092145766070264,-0.0600000000000005,0.04445191811381943,0.02288633095216366,0.026045425378701838,0.0025324997514125924,1.3532247753032196,0.2509186740668639,0.002670000000000061,0.1041890452152264,0.7868000529108212,1.0
2006-12-15,2.28,-0.009658098443708796,0.0014888337468983437,-0.0008039219164674,-0.256,0.9588712647470932,33.0,0.021707334984272686,0.025406504065040636,0.043312101910828016,0.0014436958614050255,0.00565461891658704,2.1034769750619753,0.0036281065273368195,0.01355219041356703,-0.33671160762046637,-5.0,-0.4565393004677012,0.08992059989631639,2.0583494390586505,-0.05999999999999961,0.09249050645656887,0.02463209777116895,0.026045425378701838,-0.005275985228270691,1.2028387766379904,0.24790365410670126,-0.0006599999999999939,0.08863045268337684,-0.18542214518090494,1.0
2006-12-22,2.26,0.01306902492355233,0.0014888337468983437,0.0105401060287041,-0.256,0.9636845902023136,33.0,0.021707334984272686,0.025406504065040636,0.043312101910828016,0.0014436958614050255,0.00565461891658704,2.1034769750619753,0.0036281065273368195,0.01352754868478236,-0.33671160762046637,-5.0,-0.4598224999590439,0.09538455999643453,2.023243516932281,0.08000000000000007,0.06811568580265392,0.024595216720153447,0.026045425378701838,-0.0039400820148926124,0.1683088632414243,0.2423135099495493,-0.004570000000000074,0.08684962373470732,-1.4689193031876755,1.0
2006-12-29,2.3,0.005754846764777222,0.0,-0.0067618999151943,-0.256,0.9681758466457882,33.0,0.021707334984272686,0.025406504065040636,0.06710097719869701,0.0,0.0015355196116965037,2.0788310324648687,0.003603893068781757,0.013260324941276115,-0.35355339059327395,-3.0,-0.43884190892542285,0.10377688980279769,1.9867585794685938,0.02999999999999936,0.00016379949841471841,0.01981756157591001,0.023723778000721285,0.0026055415275012123,-1.4067150560097403,0.23601710191888206,-0.008419999999999983,0.08684962373470732,-1.855568421351646,1.0
2007-01-05,2.33,0.005331108015282915,0.0030525272547075044,0.0035516938341893,-0.22199999999999998,0.9748726863240984,39.0,0.016646656462990128,0.020756429652042385,0.05928338762214991,0.0024026910139356428,0.020325087699524305,2.258658553553184,0.003956054088962598,0.013940338539746638,-1.0703614015232692,-8.0,-0.35797341830856666,0.0994269293788834,2.0616442646360076,0.03000000000000025,-0.1230337614674103,0.02642310506680903,0.024229794664688147,0.00227387410488869,-2.056467645128575,0.22963501435757228,-0.011730000000000018,0.08846912294291631,-1.693825975595562,1.0
2007-01-12,2.38,-0.02264625108332019,0.0030525272547075044,0.0021562473660851,-0.22199999999999998,0.9801218141972015,39.0,0.016646656462990128,0.020756429652042385,0.05928338762214991,0.0024026910139356428,0.020325087699524305,2.4194722882989717,0.003956054088962598,0.014299258502771556,-0.21518344062977549,-8.0,-0.24911846693524176,0.10169983846032571,2.133196639662912,0.040000000000000036,-0.17099494373560087,0.029455132951900314,0.024229794664688147,-0.0106793386120356,-1.957685754683558,0.22117470555439153,-0.012959999999999972,0.10588909292275236,-1.3645456090199766,1.0
2007-01-19,2.47,0.0053157452045404785,0.0030525272547075044,-0.0139132967123494,-0.22199999999999998,0.9839464001670198,39.0,0.016646656462990128,0.020756429652042385,0.05928338762214991,0.0024026910139356428,0.020325087699524305,2.5648511727704704,0.003956054088962598,0.009423496962318421,-0.21518344062977549,-8.0,-0.25797409972576724,0.0954594154601798,2.2017407072086956,0.04999999999999982,-0.23935621303413157,0.029717138748083512,0.024229794664688147,-0.008777555304098197,-1.7488479697512485,0.21245769696931704,-0.012139999999999929,0.12760849725403123,-0.9712586949782457,1.0
2007-01-26,2.52,-0.008853069075582698,0.0030525272547075044,0.0023999619878954,-0.22199999999999998,0.9863630151977695,39.0,0.016646656462990128,0.020756429652042385,-0.0073260073260073,0.0024026910139356428,0.020048829128517093,2.697292089371328,0.0011961171774178116,0.0062443162217212765,0.3535533905932752,-8.0,-0.14583327183647476,0.05291502622128436,2.2675492913801616,-0.009999999999999787,-0.18211339401193882,0.028680266455981603,0.0025901347296210953,0.013719049003571501,-1.5317224558805231,0.20851726420633462,-0.009210000000000051,0.11183533814115713,-0.36275710512813175,1.0
2007-02-02,2.57,0.016407300221307874,0.005350367559876723,-0.0075880764764974,-0.028000000000000025,0.9877248126185271,30.0,0.025793632616832207,0.02415198792148976,-0.024420024420024444,0.002564717162032659,0.03060195861918729,2.8737539105605503,0.00369693504419543,0.00721848378517852,2.344551098702419,13.0,-0.13200976372948336,0.04527692569067847,2.339895963963356,0.009999999999999787,-0.0971393914948302,0.026153737081810735,0.006266581978145596,0.0006211343322037044,-1.2716516401611233,0.2046985791245844,-0.0035600000000000076,0.10542431272856438,0.9630234762606649,0.0
2007-02-09,2.57,-0.012328324073325403,0.005350367559876723,0.0083049741924755,-0.028000000000000025,0.988551689468413,30.0,0.025793632616832207,0.02415198792148976,-0.024420024420024444,0.002564717162032659,0.03060195861918729,3.0354317903465833,0.00369693504419543,0.006185361722644177,-0.2042047876935137,13.0,0.06984693240409623,0.045961940777117134,2.4094459662448235,0.010000000000000675,-0.03153300061655728,0.026205710468341664,0.006266581978145596,-0.0005234541936106063,-0.9627504151554646,0.2020285510638162,0.0016399999999999748,0.09687067962718787,1.823118062773843,0.0
2007-02-16,2.6,0.014200222909116045,0.005350367559876723,-0.003781295269523,-0.028000000000000025,0.9888449876576625,30.0,0.025793632616832207,0.02415198792148976,-0.024420024420024444,0.002564717162032659,0.03060195861918729,3.1845782234919215,0.00369693504419543,0.007994160125787566,-0.2042047876935137,13.0,0.04469501743025006,0.06937218462755224,2.476434940611809,0.019999999999999574,-0.0081830606166724,0.026359478857046783,0.006266581978145596,0.002265927950986596,-0.4375731428276827,0.1988468831947265,0.00784000000000007,0.07576985831170793,1.8609215513019508,0.0
2007-02-23,2.7,0.0023477886851805962,0.005350367559876723,6.022537867367327e-05,-0.028000000000000025,0.9886051820908038,30.0,0.025793632616832207,0.02415198792148976,-0.024420024420024444,0.002564717162032659,0.03060195861918729,3.32288104835833,0.00369693504419543,0.007983879589829204,-0.2042047876935137,13.0,0.0904105915241391,0.08497898899979778,2.5410654408457667,0.009999999999999787,-0.028135438913635347,0.02600689152755834,0.006266581978145596,-0.0012791136274906967,0.6013530037459879,0.1968227069697031,0.01252999999999993,0.07576985831170793,1.6254670887988907,0.0
2007-03-02,2.76,0.00940367104407902,0.009105695851085338,0.0049237802480974,0.001000000000000112,0.9875441300854513,30.0,0.025308035115800154,0.027787787787787677,-0.01845018450184499,0.0013531929136683107,0.021864077713691664,3.3813970713074557,0.0033007881962114046,0.007577977377717512,0.1150786468057606,5.0,0.06671576895575182,0.11744299529072112,2.573211572702183,-0.05999999999999961,-0.031883129223757356,0.030224976840336915,0.006040933139263518,0.057206418126197714,1.7896168799825742,0.20051244681390212,0.015639999999999987,0.13346347815040893,1.3984710560914597,1.0
2007-03-09,2.62,-0.014706938269381742,0.009105695851085338,-0.0089204589274423,0.001000000000000112,0.986351620659158,30.0,0.025308035115800154,0.027787787787787677,-0.01845018450184499,0.0013531929136683107,0.021864077713691664,3.4348888684296637,0.0033007881962114046,0.008382300533264216,-0.42424651376904615,5.0,0.06575387912701625,0.1187359014187094,2.6043819669672708,-0.020000000000000462,0.0015010032348581337,0.0284862066509787,0.006040933139263518,0.004973045511661778,1.849076107548878,0.20308072234664817,0.01440000000000008,0.15008925915697682,1.0133651133674055,1.0
2007-03-16,2.62,0.013421553374474371,0.009105695851085338,0.0061456467936911,0.001000000000000112,0.9850271763707552,30.0,0.025308035115800154,0.027787787787787677,-0.01845018450184499,0.0013531929136683107,0.021864077713691664,3.4835878940232132,0.0033007881962114046,0.01070279365115919,-0.42424651376904615,5.0,-0.018290115895160164,0.1180496263683772,2.6346112560657393,-0.05999999999999961,-0.09017046050876765,0.028149729752792094,0.006040933139263518,0.0106597569965024,1.6277506270749695,0.20573187239280205,0.01205999999999996,0.16722525441538366,0.6163853617188965,1.0
2007-03-23,2.55,-0.014885151145749176,0.009105695851085338,0.0035806706009083,0.001000000000000112,0.9835702642425788,30.0,0.025308035115800154,0.027787787787787677,-0.01845018450184499,0.0013531929136683107,0.021864077713691664,3.5276926431615108,0.0033007881962114046,0.011091915559381849,-0.42424651376904615,5.0,-0.002880645892613609,0.09054399088682492,2.6639314781090726,0.040000000000000036,-0.030812376145522125,0.02786701638034678,0.006040933139263518,0.013995922898544816,1.405853970386289,0.2065919682061671,0.00821000000000005,0.15624499992000915,-0.058073486733528475,1.0
2007-03-30,2.58,0.007804724314566469,0.0,-0.0228865585292682,0.001000000000000112,0.9819802946682624,30.0,0.025308035115800154,0.027787787787787677,-0.0012515644555695093,0.0,0.011230063885218864,3.5673735220963754,0.0006293950826485808,0.011084650161826057,-0.353553390593279,5.0,0.07212204967756941,0.07405355205138849,2.6923723327728277,-0.040000000000000036,-0.011406191477772443,0.027973269126649557,0.0004424948568129288,-0.0021085200487420963,1.2362579569201717,0.20795011511675515,0.005799999999999916,0.14111165791671226,-0.8378350338022328,1.0
2007-04-06,2.58,-0.008604247168611745,0.006496162686508988,0.0079870086014061,-0.06499999999999995,0.9792504281972266,30.0,0.029076019270608766,0.025736972704714756,-0.0801001251564456,0.0015710206381496228,0.011681812349381163,4.161545570874112,0.0023702838433094444,0.01167891334498431,2.3878744970225756,6.0,0.12813285476599545,0.09149551120917201,3.1581611580874935,0.009999999999999787,-0.04614928978363042,0.026073245135031575,0.02785233970648286,0.0029776725914849866,1.1041415248465265,0.2070437614499705,0.0037200000000000566,0.11196300409384038,-1.4816573927231493,1.0
2007-04-13,2.66,0.003620469918904634,0.006496162686508988,-0.0096577048350456,-0.06499999999999995,0.9761480119650952,30.0,0.029076019270608766,0.025736972704714756,-0.0801001251564456,0.0015710206381496228,0.011681812349381163,4.606350131987568,0.0023702838433094444,0.011197276202662669,-0.4484175709341164,6.0,0.092577067805377,0.11609724987513965,3.5507524747938923,-0.03000000000000025,-0.08208307345295374,0.026614578684865622,0.02785233970648286,-0.03785233514075459,1.047816799801182,0.20454369257433377,0.0036399999999999766,0.0999910710299536,-1.223620151651209,1.0
2007-04-20,2.73,-0.004744401986963909,0.006496162686508988,0.0065392235084028,-0.06499999999999995,0.9726694811361335,30.0,0.029076019270608766,0.025736972704714756,-0.0801001251564456,0.0015710206381496228,0.011681812349381163,4.942282250757655,0.0023702838433094444,0.01127685863869247,-0.4484175709341164,6.0,-0.07517853760776039,0.12082307017169144,3.8923582169024256,-0.02999999999999936,-0.1568444510844864,0.02579120215633076,0.02785233970648286,-0.01416977564579111,1.1016061485484603,0.20338760000821582,0.004469999999999974,0.07754031209637165,-0.8197589554268224,1.0
2007-04-27,2.67,0.021305299331851213,0.006496162686508988,-0.0058251501985923,-0.06499999999999995,0.9688107843821386,30.0,0.029076019270608766,0.025736972704714756,-0.07894736842105265,0.0015710206381496228,0.005199314567548028,5.1905239101210885,0.002376874837879285,0.010473874740354591,-0.3535533905932742,6.0,0.19466057304407114,0.10789379698838397,4.195451102652869,-0.040000000000000036,-0.07540342760221219,0.011587057411134303,0.027912109783679525,-0.019161577374300395,1.3178686790226448,0.20030745598473085,0.00660000000000005,0.07050835816718047,-0.19163256482175164,1.0
2007-05-04,2.7,0.012698849362158704,0.006110718674704696,-0.0081365210629864,0.04300000000000015,0.9510517398724067,45.0,0.029798485426711263,0.026908641975308623,-0.06453634085213034,0.0014827387280866855,0.007615475644944703,5.5025868042641335,0.002352496420151697,0.009052726268603697,-0.0014966903776859896,6.0,0.17166052995434677,0.09797047660246178,4.457736847088266,-0.04999999999999982,-0.1176806076210899,0.01153498657031687,0.029219889437465278,-0.0123245197591553,1.600502617102624,0.19607335023581832,0.008819999999999939,0.07106335201777958,0.7389651818630503,1.0
2007-05-11,2.78,-0.01749663526244949,0.006110718674704696,-0.0013799200042117,0.04300000000000015,0.9320740095562586,45.0,0.029798485426711263,0.026908641975308623,-0.06453634085213034,0.0014827387280866855,0.007615475644944703,5.776344332374417,0.002352496420151697,0.005564818562029315,-0.40803440289890697,6.0,0.2578025324759883,0.08585702400751968,4.691862600357509,-0.03000000000000025,-0.13423100861674653,0.016018792369771922,0.029219889437465278,0.008470796757685098,1.6667211281270915,0.18835108500276165,0.008580000000000032,0.06545172703169577,1.08930795085819,1.0
2007-05-18,2.65,-0.017949889748306247,0.006110718674704696,-0.0037356783362614,0.04300000000000015,0.9118015014590516,45.0,0.029798485426711263,0.026908641975308623,-0.06453634085213034,0.0014827387280866855,0.007615475644944703,6.017027121811531,0.002352496420151697,0.005416298338099386,-0.40803440289890697,6.0,0.3324387637744517,0.10405184147474271,4.9018650066057985,-0.03000000000000025,-0.05238576392584404,0.017128272329408157,0.029219889437465278,0.0016239792694482946,1.6322488060149687,0.18449178083201498,0.008990000000000054,0.07548651724458927,1.1708084571431938,1.0
2007-05-25,2.65,0.016724855420046758,0.006110718674704696,0.0089299593686591,0.04300000000000015,0.8901457567344985,45.0,0.029798485426711263,0.026908641975308623,-0.06453634085213034,0.0014827387280866855,0.007615475644944703,6.228470611140932,0.002352496420151697,0.005098176073959012,-0.40803440289890697,6.0,0.28945141274974806,0.11288426437221663,5.090730344945334,0.040000000000000036,-0.08645096764600213,0.017043712117173235,0.029219889437465278,0.00305019556017741,1.545112388361978,0.18047062240299955,0.008479999999999932,0.07387247699344213,0.7635962460425417,1.0
2007-06-01,2.66,0.0034911063179756674,0.0019379751766057662,0.0026405334849194,0.258,0.8617180998992453,36.0,0.027140344521729087,0.02687037949728932,-0.042857142857142816,0.00159003703738958,0.013591623039400645,6.142036745625632,0.00036910966049244227,0.004546671903559102,1.043971874520618,16.0,0.18949110827954296,0.1627388354739826,5.081648584648319,-0.08999999999999986,-0.10023503133505018,0.0183836827756394,0.02185267321993262,-0.0020770382568015,1.415538261064678,0.17935614695621263,0.006400000000000072,0.1115795680221253,-0.28780681532865754,0.0
2007-06-08,2.6,-0.004880351567755903,0.0019379751766057662,0.0102479880990402,0.258,0.8311129604123192,36.0,0.027140344521729087,0.02687037949728932,-0.042857142857142816,0.00159003703738958,0.013591623039400645,6.04801302399901,0.00036910966049244227,0.003947725588917051,-0.5192876500792907,16.0,0.24157488529872095,0.2296425794266251,5.070691820200177,-0.020000000000000462,-0.09590947062139787,0.02115965852756932,0.02185267321993262,0.0187052251782079,1.2342867900075865,0.18357148935597864,0.003049999999999997,0.14171777789477583,-1.7465180458929532,1.0
2007-06-15,2.63,-0.008842611371985498,0.0019379751766057662,-0.0023471968733232,0.258,0.7980798682127769,36.0,0.027140344521729087,0.02687037949728932,-0.042857142857142816,0.00159003703738958,0.013591623039400645,5.9460394058049015,0.00036910966049244227,0.0026218963693796283,-0.5192876500792907,16.0,0.10201813281982242,0.3052838257846523,5.057847866208258,-0.20999999999999996,-0.02690322448926563,0.021699899930864908,0.02185267321993262,0.010388533209817905,1.1610296484427816,0.1847597396286055,0.003689999999999971,0.15193983771782607,-1.3321834993623618,1.0
2007-06-22,2.63,0.001271692472389896,0.0019379751766057662,0.0146783420637259,0.258,0.7623032552321604,36.0,0.027140344521729087,0.02687037949728932,-0.042857142857142816,0.00159003703738958,0.013591623039400645,5.835699153947596,0.00036910966049244227,0.0051151034918919865,-0.5192876500792907,16.0,0.1451976078796231,0.3047129797038511,5.043102303606935,0.17000000000000082,-0.024410939606137272,0.021139842230118375,0.02185267321993262,0.0068078839700374955,1.2251687114667489,0.18077593774662898,0.005390000000000006,0.13564001727263128,-0.5334030082693257,1.0
2007-06-29,2.63,-0.0011361418976572057,0.0,0.008381647057596,0.258,0.7233761702174076,36.0,0.027140344521729087,0.02687037949728932,-0.057602143335566014,0.0,0.012012006475422606,5.71650780970879,0.0002040053241387105,0.0059371804652845524,-0.3535533905933237,16.0,0.11306486787653491,0.26398051876173345,5.011148957706186,0.08999999999999986,-0.04460668967310244,0.019991752235950695,0.02036543308172912,-0.002367176555805095,1.5850589360146483,0.17656689177188073,0.012129999999999974,0.11071198154286901,1.6619026894809927,0.0
2007-07-06,2.63,0.013300119638656627,-0.0002543772078021922,0.014091427079339,0.10399999999999987,0.6893675730359262,39.0,0.026434417747193573,0.023582309582309557,-0.08841259209645014,0.0018109053576180756,0.025761915098057073,5.344731410104147,0.00049618427832239,0.005942099674440464,-2.2606951223765113,16.0,0.16675720500717883,0.21327380121738795,4.976263416131327,0.1299999999999999,-0.017276269976575276,0.01922610198970476,0.021934045385084446,0.0031498699266481883,1.998451646822116,0.17874826624268092,0.024739999999999984,0.08280786712111975,2.239209928498113,0.0
2007-07-13,2.58,-0.008218012322455448,-0.0002543772078021922,0.0038546051160929,0.10399999999999987,0.6517466102167293,39.0,0.026434417747193573,0.023582309582309557,-0.08841259209645014,0.0018109053576180756,0.025761915098057073,4.91981863330503,0.00049618427832239,0.006875207214880488,0.1568274441614297,16.0,0.04962975439769024,0.1896943029493194,4.93838353875712,0.019999999999999574,-0.040244041584410195,0.020208082203225727,0.021934045385084446,0.0134104991868296,2.1163737548090173,0.18014438234844432,0.04461999999999999,0.06866065623260593,2.162784881969954,0.0
2007-07-20,2.57,0.004036084365550252,-0.0002543772078021922,0.0177422806016085,0.10399999999999987,0.609845114078211,39.0,0.026434417747193573,0.023582309582309557,-0.08841259209645014,0.0018109053576180756,0.025761915098057073,4.426493663594935,0.00049618427832239,0.006729218591331753,0.1568274441614297,16.0,0.0500081712444278,0.18759759364889722,4.897439845852177,0.0,0.015316396412390798,0.021635188231010804,0.021934045385084446,-0.009111623041285793,2.068911023263175,0.17782836133056074,0.06827000000000005,0.08293715348731037,1.9849613053662598,0.0
2007-07-27,2.54,-0.010340055629636802,-0.0002543772078021922,-0.0159283213036784,0.10399999999999987,0.5627076580797972,39.0,0.026434417747193573,0.023582309582309557,-0.03269367448471927,0.0018109053576180756,0.021138596623982403,3.838469246176929,0.000424100263892541,0.007355284433085293,0.35355339059328555,16.0,-0.14949886963574788,0.21646098295733746,4.853354797492857,-0.1200000000000001,0.051611126290963094,0.024253130333490167,0.011558959465025314,0.022658561741831895,1.983027713312334,0.17487767756809913,0.09366999999999998,0.15706572782484549,1.8175630700250442,1.0
2007-08-03,2.59,0.0073747815115350335,-0.0018339022270870142,0.013345496951826,-0.06299999999999994,0.5318265186864523,41.0,0.023917510021752353,0.019700833742030355,-0.06112295664534473,0.0016415764827564239,0.03690097217255279,3.8390704003002414,0.0008520561316137895,0.007554419946408192,2.1537280378975074,-4.0,-0.1595362531482868,0.2468660712671076,4.902980286139699,0.0,0.009630834672678557,0.020040927315246794,0.014396712404703454,0.0196050356362579,1.8740423451931638,0.1738309367464087,0.11184,0.20933568394192437,1.5918160665280605,1.0
2007-08-10,2.64,-0.00552477934780482,-0.0018339022270870142,0.0035183909126565,-0.06299999999999994,0.49644905814544954,41.0,0.023917510021752353,0.019700833742030355,-0.06112295664534473,0.0016415764827564239,0.03690097217255279,3.836063687607978,0.0008520561316137895,0.006870893557598841,-0.10655912494363809,-4.0,-0.06176913997049893,0.18283482006601157,4.9493665514826395,-0.27999999999999936,-0.03873567333589667,0.019905580020337238,0.014396712404703454,0.034868270179545996,1.7557788757083688,0.17146868021777084,0.12014,0.21947990470982162,1.3302496983655439,1.0
2007-08-17,2.55,-0.0006031523375619186,-0.0018339022270870142,0.0037403209428286,-0.06299999999999994,0.45552889318648915,41.0,0.023917510021752353,0.019700833742030355,-0.06112295664534473,0.0016415764827564239,0.03690097217255279,3.8294406098822424,0.0008520561316137895,0.007564961185028609,-0.10655912494363809,-4.0,0.0414500496956276,0.3267125210771251,4.992603881175515,-0.8100000000000005,0.011807758989204942,0.021530787720364927,0.014396712404703454,0.018628256814255006,1.6368465908486853,0.1714123744413224,0.11804,0.28403973565079615,1.0162717730353084,1.0
2007-08-24,2.5,-0.002492684387540689,-0.0018339022270870142,-0.0095402823356583,-0.06299999999999994,0.4073992655378295,41.0,0.023917510021752353,0.019700833742030355,-0.06112295664534473,0.0016415764827564239,0.03690097217255279,3.8191823530899556,0.0008520561316137895,0.007439339809127473,-0.10655912494363809,-4.0,-0.22830799029696025,0.3341059498337095,5.032773434842413,0.4800000000000004,-0.019583585112464386,0.02184435981984098,0.014396712404703454,-0.005939645336311611,1.4934098874441988,0.172212993800654,0.09465000000000001,0.294421345305381,0.2871124661082583,1.0
2007-08-31,2.4,0.01170409434672992,0.0,-0.0265515587243041,-0.052000000000000046,0.4086704537473078,42.0,0.02562166287582457,0.02472646623952679,-0.029390154298310045,0.0,0.027376921837974685,3.7408349541039665,0.0006809054825761263,0.007728643020195465,-0.3535533905932782,-1.0,-0.06959331801590951,0.3522884370187906,5.050723108780428,-0.23000000000000043,0.07009681027585346,0.021852639469349445,0.010390988702227011,0.020704662742907304,1.307451619078458,0.17469333181605354,0.051929999999999976,0.27925602692051077,-1.2131529234322669,1.0
2007-09-07,2.32,-0.001967067374062381,0.002755907405358915,-0.0086819228161284,0.06899999999999995,0.4119832330299301,42.0,0.027901202497425004,0.02755051749630355,-0.07347538574577517,0.0020604493200517826,0.027376921837974685,3.6502897672123567,0.0009634564019307067,0.008284982886034513,1.7686659291761637,-1.0,-0.03066083830238242,0.3496503355394597,5.063845765488082,0.0600000000000005,0.1577358029923348,0.025122629080935845,0.017837350463514076,-0.007573412979424293,1.1020828882388967,0.1819422405156637,0.016040000000000026,0.2772537517458363,-1.8692791931671418,1.0
2007-09-14,2.31,0.017399868680236352,0.002755907405358915,-0.0010165943061362,0.06899999999999995,0.41483368607974175,42.0,0.027901202497425004,0.02755051749630355,-0.07347538574577517,0.0020604493200517826,0.027376921837974685,3.546612685149223,0.0009634564019307067,0.008406385330576112,-0.5382294178949412,-1.0,0.26033720676595773,0.33431165955480135,5.072178870239532,-0.0600000000000005,0.24901304574624827,0.023922350460348147,0.017837350463514076,-0.00626565624947209,0.8178286142025928,0.18556180238338166,-0.02360000000000001,0.22924955211047857,-1.8190423792171952,1.0
2007-09-21,2.2,-0.020965481759286253,0.002755907405358915,0.0111087715889865,0.06899999999999995,0.4172312886064114,42.0,0.027901202497425004,0.02755051749630355,-0.07347538574577517,0.0020604493200517826,0.027376921837974685,3.4286126371149663,0.0009634564019307067,0.009170734119398704,-0.5382294178949412,-1.0,0.3140263916544941,0.34749871531108845,5.075746012826784,-0.2699999999999996,0.3479769409579987,0.019084635143577475,0.017837350463514076,-0.032103348641426416,0.33965193160125284,0.18507509380493756,-0.05656,0.20191493965811463,-1.6071233719959035,1.0
2007-09-28,2.25,0.02554705830832571,0.002755907405358915,0.0130798359550164,0.06899999999999995,0.419183811179268,42.0,0.027901202497425004,0.02755051749630355,-0.04542013626040875,0.0020604493200517826,0.0,3.2947510703214635,0.0007858053231331671,0.008634563831798489,-0.35355339059327706,-1.0,0.22241993335479382,0.2655990533545952,5.074557243909999,0.07999999999999963,0.2980448873021031,0.01897409026531449,0.016058443176076024,-0.013646249725631499,-0.5091063922619445,0.18570917028407685,-0.06512000000000001,0.18400310556384447,-1.2821415252689234,1.0
2007-10-05,2.18,-0.02342847510956292,0.002139191328121237,-0.017269515037269,-0.03699999999999992,0.4237499564483241,32.0,0.026179282370540014,0.035361744301288356,-0.0976532929598789,0.0024721820433553088,0.010598123219222762,3.2270491402899317,0.001354786890393201,0.009194308264362301,-2.0264381044000133,1.0,0.10051344388456895,0.23126592609251484,4.974899288035236,0.18000000000000016,0.3591031375822058,0.018828503526240138,0.023310429313832075,-0.008959711610167204,-1.557735845032178,0.18602007708830282,-0.06054999999999999,0.12466383368309863,-0.9639893785684511,0.0
2007-10-12,2.2,0.019920580035003743,0.002139191328121237,0.0049147424396006,-0.03699999999999992,0.4238625650220244,32.0,0.026179282370540014,0.035361744301288356,-0.0976532929598789,0.0024721820433553088,0.010598123219222762,3.1339333849873565,0.001354786890393201,0.009422479697290768,0.055127140134599635,1.0,0.23237322421550854,0.19769655680215695,4.868249086728963,0.20000000000000018,0.428888558604549,0.013632366493889393,0.023310429313832075,-0.032313459650100684,-1.613784072997319,0.18575789478542118,-0.04031,0.13112153577064709,-0.5066717541598263,0.0
2007-10-19,2.15,-0.01901478288240821,0.002139191328121237,0.013435012924184,-0.03699999999999992,0.4195252231583414,32.0,0.026179282370540014,0.035361744301288356,-0.0976532929598789,0.0024721820433553088,0.010598123219222762,3.0130485456529583,0.001354786890393201,0.009990449794163902,0.055127140134599635,1.0,-0.027620533248936874,0.18531344103591443,4.75413608921233,-0.3400000000000003,0.5593100835970568,0.013701909343906069,0.023310429313832075,0.007323521883532802,-1.2506678117316024,0.19081106162065387,-0.006869999999999998,0.1371130920080035,0.39256855519501255,0.0
2007-10-26,2.16,0.013669783751519615,0.002139191328121237,0.0024081092191065,-0.03699999999999992,0.41059693387429896,32.0,0.026179282370540014,0.035361744301288356,-0.0976532929598789,0.0024721820433553088,0.010598123219222762,2.8608766811268307,0.001354786890393201,0.009572264562236225,0.055127140134599635,1.0,0.009087104477802699,0.1907082663576562,4.632008773635329,0.10000000000000009,0.512098775479038,0.013428021898155432,0.023310429313832075,0.0007721414018618811,-0.7456610322349311,0.19564527570704146,0.03058,0.15434192097879063,1.554905709147144,0.0
2007-11-02,2.18,0.0022577845347431236,0.005939617873415681,0.0042515609860652,-0.236,0.47182364116977793,32.0,0.03208767006142432,0.043062034739454136,-0.029341792228390173,0.002749001541892726,0.022109812707287173,2.8608766811268307,0.0022558929576560693,0.008599781507218792,2.225522304962211,3.0,0.0677321675055671,0.16122300438478698,4.7331108013884675,-0.3500000000000001,0.6220832143256139,0.010877412144151683,0.022733512475196675,-0.0002567342391167904,0.1320043341541137,0.203693922781161,0.06672,0.19151650432421152,1.8203258082104088,1.0
2007-11-09,2.2,0.002647769658755905,0.005939617873415681,-0.0020876816463576,-0.236,0.5220557472705846,32.0,0.03208767006142432,0.043062034739454136,-0.029341792228390173,0.002749001541892726,0.022109812707287173,2.8608766811268307,0.0022558929576560693,0.011429408237493591,-0.13934696062906157,3.0,0.013215253429400553,0.1844683480399047,4.825772939597865,-0.33999999999999986,0.6163785777510391,0.011909621947648682,0.022733512475196675,0.029694234401483194,1.5294106180111482,0.2137550331056035,0.09786,0.2621851853720283,1.6268123747761967,1.0
2007-11-16,2.12,0.004304952784388805,0.005939617873415681,-0.0159062152096656,-0.236,0.5642373674098504,32.0,0.03208767006142432,0.043062034739454136,-0.029341792228390173,0.002749001541892726,0.022109812707287173,2.8608766811268307,0.0022558929576560693,0.010995591411592,-0.13934696062906157,3.0,-0.02176299041673313,0.16621307323518728,4.910473001457109,0.1299999999999999,0.7039956304253576,0.028739602944168382,0.022733512475196675,0.01921984258701992,1.964204471532831,0.22684096860511388,0.11073999999999998,0.31065598796278693,1.338708097129253,1.0
2007-11-23,2.17,0.0016761528750350863,0.005939617873415681,-0.0002056068753927,-0.236,0.6000686285224032,32.0,0.03208767006142432,0.043062034739454136,-0.029341792228390173,0.002749001541892726,0.022109812707287173,2.8608766811268307,0.0022558929576560693,0.011243435115126838,-0.13934696062906157,3.0,-0.0023322267473767644,0.16713980461193045,4.9876166411095255,-0.16999999999999993,0.657326089186512,0.03197487557906453,0.022733512475196675,0.015248461328713298,1.8130930776872867,0.2452329055793347,0.1124,0.3867077153908986,1.069329784378021,1.0
2007-11-30,2.27,-0.013031015860332062,0.0,-0.0138746474330393,-0.4059999999999999,0.6391867708200759,38.0,0.021673396656800348,0.0415113974231911,0.02684563758389258,0.0,0.020977209825064437,3.0505989323661855,0.0018861691274804724,0.015037440584114473,-0.35355339059327434,-9.0,-0.13298502667898826,0.17520905880037801,5.011901371181343,-0.08000000000000007,0.39854956105422046,0.03917939190724169,0.009491366190423463,0.031165302013564683,1.6014959728231057,0.2623069569572528,0.09336,0.4036264185038875,0.6121026433124128,1.0
2007-12-07,2.28,0.003805930519878542,-0.000670863129647814,-0.0379926283451981,-0.377,0.6649401958863982,38.0,0.022029778334589523,0.04081268582755193,-0.036073825503355694,0.0023887896172294365,0.020763107209225806,3.190370125622007,0.001872533556960281,0.014370626863730663,-0.19313013099831872,-9.0,-0.053696556997271716,0.18703991170717718,5.021372121132212,-0.029999999999999805,0.4231823394580041,0.03928205538935752,0.02486272426086807,-0.0034482888786469823,1.3971643288726838,0.2729998563527583,0.06296999999999997,0.3132063445808566,-0.19088658484892077,0.0
2007-12-14,2.25,-0.0011486648753233908,-0.000670863129647814,-0.0174393428171025,-0.377,0.6884338944979015,38.0,0.022029778334589523,0.04081268582755193,-0.036073825503355694,0.0023887896172294365,0.020763107209225806,3.286569406164775,0.001872533556960281,0.016990353185928023,-0.3794133242163028,-9.0,-0.051828833672002084,0.2653703611397263,5.016112800962096,-0.2400000000000002,0.4389089737339782,0.03906164299487655,0.02486272426086807,-0.0033919128965624046,1.1846062741163152,0.27923855471156733,0.026620000000000088,0.26886002731105574,-1.4301352141695214,0.0
2007-12-21,2.21,0.007068897079671066,-0.000670863129647814,-0.0131418209354887,-0.377,0.7098922572867764,38.0,0.022029778334589523,0.04081268582755193,-0.036073825503355694,0.0023887896172294365,0.020763107209225806,3.342960456748542,0.001872533556960281,0.016867723690322113,-0.3794133242163028,-9.0,0.08364729603515841,0.23039949776731022,4.996076892295136,0.1200000000000001,0.4951129272028503,0.03885023445881612,0.02486272426086807,-0.008781388515402416,0.9259702269694672,0.28706792570194406,-0.010380000000000056,0.20755377960557111,-1.8530920998577358,0.0
2007-12-28,2.26,0.0030169496488108294,-0.000670863129647814,0.0048565574582578,-0.377,0.7294949168376312,38.0,0.022029778334589523,0.04081268582755193,-0.06127450980392157,0.0023887896172294365,0.002787543158422334,3.3615472627942897,0.0001233270347842361,0.018947839096646615,-0.3535533905934164,-9.0,0.1725671387347123,0.20899418993974841,4.961085367551405,0.18000000000000016,0.5724815921328132,0.03947781683645517,0.021663810698117274,-0.018072419965784486,0.5536932292093157,0.29658819102046163,-0.03949999999999998,0.13773680906502217,-1.6522417693467246,0.0
2008-01-04,2.24,0.03539502078229462,0.004970576472604682,0.0047363739382459,-0.3799999999999999,0.7469462224834917,38.0,0.024141930753466267,0.04280294047901356,-0.10620915032679734,0.002828754784958143,0.014248086070493987,3.2441663620435914,0.0005006526123603021,0.017625665320392402,-2.4001920023552414,-11.0,0.26794955704418943,0.23340645112886585,4.692143878652784,0.020000000000000018,0.7387675594792311,0.03899589015222337,0.025514366447364753,0.006767604731525795,-0.03481392178713496,0.31476361165439554,-0.04765999999999998,0.18446834803986376,-1.3100644216160926,1.0
2008-01-11,2.23,-0.04492906536309882,0.004970576472604682,-0.003898219552182,-0.3799999999999999,0.7615963233149982,38.0,0.024141930753466267,0.04280294047901356,-0.10620915032679734,0.002828754784958143,0.014248086070493987,3.104587176817764,0.0005006526123603021,0.017577235655387918,0.24335119079486175,-11.0,0.24375098423063868,0.2357965224510324,4.387525165045369,-0.11000000000000032,0.7491979525464343,0.03128127028667288,0.025514366447364753,-0.029885489665342296,-1.0348248248941225,0.3332438039646717,-0.04474,0.23879160071370276,-0.9917513961084563,0.0
2008-01-18,2.25,0.014563657956705223,0.004970576472604682,0.0037552507428428,-0.3799999999999999,0.7736043788045914,38.0,0.024141930753466267,0.04280294047901356,-0.10620915032679734,0.002828754784958143,0.014248086070493987,2.939649377313255,0.0005006526123603021,0.016971637425911148,0.24335119079486175,-11.0,0.1607609423426608,0.23401770384799078,4.039165348424773,-0.22999999999999998,0.7420657197696625,0.030382462980597828,0.025514366447364753,0.02150179086645701,-1.521301968447583,0.35719685435370385,-0.023660000000000014,0.3322622673216103,-0.4841785414008829,1.0
2008-01-25,2.36,-0.0182725460814408,0.004970576472604682,0.0052915794424432,-0.3799999999999999,0.7830919390074849,38.0,0.024141930753466267,0.04280294047901356,-0.10620915032679734,0.002828754784958143,0.014248086070493987,2.744785265525501,0.0005006526123603021,0.014011584427746812,0.24335119079486175,-11.0,0.11261318319465063,0.26139392822765795,3.6345086451961994,-0.56,0.636773765454618,0.01946349186080013,0.025514366447364753,0.0012448334747512946,-1.1279784250204203,0.3794114577851372,0.007419999999999982,0.40966013788433264,0.41140008085600865,1.0
2008-02-01,2.42,0.0262307452924071,0.0029041121849535667,-0.0270438752110761,-0.1479999999999999,0.7902028107322417,42.0,0.010602796518591306,0.04026555413048727,-0.11749347258485643,0.0007858877022608457,0.03862698281608381,4.2362901041068435,0.0013986759498350796,0.014461601746843016,-2.335264122050385,7.0,0.03531299423381662,0.31986325203123966,4.391262062752644,-0.19999999999999973,0.5072856386731963,0.02088498597935009,0.0288067735457749,0.012120730995173384,-0.5224744889021424,0.39920036966827677,0.02978000000000003,0.4645716152696656,1.3602502804572165,0.0
2008-02-08,2.37,-0.032481583180045015,0.0029041121849535667,-0.0474494117624188,-0.1479999999999999,0.7960212666426516,42.0,0.010602796518591306,0.04026555413048727,-0.11749347258485643,0.0007858877022608457,0.03862698281608381,5.230825791549377,0.0013986759498350796,0.0141520526566496,0.4687876998552695,7.0,0.06055953644142775,0.3268901082277394,5.00241269089376,0.1299999999999999,0.532309193159354,0.01976240916392982,0.0288067735457749,0.01035509459918671,0.6292755009241651,0.4164521468891332,0.061399999999999955,0.46350951600646795,1.7902794486848064,0.0
2008-02-15,2.32,0.013757402224054083,0.0029041121849535667,-0.0025524437857721,-0.1479999999999999,0.8005754864553447,42.0,0.010602796518591306,0.04026555413048727,-0.11749347258485643,0.0007858877022608457,0.03862698281608381,5.981638571495246,0.0013986759498350796,0.013879343786628567,0.4687876998552695,7.0,0.15420499778486474,0.3682366281152849,5.516566302577983,-0.020000000000000018,0.6080148338348943,0.023247380905383898,0.0288067735457749,0.005322625921558993,1.8505957536962832,0.4286231420355035,0.08476000000000006,0.42276090845093856,1.5944495308824318,0.0
2008-02-22,2.41,-0.004593405473355183,0.0029041121849535667,0.0636536966259751,-0.1479999999999999,0.8038869570945008,42.0,0.010602796518591306,0.04026555413048727,-0.11749347258485643,0.0007858877022608457,0.03862698281608381,6.57278772375452,0.0013986759498350796,0.011821711361481569,0.4687876998552695,7.0,0.17936812037128247,0.39360740048211257,5.958883756706665,-0.009999999999999787,0.6161268980209247,0.02508354341037488,0.0288067735457749,-0.014214483510950782,1.9716019423836455,0.43886332507917436,0.09914999999999996,0.3119266168278845,1.3638905029268178,1.0
2008-02-29,2.4,0.016924759001944345,0.0,0.0213285262401234,-0.1479999999999999,0.8111095653185952,39.0,0.008806920331594359,0.03087868635318869,-0.07312614259597805,0.0,0.03427303276159285,6.517314217941642,0.001386622201108541,0.016451493232259425,0.35355339059327495,4.0,0.2931106083133328,0.362922167964428,5.895616645096807,-0.3500000000000001,0.6521738699918482,0.02516031413045059,0.02585399565581527,0.0011240479318112007,1.7913554823388165,0.4581849890196074,0.10023000000000004,0.29426664293261523,1.0873982424179445,1.0
2008-03-07,2.42,-0.014115738539423273,0.008668212930989627,-0.0210328639656771,-0.45299999999999985,0.8166803631486816,39.0,0.005734255066876637,0.03981456231251701,-0.11608775137111516,0.002248304423223324,0.03395901381516116,6.45755371638515,0.0016296421353189344,0.016761174471511486,-1.334566443334283,4.0,0.3792178174309526,0.3683142098030672,5.826423401460954,-0.40000000000000013,0.7510408469911249,0.023756976311763326,0.028564475466211235,-0.020617481122015002,1.6151135223000097,0.47451249095508574,0.09163999999999994,0.2763538104882965,0.754142226694267,1.0
2008-03-14,2.44,0.017427213552305476,0.008668212930989627,9.969818801339876e-05,-0.45299999999999985,0.8215498036206952,39.0,0.005734255066876637,0.03981456231251701,-0.11608775137111516,0.002248304423223324,0.03395901381516116,6.393386005504772,0.0016296421353189344,0.016687378294767744,0.5344578789675505,4.0,0.4251878011222614,0.33417008073306587,5.751090132087175,-0.27,0.9297845895049137,0.02143314375096839,0.028564475466211235,0.023099207252518877,1.4220607279663398,0.4941256732810769,0.06137999999999999,0.2714215224648082,-0.1647537147736243,1.0
2008-03-21,2.49,-0.008832599978808031,0.008668212930989627,0.0114305350585299,-0.45299999999999985,0.8257302948184363,39.0,0.005734255066876637,0.03981456231251701,-0.11608775137111516,0.002248304423223324,0.03395901381516116,6.324676945231125,0.0016296421353189344,0.016990190401507312,0.5344578789675505,4.0,0.24707655988199573,0.45735067820781017,5.669372080648652,-0.5499999999999999,0.6351958627806569,0.03833703551515552,0.028564475466211235,0.03150302177421169,1.2029569089118552,0.5154292094797499,0.024739999999999984,0.23485177696331747,-1.484777009418025,1.0
2008-03-28,2.51,0.005985510540755357,0.008668212930989627,0.0078887815354245,-0.45299999999999985,0.8292322566132357,39.0,0.005734255066876637,0.03981456231251701,-0.04635108481262329,0.002248304423223324,0.006491799544791563,6.251276792660935,0.0010768673376487603,0.01689304302936892,0.3535533905932757,4.0,0.2677878611324358,0.4450822556401406,5.580988792090135,0.7000000000000001,0.6034613381287983,0.03845203160999208,0.016387583193179373,0.0018823741987566978,0.8937057636776211,0.529809009669524,-0.02024999999999999,0.1966096567893532,-1.976268573833513,1.0
2008-04-04,2.55,-0.011473603552711764,0.006064778389719416,-0.0197869438271029,-0.016000000000000014,0.8283739707010674,70.0,-0.007427676334748168,0.03936889774827512,-0.00591715976331364,0.0006529241675217179,0.03477236324318427,6.046104912700758,0.0023793717131554157,0.013981202546879934,-2.2126911888151954,1.0,0.22545020430281792,0.3953998879976734,5.613225064607912,0.020000000000000018,0.6526136492576888,0.03942132559498114,0.02373713398184177,0.014644304749756809,0.4148457087748344,0.5404894156655237,-0.05274000000000001,0.1838429065416566,-1.726501506659364,1.0
2008-04-11,2.5,0.010547601696488051,0.006064778389719416,0.0168378628583008,-0.016000000000000014,0.8266675916316866,70.0,-0.007427676334748168,0.03936889774827512,-0.00591715976331364,0.0006529241675217179,0.03477236324318427,5.807289848510663,0.0023793717131554157,0.014263529081613525,0.4989705935649753,1.0,0.2691962405843611,0.35374526750999163,5.644676077874845,-0.16000000000000014,0.7309444843752988,0.039188506984800885,0.02373713398184177,0.0023921919017449444,-0.48376775216316015,0.5501710621131678,-0.07365999999999995,0.16664761795896868,-1.4568645622481515,1.0
2008-04-18,2.44,-0.012457602160736103,0.006064778389719416,-0.0025010709792094,-0.016000000000000014,0.8241078512944279,70.0,-0.007427676334748168,0.03936889774827512,-0.00591715976331364,0.0006529241675217179,0.03477236324318427,5.530475010896754,0.0023793717131554157,0.018758972182870818,0.4989705935649753,1.0,0.4343584653841486,0.29352232818451557,5.675354886877634,0.16000000000000014,0.8411170791240301,0.03532133181710934,0.02373713398184177,-0.008693493674012343,-1.6286676097968777,0.5531163597206767,-0.08228999999999997,0.22579621026801722,-1.2014855313654818,1.0
2008-04-25,2.47,0.0043961701046826285,0.006064778389719416,-0.0067048129448111,-0.016000000000000014,0.8206867647696111,70.0,-0.007427676334748168,0.03936889774827512,-0.00591715976331364,0.0006529241675217179,0.03477236324318427,5.209606511052401,0.0023793717131554157,0.014148325613928384,0.4989705935649753,1.0,0.39994898554734637,0.21802686597232818,5.705273948686636,-0.010000000000000009,0.7833282918409903,0.03341570162753004,0.02373713398184177,-0.02680569639874547,-1.8221533886112695,0.5528217755619342,-0.08557000000000003,0.3393691626700924,-0.995038413146776,1.0
2008-05-02,2.42,0.002653025973688772,0.00842088603175628,0.029503260794846,0.2809999999999999,0.8222909350855578,54.0,-0.014383086308347726,0.0417554304180352,0.028955532574974185,0.001752423564504113,0.03638080569470827,5.209606511052401,0.002897380625345659,0.014446741734069535,-1.5510744867833743,7.0,0.35764678165261854,0.198835897879924,5.705273948686636,0.15999999999999992,0.8782496225032765,0.03407419102051874,0.016279783206870558,-0.06436008136571492,-1.6297503733548326,0.5532156101487213,-0.07509999999999994,0.38784201496408416,-0.6750267637637735,1.0
2008-05-09,2.38,0.0012351781437647258,0.00842088603175628,-0.0231817593896275,0.2809999999999999,0.8228825260155966,54.0,-0.014383086308347726,0.0417554304180352,0.028955532574974185,0.001752423564504113,0.03638080569470827,5.209606511052401,0.002897380625345659,0.013463061028480376,0.5397044494682014,7.0,0.46056455972942145,0.22161743098025255,5.705273948686636,0.18999999999999995,1.0195607061342988,0.03526141810058147,0.016279783206870558,-0.00024459947424310124,-1.4294913154120295,0.5547654512335444,-0.054669999999999996,0.3528658182854482,-0.059080828593546034,1.0
2008-05-16,2.37,-0.010180741047290498,0.00842088603175628,0.0377726483433985,0.2809999999999999,0.8224637225809996,54.0,-0.014383086308347726,0.0417554304180352,0.028955532574974185,0.001752423564504113,0.03638080569470827,5.209606511052401,0.002897380625345659,0.01345511258815401,0.5397044494682014,7.0,0.3965257033783469,0.19329843691630585,5.705273948686636,0.15000000000000013,0.9447181424034543,0.025040378854385197,0.016279783206870558,-0.026382213256793102,-1.2506174153798935,0.5520705574946867,-0.03252000000000005,0.3345786262492444,1.1356342115497062,0.0
2008-05-23,2.37,0.020804953560371597,0.00842088603175628,0.0045240178178668,0.2809999999999999,0.821032978596987,54.0,-0.014383086308347726,0.0417554304180352,0.028955532574974185,0.001752423564504113,0.03638080569470827,5.209606511052401,0.002897380625345659,0.015374884066645313,0.5397044494682014,7.0,0.5519634238431441,0.2126323117496524,5.705273948686636,0.020000000000000018,1.0274541200721656,0.02718376085415634,0.016279783206870558,0.0003693360556215053,-1.0404514296707643,0.5476342580071047,-0.0050000000000000044,0.2915445322514037,1.9000103052091752,0.0
2008-05-30,2.34,0.0061959716723780645,0.0,-0.0021759060850901,0.2809999999999999,0.8185091426355015,54.0,-0.014951473288449812,0.0397404392566425,-0.012896825396825351,0.0,0.015813889675098433,5.22479296608594,0.002141749500553142,0.016303553131199824,0.35355339059327434,13.0,0.48552937188051626,0.211554619762506,5.630228423121989,0.029999999999999805,0.9568222939623918,0.029981372270748784,0.004559716346937104,-0.0130702282464214,-0.7368732365053479,0.5382670086017028,0.021169999999999967,0.27452556477359685,1.7647311695254084,0.0
2008-06-06,2.38,-0.008976233720552118,0.010076996934894167,0.0073621677673693,0.07499999999999996,0.8359674663188541,48.0,-0.01724935725071297,0.050217900476117405,0.1706349206349207,0.0022704432947482367,0.02373463251195187,5.420757823830075,0.002182343172361775,0.01807329842454354,-0.5883328241842183,12.0,0.6564008433850996,0.21620096471306155,5.574397410094743,-0.039999999999999813,1.139283334097137,0.029459892720036688,0.06654066155123065,0.03022518533879079,-0.15324198519513121,0.5236097011662034,0.045580000000000065,0.1447904890324747,1.5905212712279035,0.0
2008-06-13,2.42,-0.005947949581388889,0.010076996934894167,0.0201074092391867,0.07499999999999996,0.8506556779228605,48.0,-0.01724935725071297,0.050217900476117405,0.1706349206349207,0.0022704432947482367,0.02373463251195187,5.599999999999965,0.002182343172361775,0.018166779170377075,0.4805926424594553,12.0,0.594468255521597,0.20246692851638384,5.51738647771701,0.1399999999999999,0.9832353030934053,0.030632524639252406,0.06654066155123065,0.003615984272811318,0.9553959575822853,0.5052488821173693,0.05393999999999999,0.23982136208908572,1.3089094851485648,0.0
2008-06-20,2.39,0.013130326405497383,0.010076996934894167,-0.037892716283189,0.07499999999999996,0.8627152771884908,48.0,-0.01724935725071297,0.050217900476117405,0.1706349206349207,0.0022704432947482367,0.02373463251195187,5.764079751756999,0.002182343172361775,0.01887296658436566,0.4805926424594553,12.0,0.8224404244479289,0.14488912016731426,5.459158659812087,-0.11999999999999988,0.9470638748276103,0.03224099825086582,0.06654066155123065,-9.610372769541797e-05,1.807105524959369,0.4860889487155159,0.05640999999999996,0.26651185982719544,1.0787905305779184,0.0
2008-06-27,2.33,-0.010629455261197962,0.010076996934894167,0.0004696094481385,0.07499999999999996,0.8722552986824466,48.0,-0.01724935725071297,0.050217900476117405,0.18592964824120606,0.0022704432947482367,0.020101697792928534,5.9142591707213175,0.0008247559830988222,0.01713870752193256,0.35355339059327767,12.0,0.9486195799636863,0.12881326462309092,5.399674589379562,-0.19000000000000017,0.9837295714272916,0.02962833631330749,0.06573605754749312,0.009443230451121915,1.7262359761860107,0.4701523693198634,0.05208999999999997,0.26347946517975185,0.8096155155201571,1.0
2008-07-04,2.38,0.011480733449608094,0.005251011128121874,-0.00931849103867,0.10799999999999987,0.8904248001025978,54.0,-0.019585471027037116,0.056001229002539565,-0.07437185929648238,0.002511326500297173,0.038500395661116155,5.941380311005151,0.0014067646273556815,0.017162842644494688,-2.015605240341074,26.0,1.106921190965223,0.12552034553353675,5.316101498587839,0.16000000000000014,0.9954676302414498,0.028250416015241354,0.10863146339668171,0.0019176059214459917,1.4651408207243894,0.4457367602373124,0.03229000000000004,0.225226076896672,0.13404943064737038,1.0
2008-07-11,2.34,-0.005457594007278299,0.005251011128121874,0.0014471987070635,0.10799999999999987,0.9038569315580292,54.0,-0.019585471027037116,0.056001229002539565,-0.07437185929648238,0.002511326500297173,0.038500395661116155,5.968120435988302,0.0014067646273556815,0.017282572263613884,0.5248359298266293,26.0,0.7868507898411496,0.12291111771171961,5.229391065894777,-0.21999999999999997,0.9623968785632178,0.029254374819688154,0.10863146339668171,0.0140966347260362,1.1849861929058867,0.42274385628195793,0.008909999999999973,0.21619683491797817,-1.0591390562314293,1.0
2008-07-18,2.28,0.014082985722144059,0.005251011128121874,-0.008006820208591,0.10799999999999987,0.9127608615310135,54.0,-0.019585471027037116,0.056001229002539565,-0.07437185929648238,0.002511326500297173,0.038500395661116155,5.994484644558348,0.0014067646273556815,0.01585852352339018,0.5248359298266293,26.0,0.6397765330728657,0.16568041525781319,5.139384496368031,-0.14000000000000012,0.705438737637569,0.02812901237715,0.10863146339668171,0.011524004839733204,0.8767277824467072,0.4041184566417375,-0.009899999999999909,0.20166715859832812,-1.7611895502215955,1.0
2008-07-25,2.15,-0.012096442113100014,0.005251011128121874,-0.028235437782724,0.10799999999999987,0.9172684653305038,54.0,-0.019585471027037116,0.056001229002539565,-0.07437185929648238,0.002511326500297173,0.038500395661116155,6.020477875231627,0.0014067646273556815,0.01567100949732647,0.5248359298266293,26.0,0.48674295176554216,0.16190274858692616,5.045905408113766,0.27,0.6003636394254084,0.026074371436564717,0.10863146339668171,-0.0058995717776736956,0.40151023969435523,0.3906758270100201,-0.028310000000000057,0.20163173644750862,-1.6889920216838932,1.0
2008-08-01,2.11,0.021074511068008617,-0.00399156225564179,-0.0383851583101286,0.0020000000000000018,0.8946505313044274,59.0,-0.036832804845724265,0.05371855115262347,-0.2728813559322034,0.0019818026069038375,0.030399359857442906,5.477225575051636,0.005513925383535487,0.014143757301054716,-2.410380600586408,8.0,0.5417076689193634,0.13606064824188296,5.062021070208377,-0.09000000000000008,0.6573925928771094,0.027412054023543124,0.0779149278203547,0.020237177286602404,-0.34631587065682046,0.3795539972157083,-0.03069999999999995,0.18234582528805152,-1.2905030549344996,1.0
2008-08-08,2.07,-0.018413389576813155,-0.00399156225564179,-0.0348142690938895,0.0020000000000000018,0.866424071630028,59.0,-0.036832804845724265,0.05371855115262347,-0.2728813559322034,0.0019818026069038375,0.030399359857442906,4.842122865660642,0.005513925383535487,0.015619379884714868,0.43693170033980777,8.0,0.2093841550372355,0.13912353195221341,5.073331034222506,0.040000000000000036,0.6118650480010284,0.03310575965433327,0.0779149278203547,0.01199878845778099,-1.1519657421681448,0.3636862449505386,-0.015660000000000007,0.1237509018725339,-0.6800579012888357,0.0
2008-08-15,2.03,0.014330549733284625,-0.00399156225564179,0.0373001054693982,0.0020000000000000018,0.832018469566489,59.0,-0.036832804845724265,0.05371855115262347,-0.2728813559322034,0.0019818026069038375,0.030399359857442906,4.072421317179154,0.005513925383535487,0.014307476554413437,0.43693170033980777,8.0,0.15435089064471375,0.18477302678847043,5.0798673988940575,0.15000000000000013,0.5805778179657075,0.040202870788266905,0.0779149278203547,-0.0026247516916897973,-1.0814147391923399,0.35231720547400286,0.007769999999999944,0.09913915184502282,0.19582537947649534,0.0
2008-08-22,2.03,-0.01751633443833145,-0.00399156225564179,-0.0089344866215153,0.0020000000000000018,0.7906274461228335,59.0,-0.036832804845724265,0.05371855115262347,-0.2728813559322034,0.0019818026069038375,0.030399359857442906,3.0684498717405293,0.005513925383535487,0.012027671358859033,0.43693170033980777,8.0,0.42006160981543794,0.18958130558832217,5.081648584648291,-0.15000000000000013,0.6119004394548648,0.044346704088718894,0.0779149278203547,-0.011636773611757106,0.5186418510786222,0.3414702374687032,0.055790000000000006,0.1057540948209916,1.7711660519387704,0.0
2008-08-29,1.97,0.01265397374392263,0.0,0.010140845863199,0.0020000000000000018,0.7410814708848216,59.0,-0.036832804845724265,0.05371855115262347,-0.0684039087947883,0.0,0.010398629135096135,3.174901573277484,0.005550741411567647,0.0121170125878026,0.3535533905932739,10.0,0.45263349195058233,0.19386574883519248,5.078679594672136,0.020000000000000018,0.5594273049267195,0.04432065929581562,0.024184433884230503,-0.0006456402135655015,2.0376425488130727,0.33314828951300285,0.10792000000000002,0.123685950235638,2.0169854428518956,0.0
2008-09-05,1.96,-0.00519680609066997,-0.0013830185406644713,-0.0130433112684988,0.236,0.714778236289629,52.0,-0.08130031129578574,0.04936927430572191,-0.1346362649294245,0.0014787909035873792,0.04080117168685239,3.2703798885426822,0.015768358354770744,0.009751927497490313,-2.3198062823388863,9.0,0.354117429538229,0.21613074746551297,5.070952085436235,-0.040000000000000036,0.38500661777885736,0.04125466331049638,0.032295868503131736,0.0044709443949245975,2.1749794024365925,0.3310062814676644,0.1674000000000001,0.15546588969005623,1.8691890595887597,0.0
2008-09-12,2.07,0.02261467236231196,-0.0013830185406644713,-0.0016940657058992,0.236,0.6848532145948191,52.0,-0.08130031129578574,0.04936927430572191,-0.1346362649294245,0.0014787909035873792,0.04080117168685239,3.355821577727022,0.015768358354770744,0.009588198229451957,0.4736375320052688,9.0,0.17311680262867202,0.14466093361473578,5.058444248997009,-0.18999999999999995,0.27914035723121455,0.04120371503853173,0.032295868503131736,0.0094245630617808,2.035581493042276,0.32448468253619234,0.22082999999999986,0.15620499351806008,1.6729370793909089,0.0
2008-09-19,2.13,0.07493370061303306,-0.0013830185406644713,-0.0036231637023662,0.236,0.6508069928108062,52.0,-0.08130031129578574,0.04936927430572191,-0.1346362649294245,0.0014787909035873792,0.04080117168685239,3.431976331279303,0.015768358354770744,0.014926165302289289,0.4736375320052688,9.0,0.23865135391952297,0.25595758577211003,5.041120503181962,-0.5,0.28093603937223577,0.06965488912015587,0.032295868503131736,0.1072857703518458,1.9134462605709421,0.3101570540710879,0.28352,0.13285330255577515,1.5887142658337057,0.0
2008-09-26,2.11,0.21780074827176965,-0.0013830185406644713,0.0151895237160756,0.236,0.6119521028030501,52.0,-0.08130031129578574,0.04936927430572191,-0.07109557109557108,0.0014787909035873792,0.04096729764017297,3.499450506315761,0.015573327918939745,0.01790617178002327,0.3535533905932738,9.0,0.08762740124299717,0.3700554977683386,5.018930979298484,-0.12,0.3089639308851255,0.07036893877202505,0.025136080217004343,0.015477657441138604,1.7563326292607402,0.29603481868917125,0.2813000000000001,0.1401784576886753,1.2080109584831944,0.0
2008-10-03,2.14,0.24109421739937686,-0.01010133328457874,-0.0140816942134659,-0.1140000000000001,0.6087180354361026,58.0,-0.06954317961916079,0.03655186277137501,-0.14219114219114215,0.00034607983831147493,0.08065620901894537,4.607185024085053,0.01644754596870322,0.019342878436456726,0.8636387366605394,6.0,0.040294054751396136,0.46389461549549804,5.32333149636681,-0.36,0.155872886511208,0.07092555370816823,0.03420123681068182,0.1263770786185585,1.629278355216705,0.2799280100300928,0.28054,0.263082686621477,0.9631404760130122,0.0
2008-10-10,2.2,0.05824377704890127,-0.01010133328457874,-0.0165092010166325,-0.1140000000000001,0.6054578726811886,58.0,-0.06954317961916079,0.03655186277137501,-0.14219114219114215,0.00034607983831147493,0.08065620901894537,5.448500146476418,0.01644754596870322,0.019398479168686898,0.25920745123146405,6.0,-0.06294811172074488,0.5924766420953433,5.575581052446275,-0.26,-0.07157372826411179,0.06330159342557852,0.03420123681068182,0.059302815653126395,1.5110428049303164,0.2559497146125929,0.25151999999999974,0.3133431482758185,0.5209731926168653,1.0
2008-10-17,2.19,0.1126058456119583,-0.01010133328457874,0.0365189502432613,-0.1140000000000001,0.602171190696135,58.0,-0.06954317961916079,0.03655186277137501,-0.14219114219114215,0.00034607983831147493,0.08065620901894537,6.134016126988379,0.01644754596870322,0.019539728058960124,0.25920745123146405,6.0,-0.03621646335000828,0.5850457857540499,5.7825086019411245,0.58,-0.18905192199176457,0.06874497757411437,0.03420123681068182,0.16434235615871462,1.3875380104495534,0.2453042405614245,0.1957500000000003,0.31775720740388347,-0.438238834090197,0.0
2008-10-24,2.24,0.017953940825916392,-0.01010133328457874,-0.0314213780517128,-0.1140000000000001,0.5988575528483381,58.0,-0.06954317961916079,0.03655186277137501,-0.14219114219114215,0.00034607983831147493,0.08065620901894537,6.71164315545407,0.01644754596870322,0.020010364474693645,0.25920745123146405,6.0,-0.1356331532763264,0.524370370744084,5.948845534856863,0.06000000000000005,-0.30165467995163564,0.07252491294518712,0.03420123681068182,0.030206255451408648,1.270728704046271,0.23376742641587966,0.14216999999999969,0.3103454296654878,-1.5513052893427972,0.0
2008-10-31,2.31,0.09235760306490293,0.0,-0.0896643332135128,-0.29200000000000004,0.6086381777714296,58.0,-0.07448072492344482,0.0304314934555161,-0.07653701380175659,0.0,0.06387095391941072,7.885332049981223,0.0035148196907880975,0.020136136478643357,-0.3535533905932745,-4.0,-0.1942266792478865,0.44038741061544195,6.637653686017745,-0.43,-0.29313043528745675,0.07188483053088598,0.027059920735495274,0.03581290879645005,1.194832586678846,0.22606743611410152,0.1212200000000001,0.2971501544433112,-1.572312901784205,0.0
2008-11-07,2.37,0.05338466679464493,-0.019152895328595876,-0.0026927046800536,-0.401,0.7671393042123416,58.0,-0.08669827230747884,0.010695746918073956,-0.21455457967377667,0.0007334354300052581,0.06341273797813508,8.805592628464085,0.0062308393883044304,0.019375096069340104,-2.053227623126369,-4.0,-0.14435860328796046,0.32792638546740455,7.231441113163545,-0.15000000000000002,-0.36627905825453044,0.0711569450863101,0.055819903783463305,0.031670784303434396,1.1414825321271636,0.2198161853787419,0.0928,0.28612871728841,-1.437472384523419,0.0
2008-11-14,2.31,0.06684344122205865,-0.019152895328595876,-0.0363822417060805,-0.401,0.8936804332485228,58.0,-0.08669827230747884,0.010695746918073956,-0.21455457967377667,0.0007334354300052581,0.06341273797813508,9.546001982304071,0.0062308393883044304,0.0165611722096814,0.06538720473581675,-4.0,-0.21109867781245406,0.3027493069474238,7.752073629070326,-0.16,-0.4002102856915477,0.047589268369048275,0.055819903783463305,-0.015373183272388902,1.1203971097692775,0.216310328858917,0.08065999999999995,0.2616124450949112,-1.207545006549924,1.0
2008-11-21,2.28,-0.011620750054680551,-0.019152895328595876,-0.0720239397139483,-0.401,1.00046311553827,58.0,-0.08669827230747884,0.010695746918073956,-0.21455457967377667,0.0007334354300052581,0.06341273797813508,10.146010963010921,0.0062308393883044304,0.013744455232482572,0.06538720473581675,-4.0,-0.15844153511843828,0.2799489749426334,8.213474379800038,-0.13,-0.4914442844777257,0.05449241841015482,0.055819903783463305,0.01679167039525331,1.1479836691647194,0.23240820695630748,0.07665999999999995,0.2107088377018847,-0.9950118706202037,1.0
2008-11-28,2.24,-0.03704386144992289,-0.019152895328595876,0.0899545541939096,-0.401,1.0932922291918197,58.0,-0.08669827230747884,0.010695746918073956,-0.1494565217391305,0.0007334354300052581,0.014117583304939695,10.629422156665651,0.004667169467650356,0.012035511595991923,0.3535533905932742,-4.0,-0.10846340891940154,0.3083597157310223,8.635050814216568,-0.01,-0.3864276759450116,0.05236277319851915,0.05284086000714694,-0.0983720962191712,1.0905398203182726,0.2624579259537428,0.02695000000000025,0.2536272574354927,-1.341084098933239,1.0
2008-12-05,2.14,0.01462739249528866,-0.010342473814287434,-0.0597634142317178,-0.387,1.2321242848632061,54.0,-0.11276192783181926,0.0009141290064560437,-0.24728260869565222,-0.00010140725615004342,0.03556478810461616,11.071585252347521,0.010386801893602604,0.010363766930363047,-2.2166596771648357,-6.0,-0.19748428586690026,0.3484634639589757,9.192982929565774,0.01,-0.5377208661350634,0.05721008333819377,0.06190166581244119,0.03512134037524661,0.9311582215663086,0.30229657657865494,-0.006780000000000008,0.2761857552962033,-1.5356740192417169,1.0
2008-12-12,2.24,0.05292092746396215,-0.010342473814287434,-0.0528926551707007,-0.387,1.3523932002914518,54.0,-0.11276192783181926,0.0009141290064560437,-0.24728260869565222,-0.00010140725615004342,0.03556478810461616,11.350093188366976,0.010386801893602604,0.019622002327162706,0.4982250417598176,-6.0,-0.21879005813883634,0.40781648533904125,9.690613704343864,0.0,-0.4929330504931855,0.060739844226711,0.06190166581244119,-0.06580116553138726,0.43466770104721675,0.3366180728934581,-0.06457000000000024,0.2886916298454437,-1.7854261992657376,1.0
2008-12-19,2.26,0.0022093215502849706,-0.010342473814287434,-0.0855177140377473,-0.387,1.4586977901353937,54.0,-0.11276192783181926,0.0009141290064560437,-0.24728260869565222,-0.00010140725615004342,0.03556478810461616,11.476866364058633,0.010386801893602604,0.029079054199821923,0.4982250417598176,-6.0,-0.2581362909351267,0.5380918668246716,10.136827858590202,0.0,-0.6370163989060638,0.05187935682828172,0.06190166581244119,-0.026166880046023855,-0.861557277888131,0.3989660467830385,-0.12415999999999983,0.27956279642115717,-1.7531803566082098,1.0
2008-12-26,2.29,-0.010054177792027663,-0.010342473814287434,0.1023312983404537,-0.387,1.5539066502218357,54.0,-0.11276192783181926,0.0009141290064560437,-0.24728260869565222,-0.00010140725615004342,0.03556478810461616,11.456942806069046,0.010386801893602604,0.03018978087585203,0.4982250417598176,-6.0,-0.21121038583071894,0.5678971234802532,10.538158774041486,0.009999999999999998,-0.6071875095367432,0.050238558238599185,0.06190166581244119,-0.026053504656070592,-1.948675617628037,0.44876178734357947,-0.1592699999999998,0.2064495787629215,-1.5406365411600687,1.0
2009-01-02,2.25,0.0032011668625024914,0.004352417375421025,-0.0092289616708469,-0.2649999999999999,1.6418048180928995,56.0,-0.13374567704176643,0.0002984650369528552,-0.12939297124600635,0.0019407629364986967,0.03044503571840758,11.02333189892443,0.012330684926568667,0.029559507389306284,-1.4841114422567723,-23.0,-0.23848997149011275,0.5109095530801658,10.494324401577744,0.05,-0.526708217553451,0.050560606190905646,0.04024726045137819,-0.03967100780628163,-1.894779635890029,0.47788447047290733,-0.1527400000000001,0.15869445034841959,-1.1366062992070483,0.0
2009-01-09,2.15,-0.052699382037699305,0.004352417375421025,0.0177678440841426,-0.2649999999999999,1.7212773105826116,56.0,-0.13374567704176643,0.0002984650369528552,-0.12939297124600635,0.0019407629364986967,0.03044503571840758,10.534631533113071,0.012330684926568667,0.03396833338993294,0.5387150674080033,-23.0,-0.32813644721354607,0.37391509731489,10.442184430772809,-0.009999999999999995,-0.5594993984721786,0.05378898233352492,0.04024726045137819,-0.1239855728778374,-1.708224951405351,0.5057370709341564,-0.15226000000000006,0.12395275597679707,-0.8978206737312187,1.0
2009-01-16,2.04,-0.03380959810769957,0.004352417375421025,-0.0154393817988412,-0.2649999999999999,1.7934445726712587,56.0,-0.13374567704176643,0.0002984650369528552,-0.12939297124600635,0.0019407629364986967,0.03044503571840758,9.982754360164499,0.012330684926568667,0.031011899926097552,0.5387150674080033,-23.0,-0.3993494182503172,0.27935832085079426,10.38161372181991,0.04999999999999999,-0.5968864033945709,0.051347903760778406,0.04024726045137819,-0.11268155044121708,-1.5192595928665045,0.5347304475936704,-0.12348999999999988,0.10110108096052028,-0.403777658166266,1.0
2009-01-23,2.05,-0.00614817481853569,0.004352417375421025,-0.0140610346667528,-0.2649999999999999,1.8591575045341144,56.0,-0.13374567704176643,0.0002984650369528552,-0.12939297124600635,0.0019407629364986967,0.03044503571840758,9.356527955636858,0.012330684926568667,0.03599330702740902,0.5387150674080033,-23.0,-0.4340473207879503,0.20479519386102638,10.312463720855765,-0.009999999999999995,-0.48770806206900674,0.055011473770767635,0.04024726045137819,0.00935201652029638,-1.3508186637501574,0.5503433728630841,-0.08994999999999997,0.07707834604172731,0.3634764351846867,0.0
2009-01-30,2.09,-0.05401273960390984,0.0,0.0312297497122402,-0.15900000000000003,1.9208375653134553,56.0,-0.13033488538330273,-0.0025981019684165885,-0.016245487364620947,0.0,0.006471027115683743,9.105281645624835,0.00881862436318744,0.0357620918159613,0.3535533905932738,-23.0,-0.42932817215620844,0.20102860492975608,10.302128966228386,0.13,-0.5314748118915984,0.040146963015839816,0.005743647139602158,-0.012221042427475182,-1.2087869545138734,0.5587908123311609,-0.05961000000000016,0.07923743703911852,1.4060058672309352,0.0
2009-02-06,2.02,-0.03925364878090298,0.004972933035904736,-0.0068086631969175,-0.15400000000000014,1.9708537956031111,56.0,-0.13562730377303278,0.002361910880378737,0.0072202166064982976,0.0020520276425606276,0.029925214037677943,9.010762795337849,0.008773613447529478,0.03376625800793768,-0.25155310768505534,4.0,-0.42488852257908194,0.237185882499669,10.536798979292268,0.040000000000000036,-0.5622752572915091,0.032938053552180366,0.010860523880949909,0.007630574796493206,-1.0767137715159267,0.5630327542452204,-0.030200000000000227,0.097678408200219,1.715030097793691,0.0
2009-02-13,2.08,-0.004340952460170078,0.004972933035904736,-0.06272523946408,-0.15400000000000014,2.016947614001027,56.0,-0.13562730377303278,0.002361910880378737,0.0072202166064982976,0.0020520276425606276,0.029925214037677943,8.83881300767326,0.008773613447529478,0.02507330560018177,0.4420701140252602,4.0,-0.4859122148282483,0.2153361160073867,10.762116536158569,0.009999999999999953,-0.6072251484656209,0.033354860053279485,0.010860523880949909,0.019127030918605403,-0.9125099648386391,0.5694087788804114,0.000560000000000116,0.09662150012120407,1.5774746747902209,0.0
2009-02-20,2.17,0.03914614299663666,0.004972933035904736,-0.0249314291721405,-0.15400000000000014,2.059382415740957,56.0,-0.13562730377303278,0.002361910880378737,0.0072202166064982976,0.0020520276425606276,0.029925214037677943,8.584780808993328,0.008773613447529478,0.018484295980507937,0.4420701140252602,4.0,-0.5619943054819277,0.17028862054088667,10.978657479871176,-0.019999999999999962,-0.6059103371233485,0.03674047358021196,0.010860523880949909,-0.001813616386032224,-0.7005051639131874,0.5774747387604968,0.01670000000000016,0.10148011768652987,1.362372298905813,1.0
2009-02-27,2.3,0.0002886881239030359,0.004972933035904736,-0.0075999255010824,-0.15400000000000014,2.098380197571228,56.0,-0.13562730377303278,0.002361910880378737,0.023853211009174258,0.0020520276425606276,0.028307379312206542,8.24107909289695,0.002151578158854786,0.018424189888128113,0.35355339059327384,4.0,-0.551783058341631,0.1833371211730012,11.136798487132014,-0.010000000000000009,-0.5604870391685218,0.04617779300812442,0.008433383628830523,0.02105649931380249,-0.44788709633367096,0.5814257648748895,0.01631999999999989,0.10979689040594458,1.0677884459853644,1.0
2009-03-06,2.37,-0.0077229185095883945,0.0024317484554154944,0.0255511673860202,-0.15800000000000014,2.1525345928216906,56.0,-0.14656035046526472,-0.003835562549173832,-0.05871559633027523,0.002116698501322345,0.029858562572696343,8.004710151865787,0.005644892456105686,0.016380466706266684,-2.2920134957113594,-1.0,-0.5961715721490395,0.16689924248737872,11.4255904725777,-0.05000000000000002,-0.5670946286523776,0.043918644437341066,0.030867116143000344,-0.009991124222713588,-0.18240683045167547,0.5886924694009856,0.004070000000000018,0.09257236551531443,0.7052303125975302,1.0
2009-03-13,2.25,-0.0009482900536837979,0.0024317484554154944,-0.0144043188243364,-0.15800000000000014,2.202099421656474,56.0,-0.14656035046526472,-0.003835562549173832,-0.05871559633027523,0.002116698501322345,0.029858562572696343,7.625967782215131,0.005644892456105686,0.01880677270046889,0.4814403175633616,-1.0,-0.6015403415445194,0.09471762545288084,11.678237098100745,-0.009999999999999981,-0.5803466075292246,0.04349582992770633,0.030867116143000344,0.043048347442936896,-0.8579134024745735,0.5944297430790559,-0.037290000000000045,0.05548487567373609,-0.3840686966269828,1.0
2009-03-20,2.14,0.08814254593543391,0.0024317484554154944,-0.0494465876119326,-0.15800000000000014,2.247378366509804,56.0,-0.14656035046526472,-0.003835562549173832,-0.05871559633027523,0.002116698501322345,0.029858562572696343,7.082046640299904,0.005644892456105686,0.024136819774563487,0.4814403175633616,-1.0,-0.5337010003112985,0.11673382420827895,11.897041344812603,0.01999999999999999,-0.49862526306578814,0.03863378940459197,0.030867116143000344,0.010270127288360908,-2.2170040472102603,0.6050948842987719,-0.07242000000000015,0.03891382420482896,-1.5076124459452436,1.0
2009-03-27,2.21,0.002232283247425526,0.0024317484554154944,0.0331742407913969,-0.15800000000000014,2.288625821641347,56.0,-0.14656035046526472,-0.003835562549173832,-0.05871559633027523,0.002116698501322345,0.029858562572696343,6.330512192183437,0.005644892456105686,0.025273201328385727,0.4814403175633616,-1.0,-0.6294897988477084,0.11683321445549488,12.083841722284774,-0.07999999999999999,-0.5040712014201278,0.03959840377502301,0.030867116143000344,0.030240514199646795,-2.184845815743487,0.6124183388170839,-0.10508999999999968,0.04342481186686753,-1.7844630777926078,1.0
2009-04-03,2.18,0.003562539463089598,0.002496368277788097,-0.0359253403676818,-0.08400000000000007,2.336380966067714,53.0,-0.1481395936696125,-0.007368857152167174,-0.06630824372759858,0.0020755728443595522,0.04763777942663224,6.197269870366497,0.005881692401205731,0.025153115722072402,-0.9006347452849076,-3.0,-0.592254848552276,0.10682930309612466,12.126827893193285,0.06999999999999998,-0.5056952211034087,0.0407480449312968,0.029803844171324586,-0.002008934494652115,-2.003387469334986,0.6168830079930454,-0.1244400000000001,0.04068608045530619,-1.5348581782121544,1.0
2009-04-10,2.17,0.004635544336141217,0.002496368277788097,0.0767298055908169,-0.08400000000000007,2.379720602752115,53.0,-0.1481395936696125,-0.007368857152167174,-0.06630824372759858,0.0020755728443595522,0.04763777942663224,6.048648927335125,0.005881692401205731,0.02659626557880808,0.5089182698800091,-3.0,-0.6353903760478161,0.12040853078464968,12.15726201115377,-0.03,-0.5256945526787737,0.0387612833812204,0.029803844171324586,-0.012031488602320672,-1.8400006620073073,0.6203510354950968,-0.14002000000000003,0.03999999999948112,-1.3191358558320583,1.0
2009-04-17,2.24,0.04688607963427671,0.002496368277788097,0.0030314854125255,-0.08400000000000007,2.4188820841789065,53.0,-0.1481395936696125,-0.007368857152167174,-0.06630824372759858,0.0020755728443595522,0.04763777942663224,5.883484054145395,0.005881692401205731,0.02659259158790537,0.5089182698800091,-3.0,-0.6477755616157208,0.12544207542016303,12.175238204625236,-0.03999999999999998,-0.5686862560798472,0.025846846597703425,0.029803844171324586,-0.06109544355617913,-1.691116269126339,0.6214425149574995,-0.14178999999999986,0.042907708264715884,-1.0536422230224805,1.0
2009-04-24,2.31,0.004717132144643976,0.002496368277788097,0.0449536509063555,-0.08400000000000007,2.454065440977462,53.0,-0.1481395936696125,-0.007368857152167174,-0.06630824372759858,0.0020755728443595522,0.04763777942663224,5.7003373719320045,0.005881692401205731,0.028203127237421556,0.5089182698800091,-3.0,-0.6992611655704009,0.15202795795511945,12.180811629185502,-0.04000000000000001,-0.5650523059639633,0.029912271828684712,0.029803844171324586,-0.016562022179977598,-1.5727632318857308,0.6195708386720203,-0.13905000000000012,0.04131758532515398,-0.817628381471842,1.0
2009-05-01,2.32,-0.05922218196186113,0.0028887638341774657,0.0437253885964535,-0.004999999999999893,2.496897831872213,48.0,-0.15160361194166794,-0.012814357989586078,0.08382066276803113,0.000905324956791409,0.049291816530142946,5.737997506501192,0.004283856200596497,0.02793536787451162,-1.820975951664839,3.0,-0.6709659586864445,0.1895671761822646,12.076974714322146,0.06,-0.5426409826124969,0.03110114077574038,0.023603023016142245,-0.009617651585631493,-1.4905333338717406,0.616068031149601,-0.13501000000000007,0.04015594601000627,-0.6032164358307334,1.0
2009-05-08,2.32,0.0063124421786877605,0.0028887638341774657,0.0234831878373405,0.10400000000000009,2.5345814047543875,48.0,-0.15160361194166794,-0.012814357989586078,0.08382066276803113,0.000905324956791409,0.049291816530142946,5.771148399248832,0.004283856200596497,0.024888971356076726,0.5366111955001143,3.0,-0.6263326704096682,0.22145218768071545,11.959632328372962,0.03,-0.5345347610808082,0.033560565955998205,0.023603023016142245,-0.05070845493563858,-1.424137557146744,0.6137190979770308,-0.12385999999999986,0.04290770826471627,-0.04856026018497676,1.0
2009-05-15,2.37,0.056060849387284506,0.0028887638341774657,0.0131389318567978,0.10400000000000009,2.567342893373537,48.0,-0.15160361194166794,-0.012814357989586078,0.08382066276803113,0.000905324956791409,0.049291816530142946,5.7998673724887935,0.004283856200596497,0.016418471145626043,0.5366111955001143,3.0,-0.6306111321147552,0.16448512742147972,11.828382538798882,-0.01999999999999999,-0.5538839199924268,0.03247828526846987,0.023603023016142245,-0.016772555799118127,-1.353036687428246,0.6107652581829942,-0.10142000000000007,0.045039665057924054,1.5780699792096393,1.0
2009-05-22,2.42,-0.0067015700131718425,0.0028887638341774657,0.0384704638560358,0.10400000000000009,2.5953686996831093,48.0,-0.15160361194166794,-0.012814357989586078,0.08382066276803113,0.000905324956791409,0.049291816530142946,5.824219987392044,0.004283856200596497,0.01659334375853245,0.5366111955001143,3.0,-0.7035506451155742,0.18477785890863727,11.682756627323554,0.009999999999999981,-0.5334745666845662,0.0314797243361684,0.023603023016142245,-0.015109251072094376,-1.2899011516905745,0.6069577414031325,-0.08402999999999994,0.04234214381459366,1.907542889984387,1.0
2009-05-29,2.4,-0.0465325957815067,0.0,-0.016355913232855,0.10400000000000009,2.618810868074344,48.0,-0.15160361194166794,-0.012814357989586078,0.06717850287907878,0.0,0.019551339571978302,5.844260827117756,0.0035707352084369073,0.01679311055869794,0.3535533905932738,3.0,-0.6723062449247177,0.1945645320783316,11.522209519757658,-0.03999999999999998,-0.47930900390180475,0.02842521403200204,0.023751187467878365,0.008646397446607668,-1.21515624475349,0.5988971765289266,-0.05928,0.04367084676419018,1.8263232307977135,1.0
2009-06-05,2.45,-0.001163397216019324,0.008589892263953347,0.030393264041129,0.14900000000000002,2.623935785667303,52.0,-0.15282480369076357,-0.014267760436898702,0.1535508637236085,0.0009501882103570836,0.020944739874153014,5.83991570012906,0.0036285313350454492,0.015038450034492314,-0.5609069933552816,7.0,-0.6952651005009551,0.2606824833832528,11.174250593205707,0.06,-0.5059910079535368,0.02877074245448395,0.03447826580860634,-0.02778893318069975,-1.1556920697005455,0.5970880822616589,-0.047130000000000005,0.13925823904823822,1.5300649774142598,0.0
2009-06-12,2.56,-0.012224123367481798,0.008589892263953347,-0.042528019552253,0.14900000000000002,2.623079710134147,52.0,-0.15282480369076357,-0.014267760436898702,0.1535508637236085,0.0009501882103570836,0.020944739874153014,5.803579797119789,0.0036285313350454492,0.013492777401970382,0.4777546064697655,7.0,-0.6944950405914005,0.27725375174584266,10.798214337604346,-0.010000000000000009,-0.4658163978237613,0.029618112034075467,0.03447826580860634,-0.011501734582237133,-1.107902326182657,0.5863091087820024,-0.035660000000000025,0.17658971819273114,1.3589149923963713,0.0
2009-06-19,2.53,0.009857247757025345,0.008589892263953347,0.0045752192502747,0.14900000000000002,2.6162367702446505,52.0,-0.15282480369076357,-0.014267760436898702,0.1535508637236085,0.0009501882103570836,0.020944739874153014,5.734645049709036,0.0036285313350454492,0.012276322015035496,0.4777546064697655,7.0,-0.6897029452124619,0.27180612838671203,10.39105297361398,0.0,-0.4833605290862317,0.024271020721066114,0.03447826580860634,-0.01056493497970068,-1.0905508394299852,0.5782089616378082,-0.030200000000000005,0.19123190857464903,1.166018609254261,1.0
2009-06-26,2.62,-0.022656399651246995,0.008589892263953347,0.0186963274425663,0.14900000000000002,2.603359756947481,52.0,-0.15282480369076357,-0.014267760436898702,0.08093525179856109,0.0009501882103570836,0.010807308882763732,5.631914553547492,0.0013324777324117255,0.01316338729281447,0.3535533905932738,7.0,-0.7007880061038625,0.24893702588635772,9.948945842579587,0.010000000000000009,-0.5067398876654554,0.020633430275057298,0.02861493269190168,-0.008197738318328623,-1.1586748181092819,0.5711825208254829,-0.036760000000000015,0.18228215961592642,0.8104770425381677,1.0
2009-07-03,2.72,-0.009846112528269835,-0.0015855869221532704,0.0155434811482404,0.11399999999999988,2.582651659874092,57.0,-0.14018720654921957,-0.02097161353676058,0.07014388489208634,0.0006891452773012396,0.02766512670596852,5.491251783869017,0.00438506619657589,0.012817222197722805,2.3602941329316187,17.0,-0.7337408780350474,0.22715240321360577,9.554795531410301,-0.03,-0.5407116357592768,0.01921122980952021,0.029327975752106886,0.00030698598748152284,-1.3119145260368354,0.5638472135617499,-0.045359999999999956,0.18376518401781985,0.3797339785206327,1.0
2009-07-10,2.6,-0.006425422074991971,-0.0015855869221532704,-0.0013766023366835,0.11399999999999988,2.553040399083613,57.0,-0.14018720654921957,-0.02097161353676058,0.07014388489208634,0.0006891452773012396,0.02766512670596852,5.344299623106564,0.00438506619657589,0.012815013432898172,-0.21440399104579805,17.0,-0.7166498801618202,0.18706377827591145,9.128771251107798,0.009999999999999981,-0.5871932820941772,0.019468452280372604,0.029327975752106886,-0.022977077282412522,-1.5001262927884973,0.5561592597197033,-0.05503000000000002,0.1792643698164102,-0.34037601955559266,1.0
2009-07-17,2.5,0.04000070255025734,-0.0015855869221532704,-0.0408478728062641,0.11399999999999988,2.5142114217785023,57.0,-0.14018720654921957,-0.02097161353676058,0.07014388489208634,0.0006891452773012396,0.02766512670596852,5.19052391012092,0.00438506619657589,0.009497113657530545,-0.21440399104579805,17.0,-0.6528855235302228,0.18047061494089564,8.666173555991339,-0.009999999999999981,-0.5068280651363677,0.018950885933826517,0.029327975752106886,0.008927991111364414,-1.627036076762156,0.5467178911364714,-0.06655,0.169115345252761,-1.5487098532264207,1.0
2009-07-24,2.24,-0.01614030922805898,-0.0015855869221532704,-0.019384016568965,0.11399999999999988,2.4657292994965596,57.0,-0.14018720654921957,-0.02097161353676058,0.07014388489208634,0.0006891452773012396,0.02766512670596852,5.029298773571188,0.00438506619657589,0.008193346096193507,-0.21440399104579805,17.0,-0.5932408540067761,0.17695842933945768,8.160785274077012,0.009999999999999981,-0.44791496128203045,0.018189036665992694,0.029327975752106886,0.01115330166609721,-1.6471368427323354,0.5368070439304015,-0.07132,0.1550057602615028,-1.5391818519426892,1.0
2009-07-31,2.17,-0.018859235478550507,0.0,-0.0160254543579616,0.11399999999999988,2.4158350653722946,66.0,-0.12647294750543003,-0.01704809983294242,-0.009983361064891838,0.0,0.023969721396154085,4.727009137352486,0.003991696166063979,0.005601368267329845,-0.3535533905932738,14.0,-0.6109276664079926,0.16472921503399596,7.929625418392571,0.0,-0.44484414232339886,0.01726928664034525,0.0035296511540097867,-0.01524030507524532,-1.5862689687128597,0.528937008512717,-0.06852000000000003,0.1322065483572273,-1.0583321588782353,1.0
2009-08-07,2.04,-0.005670449132162303,0.002242850044810618,-0.0179919506605384,0.037000000000000144,2.343770917813302,66.0,-0.11689299172061052,-0.014843486119606064,0.024958402662229595,0.0010626507892348425,0.02379336557168853,4.6813870396906,0.005152266032494352,0.007475190747246605,1.5885887508125547,-13.0,-0.5545586857147152,0.1801388353465243,7.675621041390736,0.010000000000000009,-0.38428817548455607,0.014924942797648522,0.01344439840226213,-0.024503393791105,-1.488420494269205,0.5277306705446513,-0.05978,0.13680016708413117,-0.36511746477492485,1.0
2009-08-14,1.95,0.012917736399955082,0.002242850044810618,0.0422797843369235,0.037000000000000144,2.2615955742992053,66.0,-0.11689299172061052,-0.014843486119606064,0.024958402662229595,0.0010626507892348425,0.02379336557168853,4.632327874671658,0.005152266032494352,0.008358625582553224,-0.5399858028467327,-13.0,-0.5998517161364594,0.16749733473359918,7.3964189696541744,-0.010000000000000009,-0.40660979055812607,0.015473167721882078,0.01344439840226213,-0.018531469091470104,-1.38462500669213,0.5230403345379472,-0.04888999999999999,0.12162589010082249,0.6235838004006435,1.0
2009-08-21,1.94,0.02270188232760062,0.002242850044810618,0.0044358824122924,0.037000000000000144,2.168159667226884,66.0,-0.11689299172061052,-0.014843486119606064,0.024958402662229595,0.0010626507892348425,0.02379336557168853,4.579721187348052,0.005152266032494352,0.008174747475345577,-0.5399858028467327,-13.0,-0.6424837531553299,0.16429503079174168,7.089042593106443,-0.009999999999999981,-0.355179319739486,0.015516727810230065,0.01344439840226213,0.010186267135923022,-1.296339431056041,0.5176770760356437,-0.040500000000000036,0.123049061063186,1.443352890498893,1.0
2009-08-28,1.89,0.006920662065832861,0.002242850044810618,0.0211538127324735,0.037000000000000144,2.0619329566904767,66.0,-0.11689299172061052,-0.014843486119606064,0.03529411764705892,0.0010626507892348425,0.0016070608663324808,4.523443208611882,0.003877413801649459,0.00807814764163145,-0.35355339059327373,-13.0,-0.618154343000267,0.16651362020654023,6.749643865248878,-0.020000000000000018,-0.369998281304752,0.014688277097949547,0.012478354962115691,-0.0265364059202311,-1.2441189898278329,0.5121019588808621,-0.036599999999999966,0.12011898862599421,1.4832254598339747,1.0
2009-09-04,1.6,0.004249839269517386,0.0006254806934959944,0.0466630541551909,-0.06499999999999995,1.9600792861105434,59.0,-0.06805879122929537,-0.012862059666427395,0.0235294117647058,0.001931698071946597,0.042233917381767364,4.180725001535024,0.004614497229199812,0.008595852806919749,1.3742995831614309,-3.0,-0.6337763499904139,0.13522468075657076,6.3802343725420165,-0.009999999999999981,-0.35969128783213233,0.01610220054553223,0.0136445880432101,0.009918769162055197,-1.2215576455876629,0.5095931524221049,-0.032180000000000014,0.11438500151413611,1.3460182660904463,1.0
2009-09-11,1.5,0.0020281035839748718,0.0006254806934959944,-0.0178615839578815,-0.06499999999999995,1.8447351901738245,59.0,-0.06805879122929537,-0.012862059666427395,0.0235294117647058,0.001931698071946597,0.042233917381767364,3.7874285979558575,0.004614497229199812,0.01104666498280303,-0.5358480065053868,-3.0,-0.5981536834601469,0.1534135400990294,5.965303146442666,0.0,-0.3151808588007795,0.014685722625234108,0.0136445880432101,0.00040514927108209475,-1.2505336559274118,0.5049218911265255,-0.033,0.13065084330804386,0.9994622514678788,1.0
2009-09-18,1.37,0.02482679149748135,0.0006254806934959944,0.0004075175994655,-0.06499999999999995,1.7131780000818497,59.0,-0.06805879122929537,-0.012862059666427395,0.0235294117647058,0.001931698071946597,0.042233917381767364,3.32565782966295,0.004614497229199812,0.01109391556952199,-0.5358480065053868,-3.0,-0.4983401875639656,0.14505540813280166,5.494546864744014,-0.06000000000000001,-0.3109517091083802,0.014395848066090624,0.0136445880432101,-0.001108600114248709,-1.3058945186913182,0.5003543239266753,-0.032789999999999986,0.13125085033722964,0.8163754119067403,1.0
2009-09-25,1.15,0.008808369820678008,0.0006254806934959944,0.0071242990130526,-0.06499999999999995,1.5613147095111821,59.0,-0.06805879122929537,-0.012862059666427395,0.0235294117647058,0.001931698071946597,0.042233917381767364,2.7612706105367253,0.004614497229199812,0.011140661284185036,-0.5358480065053868,-3.0,-0.46667561161767257,0.15296474850669523,4.952070426427226,0.020000000000000004,-0.382355720646959,0.017088718255853563,0.0136445880432101,-0.0031694151817762972,-1.335504037887714,0.4928748353469411,-0.028840000000000005,0.1315566146459492,0.980809084812299,1.0
2009-10-02,0.96,-0.008158411511740571,0.000963101185818438,-0.0070743868946601,0.0020000000000000018,1.459410617162053,56.0,-0.07474512230012276,-0.0018284827748612509,-0.0535714285714286,0.002641869770825922,0.04608402748307699,2.8833740919007758,0.003125907997407224,0.00933054505654988,0.4020365602858506,10.0,-0.35879314183981126,0.09590732133532122,4.974899288035187,0.0,-0.2548998828853771,0.01732443126275251,0.015054923835939213,0.0028829755856681905,-1.308482760438562,0.4894480839146132,-0.02216,0.08514693182939277,1.536201360706977,1.0
2009-10-09,0.2,-0.001370374868053581,0.000963101185818438,0.0209300194195916,0.0020000000000000018,1.345713972397362,56.0,-0.07474512230012276,-0.0018284827748612509,-0.0535714285714286,0.002641869770825922,0.04608402748307699,2.967516444125005,0.003125907997407224,0.00920398617518468,-0.46025941295783085,10.0,-0.27008414807913794,0.09249517361927281,4.997548418582649,-0.03,-0.07631918324431719,0.02041648054614889,0.015054923835939213,0.002772101651559611,-1.283767005822989,0.4807621447441851,-0.020710000000000006,0.07918107638256745,1.5023742260045514,1.0
2009-10-16,0.04,0.025584097178504406,0.000963101185818438,0.0175121428640723,0.0020000000000000018,1.2169239336114956,56.0,-0.07474512230012276,-0.0018284827748612509,-0.0535714285714286,0.002641869770825922,0.04608402748307699,3.016875612539723,0.003125907997407224,0.00944516713548664,-0.46025941295783085,10.0,-0.2954612001329747,0.08843884085304858,5.020020250780855,0.0,0.09297147455864985,0.020627211559820044,0.015054923835939213,-0.01114344290462449,-1.2460823015145186,0.4692156736686383,-0.01693,0.05166858675347866,1.552015461836482,1.0
2009-10-23,-0.8,0.0037997306623944738,0.000963101185818438,-0.021753651418075,0.0020000000000000018,1.0675919836521304,56.0,-0.07474512230012276,-0.0018284827748612509,-0.0535714285714286,0.002641869770825922,0.04608402748307699,3.0331501776203678,0.003125907997407224,0.009722119897786692,-0.46025941295783085,10.0,-0.23272955613177504,0.10377688980281251,5.042317155099315,0.0,0.2548713653190686,0.02058897094569542,0.015054923835939213,0.006332507785329178,-1.1999659668285094,0.4645302448886554,-0.013219999999999999,0.05656854249456086,1.515629553156861,1.0
2009-10-30,-0.96,-0.01798267154115707,0.0,-0.0127867746018812,-0.07700000000000018,0.8874077110274236,56.0,-0.07474512230012276,-0.0018284827748612509,-0.04269293924466333,0.0,0.013949725615244764,3.124346085429226,0.0009529882722844931,0.01215928503340125,-0.3535533905932739,11.0,-0.256228795228001,0.10569497893197571,5.098871610893292,-0.020000000000000004,0.13552577455065218,0.01934875415314693,0.015094233424343453,0.037801694322644214,-1.1326851134972922,0.4509227592855053,-0.00794,0.06071008388787783,1.530622108542399,1.0
2009-11-06,-1.0,0.001633097189638777,0.0007077533687673832,0.0307873495115601,-0.2280000000000002,0.9221866634152901,60.0,-0.0583001235670767,0.01838295869130291,0.02298850574712641,0.000748295926095599,0.01968573036530148,3.1339333849871363,0.0016861109479814943,0.00977129219397804,2.051414228982088,4.0,-0.31996450925785314,0.11032419757891139,5.111538716893196,0.009999999999999995,0.2685124368253269,0.025729003871005896,0.030345958500787938,0.00314694028015719,-1.1325517430560526,0.4444068360156725,-0.00893,0.0676123403779768,1.1178628322655908,1.0
2009-11-13,-1.1,-0.013871164264200653,0.0007077533687673832,0.0030742602480557,-0.2280000000000002,0.9554676281844016,60.0,-0.0583001235670767,0.01838295869130291,0.02298850574712641,0.000748295926095599,0.01968573036530148,3.139083648749205,0.0016861109479814943,0.009563179248679778,-0.5214340709051549,4.0,-0.3041824557915206,0.10783585409581338,5.120567464782309,0.0,0.3385343136159946,0.025705013683401168,0.030345958500787938,-0.011136388969568783,-1.2275260452587469,0.43914814529308194,-0.01183,0.07472568883180057,0.6217064888580454,1.0
2009-11-20,-1.94,0.03451278316280537,0.0007077533687673832,0.0058148799954062,-0.2280000000000002,0.9874020886006024,60.0,-0.0583001235670767,0.01838295869130291,0.02298850574712641,0.000748295926095599,0.01968573036530148,3.1398187110819005,0.0016861109479814943,0.009751702747824125,-0.5214340709051549,4.0,-0.3172839855933366,0.10010708552060965,5.125977080093171,-0.039999999999999994,0.5365511866970742,0.022529246669015773,0.030345958500787938,0.0006861122234191053,-1.3736676189460004,0.43996756187849123,-0.01389,0.0939604780135223,0.1087856401705403,1.0
2009-11-27,-2.24,-0.0010693971760127319,0.0007077533687673832,-0.0337792839466012,-0.2280000000000002,1.0181167567497083,60.0,-0.0583001235670767,0.01838295869130291,0.06861063464837058,0.000748295926095599,0.016025082859751648,3.136141676548285,0.0015337526811212206,0.009751400091100863,-0.35355339059327384,4.0,-0.2024577988142796,0.08827716093565313,5.127779016987599,0.009999999999999998,0.3972074706111324,0.022479731930702494,0.024257522510687822,0.003823412057031489,-1.5762666890490895,0.4387251430351885,-0.01846,0.12235778917333566,-0.9953417806971917,1.0
2009-12-04,-0.12,-0.0010356428849520594,-0.001761198169463296,0.0154081828115677,-0.09099999999999997,1.1131152282035437,71.0,-0.02704223119324234,0.027213311262058282,0.13893653516295035,0.000974323185266357,0.03309065835357552,3.136141676548285,0.0019447785831216095,0.010462787541549582,1.5469881109381238,-3.0,-0.20132360093929114,0.08999007881825807,5.038426997221884,0.03,0.8493016094357717,0.021553496864661948,0.0311214673745436,-0.0028859531230525926,-1.7223301638342483,0.4349109234225346,-0.02444,0.11498447100102802,-1.8515620927969074,1.0
2009-12-11,-0.38,-0.00802650001769456,-0.001761198169463296,0.0071942437624154,-0.09099999999999997,1.1984461821518746,71.0,-0.02704223119324234,0.027213311262058282,0.13893653516295035,0.000974323185266357,0.03309065835357552,3.136141676548285,0.0019447785831216095,0.012447979719691568,-0.539661657277155,-3.0,-0.059220082768783544,0.10439451271841939,4.938230824925139,-0.03,0.509723521813013,0.029359457179121938,0.0311214673745436,-0.025607727203364322,-1.7655646653401964,0.42966133318792676,-0.030690000000000002,0.10569497893176406,-1.8363244191051549,1.0
2009-12-18,-0.31,0.022585246958103822,-0.001761198169463296,-0.0117970548995542,-0.09099999999999997,1.2760505284438681,71.0,-0.02704223119324234,0.027213311262058282,0.13893653516295035,0.000974323185266357,0.03309065835357552,3.136141676548285,0.0019447785831216095,0.011300666534678845,-0.539661657277155,-3.0,0.08398949098841269,0.11057479692175619,4.826515188909879,0.020000000000000004,1.1659286366640962,0.029898915133623253,0.0311214673745436,-0.02730034006576218,-1.7075407254430002,0.40431360936900085,-0.032420000000000004,0.06819090848461516,-1.4407118565782475,1.0
2009-12-25,-0.28,1.7890983972757013e-05,-0.001761198169463296,-0.0106054718320795,-0.09099999999999997,1.3472641204088527,71.0,-0.02704223119324234,0.027213311262058282,0.13893653516295035,0.000974323185266357,0.03309065835357552,3.136141676548285,0.0019447785831216095,0.010924086439441458,-0.539661657277155,-3.0,-0.03141093048883259,0.17027289021702444,4.702459162177296,0.0,1.069742904976506,0.02911662444375631,0.0311214673745436,-0.01127962762710602,-1.6093549523879338,0.38287606341960223,-0.03062999999999999,0.09165151389888387,-0.9840748966790637,0.0
2010-01-01,-0.25,-0.0007764548128793569,0.0034174735701484327,-0.0034959315273778,-0.07799999999999985,1.409397440352527,69.0,0.0087230439200634,0.026257086429576137,0.020866773675762396,-0.0011227765176723414,0.027031971830498193,3.3468699498990007,0.003915225485283146,0.010621024582259534,2.3063552229640103,-12.0,-0.06682300365873284,0.20948491251503087,4.732154697858476,0.009999999999999995,0.7125593515113453,0.022866847947459995,0.029372883151555545,-0.007756263789107681,-1.4824599594195775,0.3739772377551834,-0.024969999999999992,0.14491376746174842,-0.19619271228094456,0.0
2010-01-08,-0.09,0.0005536987028589291,0.0034174735701484327,-0.0160177613383446,-0.07799999999999985,1.4671741049991986,69.0,0.0087230439200634,0.026257086429576137,0.020866773675762396,-0.0011227765176723414,0.027031971830498193,3.5381437984429094,0.003915225485283146,0.010805899249374511,-0.4775485774687788,-12.0,0.042240806231732764,0.22644772339012986,4.761585854436516,-0.009999999999999995,1.0266959659321295,0.02611484512956129,0.029372883151555545,-0.004783637271152802,-1.3625280440145877,0.36087396010654244,-0.020200000000000023,0.1478174549908024,0.6442965310162423,0.0
2010-01-15,0.0,0.0252296779319503,0.0034174735701484327,0.0076622364635433,-0.07799999999999985,1.5210906411732588,69.0,0.0087230439200634,0.026257086429576137,0.020866773675762396,-0.0011227765176723414,0.027031971830498193,3.7129710268398712,0.003915225485283146,0.010920737667315746,-0.4775485774687788,-12.0,0.18537801386452912,0.21354156504062893,4.79075750441022,0.009999999999999995,1.1364010842475563,0.024288124127501944,0.029372883151555545,-0.006793690803788402,-1.1954510832322292,0.33819278374084305,-0.009479999999999988,0.138564064605359,1.870557161187753,0.0
2010-01-22,0.09,-0.017408037701269752,0.0034174735701484327,0.0158057618820305,-0.07799999999999985,1.5715443989039193,69.0,0.0087230439200634,0.026257086429576137,0.020866773675762396,-0.0011227765176723414,0.027031971830498193,3.8735791439718734,0.003915225485283146,0.010389485604398885,-0.4775485774687788,-12.0,0.2879591866243276,0.14409818081532708,4.819674359865279,0.0,0.6040455983960376,0.024522609338299965,0.029372883151555545,0.03282691709379011,-0.9694172491774494,0.3256469949335045,0.0012099999999999889,0.11212238211609181,1.9255353555115005,1.0
2010-01-29,0.38,-0.002184912909904302,0.0,0.0001735269175354,-0.07799999999999985,1.6188591759521325,69.0,0.0087230439200634,0.026257086429576137,-0.04216867469879515,0.0,0.00926553713278915,3.9287892047529245,0.0038535944633924907,0.011069421162786563,-0.3535533905932738,-9.0,0.1616482351518711,0.12391673471673653,4.848340979800177,0.020000000000000004,0.748800356428909,0.024497062920542496,0.014908877916583917,0.003924023337250088,-0.7387790886750926,0.32008170855400436,0.0041300000000000225,0.11423659658777614,1.497107186292587,1.0
2010-02-05,0.7,0.0010828319727835822,0.0002492073820765661,0.0352751331262772,-0.019000000000000128,1.6486502448558455,56.0,0.018708182344855606,0.02143331778145363,-0.02108433734939763,0.0004441765284430854,0.010505560841883615,4.917785618000633,0.0038922823875620497,0.010926658348304454,0.49364260222457135,16.0,0.15521568340730596,0.12839670667783967,5.142428427868111,0.020000000000000004,0.7722182147481882,0.022214196090684604,0.017776257106574704,0.02905710631594119,-0.4998645371169344,0.3179882915211118,0.0036299999999999943,0.12212405870361473,1.1167618957095162,1.0
2010-02-12,0.67,0.003272101467155064,0.0002492073820765661,-0.0266303354220149,-0.019000000000000128,1.6770948847896183,56.0,0.018708182344855606,0.02143331778145363,-0.02108433734939763,0.0004441765284430854,0.010505560841883615,5.706271853104873,0.0038922823875620497,0.010972901766273324,-0.4705651645196336,16.0,0.22821198602777204,0.11843473187493012,5.416130034909823,0.0,0.9762730090782883,0.026901591350387503,0.017776257106574704,0.00782625469729692,-0.4642457557812071,0.3127175562467474,-0.003269999999999995,0.1203269355902064,0.4880505360954548,1.0
2010-02-19,0.57,0.009259181301372488,0.0002492073820765661,-0.0246106413895306,-0.019000000000000128,1.7042605140462561,56.0,0.018708182344855606,0.02143331778145363,-0.02108433734939763,0.0004441765284430854,0.010505560841883615,6.369156446983563,0.0038922823875620497,0.009900139955715299,-0.4705651645196336,16.0,0.2591113569492707,0.1083562246877047,5.672397510253341,0.009999999999999995,1.0495634405043868,0.02896910477566467,0.017776257106574704,0.0016506075764883,-1.5052728748291317,0.3042466526373723,-0.017020000000000007,0.11605879052058501,-0.7697298391444259,1.0
2010-02-26,0.58,0.00375531157275244,0.0002492073820765661,-0.0139168728778005,-0.019000000000000128,1.7302073781233156,56.0,0.018708182344855606,0.02143331778145363,0.022012578616352307,0.0004441765284430854,0.003801649361217782,6.9425111838916,0.0013268748823732834,0.011242273764468123,-0.35355339059327384,16.0,0.14649839320187863,0.0995705062470145,5.913497866201878,0.020000000000000004,0.7797141789387965,0.028755736389286506,0.007782621805512538,0.0009545824956642968,-2.266215374302144,0.2998976698276333,-0.028609999999999997,0.06761234037796868,-1.6311293496306378,1.0
2010-03-05,0.37,-0.0026157776886410744,0.004106283536571276,0.0117903225927647,0.10299999999999998,1.758187654718112,51.0,0.04200672107537207,0.023139594469439473,0.08018867924528306,0.00023558086539732237,0.003801649361217782,7.123525488451191,0.002591997572663501,0.010476863472174093,2.133700096517318,5.0,0.16425855839614467,0.0665475125648779,5.854540206168246,0.01999999999999999,0.7904217746135755,0.025453223748569488,0.02051457875094723,-0.009960728212925013,-2.129562446247989,0.2894541594229724,-0.039600000000000024,0.05878228596111924,-1.7666990185929494,1.0
2010-03-12,0.5,0.001020548236583041,0.004106283536571276,0.0091509741252512,0.10299999999999998,1.784192383666703,51.0,0.04200672107537207,0.023139594469439473,0.08018867924528306,0.00023558086539732237,0.003801649361217782,7.29478211832571,0.002591997572663501,0.012328805917442927,-0.5116580177015565,5.0,0.11902344427174794,0.05928141120357116,5.794722465006845,0.0,0.7565404943517737,0.02746357852199652,0.02051457875094723,-0.02029979175063018,-1.9488662564621322,0.2805029419676523,-0.04602999999999996,0.07130167299149674,-1.4989590781906104,1.0
2010-03-19,0.63,0.011182164616113877,0.004106283536571276,0.0084440578725535,0.10299999999999998,1.8083067962891828,51.0,0.04200672107537207,0.023139594469439473,0.08018867924528306,0.00023558086539732237,0.003801649361217782,7.456953389029075,0.002591997572663501,0.011768556852868903,-0.5116580177015565,5.0,-0.013721335342509633,0.05946187253791685,5.734017725471173,0.010000000000000009,0.5801018044503754,0.023967890497793205,0.02051457875094723,-0.05122534937632561,-1.7639944135435621,0.2574133865666847,-0.045509999999999995,0.08895223437305,-1.1218240442468579,1.0
2010-03-26,0.9,0.0022322386034296926,0.004106283536571276,0.0048435457684561,0.10299999999999998,1.830605597040855,51.0,0.04200672107537207,0.023139594469439473,0.08018867924528306,0.00023558086539732237,0.003801649361217782,7.610620110183979,0.002591997572663501,0.010709874078056342,-0.5116580177015565,5.0,0.06637288192574453,0.08382592507265783,5.672397510253342,-0.01999999999999999,0.5273004652284672,0.02385419030616717,0.02051457875094723,-0.008609242657522803,-1.592784544766041,0.2424052270840415,-0.040590000000000015,0.09898592973585997,-0.6918349316505158,1.0
2010-04-02,0.8,-0.0025934343183253716,0.001736884910697345,0.0153975551384328,-0.11799999999999988,1.8463696048760736,50.0,0.054282103558062955,0.022364471956480836,-0.020000000000000018,0.00017664403509343174,0.006725200364545795,7.570082816333794,0.0025464950957307954,0.007161164605866513,0.8290472284360986,-8.0,0.07498022587352704,0.10780272988857743,5.671599751443383,0.01999999999999999,0.6162636728133106,0.020697639545815796,0.03485841503297197,-0.010444960265778097,-1.4107460349370522,0.23528552020495833,-0.028270000000000017,0.10140970649492764,0.1892103304835298,1.0
2010-04-09,0.82,0.0001842099560063204,0.001736884910697345,0.0176607866783066,-0.11799999999999988,1.8602089620922226,50.0,0.054282103558062955,0.022364471956480836,-0.020000000000000018,0.00017664403509343174,0.006725200364545795,7.528509914880891,0.0025464950957307954,0.007420264820179145,-0.5030963385858412,-8.0,0.12742390302849071,0.1160587905207694,5.668407593456033,0.0,0.6255741853076764,0.02008465621655178,0.03485841503297197,-0.0097934856237967,-1.2012986920465771,0.22677055998926762,-0.011639999999999984,0.09753204601544628,1.5837007958574538,0.0
2010-04-16,0.73,0.013767699858076021,0.001736884910697345,-0.0101300318719763,-0.11799999999999988,1.872166351164152,50.0,0.054282103558062955,0.022364471956480836,-0.020000000000000018,0.00017664403509343174,0.006725200364545795,7.485884152086503,0.0025464950957307954,0.00701460868707179,-0.5030963385858412,-8.0,0.08313218964026858,0.1150077637130933,5.662816987088706,0.0,0.6538842605884563,0.02047303501150023,0.03485841503297197,0.018784225748934902,-0.8748661570111881,0.2146408660005912,0.011239999999999972,0.0965105471658144,2.018896924100305,0.0
2010-04-23,0.73,-0.0007647439774808307,0.001736884910697345,0.0158053269297614,-0.11799999999999988,1.8822776387024949,50.0,0.054282103558062955,0.022364471956480836,-0.020000000000000018,0.00017664403509343174,0.006725200364545795,7.442187436913435,0.0025464950957307954,0.007580194398805241,-0.5030963385858412,-8.0,0.2911738119928091,0.09934607620406441,5.654820818708923,0.0,0.6512124928488301,0.02084939221051767,0.03485841503297197,-0.0038130113661239973,-0.23274501503590636,0.20447482669303968,0.035530000000000006,0.07008922884409265,1.8666654781223637,0.0
2010-04-30,0.79,-0.0030305156325666216,0.0,0.0008125104484329,-0.11799999999999988,1.8819434951539546,50.0,0.06503852868050286,0.019419609456830633,-0.07278020378457062,0.0,0.006725200364545795,7.591999837885923,0.0011993581275441575,0.007504030902065851,-0.353553390593274,-7.0,0.10547097351294643,0.10099504938362537,5.777420029919157,0.0,0.6193609077143718,0.021693644801538063,0.025731687816104413,0.04222932979025429,1.1318250222818178,0.1983278514268758,0.05893000000000004,0.05804862493722425,1.6893724292085905,0.0
2010-05-07,1.04,-0.001848552567891848,0.000775197354237811,0.0208637598199186,0.0040000000000000036,1.8756560715531856,50.0,0.0794260960542632,0.020209860840939786,-0.1630276564774381,0.0006339948012425989,0.010266479527922107,7.774613519951569,0.004755346081258577,0.010755535840954174,2.396525166135351,0.0,-0.06866156639296739,0.15352989471575088,5.892289872338905,-0.03,0.2810847559612044,0.017494705896743817,0.03991614506546717,0.0527464810256999,1.997262894490217,0.19485385326635749,0.07666999999999996,0.09148575220821181,1.5042681332897148,0.0
2010-05-14,1.0,0.004272699603295349,0.000775197354237811,0.0100434905390042,0.0040000000000000036,1.8671463118427867,50.0,0.0794260960542632,0.020209860840939786,-0.1630276564774381,0.0006339948012425989,0.010266479527922107,7.9460682101274696,0.004755346081258577,0.011645237413993736,-0.44427001180640413,0.0,0.05222053334316956,0.19484426015227332,5.99987430738124,0.03,0.27103302123548656,0.017298940150500722,0.03991614506546717,0.051666714155813614,1.883633708141502,0.18550936766161738,0.07626000000000002,0.12139075041234994,1.1597953174667337,0.0
2010-05-21,1.19,0.006329772274595857,0.000775197354237811,0.0219792966718351,0.0040000000000000036,1.8563836543596417,50.0,0.0794260960542632,0.020209860840939786,-0.1630276564774381,0.0006339948012425989,0.010266479527922107,8.107071936563397,0.004755346081258577,0.011862802661981706,-0.44427001180640413,0.0,0.14793733342494764,0.267124235409029,6.100558785572737,0.010000000000000009,0.13572244195066063,0.02589569085933063,0.03991614506546717,0.028397608362588783,1.6892281282076096,0.19245055779235162,0.07296,0.1426033459834412,0.8750732898413491,1.0
2010-05-28,1.36,-0.007167072895796878,0.000775197354237811,-0.0171331670800376,0.0040000000000000036,1.8433286374900548,50.0,0.0794260960542632,0.020209860840939786,-0.09733124018838302,0.0006339948012425989,0.006855605911780737,8.258235982245843,0.004776140102353111,0.01105837967157066,-0.3535533905932738,0.0,0.13194264326687288,0.2620795953249998,6.194679758892563,-0.010000000000000009,0.1155180808948264,0.026947836164839385,0.03441178997925117,0.01647550453949831,1.4884979392400322,0.1956621391579535,0.05456,0.1410610303580423,0.23730824418161484,1.0
2010-06-04,1.71,0.00093186023724523,-0.0009762670846739097,-0.0404548091100228,-0.19199999999999995,1.8171558706387938,53.0,0.08551328146848403,0.01053348972845658,-0.07849293563579274,0.0010499542907829174,0.012543245681622881,8.700221040516418,0.004727238735658423,0.010845887784764625,-0.014926656924503122,12.0,0.24017577391113965,0.25360261377652876,6.47608432426275,-0.01999999999999999,0.044856802824525754,0.025420152220923756,0.036209924846157225,0.02716597159749151,1.2877571830428483,0.19953367581143502,0.03109,0.1359556125041783,-0.874597784760803,0.0
2010-06-11,1.67,-0.002006235724778871,-0.0009762670846739097,0.0058723011987705,-0.19199999999999995,1.7893048013820736,53.0,0.08551328146848403,0.01053348972845658,-0.07849293563579274,0.0010499542907829174,0.012543245681622881,9.096491293138927,0.004727238735658423,0.011592836932849543,-0.40610848554623513,12.0,0.23956442775122966,0.22871926022965716,6.7377059708496,-0.06000000000000001,0.02415321823509986,0.022871942990732894,0.036209924846157225,0.007931960527108817,1.0797850975311654,0.2020012992208106,0.009149999999999995,0.13212548148294576,-1.7376620247091201,1.0
2010-06-18,1.54,0.005484383852828012,-0.0009762670846739097,-0.0101152380052237,-0.19199999999999995,1.7596957430040765,53.0,0.08551328146848403,0.01053348972845658,-0.07849293563579274,0.0010499542907829174,0.012543245681622881,9.45279771366039,0.004727238735658423,0.01997978427024158,-0.40610848554623513,12.0,0.2393353514551162,0.16333576285851545,6.981768976356572,0.03,0.10970520371853709,0.023296339546626892,0.036209924846157225,-0.01815546205063273,0.8025812520980987,0.20431349569939006,-0.014419999999999999,0.0799999999997303,-1.7709889081184282,0.0
2010-06-25,1.21,7.720802144417505e-05,-0.0009762670846739097,0.0078383302426707,-0.19199999999999995,1.728238341575089,53.0,0.08551328146848403,0.01053348972845658,-0.07849293563579274,0.0010499542907829174,0.012543245681622881,9.773512084278453,0.004727238735658423,0.021171897902699428,-0.40610848554623513,12.0,0.23094459523962185,0.11563489339914004,7.210056660230901,0.020000000000000004,0.14025443080704347,0.023057383285926346,0.036209924846157225,-0.031249548846918218,0.3982126687142518,0.21293848381258862,-0.02728,0.05237229365622166,-1.484738043269367,1.0
2010-07-02,1.27,-0.005820438243256398,0.00021104305737162932,-0.0173071404120213,-0.2330000000000001,1.6733674206326068,58.0,0.07747013804699288,0.012351927783014638,0.006956521739130528,0.0007640351908280163,0.04139720965511486,10.01568001454942,0.0014067211024062394,0.020235194970670584,2.1974899727216735,13.0,0.29654212599066554,0.13484779779970668,7.4212558039317065,0.04000000000000001,0.08107291713709652,0.026943661602640966,0.009371111593488753,-0.015804039081018295,-0.36813056166112745,0.2259563219448966,-0.034420000000000006,0.05631543812654438,-1.2488490074670524,1.0
2010-07-09,1.06,0.0005002464765015979,0.00021104305737162932,0.0064495342127464,-0.2330000000000001,1.6140429937878182,58.0,0.07747013804699288,0.012351927783014638,0.006956521739130528,0.0007640351908280163,0.04139720965511486,10.244773526798099,0.0014067211024062394,0.017626361011523938,-0.5017204701312881,13.0,0.3050696923749949,0.11841211327997932,7.620623759619063,-0.010000000000000009,0.2704958609674364,0.02634892786418304,0.009371111593488753,0.0129635018980932,-1.5966471817604013,0.2331814038879892,-0.041620000000000004,0.05830951894807435,-1.1148822767374762,1.0
2010-07-16,1.37,0.0037306760628246227,0.00021104305737162932,-0.0009325018608348,-0.2330000000000001,1.5497537060362117,58.0,0.07747013804699288,0.012351927783014638,0.006956521739130528,0.0007640351908280163,0.04139720965511486,10.461651583098742,0.0014067211024062394,0.01485168795946431,-0.5017204701312881,13.0,0.23167079962370285,0.142227182453192,7.809066741844481,-0.010000000000000009,0.19587791840689217,0.02205364704868423,0.009371111593488753,-0.01911811652508269,-1.794158420299015,0.2453498133687465,-0.04033999999999999,0.062091522310318385,-0.9032775106830263,1.0
2010-07-23,1.39,-0.0035865078948031925,0.00021104305737162932,-0.0076607334097861,-0.2330000000000001,1.4798526329222488,58.0,0.07747013804699288,0.012351927783014638,0.006956521739130528,0.0007640351908280163,0.04139720965511486,10.66705928764589,0.0014067211024062394,0.014377174841420188,-0.5017204701312881,13.0,0.2395128569560121,0.13684584653648765,7.987358035428427,0.010000000000000009,0.1606171905218372,0.01856737766373477,0.009371111593488753,-0.028027559356632786,-1.5856639785826696,0.2534108200937596,-0.033269999999999994,0.06069537520589161,-0.5492310636179663,1.0
2010-07-30,1.32,-0.003011591023880933,0.0,-0.0409540127801132,-0.2330000000000001,1.4035015437032343,58.0,0.07747013804699288,0.012351927783014638,-0.013628620102214661,0.0,0.03814655003769529,10.86164741719152,0.001342455054463271,0.012392469640859303,-0.3535533905932749,13.0,0.34765937641893485,0.14422205101856747,8.122251246372521,-0.010000000000000009,0.13678906288620718,0.018435671920828477,0.00481844484624593,-0.007601996481181206,-1.3953224049097916,0.2651935176620529,-0.02458000000000002,0.06845227743230628,0.0760106745401937,0.0
2010-08-06,1.48,0.0005078918917058584,0.0013806642784079948,0.018194078622111,-0.272,1.348006917207597,57.0,0.06968742858593813,0.011481045618392027,-0.011925042589437829,0.0006595501506574397,0.03937740898323385,10.555640125617067,0.0017274035653344476,0.012691446658920587,1.581521119507983,-20.0,0.21584103905333962,0.13108748441949356,8.299811915221552,0.0,0.13774138729777352,0.01947140545529709,0.0049427651133452394,-0.0017538017028269903,-1.2263990148854422,0.2733074197700761,-0.014429999999999998,0.07069805008392428,1.3586746557389628,1.0
2010-08-13,1.13,0.00045304513816812886,0.0013806642784079948,-0.0112504862919145,-0.272,1.2881003895903833,57.0,0.06968742858593813,0.011481045618392027,-0.011925042589437829,0.0006595501506574397,0.03937740898323385,10.104378335081297,0.0017274035653344476,0.012481657829918034,-0.5399483976422049,-20.0,0.3366276037179752,0.1382479656269941,8.457573114459294,0.0,0.11672340400044257,0.017428393425420827,0.0049427651133452394,-0.004420019974972017,-1.052083680183218,0.2943379717756081,-0.005019999999999969,0.05276294695506554,1.7787209582388892,1.0
2010-08-20,1.36,-0.005959528823006988,0.0013806642784079948,0.0355996577138363,-0.272,1.2231338756029386,57.0,0.06968742858593813,0.011481045618392027,-0.011925042589437829,0.0006595501506574397,0.03937740898323385,9.48715731113133,0.0017274035653344476,0.012416684536377046,-0.5399483976422049,-20.0,0.46825971776817066,0.15887438883776728,8.596624964735465,0.0,-0.00581946553969015,0.01814480232551483,0.0049427651133452394,-0.013490720211802393,-0.8997632566935481,0.31593238675629315,-0.0014900000000000468,0.05642631098506109,1.457247497902303,1.0
2010-08-27,1.18,-0.005466226268141194,0.0013806642784079948,0.0021477772144803,-0.272,1.152251813100432,57.0,0.06968742858593813,0.011481045618392027,0.0017271157167531026,0.0006595501506574397,0.005736116956527893,8.668599390017643,0.0012956437786964083,0.009324904206913962,-0.353553390593275,-20.0,0.20375866537162368,0.17233169843565352,8.717862766855118,0.0,0.03340665901209938,0.01107755638842371,0.000610627617607262,-0.01231567771079739,-0.8091471899318071,0.33383416372324476,-0.0021999999999999797,0.050709255283258925,1.0770321099616884,1.0
2010-09-03,1.24,0.00042633359626087497,0.0005817362307156682,-0.0035151371620392,-0.46299999999999997,1.0848315608585588,55.0,0.06346682104150392,0.01143682658159273,-0.02763385146804831,0.0009119268291581939,0.0071897297548723154,8.337496396031911,0.0015424177696670633,0.009478464234115804,1.375251252722229,-15.0,0.44391495553117544,0.15294723646689384,8.961540079881223,-0.009999999999999981,0.09673628573643,0.011383215402563492,0.010467466104817316,0.010190338760610679,-0.9013702933654119,0.34773925105892006,-0.007249999999999979,0.04340424600638243,0.5900747094067469,1.0
2010-09-10,1.36,0.0016533477903524219,0.0005817362307156682,-0.0303448226572801,-0.46299999999999997,1.0107334123565774,55.0,0.06346682104150392,0.01143682658159273,-0.02763385146804831,0.0009119268291581939,0.0071897297548723154,7.817534531669506,0.0015424177696670633,0.009630787557482806,-0.5358790864773423,-15.0,0.311824272621976,0.14050927778214495,9.173108938730056,0.0,0.10333375578164183,0.008125344466544707,0.010467466104817316,0.000665433466013915,-1.3880086667223992,0.3574345070746282,-0.014649999999999996,0.03807886552871488,-0.15815358546769742,1.0
2010-09-17,1.45,-0.004216754083828489,0.0005817362307156682,0.002945809434412,-0.46299999999999997,0.9283597293348604,55.0,0.06346682104150392,0.01143682658159273,-0.02763385146804831,0.0009119268291581939,0.0071897297548723154,7.067150443043818,0.0015424177696670633,0.009505919851289528,-0.5358790864773423,-15.0,0.06511382846017266,0.10901343298617587,9.354748110836223,0.01999999999999999,0.022487544780595004,0.010081256567090845,0.010467466104817316,-0.009455157988732393,-1.8772920923846523,0.3683000776672109,-0.019100000000000006,0.03575711717302182,-0.9547009137886145,1.0
2010-09-24,1.36,0.00483084423488922,0.0005817362307156682,-0.0137159871011491,-0.46299999999999997,0.8352656966648335,55.0,0.06346682104150392,0.01143682658159273,-0.02763385146804831,0.0009119268291581939,0.0071897297548723154,6.000512798599213,0.0015424177696670633,0.011986036161497092,-0.5358790864773423,-15.0,-0.026097830833607727,0.08879148929616791,9.50817303426223,-0.010000000000000009,0.1585883331274407,0.008511655658902507,0.010467466104817316,-0.006749452807742001,-1.8931453017570552,0.38324131625607893,-0.02179000000000003,0.04342481186681099,-1.4191599230851781,1.0
2010-10-01,1.33,-0.0036754969614302135,0.0012451988884769616,0.025161412308569,-0.383,0.796398448996162,54.0,0.05760258506490601,0.011721876055269531,-0.037931034482758585,0.0005367347583113968,0.004118349420292552,5.959994837375081,0.0015453778548756526,0.011935732726570902,-1.842869929714955,-6.0,-0.19520983816744952,0.0891227083456294,9.798728639790916,0.010000000000000009,0.16626169249753997,0.00824518974144662,0.010389871982400099,-0.01012316191384141,-1.7766202671790448,0.3998583836791629,-0.023919999999999997,0.0550324579546013,-1.325384985042888,1.0
2010-10-08,1.46,0.004089718887836602,0.0012451988884769616,-0.0045129178782217,-0.383,0.754617444489023,54.0,0.05760258506490601,0.011721876055269531,-0.037931034482758585,0.0005367347583113968,0.004118349420292552,5.803447251418696,0.0015453778548756526,0.007711392249383009,-0.009228535109072266,-6.0,-0.23459118710960203,0.12165525060597678,10.067401059983824,-0.04000000000000001,0.15173481299159342,0.008919367403811645,0.010389871982400099,-0.0007271015213146104,-1.6469083497930648,0.4208055820188718,-0.023660000000000014,0.0751070664353541,-0.9993851458425327,1.0
2010-10-15,1.57,0.0007768321193435401,0.0012451988884769616,0.0115168124412954,-0.383,0.7094080475410071,54.0,0.05760258506490601,0.011721876055269531,-0.037931034482758585,0.0005367347583113968,0.004118349420292552,5.521008826431789,0.0015453778548756526,0.007877917035301262,-0.009228535109072266,-6.0,-0.26061493739979036,0.12244532307466936,10.315900246143594,0.020000000000000018,0.03463646075364779,0.009183604750602132,0.010389871982400099,-0.034924889728328995,-1.525140592279591,0.433156841306309,-0.021659999999999957,0.08450486038403072,-0.6017886522821331,1.0
2010-10-22,1.56,-0.0020165506074977246,0.0012451988884769616,0.0001113452312644,-0.383,0.6600661790532008,54.0,0.05760258506490601,0.011721876055269531,-0.037931034482758585,0.0005367347583113968,0.004118349420292552,5.091773153445974,0.0015453778548756526,0.014415704960501883,-0.009228535109072266,-6.0,-0.303948215506481,0.12270027360548211,10.545652389194556,-0.010000000000000009,0.014782639023680044,0.019421727609235183,0.010389871982400099,0.003028457215610708,-1.405924439787508,0.44398557414095186,-0.01743,0.08383657572041112,0.22370395206549645,1.0
2010-10-29,1.61,-0.004266391118965762,0.0,0.0021991836665373,-0.383,0.6055825591684334,54.0,0.05760258506490601,0.011721876055269531,-0.008880994671403242,0.0,0.0025920336553755135,5.043960592782006,0.001001853213828694,0.014895848375999077,0.3535533905932758,-7.0,-0.19960355882138336,0.11744299529073741,10.757858679987462,-0.010000000000000009,0.05753247149578944,0.020226457607297924,0.0031399057779158547,-0.0023555552079214115,-1.304561882348849,0.45342450119128436,-0.013660000000000005,0.08345229603934369,1.4770398733937002,1.0
2010-11-05,1.7,0.0021612866124827157,0.0004206464238194485,0.0137290821830945,-0.09599999999999986,0.6124749274209293,47.0,0.0539500875348351,0.011431609115702734,-0.005328596802841923,0.0014380381373122475,0.020895556732976845,5.444121741700945,0.0010891414327883968,0.01687424256699073,1.0238116645419,-12.0,-0.14319908248017177,0.08799350625392881,11.164342073613248,0.010000000000000009,0.12165824786023705,0.02028602901574361,0.003549885337658306,-0.01351477008053699,-1.1996205317971802,0.46247526532858635,-0.009110000000000007,0.05175491695021541,1.8619968157313522,1.0
2010-11-12,1.73,0.0053969977651255885,0.0004206464238194485,-0.0021251090893717,-0.09599999999999986,0.6189963034922835,47.0,0.0539500875348351,0.011431609115702734,-0.005328596802841923,0.0014380381373122475,0.020895556732976845,5.68736791900729,0.0010891414327883968,0.019187418721979613,0.2254191171720456,-12.0,-0.13501824835745246,0.09768754855589429,11.530927656062666,0.0,0.11172231761324958,0.02361439853205337,0.003549885337658306,0.008539021139147604,-1.0608009568503125,0.46726588333789787,-0.0034299999999999886,0.05950690236034587,1.7854934523870902,1.0
2010-11-19,1.8,0.0008600084401029218,0.0004206464238194485,0.001438586455482,-0.09599999999999986,0.6251582975715071,47.0,0.0539500875348351,0.011431609115702734,-0.005328596802841923,0.0014380381373122475,0.020895556732976845,5.793497681419654,0.0010891414327883968,0.01890578549522698,0.2254191171720456,-12.0,-0.05877029037056203,0.14075688260260327,11.861315247335819,0.010000000000000009,0.06243483888572654,0.0242303467941584,0.003549885337658306,0.0005333681894185982,-0.9517384125220956,0.4699464043123601,-0.0021700000000000053,0.07230886134163528,1.394425531214866,1.0
2010-11-26,1.74,0.013497745119682047,0.0004206464238194485,0.0060398081781683,-0.09599999999999986,0.6309714387953338,47.0,0.0539500875348351,0.011431609115702734,0.0035842293906809264,0.0014380381373122475,0.020367182028268246,5.7700819884855825,0.0003074367359024525,0.01856254193450558,-0.35355339059329555,-12.0,-0.1527349302419002,0.15222164291398105,12.158456082029575,0.01999999999999999,0.10138065450471334,0.023924410364408063,0.001267216453740399,0.014480144203302903,-0.9012381092152405,0.4728537285114098,-0.0025200000000000222,0.08140507179677596,1.0564634027119033,1.0
2010-12-03,1.81,0.000391730438307647,0.001718440789203024,0.0336975587584549,0.052999999999999936,0.6167806896948483,55.0,0.05996200467756596,0.014957235273143077,0.13261648745519716,0.0008732877483130785,0.023163578067993025,6.394228166569714,0.00342926684089782,0.020198351428431616,2.46511183017637,-18.0,-0.051679021005269665,0.1644036843521894,12.598256361434139,-0.01999999999999999,0.18179410360125203,0.02519751334097205,0.0452932022711044,0.006255546117680505,-1.049623358100811,0.4725360401076581,-0.005830000000000002,0.08016723591492002,0.49425594781713783,1.0
2010-12-10,1.79,0.015072520580164728,0.001718440789203024,-0.0040235312988317,0.052999999999999936,0.6013144483610292,55.0,0.05996200467756596,0.014957235273143077,0.13261648745519716,0.0008732877483130785,0.023163578067993025,6.864512980651879,0.00342926684089782,0.019995187137906174,-0.38838325232464715,-18.0,-0.14448969097110753,0.2504139430166492,12.991643676989595,-0.010000000000000009,0.2564762768643507,0.025428970273360087,0.0452932022711044,0.0006119194805482009,-1.5479667512836237,0.47058930995354853,-0.011720000000000008,0.10306031521095634,-0.6146340509466595,1.0
2010-12-17,1.92,0.0014523816120093347,0.001718440789203024,0.003227603035678,0.052999999999999936,0.5844714676160694,55.0,0.05996200467756596,0.014957235273143077,0.13261648745519716,0.0008732877483130785,0.023163578067993025,7.2111025509279605,0.00342926684089782,0.018429787757884095,-0.38838325232464715,-18.0,-0.29678313055383954,0.28867925849585546,13.342723880189753,-0.020000000000000004,0.19983636737655952,0.02132243044278888,0.0452932022711044,-0.009811503544221223,-1.893087511885665,0.4686338091290967,-0.015229999999999966,0.10169983846010085,-1.3994323608350319,1.0
2010-12-24,2.05,0.01767449619700945,0.001718440789203024,0.0003296450062916,0.052999999999999936,0.5661288820834989,55.0,0.05996200467756596,0.014957235273143077,0.13261648745519716,0.0008732877483130785,0.023163578067993025,7.451277639541978,0.00342926684089782,0.018389289484070516,-0.38838325232464715,-18.0,-0.27644868119418675,0.3069085485007864,13.654760660215993,0.030000000000000013,0.17245353694024645,0.019825037867570817,0.0452932022711044,-0.0022243192383430976,-1.9097223650392494,0.4618264530100808,-0.01932000000000006,0.09417878135279084,-1.679869178914024,1.0
2010-12-31,2.13,-0.00302769324043084,0.0,0.0289783178474923,0.05800000000000005,0.549689479149779,57.0,0.048533398401210626,0.01150045918767617,0.12857142857142856,0.0,0.014319899898330905,8.120723726747126,0.0034596599578162438,0.018141228126257288,-0.3535533905932739,-19.0,-0.20944002356458713,0.26373349643695126,14.23815694260221,-0.020000000000000018,0.1514616500834367,0.019856743563118128,0.04545686450484951,-0.01904257157450219,-1.7982772789139916,0.45326650869382845,-0.021089999999999942,0.06989788470095883,-1.4143487943861446,1.0
2011-01-07,2.18,0.0064009716719615195,0.004763230053974166,0.0082140924363583,0.13800000000000012,0.5315790004966595,57.0,0.04632504538708293,0.01631846857448771,0.02857142857142847,0.0020688755661297797,0.014591484335913256,8.599910554096567,0.0036413969109677677,0.020360777441400826,-0.8419963032689772,-19.0,-0.23082277342388902,0.23102257156267358,14.767325637557763,0.020000000000000018,0.06380663177398027,0.022830113623136795,0.058775942145353886,-0.020652548826576397,-1.6791619173859078,0.44507032508189104,-0.021630000000000038,0.06599512969008785,-1.1307689821504432,1.0
2011-01-14,2.1,0.013163447265753359,0.004763230053974166,-0.0123581964707282,0.13800000000000012,0.512102554245396,57.0,0.04632504538708293,0.01631846857448771,0.02857142857142847,0.0020688755661297797,0.014591484335913256,8.919555007872399,0.0036413969109677677,0.018033408931515633,-0.26360971955088847,-19.0,-0.21279212245908885,0.19768300743506853,15.247913587710292,0.009999999999999981,0.1735897553272736,0.0226289252967817,0.058775942145353886,-0.0318996962994186,-1.5604510888962062,0.43993297857861174,-0.02022999999999997,0.06117889458638177,-0.754073284062053,1.0
2011-01-21,1.95,-0.01740871939131272,0.004763230053974166,0.0108889097034749,0.13800000000000012,0.4910976485128482,57.0,0.04632504538708293,0.01631846857448771,0.02857142857142847,0.0020688755661297797,0.014591484335913256,9.09649129313902,0.0036413969109677677,0.01777862666829387,-0.26360971955088847,-19.0,-0.18611440961960624,0.12229209763046364,15.684387141358108,0.010000000000000009,0.1954655153725542,0.02303917280262067,0.058775942145353886,0.0091541171308527,-1.4477941752865549,0.4371859139755144,-0.017340000000000022,0.052915026220863186,-0.1450685515931583,1.0
2011-01-28,1.91,0.007571859057779129,0.004763230053974166,0.0060258205017293,0.13800000000000012,0.46835868380931955,57.0,0.04632504538708293,0.01631846857448771,-0.08860759493670889,0.0020688755661297797,0.0014237049285627816,9.139011897439387,0.0007446312124747513,0.016652061290366112,0.35355339059327684,-19.0,-0.1574741923855305,0.03681517544245502,16.08033893146625,-0.010000000000000009,0.22568249534898954,0.018811904554954576,0.03132751562218886,0.018533951615309394,-1.320428923718493,0.4334074800238188,-0.01197999999999999,0.03833592123710561,1.3495145394070853,1.0
2011-02-04,1.89,0.010596158749217821,0.00493136502545144,0.0039203885616196,0.2180000000000002,0.46751033990040347,55.0,0.03827364378514675,0.021075846286581656,-0.14240506329113922,0.0018401906617055985,0.015989669206866834,8.800349643403612,0.0014922271917669125,0.0176818051621611,-2.1519652642799363,10.0,-0.21849500505499275,0.11407234546550475,15.594696859373261,0.0,0.2505969339244516,0.018773181134040348,0.0350735126357737,0.011335948464335208,-1.1513094835619377,0.43524563547221284,-0.00492999999999999,0.06819090848459852,2.0313824281263027,1.0
2011-02-11,1.96,0.012578667289755208,0.00493136502545144,0.0133231800778995,0.2180000000000002,0.466659421241704,55.0,0.03827364378514675,0.021075846286581656,-0.14240506329113922,0.0018401906617055985,0.015989669206866834,8.42605848178505,0.0014922271917669125,0.01927179210989119,0.5090527225469389,10.0,-0.284930480577388,0.14396800239736282,15.051382582575547,-0.03,0.15445845139443581,0.019211540196465614,0.0350735126357737,0.001798492891706291,-0.9240657996249069,0.43415852801828514,0.0016399999999999748,0.10319883720253453,1.862347408179192,0.0
2011-02-18,1.97,0.0033541546606432604,0.00493136502545144,-0.0171762900700814,0.2180000000000002,0.46580591372282115,55.0,0.03827364378514675,0.021075846286581656,-0.14240506329113922,0.0018401906617055985,0.015989669206866834,8.011146081458122,0.0014922271917669125,0.021652045544034902,0.5090527225469389,10.0,-0.23156228921534106,0.15801785613386907,14.443889458340713,-0.01999999999999999,0.08006514954416732,0.02079745770687325,0.0350735126357737,-0.003600111503483494,-0.500311899731958,0.42980914070773457,0.009380000000000055,0.11205069005951067,1.7274287847929453,0.0
2011-02-25,1.83,0.009706768152011103,0.00493136502545144,0.0139084993518326,0.2180000000000002,0.4649498030866571,55.0,0.03827364378514675,0.021075846286581656,-0.14240506329113922,0.0018401906617055985,0.015989669206866834,7.548917395637216,0.0014922271917669125,0.020917221067086697,0.5090527225469389,10.0,-0.16787867313453197,0.14793821103999985,13.76372207104127,0.03,0.22872197782706105,0.01835595779875805,0.0350735126357737,0.022189254582000995,0.38716257002994287,0.4268695460576412,0.014889999999999959,0.11019463300366618,1.5280255367156272,1.0
2011-03-04,1.89,0.004696787212801423,0.0097510720305094,0.0201986366926725,0.31599999999999995,0.4792653644671687,58.0,0.04193025357503588,0.026816032642408505,0.012152777777777679,0.0010796862189927925,0.05033252462285093,7.399896049165951,0.004119868015239924,0.016803915038016374,2.3298662952167875,22.0,-0.17069452013082342,0.13674141393782452,13.212427875945957,-0.010000000000000009,0.28122697139810215,0.011668722858117589,0.03619794660216964,0.015680407953581818,1.5074713759105196,0.423023796883862,0.013560000000000016,0.1048808848168037,1.113249054345638,1.0
2011-03-11,1.93,0.012556190889306151,0.0097510720305094,0.0119199875322756,0.31599999999999995,0.493062194511482,58.0,0.04193025357503588,0.026816032642408505,0.012152777777777679,0.0010796862189927925,0.05033252462285093,7.2444142938914515,0.004119868015239924,0.016838472869623575,-0.1951483539523578,22.0,-0.11613639666521758,0.1223504918549329,12.602565636944094,-0.039999999999999994,0.24519948697861227,0.011505359341207165,0.03619794660216964,0.016259824032332282,1.7025874090594642,0.4174312743174671,0.010460000000000025,0.0990580637805712,0.6962004985547575,1.0
2011-03-18,1.86,0.0023165789445092067,0.0097510720305094,0.0063819407633518,0.31599999999999995,0.5063826948328828,58.0,0.04193025357503588,0.026816032642408505,0.012152777777777679,0.0010796862189927925,0.05033252462285093,7.08204664030003,0.004119868015239924,0.018598099955627813,-0.1951483539523578,22.0,-0.00023984828137901815,0.13231456026131072,11.92515308153734,-0.009999999999999995,0.25272681349184856,0.009339541285985308,0.03619794660216964,0.0017775717090542098,1.4231083447301693,0.41089627231986287,0.00546000000000002,0.10133924638114565,0.06916574544866423,1.0
2011-03-25,1.86,0.007082723265477986,0.0097510720305094,-0.0102457255967934,0.31599999999999995,0.5192635241253231,58.0,0.04193025357503588,0.026816032642408505,0.012152777777777679,0.0010796862189927925,0.05033252462285093,6.912307863514207,0.004119868015239924,0.01942531731612808,-0.1951483539523578,22.0,0.13713840438734537,0.11622023428449951,11.167904751157224,0.01999999999999999,0.31750001907348624,0.008893897662168608,0.03619794660216964,0.007785631105786395,0.9331507791353437,0.4011110136220308,-0.0049200000000000355,0.08211490207516038,-1.3623731236448442,1.0
2011-04-01,1.86,0.008142723310784694,0.006439429535457064,-0.0126316496665481,0.31200000000000006,0.5566454059120414,53.0,0.03505332834432129,0.03163630859276467,0.0719557195571956,0.0012217279619071153,0.048819249799479734,6.754713454037425,0.004003942060563393,0.019110485514921297,-1.030691196064998,38.0,0.06754773010456461,0.10127755357009777,10.934675082294603,-0.01999999999999999,0.2718274884909593,0.009162641798659424,0.02694483566405735,0.0009374476016114908,0.2852222511442863,0.38705018167839583,-0.010680000000000023,0.08484229066727492,-1.725894185704317,1.0
2011-04-08,1.97,0.009972457820198288,0.006439429535457064,-0.0199351080612539,0.31200000000000006,0.5911220605347459,53.0,0.03505332834432129,0.03163630859276467,0.0719557195571956,0.0012217279619071153,0.048819249799479734,6.569978339737185,0.004003942060563393,0.01649963931597326,-0.2239185841217159,38.0,-0.007125376182910537,0.10795997935743734,10.662429635478187,-0.030000000000000006,0.3281912782326686,0.012637000119898377,0.02694483566405735,-0.015855578662554992,-0.761965439455067,0.3773813778846033,-0.01422000000000001,0.08114141095263641,-1.5164665439522222,1.0
2011-04-15,1.9,0.006317118439552516,0.006439429535457064,0.010934321984009,0.31200000000000006,0.6231758620731691,53.0,0.03505332834432129,0.03163630859276467,0.0719557195571956,0.0012217279619071153,0.048819249799479734,6.355736355087822,0.004003942060563393,0.015222688401165517,-0.2239185841217159,38.0,0.040851686172442614,0.09721111047612402,10.348089498039094,0.030000000000000006,0.3173955607444727,0.011880227188979619,0.02694483566405735,-0.01735181400583999,-1.6776878144331049,0.368304736030134,-0.013309999999999933,0.07887603293386733,-1.0930549815773523,1.0
2011-04-22,1.99,0.007643857900929252,0.006439429535457064,0.0114093359792456,0.31200000000000006,0.6531636102710884,53.0,0.03505332834432129,0.03163630859276467,0.0719557195571956,0.0012217279619071153,0.048819249799479734,6.108883820998889,0.004003942060563393,0.014178856593908214,-0.2239185841217159,38.0,0.036410667352481996,0.09334077351297858,9.98768094900238,-0.010000000000000009,0.31919639676041145,0.0117147597524643,0.02694483566405735,-0.006437126241229205,-1.655327564740132,0.3567899344365792,-0.00947000000000009,0.08031189202077045,-0.5924068275562024,1.0
2011-04-29,2.01,0.0019372383909044277,0.0,-0.0026741652439492,0.31200000000000006,0.6813581514783674,53.0,0.03505332834432129,0.03163630859276467,-0.0034305317324184736,0.0,0.012047004420215139,5.825276487330591,0.0011420731918486853,0.015235379102601521,0.3535533905932754,38.0,0.19846935275195876,0.09812528434900265,9.811035126652564,-0.019999999999999997,0.32246080426303814,0.015103448012109884,0.0012128761255354131,-0.031132901659175607,-1.3400050789933664,0.348779600397037,-0.0036999999999999256,0.08838834764806837,0.15114040589237954,0.0
2011-05-06,1.75,0.010320384543206274,0.004704187527233561,-0.0060902946524043,-0.04299999999999993,0.7289463631272005,65.0,0.02248891889831528,0.03568645784634561,0.06003430531732423,0.002002440474328182,0.024212003047969135,5.825276487330591,0.001274873038349196,0.015936474697612536,1.1445089138122528,44.0,0.054794588877876915,0.11807231440338879,9.565287291310673,-0.02,0.2938357011780208,0.023729734233255688,0.022720451008667195,-0.0024644114991489025,-0.9333951184928703,0.3456879385075324,0.0031399999999999206,0.09899494936589287,1.241547349185383,0.0
2011-05-13,1.83,0.00946792964579024,0.004704187527233561,-0.0275167527681693,-0.04299999999999993,0.7724443650412136,65.0,0.02248891889831528,0.03568645784634561,0.06003430531732423,0.002002440474328182,0.024212003047969135,5.825276487330591,0.001274873038349196,0.016337437568916133,0.19846987387568468,44.0,-0.015306119627965242,0.12866762274503404,9.293439843929175,0.009999999999999998,0.3915654332709786,0.023473435132264207,0.022720451008667195,0.0093673515711412,-0.34247084044393183,0.3426427766613722,0.009260000000000046,0.10501700542544082,1.7889418169452351,0.0
2011-05-20,1.61,0.004922940370151396,0.004704187527233561,0.0115464446846039,-0.04299999999999993,0.812509335877854,65.0,0.02248891889831528,0.03568645784634561,0.06003430531732423,0.002002440474328182,0.024212003047969135,5.825276487330591,0.001274873038349196,0.01573180520714107,0.19846987387568468,44.0,0.048327181917105166,0.14995237339140596,8.99312625056899,0.020000000000000004,0.4204739657807932,0.023504389117195646,0.022720451008667195,0.006518288222056509,0.6485656387244444,0.34243224385122417,0.012260000000000049,0.10823255385622665,1.5036309962105114,0.0
2011-05-27,1.69,0.0061591532152360795,0.004704187527233561,-0.0079949988998644,-0.04299999999999993,0.8496270780351904,65.0,0.02248891889831528,0.03568645784634561,0.0636833046471601,0.002002440474328182,0.02279355670013939,5.825276487330591,0.0004264135549715025,0.016307740361649305,-0.35355339059328567,44.0,0.04077402499654803,0.17191671571682207,8.661386023214623,0.0,0.3598755533038569,0.023652005283515118,0.0225154482821879,0.003969638951316495,1.714671596767323,0.341174607968115,0.013719999999999954,0.11032419757869709,1.224583114831129,0.0
2011-06-03,1.66,0.004946673797007195,-0.0010709670566992902,-0.0296286559954802,-0.04899999999999993,0.8774360732670436,63.0,0.023688810428642126,0.03558828252242341,0.09466437177280551,0.002328537972565936,0.027997079080273695,5.907491983783137,0.0010932849093565498,0.01659924583333521,2.2830376974903985,51.0,-0.018761758156380703,0.1513687550322115,8.64883883957852,-0.010000000000000002,0.4014822853700737,0.021889034100514168,0.023382529419953293,0.0142163539059008,1.7989915936950178,0.34116648448487974,0.013299999999999979,0.09575825216187418,0.9422934879680204,1.0
2011-06-10,1.65,0.008062113017320183,-0.0010709670566992902,-0.0281230853787096,-0.04899999999999993,0.9017692865720243,63.0,0.023688810428642126,0.03558828252242341,0.09466437177280551,0.002328537972565936,0.027997079080273695,5.9862663334824235,0.0010932849093565498,0.017410727181703375,-0.483744028885013,51.0,-0.005019905282848902,0.15037453241823137,8.611087594641848,0.010000000000000002,0.34575769257655153,0.022430364055108187,0.023382529419953293,0.0031433124705352034,1.6157050154741721,0.3408057062488682,0.012270000000000003,0.09349369726631424,0.6726634140935732,1.0
2011-06-17,1.69,0.0058135191800245956,-0.0010709670566992902,-0.0076160028915851,-0.04899999999999993,0.9229016861690106,63.0,0.023688810428642126,0.03558828252242341,0.09466437177280551,0.002328537972565936,0.027997079080273695,6.061733694630265,0.0010932849093565498,0.01794439198355743,-0.483744028885013,51.0,-0.13448076424482958,0.13298093311234663,8.547798354659287,-0.010000000000000002,0.20510497238224445,0.022225184226111236,0.023382529419953293,0.013308451296937807,1.4198846534190854,0.34071275437749665,0.008830000000000005,0.08757649717302123,0.03219801377446448,1.0
2011-06-24,1.61,0.010204597692206274,-0.0010709670566992902,0.0168600498548786,-0.04899999999999993,0.9410489312768195,63.0,0.023688810428642126,0.03558828252242341,0.09466437177280551,0.002328537972565936,0.027997079080273695,6.134016126988448,0.0010932849093565498,0.01680949968820891,-0.483744028885013,51.0,-0.13001439241863266,0.11740497677454101,8.458397881452838,-0.02,0.15597264717930082,0.01987069560323994,0.023382529419953293,0.0031532591203544957,1.286957915495982,0.34180797578131145,0.00712999999999997,0.08863045268309361,-0.7876941986028566,1.0
2011-07-01,1.48,0.0030976021240700646,0.0008860456667936223,-0.0103763990527663,-0.05800000000000005,0.9619146949832799,70.0,0.02484132372991299,0.03628715982221076,0.004854368932038833,0.002318678041985267,0.038965354716952096,6.02673530707455,0.0019094650451814662,0.017398787625287952,2.0598178366848203,59.0,-0.08022187833153993,0.12351980754982093,8.392070522948574,0.0,0.31605216585335083,0.013757315758166057,0.014145902140245636,0.016300421363391687,1.2345629058380092,0.3421960729433981,0.007110000000000061,0.07995534467945213,-1.2429250145076491,0.0
2011-07-08,1.47,0.0016933944007000434,0.0008860456667936223,-0.0145576095871201,-0.13800000000000012,0.9801358029220276,70.0,0.02484132372991299,0.03628715982221076,0.004854368932038833,0.002318678041985267,0.038965354716952096,5.916469841435506,0.0019094650451814662,0.014676613842768953,-0.5205669578263187,59.0,-0.0447523918496594,0.11083288578499859,8.294540173014429,0.009999999999999998,0.264292306192915,0.019890663872043985,0.014145902140245636,-0.0017838019059147892,1.3684939073360447,0.3422670294624342,0.012189999999999979,0.06738747234111121,0.4914427341610962,0.0
2011-07-15,1.36,0.002777252244954287,0.0008860456667936223,-0.013436654174463,-0.13800000000000012,0.9958574327140094,70.0,0.02484132372991299,0.03628715982221076,0.004854368932038833,0.002318678041985267,0.038965354716952096,5.803049596150727,0.0019094650451814662,0.015954222554033098,-0.5205669578263187,59.0,0.005974762135394718,0.10487237141266673,8.164688712975497,-0.009999999999999998,0.27930529049965247,0.022124495810738092,0.014145902140245636,-0.006452012809305602,1.6932762902144143,0.3424163867289031,0.022540000000000004,0.052355242607820665,2.090458007048734,0.0
2011-07-22,1.39,-0.002353309887098143,0.0008860456667936223,0.0128846638164602,-0.13800000000000012,1.009196404468014,70.0,0.02484132372991299,0.03628715982221076,0.004854368932038833,0.002318678041985267,0.038965354716952096,5.686285796004861,0.0019094650451814662,0.01393514739114243,-0.5205669578263187,59.0,-0.03951959800752858,0.10363914042760816,8.000942629231892,0.030000000000000002,0.264497322129001,0.021647577946965528,0.014145902140245636,0.004721029229392104,1.9095492259234392,0.34254503948010023,0.03432999999999997,0.04501983689706047,2.100913319158866,0.0
2011-07-29,1.43,-0.0026904180369804465,0.0,0.0301327632294237,-0.13800000000000012,1.0202461769925408,70.0,0.02484132372991299,0.03628715982221076,-0.02358490566037741,0.0,0.03856946079199345,5.565968020030341,0.0017420122035772478,0.016910301417706747,-0.3535533905932745,59.0,-0.15803369901181474,0.13511899517516016,7.80116787482247,0.05,0.21215960288106062,0.02199338507659348,0.008338523363049077,-0.002775624755033207,1.9513027143462967,0.34390556948675194,0.048870000000000025,0.04688511795512953,1.9549034644679506,0.0
2011-08-05,1.46,0.0012707886921807798,0.0027575889023645495,0.005316636080279,-0.2180000000000002,1.0311962595100663,71.0,0.027992943499441703,0.03771208179119778,0.01729559748427678,0.002859451731211493,0.05410172879379937,5.515990740216516,0.0027466037200833066,0.01832144285927587,1.9265047073378923,25.0,-0.11775241145954873,0.18665763158406787,7.584491400477843,-0.09000000000000001,0.07657993232811888,0.02110768445346082,0.017997577960996988,0.0640284068732826,1.9033505462276212,0.34952089595894104,0.06370999999999999,0.061644140029299854,1.7764410514907778,1.0
2011-08-12,1.34,0.0018163967473663334,0.0027575889023645495,-0.0096478229179475,-0.2180000000000002,1.0395384290173975,71.0,0.027992943499441703,0.03771208179119778,0.01729559748427678,0.002859451731211493,0.05410172879379937,5.437335320229563,0.0027466037200833066,0.019872128126623274,-0.5314875390833126,25.0,-0.06192239409268396,0.300757971037942,7.33881599518357,0.01,0.13251091583297225,0.026461635928988283,0.017997577960996988,0.15170756045473438,1.8039509420854352,0.36421220174987895,0.07135000000000002,0.08860022573307397,1.4886745996943025,1.0
2011-08-19,1.24,-0.005053921375786197,0.0027575889023645495,0.0102091450106084,-0.2180000000000002,1.0453351237747224,71.0,0.027992943499441703,0.03771208179119778,0.01729559748427678,0.002859451731211493,0.05410172879379937,5.328731989449759,0.0027466037200833066,0.022573412332487927,-0.5314875390833126,25.0,-0.04299248028862723,0.3993119081620316,7.06111545245379,0.0,0.11979312770802752,0.02529981438415354,0.017997577960996988,0.021466962754521146,1.650591712443877,0.38475016869095446,0.06317999999999999,0.10480423928152913,0.913226687760625,1.0
2011-08-26,1.27,0.0005343072865238163,0.0027575889023645495,-0.0125730388995797,-0.2180000000000002,1.0486285578826369,71.0,0.027992943499441703,0.03771208179119778,0.041867954911433136,0.002859451731211493,0.043847280780013535,5.188300447975439,0.0023868851309231495,0.02456368760050425,-0.3535533905932742,25.0,0.07669130913022326,0.3801503461977759,6.747436807342535,-0.01,0.13569249469332312,0.029542175017228774,0.014802557416143579,0.021631000398092293,1.5225854111380832,0.3994022683282196,0.0582,0.09171968163895355,0.5306242736063206,0.0
2011-09-02,1.25,-0.0019391956377365904,0.0015184621156945077,-0.0450055541609422,-0.239,1.051781735917309,100.0,0.024123837996766095,0.03868356841040299,-0.017713365539452464,0.0011334354605909702,0.052591608985581635,4.850376670543688,0.0024458428438375946,0.025320736053228435,-0.6409187993761268,23.0,-0.01700937144229564,0.38481906694668583,6.571884674502678,0.01,0.15884716778153662,0.02992575311465161,0.026709940241912592,0.009373378541678967,1.3794973670265194,0.4217050429958248,0.042539999999999994,0.08814557763775534,-0.4837420933193267,0.0
2011-09-09,1.34,0.0016721048618586476,0.0015184621156945077,-0.0070872384570085,-0.239,1.0522685530892018,100.0,0.024123837996766095,0.03868356841040299,-0.017713365539452464,0.0011334354605909702,0.052591608985581635,4.459216902620464,0.0024458428438375946,0.051746347775443506,-0.30276118762562376,23.0,0.008241067653530054,0.3725587202039486,6.381534447172827,-0.01,0.14113801630145706,0.03206897780670745,0.026709940241912592,0.013851281041406427,1.2565382952227615,0.44758561286604354,0.031810000000000005,0.08609587678832475,-1.36497846402612,1.0
2011-09-16,1.25,0.00170709353333387,0.0015184621156945077,-0.0648261360201508,-0.239,1.0500927177352783,100.0,0.024123837996766095,0.03868356841040299,-0.017713365539452464,0.0011334354605909702,0.052591608985581635,3.9992306952521304,0.0024458428438375946,0.05219122463720542,-0.30276118762562376,23.0,-0.05342945915008279,0.2837975888350283,6.175017785039283,0.0,0.19413514405945076,0.03553606899936435,0.026709940241912592,-0.0210776936392858,1.129335600060266,0.4646373811130872,0.017850000000000005,0.06412877669151401,-1.75441658389471,1.0
2011-09-23,1.31,-0.0020230204571963784,0.0015184621156945077,0.0281202263809147,-0.239,1.045237601729812,100.0,0.024123837996766095,0.03868356841040299,-0.017713365539452464,0.0011334354605909702,0.052591608985581635,3.4429414973023964,0.0024458428438375946,0.0492840087685869,-0.30276118762562376,23.0,-0.04637981572043992,0.22684166913763337,5.950651763484178,0.0,0.043927319965883616,0.05330182395564121,0.026709940241912592,-0.108329686991256,1.013086654048522,0.48911049099177656,0.008909999999999994,0.03412163117782609,-1.542331997727642,1.0
2011-09-30,1.33,-0.0023885949316017063,0.0,-0.010725392538332,-0.2400000000000001,1.0384848661343449,72.0,0.027034112523101284,0.03739180928256913,-0.057187017001545604,0.0,0.023443504394177632,3.5187410335998295,0.00029241707079984743,0.04505263796632076,0.3535533905933012,4.0,-0.03450093345553362,0.1362180499892067,5.858918251428674,0.01,-0.029173876310291003,0.05326834887521083,0.020218663758811706,-0.012414673982887592,0.8523802243028828,0.5074002513627512,-0.0023199999999999957,0.02559994419538794,-1.4399775426907169,1.0
2011-10-07,1.48,0.0030797065229095644,-0.0020626826333582926,-0.0054225796758406,-0.17700000000000005,1.0226722492874136,72.0,0.03416215073206175,0.035251999213574026,0.03709428129829995,0.001715918237380487,0.023612024456113094,3.571898870133685,0.002512305646936985,0.04515139193090698,2.4583967844792203,4.0,-0.04656260619781216,0.11526367287970304,5.746793978005651,-0.01,0.003871276078480257,0.04856147447895097,0.043162874216460374,0.0038170132264865875,0.5666028889573889,0.515902466023859,-0.011700000000000002,0.04240535680387878,-1.3711629938206176,1.0
2011-10-14,1.58,0.000391999023674261,-0.0020626826333582926,0.0167910383269231,-0.17700000000000005,1.0045351046415558,72.0,0.03416215073206175,0.035251999213574026,0.03709428129829995,0.001715918237380487,0.023612024456113094,3.6034171815952933,0.002512305646936985,0.048053725935504915,-0.3041692999525537,4.0,0.04752474646528437,0.14227111944655627,5.613057122140417,0.01,0.06830772986778855,0.04284543662447575,0.043162874216460374,0.004997731840543973,-0.13130037952509266,0.5226254567318356,-0.021379999999999996,0.04718883039698925,-1.341544474222542,1.0
2011-10-21,1.56,-0.002947404627061778,-0.0020626826333582926,-0.0550511545329313,-0.17700000000000005,0.9839448959032208,72.0,0.03416215073206175,0.035251999213574026,0.03709428129829995,0.001715918237380487,0.023612024456113094,3.6138621999186418,0.002512305646936985,0.04875883192265004,-0.3041692999525537,4.0,0.08913563319487827,0.147139389695638,5.456118654247889,0.0,0.06989838308020935,0.042733726354181746,0.043162874216460374,-0.017714423305202676,-1.2632936367571137,0.529973782043149,-0.01804,0.052218633783697996,-1.0219436266830562,1.0
2011-10-28,1.48,-0.002350660323448106,-0.0020626826333582926,-0.0175684175896518,-0.17700000000000005,0.960743917291654,72.0,0.03416215073206175,0.035251999213574026,0.10000000000000009,0.001715918237380487,0.0077246959289285645,3.6034171815952996,0.002453805619820357,0.04894366014842156,-0.3535533905932741,4.0,-0.02847944687835824,0.17943860868196396,5.2739077128921785,-0.01,0.14601497415065956,0.04760986807106437,0.035355339059327445,0.01858826874490921,-1.6841918512572056,0.5349570400423072,-0.014010000000000009,0.05139135558167151,-0.6797375282887671,0.0
2011-11-04,1.57,-0.008311179909231026,-0.0008435613304419443,0.0306047257079482,-0.05600000000000005,0.9321468321753846,65.0,0.03317419578768788,0.03394377590800857,0.1573770491803279,0.0017350533760696063,0.017516619581949243,3.3284322944086435,0.002458365674950464,0.022167905608310633,-0.3837164514378059,-7.0,-0.03911608901485042,0.16911534525289137,5.243540880484318,0.0,0.08531956007250097,0.04781941608172417,0.03746740606119214,-0.003213591171734531,-1.3034310093330372,0.546718029077401,-0.001569999999999988,0.04276179870540847,0.2725975874734021,1.0
2011-11-11,1.57,0.006290498271813938,-0.0008435613304419443,0.0444739928465045,-0.05600000000000005,0.9005246001275281,65.0,0.03317419578768788,0.03394377590800857,0.1573770491803279,0.0017350533760696063,0.017516619581949243,3.0035875984461198,0.002458365674950464,0.022635851805135002,-0.34849488375453713,-7.0,-0.05659381752198933,0.17037773161002026,5.209451614487009,0.0,0.16623469682998082,0.04788947341854917,0.03746740606119214,0.002067881531581439,-0.8198495209859133,0.5602852914749457,0.00721999999999999,0.031509635713661895,1.216151262540244,1.0
2011-11-18,1.59,-0.0028910629181212455,-0.0008435613304419443,-0.0041207589661375,-0.05600000000000005,0.8655457184422043,65.0,0.03317419578768788,0.03394377590800857,0.1573770491803279,0.0017350533760696063,0.017516619581949243,2.6103344907975,0.002458365674950464,0.02002771277487384,-0.34849488375453713,-7.0,-0.20365034644555347,0.14232131654415558,5.171566304246399,0.0,0.19506810341269154,0.032991009240865184,0.03746740606119214,-0.015311661378872188,-0.2141199294934159,0.5744655526588007,0.012370000000000006,0.029760952364884248,1.53413524560874,1.0
2011-11-25,1.6,-0.003388925460591552,-0.0008435613304419443,0.0372188578371974,-0.05600000000000005,0.8267842660397974,65.0,0.03317419578768788,0.03394377590800857,0.1573770491803279,0.0017350533760696063,0.017516619581949243,2.1107782013715997,0.002458365674950464,0.02048984861153808,-0.34849488375453713,-7.0,-0.19481702201277085,0.13274572901390516,5.129800845248928,0.01,0.1553246678011777,0.034182077570792675,0.03746740606119214,-0.004833834540292514,0.6213116934410127,0.5890146628069088,0.012719999999999995,0.028753881724671235,1.2312996854677234,1.0
2011-12-02,1.62,-0.0027445268924656263,-0.0024665163771382392,-0.0111857281307209,-0.1130000000000001,0.7978065737761352,68.0,0.02859134467066693,0.029624188448710953,0.03874813710879277,0.002230067122376056,0.036093622520375936,2.262741699797156,0.0018806744719781492,0.020538447847659243,2.474552523842249,-24.0,-0.17590247654901903,0.13585706774823111,5.217299220994396,0.0,0.13196542573029713,0.0359280221239311,0.019599925595066552,0.02086941839688078,1.1191341888136332,0.6000533850056513,0.0016100000000000003,0.027645717828197344,0.3120647516970273,1.0
2011-12-09,1.65,0.0022940514917908494,-0.0024665163771382392,-0.0102869436301853,-0.1130000000000001,0.7666786266936048,68.0,0.02859134467066693,0.029624188448710953,0.03874813710879277,0.002230067122376056,0.036093622520375936,2.3948663042820466,0.0018806744719781492,0.017937356772463102,-0.3469302663334065,-24.0,-0.24903779720007946,0.12475690647932232,5.29986908970639,-0.01,0.1323613466841509,0.03615861095990115,0.019599925595066552,-0.019686104531547788,0.7797732906317295,0.6067594363293327,-0.006190000000000001,0.0316227766009012,-0.4737399419407581,1.0
2011-12-16,1.75,0.028998922604425603,-0.0024665163771382392,-0.0232165099445957,-0.1130000000000001,0.7331265818234219,68.0,0.02859134467066693,0.029624188448710953,0.03874813710879277,0.002230067122376056,0.036093622520375936,2.5102865297689436,0.0018806744719781492,0.017288702055727235,-0.3469302663334065,-24.0,-0.23093947240653823,0.1346357519914027,5.377737473308468,-0.01,0.06259943588244288,0.04324042043290189,0.019599925595066552,-0.025864298263588215,-0.22807587573582438,0.6180059343094193,-0.01376999999999999,0.02764571782819411,-1.272402685815108,1.0
2011-12-23,1.83,0.00468460162453721,-0.0024665163771382392,-0.0234761554572079,-0.1130000000000001,0.6968003546227027,68.0,0.02859134467066693,0.029624188448710953,0.03874813710879277,0.002230067122376056,0.036093622520375936,2.6112184011419832,0.0018806744719781492,0.011730964686927497,-0.3469302663334065,-24.0,-0.23732551007442537,0.06590035768387013,5.4511058559517505,0.01,0.08927983803106754,0.033255438310841705,0.019599925595066552,-0.008781573800548892,-1.6306813653992243,0.6217833969801788,-0.02434,0.02764571782819411,-1.7637404017794391,1.0
2011-12-30,1.83,0.0034326845753809287,0.0,0.0356523212017598,-0.10399999999999998,0.657240111608749,68.0,0.02859134467066693,0.029624188448710953,-0.012747875354107596,0.0,0.03441178997925111,2.6867194752081023,0.0018760570531175303,0.00936386851035607,-0.3535533905932744,-23.0,-0.3214529081382189,0.07629828681847,5.4511058559517505,0.01,0.08152773912846722,0.03295798414890455,0.004507054554305441,-0.00848508236102491,-2.0611937459403546,0.6299428976492016,-0.03401000000000001,0.024458419525078597,-1.6431048282292622,1.0
2012-01-06,1.91,-0.0028727707063509467,0.004400191428267641,-0.0015013253593259,-0.11599999999999999,0.6212013510362605,78.0,0.03691001632410296,0.029252167121508466,0.008498583569405138,0.002075592005452931,0.03994958527176435,3.0503467646509246,0.002614549062229034,0.009217880539211798,1.7423471434167985,-35.0,-0.30755312442646365,0.07337525857830787,5.56908483346717,0.0,0.15369759135426575,0.03515834847140631,0.009381081063829106,-0.010733098518263179,-1.954674926000456,0.6338707729993358,-0.04122999999999999,0.023754698782265993,-1.4512504933408374,1.0
2012-01-13,1.93,-0.006354344140173995,0.004400191428267641,-0.0336419135549185,-0.11599999999999999,0.581855763983303,78.0,0.03691001632410296,0.029252167121508466,0.008498583569405138,0.002075592005452931,0.03994958527176435,3.3585711247494814,0.002614549062229034,0.00950825567434627,-0.5388387667726661,-35.0,-0.4040178426503376,0.08114141095293816,5.683554376172459,0.009999999999999998,0.07821712869898345,0.03445119144776098,0.009381081063829106,-0.06412830801115432,-1.8057501457751683,0.6386383752633451,-0.046119999999999994,0.020310096010368837,-1.2914886852639647,1.0
2012-01-20,1.92,0.006993086591962072,0.004400191428267641,0.0030208624447882,-0.11599999999999999,0.5384789679842977,78.0,0.03691001632410296,0.029252167121508466,0.008498583569405138,0.002075592005452931,0.03994958527176435,3.6255503560999394,0.002614549062229034,0.012567316330543213,-0.5388387667726661,-35.0,-0.505278736284891,0.08293715348730285,5.794722465006985,0.020000000000000004,0.10492647750060669,0.034918094218175606,0.009381081063829106,0.0005637116527070218,-1.6708377661205076,0.6366532912606615,-0.045869999999999994,0.017268882003900997,-1.0596202698306745,1.0
2012-01-27,1.93,4.178907955432187e-05,0.004400191428267641,-0.0079368581613042,-0.11599999999999999,0.49000155629528236,78.0,0.03691001632410296,0.029252167121508466,0.021520803443328518,0.002075592005452931,0.025795740944573573,3.8598525280718388,0.0021086887585237495,0.014330516267726755,-0.35355339059327423,-35.0,-0.3805227847202092,0.08224527776286478,5.902775633631742,0.009999999999999995,0.11439446652818663,0.03562947189162101,0.007608753025680357,-0.0301993934151277,-1.5443863625818384,0.6378167890627277,-0.04150999999999999,0.01999999999875813,-0.647957159959801,1.0
2012-02-03,1.99,0.001850288315473847,0.004402973551276279,0.0344081425131423,-0.06099999999999994,0.46517596313847837,72.0,0.04439148449901298,0.028710987804382082,0.05882352941176472,0.000688968171425719,0.025631956568667194,3.9301595191741097,0.002248146306915718,0.014585058146414852,0.9199450379320316,7.0,-0.42018559033492,0.0665340943749206,5.766804416876379,0.020000000000000004,0.0989553822238447,0.034791229240902215,0.014018250312511533,-0.03346735529191841,-1.4127723901205786,0.628082954383224,-0.03254000000000001,0.018468119247009657,0.2108914083313308,1.0
2012-02-10,1.88,0.0011377983942957304,0.004402973551276279,0.0139826330701587,-0.06099999999999994,0.4384474823890141,72.0,0.04439148449901298,0.028710987804382082,0.05882352941176472,0.000688968171425719,0.025631956568667194,3.997691641627638,0.002248146306915718,0.013390311734232578,-0.510416928009851,7.0,-0.3664961780770889,0.06541078984828536,5.623258906006646,0.009999999999999995,0.15295625213623953,0.021137802759606743,0.014018250312511533,-0.009486541578171193,-1.290104277020098,0.6179659074294719,-0.023809999999999998,0.01999999999875962,1.3856273371434937,1.0
2012-02-17,2.04,0.0032845275802306784,0.004402973551276279,0.0175256461412944,-0.06099999999999994,0.4094436219629759,72.0,0.04439148449901298,0.028710987804382082,0.05882352941176472,0.000688968171425719,0.025631956568667194,4.062587277169119,0.002248146306915718,0.013379788248061065,-0.510416928009851,7.0,-0.30753352284617164,0.05099019513597844,5.471543000418715,0.0,0.1976798320046207,0.021351644113779426,0.014018250312511533,-0.0062233771972712015,-1.174456101354748,0.6066989967849643,-0.015649999999999997,0.02232071427317426,1.7859329344779078,1.0
2012-02-24,2.17,-0.00172913036655864,0.004402973551276279,0.006977081496895,-0.06099999999999994,0.37764047841895526,72.0,0.04439148449901298,0.028710987804382082,0.05882352941176472,0.000688968171425719,0.025631956568667194,4.124970862368076,0.002248146306915718,0.015502092123796768,-0.510416928009851,7.0,-0.36329591024936736,0.050124844139459994,5.310956545373803,0.010000000000000009,0.12147527302094652,0.017384840524250482,0.014018250312511533,-0.0018539854973610992,-1.092219575926633,0.5995959864008659,-0.012039999999999995,0.030443155457938378,1.490348271337118,1.0
2012-03-02,2.24,-0.0024178152510917483,0.0075945586239309915,0.0176424757060018,-0.009000000000000008,0.3786833857920453,63.0,0.028286925428470555,0.02651398193021781,0.1320224719101124,0.001947078067305874,0.004260211675985809,4.015546710550931,0.002288733378503565,0.01582038792002703,-2.155107442220778,-5.0,-0.3478603419206586,0.04580626906570167,5.051581596036928,-0.03,0.021834886221774985,0.02417100565493749,0.033283043998805814,-0.003209663650418998,-1.0602474395515893,0.5887055039979153,-0.01092000000000004,0.031052950169609465,1.1796431229451607,1.0
2012-03-09,2.17,-0.014005090025641542,0.0075945586239309915,-0.0015096180870797,-0.009000000000000008,0.37972252285763763,63.0,0.028286925428470555,0.02651398193021781,0.1320224719101124,0.001947078067305874,0.004260211675985809,3.8995068721768997,0.002288733378503565,0.016440638633079718,0.10715866951388256,-5.0,-0.40241709482696053,0.0452769256907438,4.766770031260295,0.01999999999999999,0.06168443691058112,0.024249102756877867,0.033283043998805814,0.015271123922068891,-1.0527933330433226,0.5783086002335661,-0.008179999999999965,0.037392703642087126,1.071036205036831,1.0
2012-03-16,2.18,0.0030550339423180972,0.0075945586239309915,0.0039431611341631,-0.009000000000000008,0.3807579204846878,63.0,0.028286925428470555,0.02651398193021781,0.1320224719101124,0.001947078067305874,0.004260211675985809,3.7762415176999777,0.002288733378503565,0.014891087509593767,0.10715866951388256,-5.0,-0.4419386152274414,0.1166190378969277,4.451642298675365,0.0,0.059265834390581196,0.026897222440051136,0.033283043998805814,0.009262953187440609,-1.0922289845653612,0.5675224661834636,-0.007460000000000022,0.049785253123010874,0.9265855922433273,1.0
2012-03-23,2.19,-0.0003158738716321219,0.0075945586239309915,0.0048656456430834,-0.009000000000000008,0.3817896090968049,63.0,0.028286925428470555,0.02651398193021781,0.1320224719101124,0.001947078067305874,0.004260211675985809,3.6450176743268177,0.002288733378503565,0.013411885146190971,0.10715866951388256,-5.0,-0.48330680026338135,0.13729530217747773,4.099212667662196,-0.009999999999999995,0.013946880449922983,0.02142728029953732,0.033283043998805814,-0.0023805144411878087,-1.0810830112643313,0.5502935936531709,-0.0036299999999999666,0.048971566093656285,1.1140407242588286,1.0
2012-03-30,2.25,-0.005015822883270182,0.0,-0.0011361357921024,-0.009000000000000008,0.3926303653289167,63.0,0.031619335237894175,0.01994611081963127,0.09214092140921415,0.0,0.004225737736174432,3.6796738985949595,0.0018306018619621352,0.013128095438658718,0.35355339059327434,-7.0,-0.5126089103396376,0.14564511663631158,4.049979982447009,-0.009999999999999995,-0.045580930952920706,0.021467318312744163,0.03257673517661607,-0.0005726595443572013,-0.8898306906837967,0.5315982333959154,0.0020799999999999708,0.03833592123706,1.5460754420353269,1.0
2012-04-06,2.38,-0.004398331281658896,0.0030210295040804525,-0.0082142854863533,-0.124,0.4167828764933957,53.0,0.0390402975636337,0.023027398112989372,-0.008130081300813052,0.0018688889083413596,0.0041949486727746385,3.742479638709459,0.003339107339620127,0.014722113656294835,2.078859591932607,-11.0,-0.4830487394612907,0.13445657822723353,4.064849506229831,0.0,-0.08405003351346285,0.022570497311311558,0.049163388873879624,0.006867881094881401,-0.34276425806761224,0.5068722294756444,0.007579999999999976,0.03295017884117735,1.7651289728395634,1.0
2012-04-13,2.23,0.0006009468577319321,0.0030210295040804525,0.0181904711223288,-0.124,0.43897426390144817,53.0,0.0390402975636337,0.023027398112989372,-0.008130081300813052,0.0018688889083413596,0.0041949486727746385,3.8006072389312253,0.003339107339620127,0.01472944077150152,-0.07546120141361479,-11.0,-0.528782124550002,0.13335639681482592,4.07041157342537,0.01999999999999999,-0.06228343610218812,0.0242739673667712,0.049163388873879624,0.02752706543353739,0.9398578432132596,0.4871842869097901,0.012740000000000029,0.03654742515780751,1.6793346721075213,1.0
2012-04-20,2.29,0.0028843470982142794,0.0030210295040804525,-0.00617645526168,-0.124,0.4594887577160578,53.0,0.0390402975636337,0.023027398112989372,-0.008130081300813052,0.0018688889083413596,0.0041949486727746385,3.8542683631768138,0.003339107339620127,0.011684958402628063,-0.07546120141361479,-11.0,-0.5632366347532353,0.1289241194324526,4.0667043738826605,-0.009999999999999995,-0.08228691591801252,0.020041221438978237,0.049163388873879624,-0.003937385914890484,1.936703308617928,0.4659293895843743,0.015639999999999987,0.03817254061618225,1.4494196728630135,0.0
2012-04-27,2.45,-0.0030982761079058063,0.0030210295040804525,-0.0126798896122096,-0.124,0.4785420654832683,53.0,0.0390402975636337,0.023027398112989372,-0.09181141439205953,0.0018688889083413596,0.000927961655099775,3.9036472097850505,0.002543289275520623,0.008998986105959138,-0.3535533905932741,-11.0,-0.5346955874800303,0.13616560295675328,4.053702476840202,0.009999999999999995,-0.07899587444827849,0.017877861597740297,0.03246023685347678,-0.0017101642900811953,1.968422033513262,0.44705640231149674,0.02098,0.04166190448917911,1.455487859405561,0.0
2012-05-04,2.25,-0.0007957270052860732,-0.0011734793663211729,-0.0075642126310608,-0.21600000000000008,0.5223649176584626,72.0,0.040185114178595605,0.01704253774937592,-0.012406947890818865,0.0013935912278018048,0.01331935801133238,3.874968982506274,0.0025576581788971544,0.009766439356184068,0.43843646503905315,-3.0,-0.46186541392672964,0.14983324063773298,3.9070555353438183,-0.01999999999999999,0.013480114781641683,0.018001342861004774,0.047915460049994044,0.0092254190647037,1.8556026416718359,0.43230275408744573,0.025990000000000013,0.0444007721935067,1.4228030590806529,0.0
2012-05-11,2.15,-4.538662421271766e-05,-0.0011734793663211729,-0.0002196285128012,-0.21600000000000008,0.560451889253151,72.0,0.040185114178595605,0.01704253774937592,-0.012406947890818865,0.0013935912278018048,0.01331935801133238,3.8360636876081355,0.0025576581788971544,0.010432387600597396,-0.46442478694530054,-3.0,-0.4090908682535709,0.1509730344891504,3.7401958313320005,0.03,-0.035323675048282044,0.019091937867716867,0.047915460049994044,-0.005972351866658204,1.7722994371740042,0.41723123139636376,0.031389999999999973,0.038821937832800336,1.4518323755436637,1.0
2012-05-18,2.07,-0.0045968262835396345,-0.0011734793663211729,-0.0163431663383078,-0.21600000000000008,0.5939075242310662,72.0,0.040185114178595605,0.01704253774937592,-0.012406947890818865,0.0013935912278018048,0.01331935801133238,3.786616106560404,0.0025576581788971544,0.010830978636506108,-0.46442478694530054,-3.0,-0.3517730282191778,0.16026763330666507,3.5502745629173402,-0.020000000000000004,-0.0805105505962912,0.01916171778428854,0.047915460049994044,0.0038744400465544893,1.6870306754106814,0.4041420161661084,0.03318000000000004,0.0279987244598652,1.2962337316310086,1.0
2012-05-25,2.03,0.0029852850805196507,-0.0011734793663211729,0.0140941235938702,-0.21600000000000008,0.6234778173382569,72.0,0.040185114178595605,0.01704253774937592,-0.012406947890818865,0.0013935912278018048,0.01331935801133238,3.7262065676256517,0.0025576581788971544,0.010353048030437533,-0.46442478694530054,-3.0,-0.4316069042387951,0.1328533025558855,3.333352186975549,0.009999999999999995,-0.09672925819437506,0.018973226934272575,0.047915460049994044,-0.014051166132134696,1.547756213595542,0.391327361773281,0.026519999999999988,0.02375469878227361,0.5218663996156638,1.0
2012-06-01,2.03,-0.005889501467916558,-0.0014663968844504938,-0.0226207745427389,-0.18199999999999994,0.6515254777741922,64.0,0.037105509068513065,0.016639937622385137,0.08469945355191255,0.0017406554287509035,0.0320004346871254,3.7262065676256517,0.0008138664802557789,0.009724017447418356,-0.2952199381164058,10.0,-0.5058423444788493,0.1795032828987664,3.349151757718762,-0.01999999999999999,-0.16952701713058638,0.02225197265500153,0.03105112542417198,0.017627836129618907,1.3929541957322813,0.38794407241030104,0.01888999999999999,0.022951812874726186,-0.5838239835130314,1.0
2012-06-08,1.99,0.0032941047345191876,-0.0014663968844504938,-0.0197750520466986,-0.18199999999999994,0.6764160088718952,64.0,0.037105509068513065,0.016639937622385137,0.08469945355191255,0.0017406554287509035,0.0320004346871254,3.7262065676256517,0.0008138664802557789,0.010493680269686808,-0.3631590515859484,10.0,-0.5167122052671211,0.17332360320676934,3.3630836779716207,0.01999999999999999,-0.1529862252124401,0.021576251780811646,0.03105112542417198,0.011543196813310896,1.1876045053780364,0.37683127518133364,0.007280000000000009,0.022677868379467715,-1.7717090470001196,1.0
2012-06-15,1.9,0.005979275025613351,-0.0014663968844504938,-0.0366824774588516,-0.18199999999999994,0.6984870044036328,64.0,0.037105509068513065,0.016639937622385137,0.08469945355191255,0.0017406554287509035,0.0320004346871254,3.7262065676256517,0.0008138664802557789,0.010856588642157022,-0.3631590515859484,10.0,-0.4295953488033647,0.1618144881382226,3.375171075492328,0.0,-0.09654879207271405,0.023582899194791132,0.03105112542417198,0.01379942277493651,0.8952641720271008,0.3671189449738489,-0.005470000000000003,0.022677868379467715,-1.9380291653519368,1.0
2012-06-22,1.79,0.0006186671574177627,-0.0014663968844504938,0.0131508914857357,-0.18199999999999994,0.7179985257482211,64.0,0.037105509068513065,0.016639937622385137,0.08469945355191255,0.0017406554287509035,0.0320004346871254,3.7262065676256517,0.0008138664802557789,0.010260630589615068,-0.3631590515859484,10.0,-0.3792858966252243,0.13572556344121442,3.385433707463995,0.0,-0.12505486033253976,0.025926768317234075,0.03105112542417198,0.009067421762613798,0.43826063056598963,0.3557026801723444,-0.01534000000000002,0.023260942124562586,-1.7031918556953478,1.0
2012-06-29,2.05,-0.0025424561261732093,0.0,-0.0185713636340639,-0.18199999999999994,0.733912362305751,64.0,0.03202058413288822,0.015739945644957176,-0.002512562814070307,0.0,0.02719641466102101,3.7262065676256517,1.9549157433285005e-05,0.01138384748292911,-0.35355339059914176,10.0,-0.3449315781242015,0.10169983846036248,3.401434796185469,0.0,-0.10511905519586329,0.028037607326342785,0.0008883251019944088,0.012015723125666095,-0.3576653918309511,0.3231859688127652,-0.01933999999999997,0.026692695629158762,-1.3780638267623313,1.0
2012-07-06,2.01,0.0008070410578209231,-0.0016297858618254946,0.0108303293146898,-0.17899999999999994,0.7565443398199455,72.0,0.03418677881567289,0.014084507042253502,0.06658291457286425,0.0015111726612753174,0.026921430176991633,3.5796432998061825,0.0007395633149696489,0.014698630029744768,2.4740266083518976,15.0,-0.3398335140892057,0.08416607731999502,3.416919572731743,-0.009999999999999995,-0.12214137601606978,0.025160057622427536,0.024633073377686405,-0.002737722291925593,-1.5617166392311437,0.300500587883436,-0.02302000000000004,0.026692695629158762,-1.1875249749410908,1.0
2012-07-13,1.98,0.0001469019051187903,-0.0016297858618254946,-0.0042232355765874,-0.17899999999999994,0.776127367309197,72.0,0.03418677881567289,0.014084507042253502,0.06658291457286425,0.0015111726612753174,0.026921430176991633,3.4196266102964046,0.0007395633149696489,0.014073512707816848,-0.36411307066374504,15.0,-0.36779584908324225,0.0895624283471339,3.4318950259414085,0.020000000000000004,-0.1042780708804033,0.025284475010259985,0.024633073377686405,8.991411476458322e-05,-1.8194201403926564,0.28088365196772375,-0.02367999999999998,0.028284271246592288,-0.9888193705907979,1.0
2012-07-20,2.03,-0.00365351733030872,-0.0016297858618254946,-0.0010294642983838,-0.17899999999999994,0.7928873892699592,72.0,0.03418677881567289,0.014084507042253502,0.06658291457286425,0.0015111726612753174,0.026921430176991633,3.2441663620437984,0.0007395633149696489,0.013371558673638047,-0.36411307066374504,15.0,-0.299613554878871,0.08141603913590059,3.4463677952873226,-0.010000000000000009,-0.08440973338677837,0.024751711183508603,0.024633073377686405,-0.024270632781719703,-1.6680349270719863,0.2541816193708421,-0.023809999999999998,0.03545621041642135,-0.8229283342645187,1.0
2012-07-27,2.07,-0.0031689816573738927,-0.0016297858618254946,0.0036085815874149,-0.17899999999999994,0.8070003119235315,72.0,0.03418677881567289,0.014084507042253502,0.0692695214105794,0.0015111726612753174,0.00434696791713028,3.0505989323663867,0.0007421029062391108,0.014767489131340326,-0.35355339059327784,15.0,-0.27382388315706463,0.07308263424766828,3.4603441881486203,0.020000000000000004,-0.05820271549054168,0.023045283189786755,0.024490474159483765,0.006556591880702511,-1.51723671531891,0.23121718714666764,-0.02134999999999998,0.03545621041642135,-0.5192564527904057,1.0
2012-08-03,1.82,0.0015319186007094476,0.005565158181437102,-0.0022661523361297,-0.16199999999999992,0.8072414975794221,75.0,0.02285596731143258,0.01692378997550148,0.057934508816120944,0.0011436274296647841,0.011255881921417873,2.8673225248547776,0.001777728444616612,0.014606792370128447,-2.2537614542791076,-16.0,-0.2699822114693554,0.06964194138597127,3.437877910119603,-0.020000000000000004,0.052025833510061625,0.022047885332064494,0.02529931634322337,-0.007794183689498191,-1.4404211099086304,0.21922322762301732,-0.02138000000000001,0.037416573867079674,-0.3560874491202171,1.0
2012-08-10,1.84,0.0017757946181111706,0.005565158181437102,-0.0151521420938505,-0.16199999999999992,0.8054620378440452,75.0,0.02285596731143258,0.01692378997550148,0.057934508816120944,0.0011436274296647841,0.011255881921417873,2.657066051117499,0.001777728444616612,0.013711043455316823,0.15329288509159883,-16.0,-0.3177339852300275,0.07206148168657217,3.414270027254139,0.010000000000000009,0.08772552979748705,0.020538788966801776,0.02529931634322337,-0.01157617474438652,-1.384764844290536,0.21865927336405364,-0.01913999999999999,0.03654742515779854,0.6076286099861209,1.0
2012-08-17,1.7,-0.008005094915203181,0.005565158181437102,0.0079241467400636,-0.16199999999999992,0.8016484768435097,75.0,0.02285596731143258,0.01692378997550148,0.057934508816120944,0.0011436274296647841,0.011255881921417873,2.4127864517067446,0.001777728444616612,0.013716725440785324,0.15329288509159883,-16.0,-0.30989846152244915,0.10166471504765674,3.389496685764258,-0.010000000000000009,0.16715292539415083,0.01425113498904234,0.02529931634322337,-0.021315403712004688,-1.354283787950589,0.21833621174122209,-0.01817000000000002,0.03380617018840958,1.4078791726733002,1.0
2012-08-24,1.64,-0.0027021332240620977,0.005565158181437102,0.0003387652066015,-0.16199999999999992,0.795771571160455,75.0,0.02285596731143258,0.01692378997550148,0.057934508816120944,0.0011436274296647841,0.011255881921417873,2.122770323458247,0.001777728444616612,0.014994018805559452,0.15329288509159883,-16.0,-0.31264311710549275,0.10166471504765674,3.3635321339762845,0.010000000000000009,0.1262738483363639,0.016297588331906802,0.02529931634322337,-0.007977975824561695,-1.3534351965189342,0.2175906738753017,-0.01804,0.022951812874721023,1.275302761070095,1.0
2012-08-31,1.72,-0.004549378003943172,0.0,0.0080978930693489,-0.16599999999999993,0.784722710613364,71.0,0.023702651684260223,0.015381970919700727,-0.010600706713780883,0.0,0.009780176779896826,1.9783442960838136,0.00151288641287554,0.009138438389193922,0.35355339059327473,-11.0,-0.277117758274224,0.1021116335893843,3.264311799350678,-0.010000000000000009,0.11590520099682511,0.013954454165941509,0.0037479158013424075,-0.00401837465046101,-1.3603587368519845,0.22218602332126555,-0.017330000000000012,0.02604940361163476,1.1856310660844553,1.0
2012-09-07,1.65,0.003328704503616775,0.004462212267611232,0.0192363294312392,-0.20899999999999996,0.7660651743103185,71.0,0.022951570495009843,0.01991282080664991,0.09540636042402828,0.0018502994792231053,0.02011843976407514,1.8012815950363263,0.0014979943470403954,0.008931096131221151,-0.07149112760743717,-11.0,-0.31494254203535776,0.0950093980314189,3.1543381509341857,0.020000000000000004,0.10522696618483307,0.01617948135392368,0.03859481547044244,-0.002839739711481895,-1.3920875788980813,0.22452992625226476,-0.018389999999999962,0.02604940361163476,0.5849059826974917,1.0
2012-09-14,1.69,0.00045319752289807447,0.004462212267611232,0.0153634994415222,-0.20899999999999996,0.7451609211059773,71.0,0.022951570495009843,0.01991282080664991,0.09540636042402828,0.0018502994792231053,0.02011843976407514,1.5806522509593266,0.0014979943470403954,0.0097383258500603,0.41829094258337274,-11.0,-0.22735624405048938,0.10954451150106345,3.0324414845908514,0.0,0.1255116078949141,0.014784436455518267,0.03859481547044244,-0.007166812960166205,-1.4255616984721102,0.22309787569993098,-0.019150000000000056,0.022951812874721023,-0.020742862915241828,0.0
2012-09-21,1.48,-0.0006637274708087837,0.004462212267611232,-0.0017261407961641,-0.20899999999999996,0.7218147779795142,71.0,0.022951570495009843,0.01991282080664991,0.09540636042402828,0.0018502994792231053,0.02011843976407514,1.2943664919125049,0.0014979943470403954,0.010678332102339752,0.41829094258337274,-11.0,-0.22048094844856891,0.10266972011541634,2.897117202404154,0.0,0.16330621370961618,0.014818294557734379,0.03859481547044244,-0.011443996664479303,-1.4078849746964612,0.22365502146719857,-0.016149999999999998,0.02295181287472167,1.5175437094082016,0.0
2012-09-28,1.5,-0.006066472118044786,0.004462212267611232,-5.336165132459802e-05,-0.20899999999999996,0.6957809837796798,71.0,0.022951570495009843,0.01991282080664991,0.1071428571428572,0.0018502994792231053,0.01903382991080879,0.8805592628471449,0.00025939886023874193,0.011572483731865481,0.3535533905933083,-11.0,-0.09438078739006306,0.0983343422063184,2.9017989947156995,-0.009999999999999995,0.16401522719316675,0.013996037834254207,0.037880720420707954,0.010959040659406102,-1.3512946089788316,0.2261830803178329,-0.01305999999999996,0.02449489742682157,2.1663041888368495,0.0
2012-10-05,1.63,0.0014459127025303609,-0.00038892514055322014,0.0154571922099873,-0.15400000000000003,0.6784170908093234,68.0,0.019430024786973865,0.021623435988711304,0.055952380952380976,0.001582422537165229,0.025173037492243797,0.9519211344198334,0.0012910800462658616,0.011010029488250363,2.4254476188376,-1.0,-0.02441828194514495,0.09576757578342988,2.9364177188556417,0.009999999999999995,0.08315248996561797,0.014245504265118144,0.04334861028546306,-0.0023535290846928014,-1.2905396175639745,0.22501013887003116,-0.01097999999999999,0.02449489742682157,1.873034786800811,0.0
2012-10-12,1.66,0.0011077040083860012,-0.00038892514055322014,0.0280300355860195,-0.15400000000000003,0.6595358851072912,68.0,0.019430024786973865,0.021623435988711304,0.055952380952380976,0.001582422537165229,0.025173037492243797,1.0167822548842276,0.0012910800462658616,0.011667799932709258,-0.26531012414778843,-1.0,-0.024844722096527994,0.08730079364722335,2.968601399393013,0.0,0.058294900699214613,0.015873910126076675,0.04334861028546306,0.0040413340496816,-1.196483143026941,0.22011883188603362,-0.006950000000000012,0.02187627547188755,1.8735190995056539,0.0
2012-10-19,1.74,0.012553959047852503,-0.00038892514055322014,-0.021503638450476,-0.15400000000000003,0.639002880522174,68.0,0.019430024786973865,0.021623435988711304,0.055952380952380976,0.001582422537165229,0.025173037492243797,1.076318511623229,0.0012910800462658616,0.010600596223640953,-0.26531012414778843,-1.0,-0.00330665353404469,0.09179752564362585,2.9984284470934766,-0.009999999999999995,0.030320383061941403,0.016256480161141115,0.04334861028546306,0.0012848330542906128,-1.092659556861018,0.2144763696126322,-0.004129999999999967,0.02563479777750093,1.6513072465623695,0.0
2012-10-26,1.93,-0.0020920854818540224,-0.00038892514055322014,-0.0180500943584824,-0.15400000000000003,0.6166530968188835,68.0,0.019430024786973865,0.021623435988711304,0.055952380952380976,0.001582422537165229,0.025173037492243797,1.1313708498990542,0.0012910800462658616,0.011238254998703814,-0.26531012414778843,-1.0,-0.1333163367165512,0.07395703385851259,3.025968550925984,0.01999999999999999,-0.07543935853567951,0.016540165780552632,0.04334861028546306,-0.006086085246233705,-0.9280453707377774,0.2038870942695876,0.00014999999999998348,0.023299294899369175,1.6124927795739714,1.0
2012-11-02,1.93,-0.006274982717134003,-0.00473808669488196,-0.0049078847265488,-0.133,0.6014667921782387,59.0,0.023257536633332743,0.01764133846085847,-0.013978494623655968,0.0013245377103678901,0.01935957509921054,1.3767296813049175,0.001653776699387713,0.011098063894440372,1.677943636548571,-6.0,-0.060533992073637855,0.06685538764489449,3.051098261826356,-0.03,-0.09972418112502746,0.013412840913462358,0.021588597627203547,0.008522048469089799,-0.7503406919437995,0.20223785706342243,0.0012299999999999534,0.02199837656235668,1.3213980239610679,1.0
2012-11-09,1.88,0.002711168462600222,-0.00473808669488196,-0.0067628410224241,-0.133,0.5841740046845981,59.0,0.023257536633332743,0.01764133846085847,-0.013978494623655968,0.0013245377103678901,0.01935957509921054,1.5689290811058996,0.001653776699387713,0.0077095636752971255,-0.5397971566386968,-6.0,-0.02260047074363314,0.0616441400297419,3.0660772271089063,0.0,-0.13051821848431455,0.0175221629487391,0.021588597627203547,0.022829173271627298,-0.5085007455799642,0.2029781099582286,0.0018000000000000238,0.02199837656235668,1.132523580868119,1.0
2012-11-16,1.64,0.016409900978207048,-0.00473808669488196,0.0018677014510741,-0.133,0.5645812065456127,59.0,0.023257536633332743,0.01764133846085847,-0.013978494623655968,0.0013245377103678901,0.01935957509921054,1.7258219892164122,0.001653776699387713,0.007525583754089736,-0.5397971566386968,-6.0,0.14294329894238778,0.06819090848497711,3.0710539801542387,-0.03,-0.11025567281999515,0.017476327808213513,0.021588597627203547,0.0003679230094990882,-0.27344012913494925,0.20461308813745757,0.00048000000000003595,0.025071326820135714,0.7570990444355475,1.0
2012-11-23,1.64,-0.002114175926685391,-0.00473808669488196,-0.0077348804194922,-0.133,0.5424392271941232,59.0,0.023257536633332743,0.01764133846085847,-0.013978494623655968,0.0013245377103678901,0.01935957509921054,1.8563819235693975,0.001653776699387713,0.009975140965116341,-0.5397971566386968,-6.0,0.10135515583534871,0.06490377492878582,3.0660772271089103,0.04000000000000001,-0.08773378276620869,0.019746416292444634,0.021588597627203547,0.016147382023260326,-0.8096162346589175,0.20442641309547965,-0.0037200000000000566,0.01982062417805908,-0.21084914530014492,1.0
2012-11-30,1.76,-0.00689581670968642,0.0,0.0101456321811528,-0.07600000000000007,0.5339425002729626,61.0,0.017856494228240427,0.020157573823956998,0.03382187147688831,0.0,0.00042803073921548844,1.853479057174909,0.0012967094032460995,0.009024913269243482,-0.3535533905932752,-23.0,-0.006417411048385779,0.06759913355324469,3.0712995367835987,-0.020000000000000004,-0.11935415542427963,0.020986561314698848,0.011957837336863893,-0.0033377856729790156,-2.0808701441377364,0.20385056485178057,-0.005659999999999998,0.022038926599654826,-1.0468053027705766,1.0
2012-12-07,1.64,0.0029617424935872716,-0.002693064490207231,0.0066700976468172,-0.008000000000000007,0.524606111571259,61.0,0.020268355938483085,0.01741022368747558,0.06087936865839905,0.001707517399386127,0.041959576466625,1.849740106485189,0.0014397638157802007,0.009235384829545074,1.1216423839489518,-23.0,0.07054573777003226,0.06943650748298873,3.076390413924322,0.009999999999999995,-0.13560006901067612,0.02079911290360696,0.01403564715665639,-0.013936799888881302,-2.1643633825029838,0.20209713104623012,-0.008489999999999998,0.023754698782269826,-1.6565852600865583,1.0
2012-12-14,1.58,0.02008981724990533,-0.002693064490207231,-0.0081585292223615,-0.008000000000000007,0.5140073017360688,61.0,0.020268355938483085,0.01741022368747558,0.06087936865839905,0.001707517399386127,0.041959576466625,1.8451599888943955,0.0014397638157802007,0.010523232321948342,-0.5241482873601226,-23.0,0.05980166045154367,0.06749338591939011,3.081350509972989,-0.049999999999999996,-0.07270389726412008,0.019763739098511944,0.01403564715665639,-0.001322138200189088,-2.0339484389869136,0.2023320859417792,-0.011379999999999946,0.023299294899367884,-1.6571759505072987,1.0
2012-12-21,1.68,0.001018421395418967,-0.002693064490207231,0.0208199342687048,-0.008000000000000007,0.5020661265391005,61.0,0.020268355938483085,0.01741022368747558,0.06087936865839905,0.001707517399386127,0.041959576466625,1.839732422015976,0.0014397638157802007,0.010035147440183627,-0.5241482873601226,-23.0,0.10822090054997835,0.07648529270393456,3.0861804555021033,0.019999999999999997,-0.11055373805505697,0.020957855633651136,0.01403564715665639,-0.017151921052179914,-1.8613397011732657,0.19988486505001174,-0.012380000000000058,0.01851640199411458,-1.345961066684648,1.0
2012-12-28,1.59,-0.004428074354391853,-0.002693064490207231,-0.0131717758802737,-0.008000000000000007,0.48868419233474525,61.0,0.020268355938483085,0.01741022368747558,0.026172300981461394,0.001707517399386127,0.041896290541887315,1.8334498797457897,0.0008377623860865855,0.009580440756801253,-0.3535533905932771,-23.0,0.16058882766899774,0.08585702400756197,3.090880860648396,-0.049999999999999996,-0.08125061854216886,0.019682135486744974,0.009253305751623465,-0.0019948708108334934,-1.6943600455762302,0.19971878797078652,-0.01205999999999996,0.017268882003904546,-1.0066153097768495,1.0
2013-01-04,1.71,0.003401437760121029,0.002957304192926058,-0.0044219843486569,-0.0050000000000000044,0.47736183500065965,64.0,0.014467904237824847,0.01594864668122553,0.025081788440566966,0.002174991908512336,0.04273874212912262,2.1894853627844997,0.0008298265160671297,0.01068542326513324,-0.09844696193532346,-23.0,0.07348135270072875,0.11646581350032278,3.1975551557964694,0.060000000000000005,-0.08339898999915274,0.013775019458059356,0.009314406322791749,0.01692696500908189,-1.625284278317033,0.19894366590106602,-0.014480000000000048,0.017268882003904546,-1.1760996943326385,1.0
2013-01-11,1.69,0.0039555201942691465,0.002957304192926058,0.0038872904531277,-0.0050000000000000044,0.4643292849053341,64.0,0.014467904237824847,0.01594864668122553,0.025081788440566966,0.002174991908512336,0.04273874212912262,2.4648295306949857,0.0008298265160671297,0.011500625983643476,-0.393861318026235,-23.0,0.24606734369206973,0.11783766072746146,3.2997554642248654,0.0,-0.052076996439461176,0.014432214115587552,0.009314406322791749,-0.004924257989173689,-1.5283525633327706,0.19894366590106602,-0.012660000000000005,0.015526475083609641,-0.6782682924182045,1.0
2013-01-18,1.76,0.011979261986773793,0.002957304192926058,0.0183468184914362,-0.0050000000000000044,0.4494377929751437,64.0,0.014467904237824847,0.01594864668122553,0.025081788440566966,0.002174991908512336,0.04273874212912262,2.684428029609906,0.0008298265160671297,0.01396004088758568,-0.393861318026235,-23.0,0.521980402663857,0.1174049767745578,3.397885510532453,0.009999999999999995,-0.029453600983591954,0.013101086598561995,0.009314406322791749,-0.0011578427378477057,-1.4043693196144411,0.19599804536235926,-0.009499999999999953,0.010350983387743163,0.4737358744557219,1.0
2013-01-25,1.88,0.01615655783835135,0.002957304192926058,0.0037465009794596,-0.0050000000000000044,0.4324953829998703,64.0,0.014467904237824847,0.01594864668122553,0.025081788440566966,0.002174991908512336,0.04273874212912262,2.861145547880316,0.0008298265160671297,0.014432182304189094,-0.393861318026235,-23.0,0.2860343689555147,0.11236897131455516,3.4922884232798093,0.0,-0.03696263956826662,0.012155474551582428,0.009314406322791749,-0.00017405460020769592,-1.282694695754867,0.19680201518924334,-0.006739999999999968,0.01246423454559747,1.670011067880476,1.0
2013-02-01,1.88,-0.0009937918721570904,0.008190029529268728,0.0116227791452954,-0.131,0.41292943421009454,59.0,0.015945538776370727,0.019779235097490577,0.04144527098831041,0.0014640721012448843,0.01810408974608159,2.8131559064238982,0.0016433954385766713,0.016257844695247006,2.471499866808523,6.0,0.3209283803584311,0.1034753248709474,3.3528088672264738,-0.020000000000000004,-0.0007154507097738572,0.012853002676890669,0.015103078292754752,-0.005706214571546506,-1.1456800096106028,0.19826053520317127,-0.003550000000000053,0.011877349389572602,1.8895162814988418,1.0
2013-02-08,1.88,0.0020842861245240485,0.008190029529268728,-0.0023566660451572,-0.131,0.3916216904641101,59.0,0.015945538776370727,0.019779235097490577,0.04144527098831041,0.0014640721012448843,0.01810408974608159,2.7637766802806363,0.0016433954385766713,0.017112732867401826,-0.3743811807789144,6.0,0.32095279649015485,0.0957302758498625,3.2030340066355514,0.010000000000000009,-0.02989760821917864,0.012818730961859032,0.015103078292754752,-0.0003772173439133969,-0.998206818037881,0.19879074470668612,-0.0013199999999999878,0.00925820099505582,1.6336585200213964,1.0
2013-02-15,1.93,0.01965190424464547,0.008190029529268728,0.000579276602214,-0.131,0.36826994003162955,59.0,0.015945538776370727,0.019779235097490577,0.04144527098831041,0.0014640721012448843,0.01810408974608159,2.7129319932503875,0.0016433954385766713,0.01715101000302271,-0.3743811807789144,6.0,0.17473923190132945,0.08293715348730216,3.041443255086005,0.03,-0.07148389583614911,0.015974006506064356,0.015103078292754752,-0.04392980287666169,-0.902979362955675,0.19879074470668612,-0.0013900000000000023,0.012464234545601006,1.2088510810455106,1.0
2013-02-22,2.03,0.006806593531703209,0.008190029529268728,0.0003149892814027,-0.131,0.3424563015975424,59.0,0.015945538776370727,0.019779235097490577,0.04144527098831041,0.0014640721012448843,0.01810408974608159,2.6605378287976027,0.0016433954385766713,0.01723716740390884,-0.3743811807789144,6.0,0.2905882160446358,0.06158617655660992,2.8660387259919466,0.03,-0.15158968660403538,0.017284997744329983,0.015103078292754752,0.01564478725617459,-0.8550953051462441,0.19861435532665603,-0.0010099999999999554,0.012464234545601006,0.9899791649933295,1.0
2013-03-01,1.95,-0.0014700418396523807,0.0026145085843749527,-0.0072848945680018,-0.30800000000000005,0.3299694828298577,56.0,0.02534732272069462,0.014738962125967703,-0.004255319148936176,0.0009674548198599364,0.01812372537138615,2.6370146290545455,0.0020223656039795967,0.017230233912998324,1.453938187544397,1.0,0.3913044020766223,0.07652030542844179,2.760691543416265,-0.020000000000000004,-0.15014055390120928,0.017403319968222898,0.02337860316872973,0.0221413956433332,-0.8233423379097574,0.19693762171739954,-0.00047000000000008146,0.014078859529978527,0.900991490107991,1.0
2013-03-08,2.07,0.005890441985374917,0.0026145085843749527,-0.0007714089159723,-0.265,0.3153375437856367,56.0,0.02534732272069462,0.014738962125967703,-0.004255319148936176,0.0009674548198599364,0.01812372537138615,2.6126909205176525,0.0020223656039795967,0.01569402255941659,-0.5380758410666586,1.0,0.5615318989507325,0.08096516005580368,2.64603633679276,-0.009999999999999995,-0.14385478918185957,0.017012231751251685,0.02337860316872973,0.0022318600711396103,-1.109818678897898,0.19744703549327128,-0.0022900000000000142,0.013887301494809528,0.3094788667133025,1.0
2013-03-15,2.12,0.01820345759865938,0.0026145085843749527,0.0012456661467053,-0.265,0.29824493167383537,56.0,0.02534732272069462,0.014738962125967703,-0.004255319148936176,0.0009674548198599364,0.01812372537138615,2.587544128200745,0.0020223656039795967,0.015007108576734865,-0.5380758410666586,1.0,0.6646603698604059,0.07265377779975443,2.5208033386399364,-0.010000000000000009,-0.12712498524860172,0.015998528266125342,0.02337860316872973,-0.0015346866342588056,-1.6009785259998013,0.18613426688614887,-0.002869999999999928,0.015059406171436368,-0.2067247591668138,1.0
2013-03-22,2.04,0.013107996598213933,0.0026145085843749527,-0.0195366618303905,-0.265,0.27823852688677186,56.0,0.02534732272069462,0.014738962125967703,-0.004255319148936176,0.0009674548198599364,0.01812372537138615,2.5615500115242726,0.0020223656039795967,0.014367874401702372,-0.5380758410666586,1.0,0.7261537939153901,0.07382411530119878,2.3833256863680803,-0.01999999999999999,-0.12314029497421597,0.016170108274185604,0.02337860316872973,-0.004885859924118996,-1.7626726740783407,0.1755589006625797,-0.0030000000000000027,0.014078859529977481,-0.9244056283991055,1.0
2013-03-29,2.02,-0.001444390948483365,0.0,-0.0026478470008438,-0.265,0.25463244539085905,56.0,0.02534732272069462,0.014738962125967703,-0.04489795918367345,0.0,0.004556100394243045,2.534682501738024,0.0014243183495382863,0.00983824114203572,-0.35355339059327495,1.0,0.8927564934300316,0.07071067811868895,2.2313412695593082,0.0,-0.05620261575229335,0.015491293938725129,0.015873825700106235,0.0021187221744859985,-1.8283477709137905,0.16428681739897574,-0.004650000000000043,0.014577379735416195,-1.860443860261052,1.0
2013-04-05,1.85,0.0041145992075586335,-0.0010396394770870732,0.0115231391489381,-0.17100000000000004,0.26253614361838884,54.0,0.017145631127746475,0.010630853814894481,0.03265306122448974,0.00016323444762322836,0.011470341343581034,2.545886576723323,0.0014986445240222379,0.011833341592274562,-0.839874311870908,-7.0,0.974629021715721,0.10126873724334773,2.2313412695593082,0.0,-0.10270061815008702,0.015572887408571765,0.034731650431491616,-0.002482822253846398,-1.8871497116834026,0.15905831481364305,-0.00714999999999999,0.01603567451320229,-1.971314352378895,1.0
2013-04-12,1.91,0.003834632484841949,-0.0010396394770870732,0.0005164377171375,-0.17100000000000004,0.26805566532775627,54.0,0.017145631127746475,0.010630853814894481,0.03265306122448974,0.00016323444762322836,0.011470341343581034,2.556439832146681,0.0014986445240222379,0.011926433535752257,-0.2640393246178547,-7.0,1.1312469641045833,0.10802612117977807,2.2313412695593082,-0.010000000000000009,-0.11222406603169244,0.01909190410264112,0.034731650431491616,-0.020030510011688804,-1.903127930072506,0.1550423238086605,-0.010360000000000036,0.01642080561645085,-1.920273147461687,1.0
2013-04-19,1.96,0.020864921267429226,-0.0010396394770870732,-0.0177857741615694,-0.17100000000000004,0.2713365461389253,54.0,0.017145631127746475,0.010630853814894481,0.03265306122448974,0.00016323444762322836,0.011470341343581034,2.56635029685259,0.0014986445240222379,0.011493307888831343,-0.2640393246178547,-7.0,1.2874934549338168,0.11593563485217473,2.2313412695593082,-0.009999999999999995,-0.1459485732181236,0.029040433988244376,0.034731650431491616,0.042224097386661386,-1.7957515726840445,0.15174438199191181,-0.010649999999999937,0.014880476181189043,-1.4362108208622621,1.0
2013-04-26,2.06,0.007143921490912808,-0.0010396394770870732,-0.0152346894327845,-0.17100000000000004,0.27245966926299486,54.0,0.017145631127746475,0.010630853814894481,0.08119658119658113,0.00016323444762322836,0.009895896428819237,2.5756253908221356,0.00030510665904626524,0.010756239963989108,0.3535533905932981,-7.0,0.8989020203301454,0.12569094750903795,2.2313412695593082,0.0,-0.11369484675954322,0.035140051866348485,0.028707326586633358,0.002589323570289015,-1.71967753774256,0.14922967104771517,-0.0121,0.01767766952825851,-1.376834961299048,1.0
2013-05-03,1.93,-0.00043843142194310847,0.0017804077735872337,-0.0235342283421783,0.16600000000000004,0.27606077596746714,55.0,0.015594777439077445,0.013619650588516885,0.07158119658119655,0.0007043705332601125,0.04011192089800208,2.553127795168714,0.0004397737907173582,0.010259563568942863,1.7991687872920177,2.0,0.7731460340445824,0.1016647150476502,2.2427190726022994,0.0,-0.029241520112545216,0.03538942746144996,0.029322113374820366,0.004351406137503899,-1.5693494645154686,0.14763290660677986,-0.009689999999999976,0.015811388299268554,-0.5817095096547072,1.0
2013-05-10,1.91,0.0022371317444804806,0.0017804077735872337,-0.0060095717152141,0.16600000000000004,0.27945746642823854,55.0,0.015594777439077445,0.013619650588516885,0.07158119658119655,0.0007043705332601125,0.04011192089800208,2.5298221281350033,0.0004397737907173582,0.01340246731051836,0.023305706633017217,2.0,0.558389791846047,0.08847921466975796,2.25253334840418,-0.010000000000000002,-0.0009361941169452326,0.034672444467455814,0.029322113374820366,-0.001644315724821488,-1.3480664198938526,0.14857543751753907,-0.0049000000000000155,0.017268882003897847,0.8695444016553433,1.0
2013-05-17,1.85,0.008919529028173168,0.0017804077735872337,-0.0336963571722115,0.16600000000000004,0.28265711015131134,55.0,0.015594777439077445,0.013619650588516885,0.07158119658119655,0.0007043705332601125,0.04011192089800208,2.505685841932913,0.0004397737907173582,0.013960575206199321,0.023305706633017217,2.0,0.4788474383741905,0.09927415143360721,2.260804459128439,0.0,0.04962825884930089,0.03581618308011524,0.029322113374820366,-0.001641148234469425,-0.9951663479380747,0.1509562281109123,0.0022699999999999942,0.017268882003897847,2.0120463665368096,0.0
2013-05-24,1.78,0.01324998084530482,0.0017804077735872337,0.0250659244444352,0.16600000000000004,0.2856663283580365,55.0,0.015594777439077445,0.013619650588516885,0.07158119658119655,0.0007043705332601125,0.04011192089800208,2.4806946917844725,0.0004397737907173582,0.014796995528312169,0.023305706633017217,2.0,0.649922063679855,0.1268013068882846,2.267549291380538,0.0,0.036209562991710076,0.037844924423666514,0.029322113374820366,-0.000576311119763695,-0.36661304181834536,0.1549874709091256,0.009499999999999953,0.018516401994108322,1.9700664752129529,0.0
2013-05-31,1.65,-0.003997101255681201,0.0,0.0221482965247692,0.16600000000000004,0.28858161953371353,58.0,0.015538624889035235,0.015108202093446765,-0.008893280632411016,0.0,0.03748406366237585,2.5056858419329147,0.00027611743358826294,0.012930162216771809,-0.35355339059330393,16.0,0.7128116982137358,0.16707034446605162,2.291370130273209,0.0,0.10501018276171248,0.038558160824706665,0.003144249521086778,-0.027857595256906495,0.8932718671911949,0.1590226323099032,0.016060000000000074,0.02815771906258576,1.7466116858693042,0.0
2013-06-07,1.79,0.004447394603690036,0.002399708085599528,0.0238624755451194,0.040999999999999925,0.28893110061718674,58.0,0.017645800035426706,0.017544165453768912,-0.06916996047430835,0.0015193393878005779,0.03775950387087992,2.5249523986376756,0.0007460129258435062,0.016398372214622862,2.302834879435843,16.0,0.6650717822436758,0.18703991170718984,2.312338209252401,0.0,0.14185494080415273,0.036256421549910205,0.021281831837955564,0.013263265836623309,1.8845990044561232,0.16716189621906916,0.01937,0.035456210416418804,1.4507615641328926,1.0
2013-06-14,1.86,0.0031348312723167293,0.002399708085599528,0.0051245692766471,0.040999999999999925,0.28926950159246806,58.0,0.017645800035426706,0.017544165453768912,-0.06916996047430835,0.0015193393878005779,0.03775950387087992,2.538624703381131,0.0007460129258435062,0.017016036209161433,-0.4785291702731997,16.0,0.5131739069759709,0.1800595139708898,2.330530529519277,0.010000000000000002,0.16446507075553063,0.026693253004904518,0.021281831837955564,0.008081346400510697,1.8637667125349497,0.17215463163857522,0.018749999999999933,0.035831949031264715,1.0791642335098022,1.0
2013-06-21,1.74,0.017499491327947814,0.002399708085599528,0.0022433921872161,0.040999999999999925,0.28959686130168777,58.0,0.017645800035426706,0.017544165453768912,-0.06916996047430835,0.0015193393878005779,0.03775950387087992,2.546792854975727,0.0007460129258435062,0.017515061472635405,-0.4785291702731997,16.0,0.4365713936941964,0.22424476423256384,2.346011666438737,0.0,0.17464894598903413,0.03018352082623966,0.021281831837955564,0.025112677607234096,1.6360853333379555,0.19864890543876407,0.01546000000000003,0.04867897756828579,0.6343058809993992,1.0
2013-06-28,1.72,0.0023460393657452894,0.002399708085599528,0.0248783309623439,0.040999999999999925,0.28991321714706475,58.0,0.017645800035426706,0.017544165453768912,-0.060817547357926216,0.0015193393878005779,0.0016736255176008704,2.549509756796703,0.0007335997856920412,0.017623149246625863,-0.35355339059327806,16.0,0.2623938408306017,0.23503419204144463,2.3588350014582145,-0.010000000000000002,0.13653482343599888,0.03145285224533627,0.02150225007596187,0.00589702717290691,1.357903299405855,0.22056856121424323,0.007329999999999948,0.04657942525508312,-0.3661117935059445,1.0
2013-07-05,1.76,0.004044646922733763,0.0003939975332329926,-0.0047040474756666,0.015000000000000013,0.29069212394856186,59.0,0.012364196654177428,0.019606816118443948,-0.005982053838484491,0.0022712663381188047,0.004741791194300821,2.4856511296767123,0.001403845999210884,0.01599984186473298,-2.1181499915082855,16.0,0.3029539168496316,0.2786062249330247,2.4222448234889193,0.0,0.22226175193309627,0.031777261864258846,0.03186356709812519,-0.0007539069602878201,1.0605994131115368,0.2506265903348008,-0.00018999999999991246,0.053569047565679935,-1.5031249872227936,1.0
2013-07-12,1.78,0.003250454800268754,0.0003939975332329926,-0.0128465073374994,0.015000000000000013,0.29107415589605357,59.0,0.012364196654177428,0.019606816118443948,-0.005982053838484491,0.0022712663381188047,0.004741791194300821,2.419472288299192,0.001403845999210884,0.0158801449884026,0.09144499765574746,16.0,0.26791926287680123,0.26694033576277854,2.4785657313184957,0.0,0.21641789672042044,0.038419198710999,0.03186356709812519,0.004372964178196215,0.6671076603046628,0.2675146772873311,-0.007280000000000064,0.04956957592207381,-1.7932962399286307,1.0
2013-07-19,1.77,0.009636154270931563,0.0003939975332329926,0.0049939331341091,0.015000000000000013,0.29106087574798367,59.0,0.012364196654177428,0.019606816118443948,-0.005982053838484491,0.0022712663381188047,0.004741791194300821,2.3507772855282174,0.001403845999210884,0.015644657270450852,0.09144499765574746,16.0,0.22979549629561302,0.2306976995364936,2.528271516816765,-0.010000000000000002,0.18164917067882924,0.03809926379261419,0.03186356709812519,-0.015541973093474715,0.02364836110020605,0.2758622161381501,-0.01197999999999999,0.040266966254984264,-1.557522422126072,0.0
2013-07-26,1.79,0.01037717423041773,0.0003939975332329926,-0.0070022727043822,0.015000000000000013,0.2906522293179177,59.0,0.012364196654177428,0.019606816118443948,-0.005982053838484491,0.0022712663381188047,0.004741791194300821,2.279338635522633,0.001403845999210884,0.015979511392363602,0.09144499765574746,16.0,0.1810631488440857,0.21141952200711195,2.571745772770033,0.0,0.1616553882039724,0.0394100492673001,0.03186356709812519,-0.01624427965964159,-0.9819429670960829,0.28838572658887374,-0.01156999999999997,0.03889087296463637,-1.1508397362934302,0.0
2013-08-02,1.87,-0.0007768757899542234,0.0012029315570472043,0.0172565690441448,0.038999999999999924,0.2917513518332823,69.0,0.022593571227008002,0.015183675595431989,0.023354564755838636,0.0019497178040022156,0.013710852462421111,2.177154105708088,0.0024540608241251476,0.013450994630118427,2.2196237040994147,-7.0,0.16336453768633552,0.17763827611992353,2.5075301375358263,0.010000000000000002,0.1700218890163514,0.03941948795363303,0.02514133434240454,-0.039184663704881495,-1.6018946861310492,0.30177803915640594,-0.008160000000000056,0.041209395599374435,-0.6934548266794823,0.0
2013-08-09,1.9,0.003796968304749626,0.0012029315570472043,-0.0102767772226574,0.038999999999999924,0.29280735749722187,69.0,0.022593571227008002,0.015183675595431989,0.023354564755838636,0.0019497178040022156,0.013710852462421111,2.05800500859114,0.0024540608241251476,0.012896172841491743,-0.13651777658023545,-7.0,0.16606499686440834,0.07535629654230744,2.437762245629393,0.010000000000000002,0.14105737145144226,0.03937762129417441,0.02514133434240454,-0.010158558519728203,-1.4183205917170087,0.3118857160070203,-0.003950000000000009,0.037032803990247214,-0.14565658476618704,0.0
2013-08-16,1.86,0.0170035971293252,0.0012029315570472043,-0.0047442777905686,0.038999999999999924,0.2938207112021718,69.0,0.022593571227008002,0.015183675595431989,0.023354564755838636,0.0019497178040022156,0.013710852462421111,1.9187335566826584,0.0024540608241251476,0.011814661217662285,-0.13651777658023545,-7.0,0.23869066027914188,0.10885770528538852,2.3619501363190123,0.0,0.11925837614288914,0.033571389531547334,0.02514133434240454,0.0090887971351062,-1.0559276387439036,0.33487908941127975,0.0006599999999999939,0.03494894234994874,0.7562858291598751,1.0
2013-08-23,1.94,-0.00017963301660328668,0.0012029315570472043,-0.0037947460401613,0.038999999999999924,0.2947918527997002,69.0,0.022593571227008002,0.015183675595431989,0.023354564755838636,0.0019497178040022156,0.013710852462421111,1.7545545128217541,0.0024540608241251476,0.01098049235747184,-0.13651777658023545,-7.0,0.2897853517984499,0.1215891794997764,2.2794908272187575,-0.020000000000000004,0.1068122358823076,0.022996178253807977,0.02514133434240454,-0.004901851296877896,-0.6568211505191788,0.35258723768882533,0.0038000000000000256,0.040266966254984986,1.4727689733156715,1.0
2013-08-30,1.95,-0.0003324493618178659,0.0,0.0093018598565717,0.21599999999999997,0.29572119816086256,69.0,0.022593571227008002,0.015183675595431989,-0.033099297893681046,0.0,0.012463691795297467,1.7083505314961545,0.0020442861876283974,0.009160726338223433,-0.35355339059327434,-3.0,0.27938551551351964,0.1281112797531905,2.25278443429294,0.0,0.11589095225155321,0.021723003254969394,0.011702368996567838,0.010297478584015196,-0.22587244093014627,0.36415380537193065,0.00380999999999998,0.03852179346006731,1.2615254523385786,1.0
2013-09-06,2.03,0.0026687110504284295,0.001163004485263519,-0.0004429654855058,0.17700000000000005,0.3004032187267593,64.0,0.02854766330187619,0.01184925261552161,0.007021063189568633,0.0015533251399697523,0.021845157003868656,1.6659485632474627,0.002522049938224809,0.00851261487462941,1.4774651530723337,1.0,0.3161819814753559,0.1607793519081353,2.231932655476891,-0.009999999999999998,0.14633894294032523,0.017701173339966042,0.020030293324248126,0.0038689962240296,0.2642291135995354,0.3828788209781061,0.0016400000000000858,0.05574175147135674,0.7315679947498009,1.0
2013-09-13,2.39,0.002149044574134562,0.001163004485263519,0.0174492529031146,0.17700000000000005,0.304208489619134,64.0,0.02854766330187619,0.01184925261552161,0.007021063189568633,0.0015533251399697523,0.021845157003868656,1.6138820851032056,0.002522049938224809,0.008508194589905278,-0.5385842942258179,1.0,0.24940535102658923,0.15362291495737146,2.208153682325609,-0.01,0.09303029378255201,0.029458204881883533,0.020030293324248126,0.0009508389050228994,0.4775230619370387,0.40043730808633515,-0.0019100000000000783,0.061861019343667036,0.008897626222513208,1.0
2013-09-20,2.18,0.016427205092250707,0.001163004485263519,0.0032180395075723,0.17700000000000005,0.30716959655305887,64.0,0.02854766330187619,0.01184925261552161,0.007021063189568633,0.0015533251399697523,0.021845157003868656,1.5511782122488533,0.002522049938224809,0.011069846750244989,-0.5385842942258179,1.0,0.2779896181724377,0.13642763649642142,2.18135178867248,0.0,0.12692432977711054,0.02913760137119652,0.020030293324248126,0.008130384086350195,-0.42909580808950354,0.4096698354252542,-0.0047399999999999665,0.058248237250658655,-0.8412811212656284,1.0
2013-09-27,2.11,0.003177160125001688,0.001163004485263519,-0.0057526456087652,0.17700000000000005,0.3093107846358412,64.0,0.02854766330187619,0.01184925261552161,0.04149377593361003,0.0015533251399697523,0.019809325173313692,1.4764823060239223,0.0017976695738528953,0.011061245059977184,-0.3535533905932745,1.0,0.08102411410081478,0.1317736153950607,2.151414000631577,0.01,0.1158477060673011,0.028873529729210725,0.01467026516984549,-0.008682318513114198,-1.6397217289061274,0.41253474646843985,-0.007340000000000013,0.05203021100375041,-1.5328107043335153,1.0
2013-10-04,2.28,0.003580325536727491,-0.002575283259804717,0.010251700810727,0.0010000000000000009,0.3129061879755546,57.0,0.024178437626957816,0.009636127046434018,0.08298755186721984,0.0009416276097145015,0.02581067972073871,1.4125808349918803,0.0018581186520875918,0.010956944974035003,-0.7134695343172227,3.0,0.03239108848053496,0.10756227432116923,2.1679135523445963,0.009999999999999998,0.15531819660733004,0.030152655622314964,0.018830442615258555,0.0027399484916124095,-2.0120756531352897,0.416940437962649,-0.009569999999999967,0.05040904113870225,-1.549173115361566,1.0
2013-10-11,2.15,0.0030090300254550506,-0.002575283259804717,0.0051291801405604,0.0010000000000000009,0.3147439060783182,57.0,0.024178437626957816,0.009636127046434018,0.08298755186721984,0.0009416276097145015,0.02581067972073871,1.3272296189959847,0.0018581186520875918,0.010999609758380078,-0.28899171984540906,3.0,0.045693702316285334,0.11844227044670802,2.1827342505326714,0.05,0.11060304773795004,0.02578238816135755,0.018830442615258555,0.016204994117684793,-1.9466516678708194,0.4204378956906345,-0.012170000000000014,0.051199888392266094,-1.4435854623513462,1.0
2013-10-18,2.19,0.014615835471283312,-0.002575283259804717,-5.529686389745339e-05,0.0010000000000000009,0.31485471778611185,57.0,0.024178437626957816,0.009636127046434018,0.08298755186721984,0.0009416276097145015,0.02581067972073871,1.2159200378574766,0.0018581186520875918,0.011241368796329148,-0.28899171984540906,3.0,0.04064136903015925,0.13298093311233902,2.1959100883553355,-0.04,0.11948910763113973,0.029283299269320922,0.018830442615258555,0.007622045175352005,-1.8086014956775787,0.4225646665729827,-0.013850000000000029,0.05370222128907148,-1.305427993189284,1.0
2013-10-25,2.08,0.006669290609736311,-0.002575283259804717,0.0046427024719553,0.0010000000000000009,0.31324045583161486,57.0,0.024178437626957816,0.009636127046434018,0.08298755186721984,0.0009416276097145015,0.02581067972073871,1.0705857490904955,0.0018581186520875918,0.009769779982113659,-0.28899171984540906,3.0,0.09029409211399697,0.1537100703086354,2.2074705192858888,0.0,0.13409828301481697,0.031941983318127566,0.018830442615258555,-0.0022014747773522053,-1.6723684091686835,0.4226148580568548,-0.013739999999999974,0.05631543812650579,-1.057890085354446,1.0
2013-11-01,2.12,0.0011364841094099187,-0.002042424190523473,0.0028821556874117,-0.274,0.3140382695447564,56.0,0.02281966236973343,0.012370722045339066,0.02490039840637448,0.0018644565619931885,0.02281354180152298,1.1066234158995611,0.000908695883584973,0.012801192028500975,2.3579562383846997,-4.0,-0.011536266324696287,0.12130245551630761,2.2407005745656194,0.0,0.11489512055000684,0.03321323333321714,0.015641531041232178,-0.005349939131963202,-1.5376994593111293,0.4238897306738832,-0.011889999999999956,0.04189698250242712,-0.5675562526402227,1.0
2013-11-08,2.05,0.0021405548634592098,-0.002042424190523473,-0.0089511526098295,-0.274,0.3145011742264041,56.0,0.02281966236973343,0.012370722045339066,0.02490039840637448,0.0018644565619931885,0.02281354180152298,1.1293292767773535,0.000908695883584973,0.013579750143444537,-0.21285370252409067,-4.0,0.01598629573010224,0.07851296526234279,2.2727814336071117,0.019999999999999997,0.09910536551111226,0.027503429805470728,0.015641531041232178,0.010443541870557307,-1.4308082406015508,0.42393100409064066,-0.010580000000000034,0.010350983387785484,-0.02994048150990363,1.0
2013-11-15,2.01,0.014487658838884254,-0.002042424190523473,0.0058081161908353,-0.274,0.31463064809862956,56.0,0.02281966236973343,0.012370722045339066,0.02490039840637448,0.0018644565619931885,0.02281354180152298,1.1395005653633525,0.000908695883584973,0.010833384076435117,-0.21285370252409067,-4.0,-0.034300759190186936,0.06311836952447945,2.3037611060584853,0.020000000000000004,0.08272756802150694,0.026358921155192904,0.015641531041232178,-0.006314533759149005,-1.3388823029389374,0.4204541733834652,-0.008859999999999979,0.012464234545629093,0.9186326249410199,1.0
2013-11-22,2.06,-0.00020576215941758846,-0.002042424190523473,-0.0021431794542486,-0.274,0.31442710305919097,56.0,0.02281966236973343,0.012370722045339066,0.02490039840637448,0.0018644565619931885,0.02281354180152298,1.1374735838022934,0.000908695883584973,0.011121138031230321,-0.21285370252409067,-4.0,-0.034093856611485895,0.06802048010919838,2.333683447122713,-0.009999999999999995,0.07430899013709746,0.028004115783495043,0.015641531041232178,-0.0243488284279038,-1.2511648641280488,0.4201009000397586,-0.006700000000000039,0.01309307341229855,1.7020478323928845,1.0
2013-11-29,2.01,0.004929069118573048,0.0,-0.0079917992294656,-0.274,0.31388989126042466,56.0,0.02281966236973343,0.012370722045339066,-0.014367816091954033,0.0,0.009176932269497461,1.1642098674150232,0.0008259305641444634,0.011176014630359329,-0.3535533905932772,-4.0,0.1103622228216723,0.072886898685567,2.34215097539752,-0.010000000000000009,0.042852293349049164,0.027869876248490248,0.005079790094731174,-0.0116210352838126,-1.1863589357171904,0.4164898116372399,-0.005269999999999997,0.020310096010388416,1.607332623762521,1.0
2013-12-06,2.1,0.0017193614877291097,-8.58114978825597e-05,0.0061104648245603,-0.134,0.311722852856943,57.0,0.02245344069429267,0.01501735619618394,-0.03735632183908044,0.0016995313542289558,0.034735042909606946,1.3272296189960404,0.0010098261778684985,0.01162493654084923,1.4530307801338231,-14.0,0.15854680557385148,0.10048987155785555,2.4049816322761672,0.0,0.13639009867427165,0.02625548774603553,0.009046267301800998,0.004173618499694304,-1.1291640870934758,0.41555696874016335,-0.003689999999999971,0.01669045920646142,1.4653357344914126,1.0
2013-12-13,2.11,0.015594923087016266,-8.58114978825597e-05,-0.0004687611297716,-0.134,0.3094708856156579,57.0,0.02245344069429267,0.01501735619618394,-0.03735632183908044,0.0016995313542289558,0.034735042909606946,1.455493572113417,0.0010098261778684985,0.011247257420954946,-0.5380548247052944,-14.0,0.3129148988810946,0.10757057484009501,2.4587087807994514,0.010000000000000009,0.1138013920807539,0.021222825245591402,0.009046267301800998,0.0045086255997068,-1.0954891901523167,0.41560959426084604,-0.002990000000000048,0.01846811924703128,1.2649051321354177,1.0
2013-12-20,2.1,0.0035320878677902456,-8.58114978825597e-05,0.0050981991573775,-0.134,0.3071321213857091,57.0,0.02245344069429267,0.01501735619618394,-0.03735632183908044,0.0016995313542289558,0.034735042909606946,1.5576115838538844,0.0010098261778684985,0.011109056164874877,-0.5380548247052944,-14.0,0.28020870848910384,0.08526220063511533,2.503918497703013,0.0,0.12023455439209063,0.015883813592539407,0.009046267301800998,0.003400562201836002,-1.0461597877771607,0.4160869118951146,-0.0017899999999999583,0.027255405753874834,1.2692842229764612,1.0
2013-12-27,2.06,0.006115923356474928,-8.58114978825597e-05,0.0062341016979077,-0.134,0.30470456153905945,57.0,0.02245344069429267,0.01501735619618394,-0.023323615160349864,0.0016995313542289558,0.03483748455912422,1.6384795954229543,0.000710872254247694,0.007547695258860117,-0.35355339059327834,-14.0,0.270394908165551,0.10446291207887944,2.5410654408461637,0.0,0.10484577448350785,0.016506034712384796,0.008246143220834515,-0.008281198637059908,-0.9784314977256007,0.41795902142408525,-0.0008000000000000229,0.039438016466456005,1.2470992365551332,0.0
2014-01-03,2.13,-0.0022157058455205547,0.003720247673236088,-0.0056693775756695,-0.17600000000000005,0.3045752067373509,58.0,0.01856627704298197,0.015789473684210575,-0.05150631681243922,0.0008568071632473195,0.036057464388695275,1.6497085989775386,0.0015306408642938106,0.009351673987161854,-2.197917332803671,-17.0,0.3094006626832557,0.11829140773047193,2.5027134595545597,0.0,0.009345824264770153,0.018221469168741164,0.01216733499325517,0.0026060438641071076,-0.6249441720988536,0.4231493287830043,0.0023499999999999632,0.04840306955977674,1.6521523834935554,0.0
2014-01-10,2.18,0.0011295742163812683,0.003720247673236088,0.0109657104363983,-0.17600000000000005,0.30444548317272774,58.0,0.01856627704298197,0.015789473684210575,-0.05150631681243922,0.0008568071632473195,0.036057464388695275,1.6571523304017066,0.0015306408642938106,0.009130931153908867,0.12633099837561737,-17.0,0.21821463534676266,0.09852483370776319,2.462386731667399,-0.020000000000000004,-0.008978156902628931,0.018522820121402238,0.01216733499325517,-0.002617260777044106,0.012871127800947563,0.4230655112954692,0.0027400000000000757,0.04956957592207559,1.4121613781781044,0.0
2014-01-17,2.2,0.010759932823343421,0.003720247673236088,0.0075714787665295,-0.17600000000000005,0.30431539037360106,58.0,0.01856627704298197,0.015789473684210575,-0.05150631681243922,0.0008568071632473195,0.036057464388695275,1.6608616855305824,0.0015306408642938106,0.009128138134659501,0.12633099837561737,-17.0,0.21312401349799504,0.08305548919676403,2.419986537489623,0.0,-0.012452855194790668,0.01413598467260127,0.01216733499325517,0.013429968650732801,1.3601680050792637,0.4207812528441974,0.0040999999999999925,0.04940720016883286,1.406791469402474,1.0
2014-01-24,2.21,0.006480613666417057,0.003720247673236088,0.0104311390397003,-0.17600000000000005,0.30418492786623197,58.0,0.01856627704298197,0.015789473684210575,-0.05150631681243922,0.0008568071632473195,0.036057464388695275,1.6608616855305793,0.0015306408642938106,0.010946235745852656,0.12633099837561737,-17.0,0.5046458047641211,0.07836498853806412,2.3754018474046936,-0.010000000000000002,0.00792659739258994,0.014460398331420751,0.01216733499325517,0.015929078960140397,1.876756211893921,0.41871648129063194,0.0041599999999999415,0.03693623849605606,1.142337878608771,1.0
2014-01-31,2.34,0.0010307683372565712,0.0,0.0037380455792953,-0.09399999999999997,0.29576932286820534,55.0,0.013824712204473677,0.007537710086748195,-0.028855721393034828,0.0,0.00557114433662113,1.7961497282119259,0.0012577978210377052,0.01083200197179167,0.3535533905932751,6.0,0.4974249205403847,0.10208539842420233,2.3139683386119576,-0.02,-0.0028638517838871502,0.01502590849367869,0.01020203813652244,0.005235317305796405,1.6265075452406734,0.416323961628051,0.0025399999999999867,0.027124053636323656,0.4543268398103876,1.0
2014-02-07,2.21,0.0017422622057083892,0.003697908650968751,-0.0154865575268163,-0.122,0.28958361817202277,55.0,0.02148610089064018,0.011263492501055294,0.03383084577114426,0.0009493094197770002,0.006069862928115331,1.918733556682736,0.003111364024279165,0.011070009690298838,2.2681372409192146,6.0,0.4593520742088011,0.12083045973594422,2.2501885290552104,0.06,0.04346004993379671,0.016275681354937392,0.02629501979400718,0.019194002033269097,1.1440351347155044,0.4129584613486329,-0.0006599999999999939,0.03693623849605606,-0.9625963374733973,1.0
2014-02-14,2.19,0.0024795067755096767,0.003697908650968751,-0.0005636730650619,-0.122,0.2822958723251501,55.0,0.02148610089064018,0.011263492501055294,0.03383084577114426,0.0009493094197770002,0.006069862928115331,2.0309149131899384,0.003111364024279165,0.011288231934846484,-0.16067418441130604,6.0,0.6536631882861696,0.12182393618895714,2.1838568563971474,-0.06,0.0463175715954125,0.017710507865599398,0.02629501979400718,0.002324134537801087,0.3942525778714506,0.4100358664369975,-0.0037999999999999146,0.04138236339253411,-1.8298919754388683,1.0
2014-02-21,2.2,0.007221795792375474,0.003697908650968751,-0.0174618515286448,-0.122,0.27381810605686646,55.0,0.02148610089064018,0.011263492501055294,0.03383084577114426,0.0009493094197770002,0.006069862928115331,2.1343347008814044,0.003111364024279165,0.011143410757109782,-0.16067418441130604,6.0,0.8641751550010597,0.10364775512695346,2.1147332056129744,0.030000000000000002,0.09739074371648138,0.017915779978058207,0.02629501979400718,0.0012508538366351185,-0.585965950074791,0.4053827121228995,-0.0043400000000000105,0.040620192022584586,-1.5361361664645807,1.0
2014-02-28,2.2,0.00259036388490963,0.003697908650968751,-0.0098186509115694,-0.122,0.2762785533543107,51.0,0.017387473397578956,0.008626430041284827,0.06454918032786883,0.0009493094197770002,0.001741642318192968,2.7140659251675725,0.0026717734476576624,0.009056904938550329,-0.3535533905932741,-3.0,0.3336227101969127,0.07726346392146004,2.34593130017919,0.0,0.13134093507535027,0.018127917095187972,0.02282158156493472,-0.00735450732440901,-1.4967531174015063,0.396291633552315,-0.004210000000000047,0.035355339058641896,-1.134371118219563,1.0
2014-03-07,2.18,0.00283415369141915,0.006440044126228228,0.0099121022991648,-0.06400000000000006,0.27654103426762167,51.0,0.02724108069090181,0.015122028757630801,0.09323770491803285,0.001862946419120659,0.007385215822897666,3.173932285643154,0.004031108569230353,0.009027123776615983,1.8679578052991157,-7.0,0.27252689337302116,0.06112048990080355,2.5526137788695022,0.009999999999999995,0.11560636471577057,0.01817536145281139,0.02344097550425453,0.005010514129075105,-1.636330578418077,0.3934580036082007,-0.0029599999999999627,0.03377974879307043,-0.6202042388956557,1.0
2014-03-14,2.3,0.002300946218887878,0.006440044126228228,-0.0078417778141465,-0.06400000000000006,0.27680126731506544,51.0,0.02724108069090181,0.015122028757630801,0.09323770491803285,0.001862946419120659,0.007385215822897666,3.5474801457678615,0.004031108569230353,0.007954884059036623,-0.534658215771225,-7.0,0.14282030338641194,0.0543631965842442,2.740333346084774,-0.009999999999999995,0.0582129761268928,0.019504909292380336,0.02344097550425453,-0.018499440910038703,-1.286237764624235,0.38733825019014617,-0.00046000000000001595,0.026958963523050553,0.23526125488518598,0.0
2014-03-21,2.23,0.009738455971632254,0.006440044126228228,-0.0043908673601176,-0.06400000000000006,0.27705925883069116,51.0,0.02724108069090181,0.015122028757630801,0.09323770491803285,0.001862946419120659,0.007385215822897666,3.8598525280719316,0.004031108569230353,0.009138632612745102,-0.534658215771225,-7.0,0.09829390168144903,0.05262739645035564,2.9127586401776617,0.009999999999999995,0.06135951399185058,0.024896547699528992,0.02344097550425453,-0.024732107467997602,-0.8942391589235203,0.3791818611975908,0.0009099999999999664,0.04673252156025976,0.9812380519317366,1.0
2014-03-28,2.24,0.0011581966333662486,0.006440044126228228,0.0067123516190256,-0.06400000000000006,0.27731501507052,51.0,0.02724108069090181,0.015122028757630801,0.09323770491803285,0.001862946419120659,0.007385215822897666,4.124970862368159,0.004031108569230353,0.007877699587450323,-0.534658215771225,-7.0,0.11456261094402853,0.05276294695549706,3.0724656627651323,-0.019999999999999997,0.04566486330060493,0.027049128054998626,0.02344097550425453,-0.0061459361235752935,-0.3068884782408108,0.36786961589491796,0.00279000000000007,0.05781744669914846,1.659957635563818,1.0
2014-04-04,2.1,0.0022403749635377945,0.003296754453157691,0.0142589248584317,0.020000000000000018,0.2835599325048816,49.0,0.029123215934373725,0.019528578985167577,0.04908565928777664,0.0018890649762282052,0.020304386405508405,4.107778737206746,0.0033923049442831153,0.008140290279630522,-0.10728374093313023,-8.0,0.07612124356356542,0.0513913555821542,3.0552355973074814,-0.010000000000000002,0.09104641552597448,0.026556982611454866,0.011318821863130334,0.007809254793488693,0.34329019874258915,0.34897263567867365,0.0019199999999999218,0.0551459103517509,1.0947106591820706,1.0
2014-04-11,2.11,0.0018286575925405835,0.003296754453157691,-0.0244298260719868,0.020000000000000018,0.28863783173451524,49.0,0.029123215934373725,0.019528578985167577,0.04908565928777664,0.0018890649762282052,0.020304386405508405,4.089009660052381,0.0033923049442831153,0.01024530586443616,-0.3925382812569376,-8.0,0.09426806063037363,0.05604526232048073,3.037411277714451,0.010000000000000002,0.13637853897890118,0.021631297921740688,0.011318821863130334,0.026924185828176905,1.3917879847477364,0.32876155933435847,0.0025600000000000067,0.04978525312302248,1.014560067380003,1.0
2014-04-18,2.04,0.009372581987414419,0.003296754453157691,0.0148665948749153,0.020000000000000018,0.2926094758244353,49.0,0.029123215934373725,0.019528578985167577,0.04908565928777664,0.0018890649762282052,0.020304386405508405,4.068641807022071,0.0033923049442831153,0.01103515023335996,-0.3925382812569376,-8.0,0.0755445062799065,0.05730557190560644,3.0189821784282165,-0.010000000000000002,0.1850926090231435,0.02259030834308516,0.011318821863130334,-0.0016155394824965974,1.627743646789919,0.30557859961557743,0.0018600000000000838,0.045669621037035354,0.5935099028916262,1.0
2014-04-25,2.11,0.0028879774283976367,0.003296754453157691,-0.0082895701870279,0.020000000000000018,0.295519470803056,49.0,0.029123215934373725,0.019528578985167577,0.04908565928777664,0.0018890649762282052,0.020304386405508405,4.046651037016446,0.0033923049442831153,0.010599967396093347,-0.3925382812569376,-8.0,0.11948923400263611,0.0533017019294081,2.9999371536909805,0.0,0.08172041370022676,0.022784389878045572,0.011318821863130334,-0.002159602109278208,1.31752079572545,0.27694329153642466,0.0006299999999999084,0.03654742515782155,-0.14585261577698272,1.0
2014-05-02,2.03,-6.749932907990086e-05,0.0034926098400485106,0.0004460681024361,-0.039000000000000035,0.3089083720423655,52.0,0.03226027611336124,0.021271115499366777,-0.04592314901593253,0.0019276844165485585,0.021488138165269472,3.9955744749180977,0.001349004821039966,0.010579882354262837,2.3956392088835723,6.0,0.1566443737520784,0.053835065577320575,2.9999371536909805,-0.009999999999999998,0.04340551719889452,0.02210921558555458,0.025580117212609336,-0.006514766490310894,0.7940199351433501,0.2493666184702157,-0.0012999999999999678,0.03412163117786214,-1.66639479796429,1.0
2014-05-09,2.05,0.0016512847036893596,0.0034926098400485106,-0.016491886341235,-0.039000000000000035,0.32105372107142105,52.0,0.03226027611336124,0.021271115499366777,-0.04592314901593253,0.0019276844165485585,0.021488138165269472,3.9403240788234,0.001349004821039966,0.010300489010685452,-0.4447086966077699,6.0,0.15882353909628621,0.05529143565818288,2.9999371536909805,0.009999999999999998,0.04112866420853556,0.01746781049506557,0.025580117212609336,0.0003117049231775998,-0.12885089826481302,0.22582778847006166,-0.0029399999999999427,0.026592157811942504,-1.8760946768602271,1.0
2014-05-16,1.98,0.007786401706845414,0.0034926098400485106,0.0130364485410311,-0.039000000000000035,0.3320919844132681,52.0,0.03226027611336124,0.021271115499366777,-0.04592314901593253,0.0019276844165485585,0.021488138165269472,3.880721582386659,0.001349004821039966,0.009256299554369915,-0.4447086966077699,6.0,0.08828613899586202,0.07596991885890617,2.9999371536909805,0.0,0.06248698406336861,0.015254808513873615,0.025580117212609336,0.003024751806126505,-1.5664410147574497,0.20324099107345084,-0.004190000000000027,0.027742437836195146,-1.6373576255550277,1.0
2014-05-23,1.93,-0.0020958578847399822,0.0034926098400485106,-0.0139399875531594,-0.039000000000000035,0.3421303336611267,52.0,0.03226027611336124,0.021271115499366777,-0.04592314901593253,0.0019276844165485585,0.021488138165269472,3.816563093433076,0.001349004821039966,0.009342025774135858,-0.4447086966077699,6.0,0.039650748573568206,0.08219097969277081,2.9999371536909805,0.010000000000000002,0.1083377247257773,0.010402711671628338,0.025580117212609336,-0.0312545958279411,-2.04839275356715,0.18140352758156097,-0.006190000000000029,0.02722262714220664,-1.6208367479207677,1.0
2014-05-30,1.87,-0.0011336642357355764,0.0,0.0089231130567347,-0.039000000000000035,0.3512545076043873,52.0,0.03226027611336124,0.021271115499366777,-0.06605504587155964,0.0,0.009248721275923796,3.7476146259476804,0.0013546903805352279,0.009218007878803433,-0.35355339059327506,6.0,0.14006020428235444,0.08647873396721241,2.9997486068629287,0.0,0.11677718518233404,0.015716877745687335,0.02335398543368419,-0.012364623350125212,-1.8666579207831104,0.16821976217482057,-0.005800000000000027,0.027222627142205014,-1.1421767578312916,1.0
2014-06-06,1.89,0.0019115571128291986,0.0018621269440941557,-0.0014343243931846,-0.1519999999999999,0.35774806015549593,55.0,0.03365841732090935,0.020723413731670526,-0.07339449541284404,0.0012966837733496828,0.009954499129710956,3.565648069264228,0.0016846368503414327,0.004997486122259854,1.4983710851448329,13.0,0.23040751140584992,0.08601287279073275,2.999434335811279,0.0,0.06904097643539564,0.014811073436096089,0.02312118214644002,0.0009369498172680096,-1.5603295685394887,0.15191624170821993,-0.003369999999999984,0.025319388391578025,-0.24505448936696345,1.0
2014-06-13,1.82,0.0023059781565890614,0.0018621269440941557,0.001060112423002,-0.1519999999999999,0.36402114442074457,55.0,0.03365841732090935,0.020723413731670526,-0.07339449541284404,0.0012966837733496828,0.009954499129710956,3.362462467620329,0.0016846368503414327,0.004677114990845007,-0.5389761989502356,13.0,0.26948829165521593,0.06631903411325324,2.9989943010112987,0.0,0.09259075451477328,0.015868098783228306,0.02312118214644002,-0.0007718084951869042,-1.198087745569552,0.13065258527577955,-0.00022999999999995246,0.029246489410001332,1.0835101830794607,1.0
2014-06-20,1.66,0.0062807194077547646,0.0018621269440941557,0.0118670856407006,-0.1519999999999999,0.3700849716396296,55.0,0.03365841732090935,0.020723413731670526,-0.07339449541284404,0.0012966837733496828,0.009954499129710956,3.133933384987624,0.0016846368503414327,0.005173009655361743,-0.5389761989502356,13.0,0.2015381191549197,0.058416607227744534,2.998428447093556,-0.02,0.14483935682797022,0.020171087554681024,0.02312118214644002,-0.005589057900313596,-0.6680729969628179,0.1284288395085985,0.0033199999999999896,0.044641428548036224,1.8854778931938823,1.0
2014-06-27,1.76,4.120720631628494e-05,0.0018621269440941557,-0.0069471293564154,-0.1519999999999999,0.37594966749469383,55.0,0.03365841732090935,0.020723413731670526,-0.007858546168958758,0.0012966837733496828,0.0025901347296207328,2.874021572640244,0.0012134625218733755,0.005507142640914254,-0.3535533905932754,13.0,0.2367461007360947,0.05700877125496239,2.997736702809059,0.009999999999999998,0.09507042809943345,0.020171521776368016,0.002778415643169573,-0.009193458149595803,0.3392157838402761,0.1278786189184873,0.006909999999999972,0.04657942525509716,1.8371406047758598,1.0
2014-07-04,1.87,0.0019877079390195895,-0.0003901939641608454,0.0110119921307962,-0.08699999999999997,0.37662693627193794,57.0,0.03917788807990186,0.019923286357643066,0.056974459724950854,0.0015052325752511475,0.004234132953031143,2.845779601174876,0.001347945790416113,0.004905195477800841,1.1236126559404305,19.0,0.2181365805542992,0.06621124203206855,2.975199145393991,-0.019999999999999997,0.008137922185202928,0.01944306637027038,0.02366075030994483,-0.005338971327815099,1.6783499263557256,0.12811429663209897,0.00990000000000002,0.05841660722733309,1.6244798096226998,0.0
2014-07-11,1.84,0.0014553243968342677,-0.0003901939641608454,0.0048036664357903,-0.08699999999999997,0.37730198840853396,57.0,0.03917788807990186,0.019923286357643066,0.056974459724950854,0.0015052325752511475,0.004234132953031143,2.816708389920342,0.001347945790416113,0.004563485157413308,-0.5242643283616333,19.0,0.13776066072565607,0.06446205971622161,2.951339905842938,0.01,-0.04832463675943954,0.019718797987345237,0.02366075030994483,0.005982926921594196,1.9749371292752227,0.12978924789368132,0.011410000000000031,0.05655275665842417,1.3540220406536867,0.0
2014-07-18,1.91,0.0033763737335461563,-0.0003901939641608454,-0.0092239391969276,-0.08699999999999997,0.37797483578105057,57.0,0.03917788807990186,0.019923286357643066,0.056974459724950854,0.0015052325752511475,0.004234132953031143,2.7867819875539843,0.001347945790416113,0.004861551217072417,-0.5242643283616333,19.0,0.042755328425522654,0.06664136424602983,2.926126653884299,0.0,-0.04553452715760753,0.021626127756704666,0.02366075030994483,0.015420044915745397,1.818034163879678,0.12978924789368132,0.01201999999999992,0.05194433834083508,1.1276541332481351,1.0
2014-07-25,1.83,0.0028523025664357604,-0.0003901939641608454,-0.0033363759283261,-0.08699999999999997,0.37864549014298626,57.0,0.03917788807990186,0.019923286357643066,0.056974459724950854,0.0015052325752511475,0.004234132953031143,2.755972535310557,0.001347945790416113,0.005173115803640967,-0.5242643283616333,19.0,0.063572384784643,0.06458659745976054,2.8995240676715386,0.009999999999999998,-0.024928373318308883,0.01599014539648363,0.02366075030994483,-0.0020392647837089994,1.6240361451788814,0.13242089758673395,0.010520000000000085,0.041554611227140804,0.7266023783702568,1.0
2014-08-01,1.91,-0.0009315884433155341,-0.0016705141657922251,0.0130776914169927,-0.126,0.3790142210856801,61.0,0.031253041765382905,0.016996113341628316,0.036633663366336666,0.0008816305967800364,0.004554778789592259,2.755972535310557,0.0011009615229264913,0.0051272724695378856,-1.752743053930157,-10.0,0.13474760361538585,0.06621124203206875,2.9148291992734525,0.0,-0.08472045054377453,0.016649565411625065,0.026219653437851917,0.0189377317666721,1.4566903177029615,0.13450470563193445,0.008479999999999932,0.030908852175555366,0.1607817190222126,1.0
2014-08-08,1.91,0.0007883562907495811,-0.0016705141657922251,-0.0115440551591487,-0.09799999999999998,0.3793499428398424,61.0,0.031253041765382905,0.016996113341628316,0.036633663366336666,0.0008816305967800364,0.004554778789592259,2.755972535310557,0.0011009615229264913,0.004455508814529927,-0.0378300728290181,-10.0,0.22662534668497059,0.07722878811872182,2.929539573314524,0.0,-0.0785127828534814,0.016145229971626755,0.026219653437851917,0.010582078415343407,1.2791531507298843,0.13818092059877712,0.00495000000000001,0.030908852175555366,-1.1125582746993756,1.0
2014-08-15,1.79,0.004945907257209559,-0.0016705141657922251,0.0089727956840791,-0.09799999999999998,0.37965274297421175,61.0,0.031253041765382905,0.016996113341628316,0.036633663366336666,0.0008816305967800364,0.004554778789592259,2.755972535310557,0.0011009615229264913,0.00402747804315858,-0.0378300728290181,-10.0,0.12114013915489963,0.09411239481143689,2.9436641063549835,0.0,-0.09408152518598334,0.010777168849275607,0.026219653437851917,-0.0002787696363271974,1.0534747192285767,0.14547887325702,0.0005500000000000504,0.03870677312392959,-1.9577097776088734,1.0
2014-08-22,1.82,-0.004286852456597323,-0.0016705141657922251,0.0030200189188224,-0.09799999999999998,0.37992270020484237,61.0,0.031253041765382905,0.016996113341628316,0.036633663366336666,0.0008816305967800364,0.004554778789592259,2.755972535310557,0.0011009615229264913,0.005176462777129327,-0.0378300728290181,-10.0,0.10186514483775211,0.09953463144626536,2.9572111928669624,0.0,-0.11999621182847253,0.012510017581681231,0.026219653437851917,0.0005703279217049995,0.886789704694675,0.14975948540613257,0.00029000000000001247,0.04051013982356295,-1.4685647198082077,1.0
2014-08-29,1.78,0.00018400498173098967,0.0,-0.0068952662987412,-0.09799999999999998,0.3801598844984548,61.0,0.031253041765382905,0.016996113341628316,-0.02695167286245348,0.0,0.0030255180124116555,2.5334682825058312,0.0006675276130824532,0.005144953163249844,0.35355339059327917,-1.0,0.13515776471901786,0.07759786447725107,2.970188734094302,0.0,-0.1085926825425636,0.012863676901631097,0.009528855322681273,-0.011069090348048899,0.8796434656160017,0.15602178658256668,0.0024199999999999777,0.03852179346008833,-0.7994503575161183,1.0
2014-09-05,1.71,0.0004193726131331843,0.0007525688243108508,0.0058233805352885,-0.10799999999999998,0.3760268411297346,57.0,0.0289843352202952,0.01657918675715031,0.0009293680297397522,0.001598120844780837,0.009075570958546048,2.3550273557127523,0.0012928390680166492,0.006100461740587874,2.127307940734364,-5.0,0.07450425313758524,0.06860862086607031,2.980264395531366,0.0,-0.15597573558463407,0.011716943593365788,0.014866270797819117,-0.00014647869119420454,1.2076376647802969,0.15418972759740188,0.005839999999999956,0.04051013982356295,0.0464520315701336,0.0
2014-09-12,1.75,0.0013182845225334638,0.0007525688243108508,-0.0072173099272006,-0.10799999999999998,0.3716209260530777,57.0,0.0289843352202952,0.01657918675715031,0.0009293680297397522,0.001598120844780837,0.009075570958546048,2.1034769750622377,0.0012928390680166492,0.006084173805196628,-0.09527355386783855,-5.0,0.048952968320998824,0.09483067616999453,2.990180006385935,-0.009999999999999998,-0.1473061877485361,0.013221197456296827,0.014866270797819117,-0.019141990065077802,1.8386166651205973,0.1506780802282369,0.010660000000000003,0.051754916950225355,1.2434260871742502,0.0
2014-09-19,1.85,0.006373535308209499,0.0007525688243108508,0.005935380896694,-0.10799999999999998,0.36693230993399806,57.0,0.0289843352202952,0.01657918675715031,0.0009293680297397522,0.001598120844780837,0.009075570958546048,1.7475257233722765,0.0012928390680166492,0.006125530305678281,-0.09527355386783855,-5.0,0.04068344330743168,0.10833150181602486,2.9999371536909694,0.0,-0.11721433518623836,0.013229882862659885,0.014866270797819117,-0.010283507485652904,2.0378776557211324,0.15043363664659928,0.015070000000000028,0.06071008388783258,1.7514800362298328,0.0
2014-09-26,1.76,0.0021264890142638215,0.0007525688243108508,-0.0065763005369707,-0.10799999999999998,0.361950006808764,57.0,0.0289843352202952,0.01657918675715031,0.02865329512893977,0.001598120844780837,0.008999540851465045,1.1974331521416324,0.001015914521160022,0.006220378145296418,-0.3535533905932761,-5.0,0.11005850721536703,0.11196300409383159,3.009537378699222,-0.01,-0.09069701158693422,0.013504139820562198,0.010130469644506509,0.021519494135037703,1.9231795301723151,0.1512884582073507,0.017309999999999937,0.06546536707044304,1.5597455105430882,1.0
2014-10-03,1.79,-0.001971271907693306,-0.0025122778125539202,-0.0071581615897722,-0.14499999999999996,0.34980728659439725,49.0,0.029919466037849007,0.01664340215632043,0.04489016236867238,0.0016960793346343372,0.012192887120098498,1.215920037857439,0.0010107498814776786,0.006599168112030962,-0.2520452625570131,6.0,0.1520250958332512,0.11121889613345337,2.9999371536909694,0.0,-0.13578581443936444,0.011235371740308663,0.010845168995015551,0.009769739011958295,1.7403188703795884,0.1539269772614237,0.016250000000000098,0.06071008388783551,1.0736812106901843,1.0
2014-10-10,1.79,0.001155662815206293,-0.0025122778125539202,0.0031171786130819,-0.14499999999999996,0.33667813582344547,49.0,0.029919466037849007,0.01664340215632043,0.04489016236867238,0.0016960793346343372,0.012192887120098498,1.2328828005944859,0.0010107498814776786,0.00872539586107963,-0.3701191867266524,6.0,0.02198091742155328,0.1130107453803823,2.990180006385935,0.0,-0.1587923689599846,0.016889984284362537,0.010845168995015551,0.03796107890471841,1.5289086745389833,0.16082777481631844,0.011809999999999987,0.05303300858855533,0.2875371726319381,1.0
2014-10-17,1.78,0.00425483396227011,-0.0025122778125539202,-0.0057175398930586,-0.14499999999999996,0.32244208098495947,49.0,0.029919466037849007,0.01664340215632043,0.04489016236867238,0.0016960793346343372,0.012192887120098498,1.2483835702472406,0.0010107498814776786,0.010362270423456917,-0.3701191867266524,6.0,0.0005313744666619602,0.14151602635138852,2.980264395531366,0.01,-0.1791488740796443,0.01777078128535514,0.010845168995015551,0.012747226048471089,1.3373790149983193,0.17113530497644888,0.007969999999999922,0.07491662031854866,-0.5595333797265979,1.0
2014-10-24,1.77,0.00162168444202071,-0.0025122778125539202,-0.0032645291660187,-0.14499999999999996,0.30694514672758233,49.0,0.029919466037849007,0.01664340215632043,0.04489016236867238,0.0016960793346343372,0.012192887120098498,1.2624761993193645,0.0010107498814776786,0.01035586824817239,-0.3701191867266524,6.0,-0.022659862486441473,0.14633010626662318,2.970188734094302,-0.01,-0.17210011855385354,0.01735329093402931,0.010845168995015551,0.020312322168905023,1.0341860845017121,0.17717863862482938,-0.0012399999999999078,0.08396427811845628,-1.8907085037510438,1.0
2014-10-31,1.7,0.0011464614549752117,0.0,-0.0260826271215448,-0.10099999999999992,0.3006282545181478,47.0,0.02751909469894076,0.01872406883798372,0.01578458681522754,0.0,0.009611971611873866,1.3861956793830343,4.219419472238686e-05,0.010006217316088509,-0.35355339059459445,-9.0,0.10247648560292477,0.14878075912467847,2.970188734094302,0.0,-0.1487157763878587,0.023174804465876397,0.005580694187637795,0.006155048303854493,0.68839584790426,0.18139344586324663,-0.005150000000000099,0.08400680244537524,-1.7277026788687004,1.0
2014-11-07,1.77,-3.7666428781224504e-05,-0.005399417941061246,-0.0390120712313345,-0.14599999999999996,0.29836710564609814,47.0,0.0338610667511996,0.013223551823708934,-0.01671309192200554,0.0011162627356380295,0.011441865466173894,1.490482627050785,0.0021765471950490225,0.010023698669731324,2.4744181407649863,-9.0,0.23967411081057777,0.1307601402787405,2.970188734094302,0.019999999999999997,-0.16860462162275291,0.02196135347952266,0.013308683586162828,-0.012015781253707808,0.20139884461030325,0.18506531397708456,-0.007139999999999924,0.07918107638253095,-1.4036508311161915,1.0
2014-11-14,1.8,0.000514868212682984,-0.005399417941061246,0.0143323042912195,-0.14599999999999996,0.29607942682848376,47.0,0.0338610667511996,0.013223551823708934,-0.01671309192200554,0.0011162627356380295,0.011441865466173894,1.5791916140379925,0.0021765471950490225,0.010737135117401358,-0.3613213678883413,-9.0,0.0983606247687061,0.10337172865786935,2.970188734094302,-0.009999999999999998,-0.19202895722823365,0.022782039410351024,0.013308683586162828,-0.00907881566256391,-0.47142373696215784,0.18907839915144292,-0.00499000000000005,0.0728991475549542,-0.921771155774332,0.0
2014-11-21,1.76,0.0008607909073390374,-0.005399417941061246,-0.0049275178792789,-0.14599999999999996,0.29376459826362505,47.0,0.0338610667511996,0.013223551823708934,-0.01671309192200554,0.0011162627356380295,0.011441865466173894,1.654829761172829,0.0021765471950490225,0.01041371765335625,-0.3613213678883413,-9.0,0.13216558423911406,0.06696214282287195,2.970188734094302,-0.01,-0.19327282696590453,0.023281461865017228,0.013308683586162828,-0.03972074707726399,-0.9173526587551697,0.1924787700581767,0.0006399999999999739,0.06430951940162102,-0.18714182280554081,1.0
2014-11-28,1.69,-0.0015197788263292544,-0.005399417941061246,0.0004064479954517,-0.14599999999999996,0.2914219729830722,47.0,0.0338610667511996,0.013223551823708934,-0.03199268738574035,0.0011162627356380295,0.007730166192487998,1.719123211229032,0.0021821742619594427,0.00885845104188991,-0.35355339059327423,-9.0,0.03388968757036026,0.059865921620158684,2.970188734094302,0.01,-0.28656168404893745,0.023341651720506295,0.011311123099419262,-0.020087661399245893,-0.25030466652713607,0.1999117452337024,0.006520000000000081,0.05503245795459684,0.7833646422045325,1.0
2014-12-05,1.65,5.773606415249155e-05,-0.005670100910010967,-0.0043641141623345,-0.20600000000000002,0.31799674037705866,48.0,0.03170492700276073,0.007564932696557447,-0.020109689213894,0.0005261883085969643,0.019564678922867902,1.7733063425751363,0.0021863426904562065,0.008621590476644911,-0.3845219132667795,-17.0,-0.07583855364180625,0.059281411203581644,2.9161225521343925,0.0,-0.32575529637404144,0.021840118441941562,0.012680867736496071,-0.026662807623753407,1.2494996354391386,0.19932493538011103,0.01301999999999992,0.0812403840460724,1.6290054323297407,1.0
2014-12-12,1.66,0.0005962743441538798,-0.005670100910010967,0.0136990784440308,-0.20600000000000002,0.34190385225304165,48.0,0.03170492700276073,0.007564932696557447,-0.020109689213894,0.0005261883085969643,0.019564678922867902,1.8182832139564191,0.0021863426904562065,0.009834800084657973,-0.3483589428873744,-17.0,-0.1277866645157304,0.08783100656538252,2.860507607181111,0.0,-0.40155277136181144,0.023640659503347455,0.012680867736496071,0.027680185904748397,2.063917963253223,0.20548612486332166,0.01996000000000009,0.06978282637652648,1.7822060623462337,1.0
2014-12-19,1.64,0.002981154478916226,-0.005670100910010967,-0.0008930725282302,-0.20600000000000002,0.3636697928374755,48.0,0.03170492700276073,0.007564932696557447,-0.020109689213894,0.0005261883085969643,0.019564678922867902,1.8547236990996405,0.0021863426904562065,0.012143728519382902,-0.3483589428873744,-17.0,-0.215934854420047,0.09723866074180507,2.8032517209775007,0.02,-0.4309303198607536,0.024672140976752806,0.012680867736496071,0.03525158437530941,2.0010313079976942,0.20734068190076313,0.023009999999999975,0.07110103475204216,1.4603352529649305,0.0
2014-12-26,1.68,0.0016025331351212646,-0.005670100910010967,-0.0286578018892071,-0.20600000000000002,0.3836591573276758,48.0,0.03170492700276073,0.007564932696557447,-0.020109689213894,0.0005261883085969643,0.019564678922867902,1.8831234282849638,0.0021863426904562065,0.011782901008155225,-0.3483589428873744,-17.0,-0.3176764408364332,0.08798335881616616,2.744252185994165,-0.03,-0.4544457764281672,0.016523980256306185,0.012680867736496071,0.0003368806961283888,1.7909636723335611,0.20051366916849248,0.021969999999999934,0.09019819447011448,1.0575283211729896,1.0
2015-01-02,1.69,-0.002617163643911402,-0.004705892373473297,0.0031672483088868,-0.252,0.45195218528843434,56.0,0.027262407410550527,-0.0008934831306964819,-0.009442870632672351,0.0009474756244156612,0.02369264271277641,1.9038422688387997,0.002770926779248979,0.012384064070546388,-2.4747503658452836,-21.0,-0.30227693071968065,0.0930437685024949,2.775131972729456,0.01,-0.43922946849606503,0.016901984364953427,0.009261960138408038,0.0041396016937877145,1.6369804193563278,0.19716342533448294,0.0224700000000001,0.08854982455389711,0.882072635346087,0.0
2015-01-09,1.75,0.00041443772984184335,-0.004705892373473297,-0.0295332719537686,-0.252,0.5091446302136607,56.0,0.027262407410550527,-0.0008934831306964819,-0.009442870632672351,0.0009474756244156612,0.02369264271277641,1.9171292641307507,0.002770926779248979,0.01196097793219092,0.35761200180267694,-21.0,-0.2731309848034479,0.11572751247158353,2.8051342713932477,0.0,-0.4784296810432588,0.01852620363039604,0.009261960138408038,0.026506141408930983,1.4840146072686198,0.20416505832477277,0.018329999999999957,0.0853145440621119,0.31215760919735647,1.0
2015-01-16,1.72,0.003678833583285801,-0.004705892373473297,0.0153697570581042,-0.252,0.5586562261951659,56.0,0.027262407410550527,-0.0008934831306964819,-0.009442870632672351,0.0009474756244156612,0.02369264271277641,1.923138460554375,0.002770926779248979,0.061442872230731464,0.35761200180267694,-21.0,-0.27716136406724656,0.15583874449480842,2.834286948029907,0.009999999999999998,-0.48405216478101176,0.02489019427906755,0.009261960138408038,0.006268928719863093,1.355316758146314,0.2187969298938045,0.014589999999999992,0.09145646895786137,-0.5038689953508556,1.0
2015-01-23,1.68,-0.0006955151561853778,-0.004705892373473297,-0.0006344418028389,-0.252,0.6023838905221889,56.0,0.027262407410550527,-0.0008934831306964819,-0.009442870632672351,0.0009474756244156612,0.02369264271277641,1.9219381243547056,0.002770926779248979,0.06361857649313545,0.35761200180267694,-21.0,-0.42377461043730447,0.18581384693905348,2.862615960227386,-0.009999999999999998,-0.5282491676270514,0.022382380140382636,0.009261960138408038,0.006446906432206606,1.2132440481292348,0.2344529269647265,0.008410000000000029,0.08236460751671917,-1.775062431940172,1.0
2015-01-30,1.72,-0.00285224519027083,0.0,0.0048508313668976,-0.21299999999999997,0.6415114745329794,56.0,0.027262407410550527,-0.0008934831306964819,-0.021455223880597063,0.0,0.016997759163138136,1.7957214106362216,0.002774782020857984,0.06701793800697384,0.353553390593274,-19.0,-0.4555937544073434,0.20177781274037696,2.879361731686802,0.0,-0.505179990403976,0.023816306876995146,0.00758556714892302,-0.0010724749580833803,1.0646611894702767,0.2565106232677424,0.003409999999999913,0.09334077351272779,-1.8185964101583447,1.0
2015-02-06,1.77,6.311021354354907e-05,0.0043430449237722435,-0.0292220903485491,-0.15799999999999997,0.6728109502951285,47.0,0.0130473816054415,-0.00025129801815304553,0.051305970149253755,0.0015053521314700724,0.020757422862533036,1.888018904729859,0.0033175778231900373,0.06691817523378146,-1.3884276955872887,11.0,-0.4598952995441037,0.19700888304846834,2.89666162454663,0.0,-0.4824789742879162,0.02708036006666217,0.02838360106429636,-0.013288733540322617,0.8677984128371297,0.26265977684273684,-0.0014299999999999313,0.09513148795196302,-1.6272274787394916,1.0
2015-02-13,1.67,0.00029708813629514275,0.0043430449237722435,-0.0277893640643737,-0.15799999999999997,0.7020058761217687,47.0,0.0130473816054415,-0.00025129801815304553,0.051305970149253755,0.0015053521314700724,0.020757422862533036,1.9752312425486815,0.0033175778231900373,0.06636729518187784,0.5362985686200046,11.0,-0.4622171500228953,0.1856984883391186,2.9137293979583707,-0.01,-0.47377869218946256,0.025736880003818255,0.02838360106429636,0.0024773535581270045,0.5768108923036237,0.2647110607840054,-0.0046399999999999775,0.09410290719638588,-1.4246696276304605,0.0
2015-02-20,1.74,-0.001073820136237913,0.0043430449237722435,0.0088439505986668,-0.15799999999999997,0.7293490232905311,47.0,0.0130473816054415,-0.00025129801815304553,0.051305970149253755,0.0015053521314700724,0.020757422862533036,2.058005008591222,0.0033175778231900373,0.06658479000111106,0.5362985686200046,11.0,-0.5189894270399535,0.15910463762659782,2.9305691075488403,0.01,-0.5074363830159222,0.026842518375696716,0.02838360106429636,-0.015872740602566493,0.03218683538603423,0.2638206918838997,-0.006780000000000008,0.08374067112194875,-1.2419748322534894,1.0
2015-02-27,1.79,-0.002251797980408976,0.0043430449237722435,0.0020276800491387,-0.15799999999999997,0.755041600067912,47.0,0.0130473816054415,-0.00025129801815304553,0.07435653002859866,0.0015053521314700724,0.00973082726403491,2.1368560658490274,0.002257590133392076,0.06644418738648196,0.3535533905932742,11.0,-0.4068127911949939,0.14471647156720807,2.792469943638723,0.0,-0.5149624710225784,0.026635320225699914,0.026289003304361677,-0.015427601299705801,-1.0393327464931281,0.2671298767280824,-0.007110000000000061,0.080711125095863,-1.0398259299997195,0.0
2015-03-06,1.83,0.00019123079751937055,0.00595172161109736,0.0442078528563862,-0.09699999999999998,0.7813356466628241,43.0,-2.7479483621140055e-05,-0.0007363739086643228,0.0219256434699715,0.002427427010642358,0.012209471337230866,2.249102385055748,0.0023944264226280713,0.06764421378976451,-0.8894823126137661,10.0,-0.3852317089893199,0.1851977707363657,2.6250763114674647,-0.01,-0.5163774641761332,0.02877454616073744,0.03344272926163333,-0.005781764166279207,-1.6583605597356366,0.2615702668976802,-0.005049999999999999,0.09573027584959871,-0.6586042102207857,1.0
2015-03-13,1.74,0.0003779317285050876,0.00595172161109736,0.0277147307369227,-0.09699999999999998,0.8055969025230881,43.0,-2.7479483621140055e-05,-0.0007363739086643228,0.0219256434699715,0.002427427010642358,0.012209471337230866,2.3455358580802717,0.0023944264226280713,0.01672451295423141,0.5080387067206633,10.0,-0.3837288405540663,0.18345396464198327,2.4423982477485775,0.019999999999999997,-0.5465668881652189,0.01823209476977094,0.03344272926163333,0.000166965869844507,-1.479827430675513,0.26101495828111565,-0.0037599999999999856,0.08700369450257672,-0.302414133577849,1.0
2015-03-20,1.79,0.0014721740395284844,0.00595172161109736,-0.0069737875546867,-0.09699999999999998,0.8280040746635575,43.0,-2.7479483621140055e-05,-0.0007363739086643228,0.0219256434699715,0.002427427010642358,0.012209471337230866,2.4280413125370184,0.0023944264226280713,0.023403709802538693,0.5080387067206633,10.0,-0.35404593490537384,0.16985287751464437,2.2407005745656274,-0.019999999999999997,-0.5403176991599151,0.021774449582884412,0.03344272926163333,-0.008374359121505304,-1.2999673973682313,0.26242085641654006,-0.003229999999999955,0.07707834604171519,0.10192332510289222,1.0
2015-03-27,1.72,-0.003399773303961351,0.00595172161109736,-0.0055822402506231,-0.09699999999999998,0.8487040283043282,43.0,-2.7479483621140055e-05,-0.0007363739086643228,0.0219256434699715,0.002427427010642358,0.012209471337230866,2.49799919935973,0.0023944264226280713,0.020245051331117068,0.5080387067206633,10.0,-0.42251954580438067,0.11363318177365513,2.0142778442379443,0.03,-0.5193272370215121,0.023272366782406854,0.03344272926163333,0.001599440417221501,-1.1407446934325425,0.2628575995612388,-0.0018000000000000238,0.04720774754769136,1.1597884029513668,1.0
2015-04-03,1.71,0.0002669283576339776,0.002032873254587786,0.0101733632373458,-0.125,0.8666527471594866,44.0,-0.0064445725580629665,-0.001995174461766891,0.034605146406388565,0.002454777678552844,0.015121955083204668,2.56635029685265,0.0021138576674712647,0.02081804466075741,-2.060474618491241,0.0,-0.38882631676982193,0.1297731537282502,2.0421648821124987,-0.02,-0.5141388205834035,0.020578062565718744,0.037571991797291766,0.008354987907956385,-1.0616960345144342,0.26526595266084146,-0.0016100000000000003,0.07367883976099458,1.2820684394252087,1.0
2015-04-10,1.64,0.00036146199327546924,0.002032873254587786,-0.0106865169877884,-0.125,0.8822594206271145,44.0,-0.0064445725580629665,-0.001995174461766891,0.034605146406388565,0.002454777678552844,0.015121955083204668,2.627663483899186,0.0021138576674712647,0.02307604397688672,0.5204980343566789,0.0,-0.45649351078281597,0.13220654835739462,2.0689473135938874,0.0,-0.5022170767974986,0.02065170658655353,0.037571991797291766,0.0020789412478894043,-1.1000761932243646,0.26632576248786805,-0.0020099999999999563,0.07529703086508531,0.8710541597817988,1.0
2015-04-17,1.95,0.00043426679505076393,0.002032873254587786,-0.0146983758832421,-0.125,0.8956464877609998,44.0,-0.0064445725580629665,-0.001995174461766891,0.034605146406388565,0.002454777678552844,0.015121955083204668,2.682421408985998,0.0021138576674712647,0.026017840205182184,0.5204980343566789,0.0,-0.4444210155132492,0.13271209439988849,2.0946675096227776,-0.01,-0.46558005707050265,0.019627822340205662,0.037571991797291766,0.003043422882285707,-1.1402766237679403,0.2664353257461718,-0.0013200000000000989,0.08078852464453241,0.9504641157876768,1.0
2015-04-24,1.96,0.0009651386308273668,0.002032873254587786,-0.0037425191095329,-0.125,0.9069122457101644,44.0,-0.0064445725580629665,-0.001995174461766891,0.034605146406388565,0.002454777678552844,0.015121955083204668,2.7310184068334906,0.0021138576674712647,0.02580366019777387,0.5204980343566789,0.0,-0.45534753857306964,0.13495369576267627,2.119364143808073,0.019999999999999997,-0.43190852492328324,0.02094304924818726,0.037571991797291766,-0.0205250386572097,-1.2787191817900694,0.26539840281590565,-0.0019599999999999618,0.08207139748821544,0.4879687842712101,1.0
2015-05-01,1.95,-0.004052836551257988,0.0050972320254947245,0.0043032559953635,-0.07500000000000001,0.9084165952071885,45.0,-0.01460487812501221,-0.00039932744850779134,0.18656716417910446,0.0014170526961292396,0.023440378506569146,2.685860412204614,0.002301137903549041,0.022439944934411604,-1.3816879403613407,5.0,-0.4060761339828819,0.10391445657712577,2.119364143808073,-0.019999999999999997,-0.4070769821646082,0.014974201945604771,0.04134583367441618,-0.004883701597069398,-1.2575763555452015,0.26234605483736,-0.0009099999999999664,0.05962681563534411,1.2174544066486073,1.0
2015-05-08,1.92,0.0002692609346439667,0.0050972320254947245,0.0038854598589692,-0.02999999999999997,0.9079702970248122,45.0,-0.01460487812501221,-0.00039932744850779134,0.18656716417910446,0.0014170526961292396,0.023440378506569146,2.6346799542905073,0.002301137903549041,0.019692084170534755,0.5360865353292115,5.0,-0.3643787183510001,0.11535659000311989,2.119364143808073,0.0,-0.40604059747492127,0.01468870345891485,0.04134583367441618,-0.0001564005704269983,-1.0599827580996528,0.2580261395436949,9.999999999998899e-05,0.04208834246418606,1.764724503215243,1.0
2015-05-15,1.94,0.006368632122454754,0.0050972320254947245,0.0049010941915552,-0.02999999999999997,0.9055704671164841,45.0,-0.01460487812501221,-0.00039932744850779134,0.18656716417910446,0.0014170526961292396,0.023440378506569146,2.577118247488892,0.002301137903549041,0.018314735284926578,0.5360865353292115,5.0,-0.31656470441283446,0.12825755338382555,2.119364143808073,0.01,-0.41491863761234804,0.01532789005483257,0.04134583367441618,-0.0044736841366812,-0.980363952858083,0.25591840646829306,-0.00041000000000002146,0.03889087296466819,1.0764576412483786,1.0
2015-05-22,1.97,-0.004621890931905126,0.0050972320254947245,0.0029413116612914,-0.02999999999999997,0.9012014993055357,45.0,-0.01460487812501221,-0.00039932744850779134,0.18656716417910446,0.0014170526961292396,0.023440378506569146,2.5127367856279528,0.002301137903549041,0.021426691513385568,0.5360865353292115,5.0,-0.34460841171016743,0.14439529078195248,2.119364143808073,0.0,-0.4276952362820231,0.016609062458920805,0.04134583367441618,-0.0026902855660531078,-0.9997647018846483,0.25275048057304283,-0.0005800000000000249,0.049117206760503525,0.663319761217224,1.0
2015-05-29,1.93,-0.0036610701225608944,0.0,0.0179998078406361,-0.02999999999999997,0.894834551517911,45.0,-0.01460487812501221,-0.00039932744850779134,0.09090909090909083,0.0,0.01917077821777915,2.440996013610688,0.0015602535762226566,0.021263835988788574,0.3535533905932745,5.0,-0.41831790698924465,0.12668859459321663,2.119364143808073,-0.01,-0.4129101375274329,0.01722465887437587,0.03214121732666126,0.007935416288348499,-0.8072677381660851,0.2511773183408661,0.00019000000000002348,0.042067123232960614,1.2389643111164148,1.0
2015-06-05,1.93,0.000308917085444671,0.003502869998528224,5.218865415157481e-06,0.125,0.8850200241771994,47.0,-0.021063902272837942,0.0012377120368545214,0.18267581475128636,0.0015557247360233895,0.030428527458617453,2.3719514847811642,0.0017818885993939376,0.01688104323493556,-1.2348115746239001,13.0,-0.45010617978927236,0.1635105938027207,2.1210536952850956,0.019999999999999997,-0.42402105046934224,0.01810742863092976,0.04055186580921886,-0.00697203552844719,-0.24379809546426354,0.24719382848010682,0.0006500000000000394,0.06843923269136684,1.3773172200856103,1.0
2015-06-12,1.93,0.0005923374599137166,0.003502869998528224,-0.0099749568560038,0.125,0.873457823012779,47.0,-0.021063902272837942,0.0012377120368545214,0.18267581475128636,0.0015557247360233895,0.030428527458617453,2.298159798956586,0.0017818885993939376,0.015180448962460815,0.5302047185811554,13.0,-0.4197087801732331,0.15463667094193284,2.122564259261146,-0.009999999999999998,-0.43915445673374864,0.018700563332054096,0.04055186580921886,0.004013047362110694,1.5047294563907485,0.24281935014008557,0.0010999999999999899,0.07502380574541832,1.3841487610153345,1.0
2015-06-19,2.02,0.004434193784474294,0.003502869998528224,-0.0016307747156279,0.125,0.8600774678789685,47.0,-0.021063902272837942,0.0012377120368545214,0.18267581475128636,0.0015557247360233895,0.030428527458617453,2.219147445443202,0.0017818885993939376,0.015108281878667182,0.5302047185811554,13.0,-0.37850366378466616,0.112249721603233,2.1238962176363767,-0.01,-0.4442476279774715,0.017991310219123233,0.04055186580921886,-0.005342074723521398,2.2737132007518497,0.2362817648449207,0.00268999999999997,0.06685538764451121,2.0327641195346056,1.0
2015-06-26,2.03,0.001612810861048919,0.003502869998528224,-0.0088952770985272,0.125,0.8447925720005097,47.0,-0.021063902272837942,0.0012377120368545214,0.08411949685534581,0.0015557247360233895,0.021049485217240052,2.134334700881357,0.0011119474788974263,0.015025369647074172,0.3535533905932753,13.0,-0.37105918523680115,0.1383512610299395,2.1250499062550094,0.0,-0.43606958319651423,0.020353567037678526,0.029740733328207786,-0.010743296185700899,2.031590139047818,0.23507580369787798,0.0026800000000000157,0.07029275516386178,1.4680294117135826,1.0
2015-07-03,2.03,-0.003542782012678325,6.7047159295619e-05,0.0213516671890598,0.13499999999999995,0.8294148384437712,49.0,-0.016903126553953207,0.001695697796432194,-0.10377358490566035,0.0020697005750545117,0.02512519755194201,2.024845673132073,0.0026860390410813027,0.01498795835308888,2.257600148274732,14.0,-0.35950977332162204,0.13804114293521325,2.133108255472426,0.0,-0.45291176589620985,0.01986588978354343,0.07183251702213139,0.021194308776422296,2.022446976119062,0.2286747016077531,0.005120000000000013,0.06590035768349371,1.8984047886039146,1.0
2015-07-10,1.99,0.00048201324810848156,6.7047159295619e-05,-0.0021443811381565,0.13499999999999995,0.8122055407764265,49.0,-0.016903126553953207,0.001695697796432194,-0.10377358490566035,0.0020697005750545117,0.02512519755194201,1.8961499453857225,0.0026860390410813027,0.014233322326883825,-0.15524397939370724,14.0,-0.33188614517748094,0.12566963492769334,2.140960160124853,0.0,-0.47694137934426395,0.01468189782644669,0.07183251702213139,0.011155266357740903,1.8470527324757828,0.2262448386119167,0.004989999999999939,0.04949747468260801,1.347445884636362,1.0
2015-07-17,1.96,0.0027483163884320927,6.7047159295619e-05,-0.0169257343080807,0.13499999999999995,0.7930454516727886,49.0,-0.016903126553953207,0.001695697796432194,-0.10377358490566035,0.0020697005750545117,0.02512519755194201,1.7440007057166313,0.0026860390410813027,0.01269621942814194,-0.15524397939370724,14.0,-0.27360164424942657,0.1142365965879694,2.148607883515763,0.019999999999999997,-0.5065451299819381,0.015287572103123566,0.07183251702213139,0.003216649515568104,1.72491259921252,0.2234002961227511,0.00544,0.04773438413268691,1.2179290915836902,0.0
2015-07-24,1.95,0.0015350703944827515,6.7047159295619e-05,0.0047763313773995,0.13499999999999995,0.7717892964298075,49.0,-0.016903126553953207,0.001695697796432194,-0.10377358490566035,0.0020697005750545117,0.02512519755194201,1.5615574079947139,0.0026860390410813027,0.012553550778175526,-0.15524397939370724,14.0,-0.26580267201591956,0.08396427811874743,2.1560535983962374,0.010000000000000002,-0.5284552736164483,0.019324185772189167,0.07183251702213139,-0.0006208640873958116,1.799185075553743,0.2203865895847997,0.009700000000000042,0.039438016466510656,1.93318663137125,0.0
2015-07-31,1.92,-0.003338071322249947,0.0,-0.0108529119304547,0.13499999999999995,0.7580140877489882,53.0,-0.015043476230139796,0.003371844676521407,-0.17331399564902106,0.0,0.011037046532568314,1.3861956793829904,0.002291377235870185,0.012558890909970229,-0.3535533905932741,14.0,-0.28488677974034715,0.11600492600379302,2.1813517886724947,0.04,-0.5185941943797987,0.02023481563691776,0.06127575079897931,0.0015554016545619026,1.8717778612901346,0.21600121152119264,0.014650000000000052,0.036030740842644564,2.0066194268746305,0.0
2015-08-07,1.86,0.00018927740174956575,-0.0014162762828194841,-0.0201851736899877,0.04999999999999999,0.7425558701273984,53.0,-0.016854337113987983,0.001950792930057288,-0.15518491660623646,0.001038896790551025,0.011323112750092814,1.3861956793829904,0.002469509958101101,0.01034520484645791,-0.9794769011690785,-16.0,-0.29379097104844976,0.13303463566198537,2.2061890184023327,-0.020000000000000004,-0.5507424654749393,0.019294091729843588,0.06285358540305876,-0.0014266762254498966,1.867397427048911,0.21343514845102105,0.018829999999999958,0.0338061701884827,1.8292127915466814,0.0
2015-08-14,1.83,0.0006510891198572288,-0.0014162762828194841,-0.0005611005916723,0.04999999999999999,0.7255935375536894,53.0,-0.016854337113987983,0.001950792930057288,-0.15518491660623646,0.001038896790551025,0.011323112750092814,1.3861956793829904,0.002469509958101101,0.010105112326538188,-0.23498968475034687,-16.0,-0.2582097189413711,0.14730313739264794,2.230580685848515,0.03,-0.5634309125202716,0.018867722857612755,0.06285358540305876,-0.008324864575272803,1.7993425273892194,0.21250809584445873,0.021440000000000015,0.03545621041649112,1.5611796216974108,0.0
2015-08-21,1.79,-0.0004548643982847933,-0.0014162762828194841,-0.0091602035558588,0.04999999999999999,0.7070188410947682,53.0,-0.016854337113987983,0.001950792930057288,-0.15518491660623646,0.001038896790551025,0.011323112750092814,1.3861956793829904,0.002469509958101101,0.016010810062378516,-0.23498968475034687,-16.0,-0.3031249536278958,0.14391837964625465,2.2545412525453696,-0.06,-0.5680726096757014,0.02500917302588702,0.06285358540305876,0.03424149751213769,1.7072193241687952,0.2114840187723875,0.02244999999999997,0.03703280399030143,1.2869978638967534,1.0
2015-08-28,1.76,-0.0026972228610753213,-0.0014162762828194841,-0.0133704585208106,0.04999999999999999,0.6867009538588055,53.0,-0.016854337113987983,0.001950792930057288,0.021929824561403466,0.001038896790551025,0.0045570791483556024,1.3861956793829904,0.0006500144827984503,0.016425752559781633,0.3535533905932785,-16.0,-0.3321033515493337,0.1267660950615211,2.278084321302503,0.03,-0.5287619669431594,0.02610438491294633,0.007753363828800028,0.0824720284875596,1.5818253336153334,0.21027095928777198,0.02026,0.035456210416491135,0.7741396160895603,0.0
2015-09-04,1.77,0.0001745210447576806,-0.0015567565753034085,-0.0124544582570365,-0.050000000000000044,0.6683528049515469,55.0,-0.022407414414912674,-0.0003612974780596856,0.0035087719298245723,0.0020550455692969205,0.01800470205184516,1.6719403743513732,0.0011013669462594442,0.016701024642443833,-2.0087465702742557,-11.0,-0.30002636873039434,0.08782084035127445,2.4206097233719466,-0.039999999999999994,-0.5063779742187149,0.02626113431597731,0.010716740464691722,0.02352868217815801,1.4025776757115471,0.20681917328296007,0.013039999999999996,0.03195979617244612,-0.44200879898409906,1.0
2015-09-11,1.75,0.0005198970661897118,-0.0015567565753034085,0.0022809858879572,-0.050000000000000044,0.6478182540672677,55.0,-0.022407414414912674,-0.0003612974780596856,0.0035087719298245723,0.0020550455692969205,0.01800470205184516,1.9026297590444605,0.0011013669462594442,0.015415614630893847,0.52543610002034,-11.0,-0.30178895524264626,0.05830951894848882,2.545735498980829,0.02,-0.5163107977476128,0.025654501915456467,0.010716740464691722,0.010958145248879003,1.2013068202997277,0.19730413469734726,0.005769999999999997,0.03136763573150435,-1.6667555599810002,1.0
2015-09-18,1.56,0.002142819021783815,-0.0015567565753034085,-0.027495662391278,-0.050000000000000044,0.6248817930449574,55.0,-0.022407414414912674,-0.0003612974780596856,0.0035087719298245723,0.0020550455692969205,0.01800470205184516,2.09651725854718,0.0011013669462594442,0.016216560367240042,0.52543610002034,-11.0,-0.3210841564791448,0.0406201920232323,2.655921980900298,-0.04,-0.5165025588729004,0.022951697164700743,0.010716740464691722,0.007859389970972408,0.9775253635099814,0.1883262588936559,-0.00013999999999997348,0.03162277660098432,-1.8185665064848282,1.0
2015-09-25,1.59,0.0021558404112118623,-0.0015567565753034085,0.029625232433747,-0.050000000000000044,0.5992676921172659,55.0,-0.022407414414912674,-0.0003612974780596856,0.0035087719298245723,0.0020550455692969205,0.01800470205184516,2.2630816294468956,0.0011013669462594442,0.01709140033870979,0.52543610002034,-11.0,-0.3564257248622046,0.0454933276112781,2.7529635752144253,0.0,-0.5114389532216329,0.02293442572978003,0.010716740464691722,-0.0022048580589003053,0.6656470790980116,0.1806620137096578,-0.005759999999999987,0.029246489410063425,-1.6437725731833825,1.0
2015-10-02,1.56,-0.0029734402612661137,-0.00044968375044651676,0.0081879855100071,-0.040000000000000036,0.5687138392599513,47.0,-0.027250660674994598,0.0017057443573555986,-0.0042918454935622075,0.0018576665735092757,0.02268208461608094,2.2630816294468956,0.0018478401455914672,0.015702616740516807,-2.1009311922830363,0.0,-0.3931666366995549,0.06430951940201864,2.754401386598108,0.0,-0.4925339647917122,0.023357993905460502,0.00860644571149942,0.012574048275888594,0.12382951384542444,0.17724045243376552,-0.009780000000000011,0.05042675027019601,-1.4250636574246622,1.0
2015-10-09,1.52,0.0004625220026890364,-0.00044968375044651676,-0.0005840229452424,-0.040000000000000036,0.534851697012252,47.0,-0.027250660674994598,0.0017057443573555986,-0.0042918454935622075,0.0018576665735092757,0.02268208461608094,2.2630816294468956,0.0018478401455914672,0.0157974904279207,0.5159112031411208,0.0,-0.3516454743501085,0.06430951940201864,2.7546067269599535,0.01,-0.42169655972268194,0.02333613826174467,0.00860644571149942,-0.0776444747579137,-1.1586913514978314,0.17578127691900497,-0.015749999999999986,0.04810702354377329,-1.388842194814001,1.0
2015-10-16,1.43,0.004128006312713373,-0.00044968375044651676,-0.0202374216928418,-0.040000000000000036,0.4970055204007599,47.0,-0.027250660674994598,0.0017057443573555986,-0.0042918454935622075,0.0018576665735092757,0.02268208461608094,2.2630816294468956,0.0018478401455914672,0.01165985009982989,0.5159112031411208,0.0,-0.3547530414670429,0.0625499800160186,2.7535798720240043,0.0,-0.4288821955101728,0.019824585362739774,0.00860644571149942,-0.023478369424903,-1.8734672951709712,0.17602822257618317,-0.014540000000000053,0.05221863378374725,-1.0463071438880167,1.0
2015-10-23,1.46,-0.0007396712414400319,-0.00044968375044651676,-0.0003326374267552,-0.040000000000000036,0.45418044817189884,47.0,-0.027250660674994598,0.0017057443573555986,-0.0042918454935622075,0.0018576665735092757,0.02268208461608094,2.2630816294468956,0.0018478401455914672,0.013740901916887408,0.5159112031411208,0.0,-0.3690311696599946,0.062048368229989465,2.751319442140751,0.0,-0.44945071845425333,0.018851891776967653,0.00860644571149942,-0.018084467859696918,-1.7119579116874173,0.17488058843451915,-0.012979999999999992,0.04838461975180467,-0.7648111695190402,1.0
2015-10-30,1.53,-0.0026731849756029824,0.0,-0.0006954223667923,-0.09000000000000002,0.40479935075945467,47.0,-0.027250660674994598,0.0017057443573555986,0.013986013986013957,0.0,0.011352631808040805,2.232969736954667,0.001709609694605232,0.01326689534971035,0.35355339059327445,1.0,-0.4007229137127253,0.06209152231071108,2.7088481353174805,0.07,-0.42152967937692454,0.019867294235106556,0.0049448026656404645,-0.010107647227211691,-1.4782294912337273,0.17230318082880133,-0.009279999999999955,0.05540435774465959,-0.19764148140668694,1.0
2015-11-06,1.59,8.085822879499993e-05,-0.0021106803790814643,0.0316395297264725,-0.09000000000000002,0.3741908877731783,47.0,-0.04033068306068888,0.005017975786678841,0.0874125874125875,0.0019403695316859704,0.011764257988289702,2.279001130725407,0.00290145636641715,0.014559768914959241,-2.0104441473642574,-10.0,-0.46260200472622137,0.08365533028874247,2.7199614051031444,0.0,-0.43687221797504716,0.026161102927634315,0.02537222943554338,-0.004034167980519698,-1.2264614855877496,0.17275035388171145,-0.003610000000000002,0.09910312089628784,0.9784976325921201,1.0
2015-11-13,1.45,0.0005145107626296497,-0.0021106803790814643,-0.0117188751503159,-0.09000000000000002,0.34009902637342865,47.0,-0.04033068306068888,0.005017975786678841,0.0874125874125875,0.0019403695316859704,0.011764257988289702,2.307512813532549,0.00290145636641715,0.01297520094260869,0.5252890300752576,-10.0,-0.4126865491947087,0.08413424646703466,2.722178614686807,0.06000000000000001,-0.46267473170079854,0.02254009406975386,0.02537222943554338,-0.0191893722503913,-0.8829491510744516,0.17199082721352585,0.003489999999999993,0.11537980759195235,1.8781431514777167,1.0
2015-11-20,1.44,-0.0011778686254623194,-0.0021106803790814643,0.0179738952472398,-0.09000000000000002,0.3013438171230669,47.0,-0.04033068306068888,0.005017975786678841,0.0874125874125875,0.0019403695316859704,0.011764257988289702,2.3191510383032488,0.00290145636641715,0.012551930821535788,0.5252890300752576,-10.0,-0.4971870406697628,0.08158037228930419,2.715521554920073,-0.020000000000000018,-0.4720951736776622,0.021950642441756173,0.02537222943554338,0.00033475818483399977,-0.33065671209162517,0.1711176771315286,0.009299999999999975,0.13791819521507995,1.769487664913015,0.0
2015-11-27,1.39,-0.0021470022316966153,-0.0021106803790814643,0.003395362035992,-0.09000000000000002,0.25581451410527534,47.0,-0.04033068306068888,0.005017975786678841,0.07241379310344831,0.0019403695316859704,0.005106882308569367,2.314170394630892,0.0026012051386606876,0.011489001474486796,0.35355339059327406,-10.0,-0.45890411198581793,0.07309485031697815,2.69992458416577,0.06,-0.36946336927664225,0.02230506842656033,0.025602142077444025,-0.009539123262647206,0.7738436681379992,0.17142854225035456,0.013830000000000009,0.13298764711683253,1.5385440141935107,1.0
2015-12-04,1.35,0.00021911563945131718,-0.0034170964371187385,0.0286739026567484,-0.185,0.2545140785256838,47.0,-0.04496144811599123,0.007295197860415881,0.043965517241379315,0.001252860903779407,0.006639102427943795,2.314170394630892,0.0029127126520574306,0.01746408314914745,-1.1574731292094422,-19.0,-0.42503943124690535,0.07611082145701413,2.6505925800927477,0.05000000000000002,-0.39292218341603147,0.024144778457146344,0.028496267445573386,0.019090824671516807,1.8817003756145985,0.17086904125960775,0.01852999999999999,0.13319561339822278,1.4247564650709297,0.0
2015-12-11,1.2,0.0005285760447193422,-0.0034170964371187385,-0.0205290255839101,-0.185,0.2532058806864577,47.0,-0.04496144811599123,0.007295197860415881,0.043965517241379315,0.001252860903779407,0.006639102427943795,2.314170394630892,0.0029127126520574306,0.018457534348530393,0.5262009817305804,-19.0,-0.47562583148085136,0.10294762884942381,2.5997447374407483,0.0,-0.3838436587835531,0.020640804579303364,0.028496267445573386,0.00718373141729009,1.9303054144454104,0.1708097783857799,0.02207999999999999,0.10180513599147913,1.3053976387944972,0.0
2015-12-18,1.27,0.002043774311250024,-0.0034170964371187385,0.0072847743008184,-0.185,0.25188979964698516,47.0,-0.04496144811599123,0.007295197860415881,0.043965517241379315,0.001252860903779407,0.006639102427943795,2.314170394630892,0.0029127126520574306,0.016897951016261882,0.5262009817305804,-19.0,-0.4898960834999132,0.10742937879637914,2.5472902823995374,-0.04000000000000001,-0.3855272600680638,0.020518456080039146,0.028496267445573386,0.019044324298285814,1.7468978864119609,0.17091835613706746,0.021560000000000024,0.06988510979734477,1.0283667712985316,0.0
2015-12-25,1.26,0.0015435697623369382,-0.0034170964371187385,-0.0031631772230262,-0.185,0.2505657111892185,47.0,-0.04496144811599123,0.007295197860415881,0.043965517241379315,0.001252860903779407,0.006639102427943795,2.314170394630892,0.0029127126520574306,0.016920314770144405,0.5262009817305804,-19.0,-0.3252410826534664,0.10780272988859366,2.4931278095018476,0.010000000000000009,-0.3038553116610482,0.021433168594634504,0.028496267445573386,0.006429498671751299,1.5902148594098993,0.17091835613706746,0.020089999999999997,0.05462534733424959,0.7382277738135943,0.0
2016-01-01,1.3,-0.0022097073672256995,0.0016531022090686687,-0.004874356245627,-0.31499999999999995,0.303746606216912,53.0,-0.03236256019749162,0.013730868138309926,-0.0586816720257235,0.0016683909432542166,0.005821150118134705,2.4028828839224854,0.002712287976269091,0.016250268123745835,1.9165358843377613,-22.0,-0.221778262783638,0.0799888385071249,2.4371434457093333,-0.04000000000000001,-0.2970202717608067,0.014882718965197597,0.013894109999693625,-0.007370839060206302,1.4658113276387408,0.1719592536535503,0.01767000000000002,0.06895909760732262,0.28295572288695464,0.0
2016-01-08,1.2,4.234844883210798e-06,0.0016531022090686687,-0.0281770634545475,-0.31499999999999995,0.3465947454614506,53.0,-0.03236256019749162,0.013730868138309926,-0.0586816720257235,0.0016683909432542166,0.005821150118134705,2.4859605789315107,0.002712287976269091,0.016209742217662398,-0.015492368323851915,-22.0,-0.16089619808973799,0.08207139748852255,2.379208583576597,0.04000000000000001,-0.31430935837676277,0.02000634474868134,0.013894109999693625,0.01516462633758009,1.3727192695371087,0.1705473178681451,0.015559999999999963,0.0589036743938958,-0.4109475411643101,1.0
2016-01-15,1.19,0.0033631212546856304,0.0016531022090686687,-0.0256253725174594,-0.31499999999999995,0.3825976032378492,53.0,-0.03236256019749162,0.013730868138309926,-0.0586816720257235,0.0016683909432542166,0.005821150118134705,2.5639512775884907,0.002712287976269091,0.015683456647523148,-0.015492368323851915,-22.0,-0.3284298554948619,0.10391445657712556,2.3191770527739504,0.03999999999999998,-0.3957691331674108,0.020088662739525857,0.013894109999693625,0.0245374370963945,1.3055052384109331,0.16563454929938623,0.013570000000000026,0.07059694449045,-1.29477489464709,1.0
2016-01-22,1.21,-0.0028555910607004353,0.0016531022090686687,0.0051652135812153,-0.31499999999999995,0.4135468849524423,53.0,-0.03236256019749162,0.013730868138309926,-0.0586816720257235,0.0016683909432542166,0.005821150118134705,2.637306318080272,0.002712287976269091,0.016329428910001654,-0.015492368323851915,-22.0,-0.2836571013922492,0.12687873850933226,2.256881549574565,0.07,-0.29392413864947664,0.018268021652162604,0.013894109999693625,-0.0003231854999636019,1.240182812138696,0.15919989900492817,0.010189999999999977,0.07443837336032048,-1.7588492600668937,1.0
2016-01-29,1.29,-0.0014460306003333256,0.0,-0.0051193173549806,-0.31499999999999995,0.44050904387203377,53.0,-0.03236256019749162,0.013730868138309926,-0.03303055326176718,0.0,0.0022908427036277346,2.7132155206580957,0.0018526964876199523,0.011463008288290555,-0.35355339059327434,-22.0,-0.14604232244327742,0.16604108785824184,2.1921290710756587,0.020000000000000018,-0.3030680397573049,0.016923893631128627,0.011678064098869624,0.014913228751730206,1.1669942704845055,0.1479119372346687,0.006640000000000035,0.09876921151257535,-1.675211897226208,1.0
2016-02-05,1.36,0.00025566951613975597,0.000823076533454925,-0.0396607102200328,-0.445,0.45114572616340193,51.0,-0.031193297695960798,0.010177997801654737,-0.03220478943022298,0.002265722275519799,0.0024129900674645815,2.7321448322914548,0.002786226318317027,0.014728058059498384,-1.8633471101890913,-9.0,-0.20007756230638318,0.2035006142497014,2.2081536823255408,-0.030000000000000027,-0.40239891254926197,0.019845601901581335,0.011725004777031122,-0.0058908850715322925,1.0757283248591707,0.1508257812498738,0.0036199999999999566,0.11770878107777522,-1.5645017352474166,1.0
2016-02-12,1.32,0.000620721111543654,0.000823076533454925,-0.0213641578326981,-0.445,0.46064783356517813,51.0,-0.031193297695960798,0.010177997801654737,-0.03220478943022298,0.002265722275519799,0.0024129900674645815,2.7503845884924707,0.002786226318317027,0.015419963965602747,-0.002487247491015731,-9.0,-0.29885876232523767,0.23835372873107355,2.223893288237475,0.0,-0.4422129364352022,0.02751743293637024,0.011725004777031122,0.005716157240899189,0.9199883523089954,0.16028726098235202,-0.00014999999999998348,0.13184812691648903,-1.5561264999859084,1.0
2016-02-19,1.37,-0.0005904671979757303,0.000823076533454925,-0.0018680102718006,-0.445,0.4690843194260705,51.0,-0.031193297695960798,0.010177997801654737,-0.03220478943022298,0.002265722275519799,0.0024129900674645815,2.7679484210403866,0.002786226318317027,0.016100906132401335,-0.002487247491015731,-9.0,-0.3886817908556012,0.23609547100395234,2.2393538984168098,0.010000000000000009,-0.4112038279736735,0.02896915073196218,0.011725004777031122,0.0067749853522103,0.40242975712081597,0.16896131537590667,-0.008529999999999982,0.11937336386295551,-1.7989315730817395,1.0
2016-02-26,1.49,0.0013754483254524441,0.000823076533454925,0.0065907633815021,-0.445,0.4765117865540016,51.0,-0.031193297695960798,0.010177997801654737,0.000853970964987294,0.002265722275519799,0.0011528914910642794,2.7848491189624833,0.001833095390292029,0.015370980608572482,0.35355339059327434,-9.0,-0.3449158632684256,0.18734517417249238,2.254541252545286,0.020000000000000018,-0.3412379444331368,0.027913484657919565,0.0003019243301441001,-0.0172882060259458,-0.7620204061423604,0.17594594586779297,-0.012830000000000008,0.07855844048468434,-1.6041413346068112,1.0
2016-03-04,1.55,-0.0025192681360133307,0.004306000143392774,-0.0113490708377321,-0.39999999999999997,0.47825806446233493,54.0,-0.03515311400177057,0.008525362211427412,-0.04526046114432114,0.00164148099873751,0.0027792286362788377,3.418501696087823,0.0029779441032691725,0.015357577717727293,-1.9625327689659766,-13.0,-0.41317364691157255,0.13984047033267816,2.7403333460846904,-0.040000000000000036,-0.2759524747627137,0.028487471662709336,0.016335868099972273,-0.007987638129550084,-1.8964628609322376,0.17873982794429677,-0.015579999999999983,0.06562882641873063,-1.4005181793672838,1.0
2016-03-11,1.4,0.0005801068888251493,0.004306000143392774,-0.0070205530364579,-0.39999999999999997,0.47932365221017464,54.0,-0.03515311400177057,0.008525362211427412,-0.04526046114432114,0.00164148099873751,0.0027792286362788377,3.9327031220466284,0.0029779441032691725,0.015799663152857097,0.529084554813516,-13.0,-0.3318665097259831,0.11642747589321328,3.1376178146054428,0.040000000000000036,-0.1413916175515888,0.028883350945670648,0.016335868099972273,-0.0127738704920628,-1.876586862935533,0.179892711447736,-0.015530000000000044,0.08892211680510131,-1.1096514473919046,1.0
2016-03-18,1.5,0.0011715917781482954,0.004306000143392774,0.0122602072023952,-0.39999999999999997,0.479713085874683,54.0,-0.03515311400177057,0.008525362211427412,-0.04526046114432114,0.00164148099873751,0.0027792286362788377,4.369826611592964,0.0029779441032691725,0.01425809504768203,0.529084554813516,-13.0,-0.315506124730228,0.08592978861510338,3.4768681838726097,-0.030000000000000027,-0.13735788334035326,0.02964405331817892,0.016335868099972273,-0.021910983735540818,-1.6695397096481204,0.1810788641803148,-0.013999999999999957,0.08564878449617042,-0.7657551727918622,1.0
2016-03-25,1.54,0.0014541943275276914,0.004306000143392774,0.01169917497531,-0.39999999999999997,0.4794280131544155,54.0,-0.03515311400177057,0.008525362211427412,-0.04526046114432114,0.00164148099873751,0.0027792286362788377,4.751194181871286,0.0029779441032691725,0.014608162387909157,0.529084554813516,-13.0,-0.30270268180406834,0.08592978861510338,3.7737683156431676,0.0,-0.19255166877592556,0.0333129299413486,0.016335868099972273,-0.018128508691714396,-1.4445482352865415,0.18191073590403245,-0.009510000000000018,0.08765802057647634,-0.061914230063376735,1.0
2016-04-01,1.58,-0.002229539021606941,0.004741067979104008,0.0228689383082493,-0.385,0.48181534631890716,51.0,-0.026579036961380753,0.011251104188944261,-0.010238907849829393,0.0025944134714308564,0.00785310842417488,4.743254319395381,0.003034470052834412,0.012929288548107716,1.2809115863850313,-26.0,-0.2790269340926874,0.08592978861510338,3.773118781507939,-0.06999999999999998,-0.25132272339268036,0.03181503971257444,0.022440877984998317,-0.027361238353747985,-1.2694806677609787,0.18385053195351408,-0.006809999999999983,0.08517838424632482,0.6753339971742474,1.0
2016-04-08,1.56,0.0002741565614654551,0.004741067979104008,-0.0029469366187341,-0.385,0.4828225128860596,51.0,-0.026579036961380753,0.011251104188944261,-0.010238907849829393,0.0025944134714308564,0.00785310842417488,4.734976240700833,0.003034470052834412,0.011908397654289823,0.1663274314424301,-26.0,-0.20748702726583823,0.07928249671725797,3.772369180073799,0.0,-0.23082878214237068,0.020161219793856964,0.022440877984998317,-0.0003242367483015096,-1.1171941737614968,0.19084979050022383,-0.003640000000000032,0.08717797887056912,1.6398757341577161,1.0
2016-04-15,1.65,0.0034923637437336286,0.004741067979104008,0.0213707785326663,-0.385,0.48245815652841095,51.0,-0.026579036961380753,0.011251104188944261,-0.010238907849829393,0.0025944134714308564,0.00785310842417488,4.726358168660404,0.003034470052834412,0.01215111099458623,0.1663274314424301,-26.0,-0.27790436410082475,0.06968039281508678,3.77151945167467,-0.010000000000000009,-0.2759239433976688,0.020191189816197594,0.022440877984998317,-0.017064943096547894,-1.014253496441001,0.1942138113650252,-0.00272,0.08956242834685724,1.4139243063310096,1.0
2016-04-22,1.71,-0.002133017343933341,0.004741067979104008,-0.015846982725584,-0.385,0.4807191586591478,51.0,-0.026579036961380753,0.011251104188944261,-0.010238907849829393,0.0025944134714308564,0.00785310842417488,4.717398239903808,0.003034470052834412,0.0125933012551017,0.1663274314424301,-26.0,-0.15448431830228637,0.05631543812700049,3.7705695286172847,0.010000000000000009,-0.23482067585887423,0.01994482916163865,0.022440877984998317,-0.004615169290161508,-0.9416420027074679,0.19503528705757187,-0.0017399999999999638,0.08924284685196426,1.196900278172742,1.0
2016-04-29,1.72,-0.003444442934961156,0.0,-0.0067106294985218,-0.385,0.4818397628456036,51.0,-0.02226422687268992,0.0061226635268392116,0.0375670840787119,0.0,0.0077704041888630605,4.708094502678895,0.0011957784628587745,0.013770756473587064,-0.3535533905932749,-26.0,-0.21541788352324953,0.05700877125502208,3.7514702999978713,-0.010000000000000009,-0.22366869003621737,0.022348307170707522,0.013281969950731288,-0.0065634860918627885,-0.831525104091284,0.19895153157384407,8.999999999997899e-05,0.088469122942657,1.1773226109301869,1.0
2016-05-06,1.66,0.000582166486206237,0.004045790998115084,-0.0094830885965539,-0.42,0.47965055441946236,53.0,-0.02448153056399993,0.010193225541935691,0.0778175313059033,0.002376790197565759,0.024967364526638756,4.708094502678895,0.0015318872886349612,0.014261177793974863,-1.57132422874652,-18.0,-0.2704861155952567,0.0516685867539488,3.743672389013336,-0.03,-0.2480215472910703,0.021910059011917997,0.017676986255060017,0.005543518090873792,-0.6077030428486081,0.2036129175941555,0.0015600000000000058,0.06458659745942212,1.18186857163584,1.0
2016-05-13,1.62,0.0002548427948281251,0.004045790998115084,0.0229650860892733,-0.42,0.4765643517645271,53.0,-0.02448153056399993,0.010193225541935691,0.0778175313059033,0.002376790197565759,0.024967364526638756,4.708094502678895,0.0015318872886349612,0.013572698347699712,-0.0909317764368406,-18.0,-0.3050398098153356,0.07698562017866283,3.7333340066797174,0.09999999999999998,-0.22583347047028646,0.022922121453703807,0.017676986255060017,0.007595873729097605,-0.1480057803580349,0.21060021600282203,0.0019199999999999773,0.0609449400216494,1.1301527694691407,1.0
2016-05-20,1.65,-0.0010427805755210962,0.004045790998115084,0.0242400183310127,-0.42,0.4725635810265603,53.0,-0.02448153056399993,0.010193225541935691,0.0778175313059033,0.002376790197565759,0.024967364526638756,4.708094502678895,0.0015318872886349612,0.014393670181755757,-0.0909317764368406,-18.0,-0.28576377682766374,0.07540367554517476,3.72043397458917,0.040000000000000036,-0.20043538138029182,0.021344048696046038,0.017676986255060017,-0.005815137748183305,1.1312539530807975,0.21256983592064832,0.003080000000000027,0.0609449400216494,1.2388577655965902,1.0
2016-05-27,1.57,-0.002823140633308907,0.004045790998115084,-0.0071796995319796,-0.42,0.46762476899176875,53.0,-0.02448153056399993,0.010193225541935691,0.0387931034482758,0.002376790197565759,0.0226433070379962,4.708094502678895,0.0008017863921764717,0.011630575775653115,0.3535533905932764,-18.0,-0.17903105857760482,0.07558108228920599,3.704945535065154,-0.010000000000000009,-0.181923674043161,0.02456613031344191,0.013715433255773632,0.002268016279576804,1.991655880729015,0.21499622922796915,0.004579999999999973,0.0745941399457268,1.442292497423658,0.0
2016-06-03,1.64,6.321295300648622e-05,0.0032843661672818936,-0.0169815590198776,-0.5,0.46543973514435744,58.0,-0.01678117946525337,0.009973264945230875,0.04137931034482767,0.0016306744841929621,0.023701782660212646,4.65551781801418,0.001953107015328484,0.012897614045225863,2.2613818332979574,-4.0,-0.07413124271223881,0.08830749846826197,3.6959784104155298,-0.020000000000000018,-0.17774398691661442,0.02513094769958381,0.013617583910733932,-0.002544980603964103,1.96203061238601,0.2158661391818839,0.006240000000000023,0.06519202405169741,1.5164415327761704,1.0
2016-06-10,1.64,0.0004816881184868116,0.0032843661672818936,-0.0113082306915179,-0.5,0.46262282715186986,58.0,-0.01678117946525337,0.009973264945230875,0.04137931034482767,0.0016306744841929621,0.023701782660212646,4.580896788251915,0.001953107015328484,0.013533724367256406,-0.15718005985927394,-4.0,-0.07054545662619849,0.10405184147478443,3.6804382813309116,-0.03999999999999998,-0.18162107331433452,0.02655068964389906,0.013617583910733932,0.0011397418921067076,1.8254464513806932,0.21889092099527913,0.006979999999999986,0.06664136424570333,1.3825196135784588,1.0
2016-06-17,1.63,0.0020779461692082,0.0032843661672818936,0.0193539698990638,-0.5,0.45916241573850836,58.0,-0.01678117946525337,0.009973264945230875,0.04137931034482767,0.0016306744841929621,0.023701782660212646,4.483130774187034,0.001953107015328484,0.012759819595367261,-0.15718005985927394,-4.0,-0.06853695995990228,0.10053428697290835,3.6582413828346803,0.010000000000000009,-0.19510150895881095,0.026572831233714612,0.013617583910733932,-0.004633452926761511,1.7302771463278463,0.22490512496123766,0.007830000000000004,0.07308263424732499,1.3501027539769994,1.0
2016-06-24,1.66,0.0020550807242951663,0.0032843661672818936,0.00520825179765,-0.5,0.45504382044562636,58.0,-0.01678117946525337,0.009973264945230875,0.04137931034482767,0.0016306744841929621,0.023701782660212646,4.360663322865672,0.001953107015328484,0.011492998318449313,-0.15718005985927394,-4.0,-0.04002887160433011,0.1019015631452093,3.629265576869814,0.0,-0.20107330980542226,0.02153209252845864,0.013617583910733932,0.0473056234953385,1.5324982646748038,0.2250130715158246,0.005139999999999978,0.0892428468519598,0.20392838698462684,1.0
2016-07-01,1.62,-0.0034642946946336073,-0.001618136404749948,-0.0198531071270895,-0.29000000000000004,0.44971894698409,63.0,-0.02196738284260069,0.008271388704987004,-0.0058091286307053736,0.0011674880827341472,0.013352365575511931,4.2142615011412445,0.0016622778866709502,0.01095803695906992,0.261757588045069,0.0,0.05846915672988384,0.11438500151434824,3.6100977036453528,0.010000000000000009,-0.13946949910673234,0.02178952255333031,0.003174396845156928,0.023023452518492193,1.330949418399757,0.23174879454008773,0.0031400000000000317,0.1093405558007345,-0.8306207561047575,1.0
2016-07-08,1.58,0.0009230978653893551,-0.001618136404749948,-0.0043815558593555,-0.29000000000000004,0.44396316591912344,63.0,-0.02196738284260069,0.008271388704987004,-0.0058091286307053736,0.0011674880827341472,0.013352365575511931,4.0565237106894685,0.0016622778866709502,0.01152206284933581,-0.4433523842857385,0.0,0.011191385394426101,0.15334368495081524,3.590407447773418,0.0,-0.13898372388652103,0.02030962585101213,0.003174396845156928,0.001341522551023322,1.0014375063866954,0.2404109729140519,-0.0010900000000000354,0.1195228609332559,-1.9755500601513383,1.0
2016-07-15,1.5,0.0003572223446266509,-0.001618136404749948,-0.0025895943464941,-0.29000000000000004,0.4377594805085421,63.0,-0.02196738284260069,0.008271388704987004,-0.0058091286307053736,0.0011674880827341472,0.013352365575511931,3.8860697962774275,0.0016622778866709502,0.009634102319356623,-0.4433523842857385,0.0,-0.039721201443603804,0.13680016708430986,3.570186166145447,0.03999999999999998,-0.09707209050809762,0.021554518667522046,0.003174396845156928,0.0012522072424612785,0.5140077442191389,0.24084003315203392,-0.0040899999999999825,0.1005342869726478,-1.8478056202364848,1.0
2016-07-22,1.4,0.0019612262594579377,-0.001618136404749948,-0.0125227524605162,-0.29000000000000004,0.4310885541544931,63.0,-0.02196738284260069,0.008271388704987004,-0.0058091286307053736,0.0011674880827341472,0.013352365575511931,3.7011432745116406,0.0016622778866709502,0.0099117717479236,-0.4433523842857385,0.0,0.00036020443534123814,0.10682930309615256,3.5494247829182033,0.010000000000000009,-0.08205236420897899,0.015990675537409182,0.003174396845156928,0.0002420179649514076,-0.14517834642475017,0.24329345320847193,-0.004259999999999986,0.0645727717935229,-1.361526456576888,1.0
2016-07-29,1.36,-0.0036766568332369243,0.0,-0.0113919404592794,-0.29000000000000004,0.4239283299528814,63.0,-0.02196738284260069,0.008271388704987004,-0.008278145695364225,0.0,0.013234618899213403,3.4994505063159624,0.0004143959391500371,0.011302398467513883,-0.35355339059328283,0.0,0.05891010408427877,0.09695359714837733,3.5494247829182033,-0.04999999999999999,-0.11714772034997756,0.015806364669439205,0.0029267664784216178,-0.00506075261995409,-1.1360007247457682,0.2503144327317777,-0.0043099999999999805,0.051547481578620345,-1.051246062139948,1.0
2016-08-05,1.28,0.0005140555556302218,0.0009184301078843937,-0.001691347047429,-0.0050000000000000044,0.4190250252188278,60.0,-0.02164263084601936,0.010628745027610353,-0.005794701986754913,0.0023968139321870474,0.01314539980503474,3.557873176275785,0.0007202244830688441,0.010381078270019313,-2.0343776816916477,-18.0,-0.00929235953690899,0.08609587678867037,3.557118497609316,0.0,-0.04718485856446508,0.015697442796301166,0.003176503862050769,-0.0019332537379384007,-1.5322863489111884,0.25268952984195925,-0.0022700000000000498,0.04998213966678114,-0.4811132155243898,1.0
2016-08-12,1.25,0.00047819543014426813,0.0009184301078843937,0.0242006555029932,-0.0050000000000000044,0.4133772969100782,60.0,-0.02164263084601936,0.010628745027610353,-0.005794701986754913,0.0023968139321870474,0.01314539980503474,3.613649338060176,0.0007202244830688441,0.010678845617952713,0.05814058302598794,-18.0,-0.07675835184247926,0.07406560798187183,3.5646898286753945,0.009999999999999953,0.04682356890510109,0.015402488782632354,0.003176503862050769,-0.09089915585170881,-1.2248836014793905,0.25637453748203276,-0.00025999999999998247,0.050990195135489996,0.208542800873503,0.0
2016-08-19,1.13,-0.000548901090171694,0.0009184301078843937,-0.0060527741920563,-0.0050000000000000044,0.4069541527737126,60.0,-0.02164263084601936,0.010628745027610353,-0.005794701986754913,0.0023968139321870474,0.01314539980503474,3.666899759490988,0.0007202244830688441,0.011552336790957537,0.05814058302598794,-18.0,-0.03437967248273732,0.07146427679024608,3.5721395543114345,0.010000000000000009,0.1995055511152921,0.01378914701040829,0.003176503862050769,-0.015803530055217292,-0.6797830333423448,0.25987952598113456,0.0023199999999999887,0.05806400409362175,1.2495302238611967,0.0
2016-08-26,1.22,0.0016487270949177013,0.0009184301078843937,0.007122025781517,-0.0050000000000000044,0.3997182136667043,60.0,-0.02164263084601936,0.010628745027610353,0.0025041736227044975,0.0023968139321870474,0.0007856742013173707,3.7177329734045834,0.0005328342640801074,0.012576705695851004,0.3535533905932792,-18.0,0.05745861593400159,0.07171371656013296,3.5794684337870346,0.040000000000000036,0.053516101362627966,0.014078403338670104,0.0008853590749430083,-0.0025986654647979016,0.3164721869438721,0.2598009448021831,0.005110000000000003,0.06631903411291709,1.8210701267828757,1.0
2016-09-02,1.14,-0.003561370098170702,0.002403995864628916,0.0155022203225748,-0.035,0.39158342958957265,54.0,-0.019939516469206886,0.014637836474815646,0.08764607679465786,0.0016866393208359032,0.005677710382485908,3.376160769048594,0.0006052139198761675,0.012242961701596295,-1.2142102180215713,-6.0,0.0516007854612619,0.041661904489881996,3.5663819116394935,-0.010000000000000009,-0.034962011661790804,0.012542543063460908,0.029913373360893555,-0.00042944688879419796,1.6809996776066949,0.2609024684422563,0.007030000000000036,0.05606119105774904,1.595090491298295,1.0
2016-09-09,1.21,0.00033356460778577457,0.002403995864628916,0.0002840303381696,-0.035,0.38105626575977486,54.0,-0.019939516469206886,0.014637836474815646,0.08764607679465786,0.0016866393208359032,0.005677710382485908,2.95400640590963,0.0006052139198761675,0.012290582237646815,0.5291965458096977,-6.0,0.03861858526332407,0.04682795258034309,3.5528226833897922,0.019999999999999962,0.028008065652793235,0.010166612004690804,0.029913373360893555,0.0371605006136678,1.8679131173021006,0.2587990013059751,0.005899999999999961,0.05707138387229881,1.035070342360784,1.0
2016-09-16,1.19,0.004987448967281205,0.002403995864628916,0.0141184081606869,-0.035,0.3679314289019872,54.0,-0.019939516469206886,0.014637836474815646,0.08764607679465786,0.0016866393208359032,0.005677710382485908,2.4092769422830367,0.0006052139198761675,0.012116049011883958,0.5291965458096977,-6.0,0.13166983978454638,0.06606274074162574,3.538785315372612,-0.04999999999999999,-0.03692930874236722,0.01214166250966421,0.029913373360893555,0.02189509886167429,1.628950556047361,0.25743272195835715,0.004390000000000005,0.05496752287837887,0.522417892177958,1.0
2016-09-23,1.11,-0.0019196119273434675,0.002403995864628916,0.0123539805318738,-0.035,0.35191839739683056,54.0,-0.019939516469206886,0.014637836474815646,0.08764607679465786,0.0016866393208359032,0.005677710382485908,1.6229128608300254,0.0006052139198761675,0.010175114991624207,0.5291965458096977,-6.0,0.15249611895637005,0.07211102550934408,3.5242640942092778,-0.12,-0.02669586871631935,0.01330202373565513,0.029913373360893555,0.0034476066015594053,1.288063794235714,0.256120258330039,0.0012199999999999989,0.04208834246421771,-0.5294230013340266,1.0
2016-09-30,1.15,-0.004701508954105371,0.0,0.001464100201777,0.0,0.343201840400856,54.0,-0.015177400453786127,0.015094307890244574,0.08492922564529559,0.0,0.005511968227511983,1.660861685530397,0.00037304621789454646,0.009205235947589681,0.35355339059328494,-1.0,0.18563848564221108,0.07211102550934408,3.5306778774777805,0.10999999999999999,0.05928855311065351,0.014364134008781258,0.03002701568735552,0.0090468456189879,0.7784715264220734,0.2578969213099755,-0.003159999999999996,0.03700868623849864,-1.7365304936130979,0.0
2016-10-07,1.22,0.0016632966472163169,0.0012467485130143174,0.003480159804214,0.035,0.33814986304719175,54.0,-0.015023811304759715,0.016359875209176034,0.04412989175686932,0.0012055842663214467,0.01718316433123354,1.6897883344922042,0.00038481258155915007,0.009984373958742182,0.6973612776037738,-1.0,0.27617904033952634,0.06606274074162224,3.535373923403539,0.040000000000000036,0.0036268446766449802,0.021878871361140202,0.034531987987704155,0.0010109908056162992,-0.12641857773723847,0.2555799603623314,-0.00716,0.02997022331700689,-1.8657296378101722,0.0
2016-10-14,1.18,-0.00038323481126523173,0.0012467485130143174,-0.0185537293072289,0.035,0.33058081116362903,54.0,-0.015023811304759715,0.016359875209176034,0.04412989175686932,0.0012055842663214467,0.01718316433123354,1.7101506906166761,0.00038481258155915007,0.008058379750248658,0.29208305759615,-1.0,0.35185185003491415,0.07796519369937012,3.5383590712426165,-0.010000000000000009,0.06538299327827057,0.0218727752771072,0.034531987987704155,0.004854437044789092,-1.4302900080134258,0.2541240537431417,-0.009160000000000001,0.03136763573152558,-1.5471644719759463,1.0
2016-10-21,1.19,0.002172421729780716,0.0012467485130143174,-0.0084778601996479,0.035,0.32031629953350776,54.0,-0.015023811304759715,0.016359875209176034,0.04412989175686932,0.0012055842663214467,0.01718316433123354,1.7222525500504113,0.00038481258155915007,0.007247023899469414,0.29208305759615,-1.0,0.30927384647282863,0.07106335201782105,3.5396376496472843,0.020000000000000018,0.1401345339423392,0.022608106746725348,0.034531987987704155,-0.021401097135453698,-1.959818977624234,0.25196744684288985,-0.011270000000000002,0.03136763573152558,-1.3614919393768923,1.0
2016-10-28,1.2,-0.0029225170357045638,0.0012467485130143174,0.0301124612527607,0.035,0.30708615564780073,54.0,-0.015023811304759715,0.016359875209176034,-0.03760552570990028,0.0012055842663214467,0.01550672765759968,1.72626765016358,5.5138828476834194e-05,0.006998100459224476,-0.35355339059378466,-1.0,0.3377853883623798,0.08158037228932957,3.539211508167978,-0.040000000000000036,0.04528870151193498,0.022996900246081996,0.013295561119777874,-0.022051040701479688,-1.8618271609648653,0.24771131874814573,-0.01305999999999996,0.03758324094536297,-1.244558783252363,1.0
2016-11-04,1.25,-0.0002781565606109204,-0.0015554608673349346,0.0157054847724511,0.13999999999999999,0.3088983363842904,54.0,-0.011862778785850958,0.016925371625037933,-0.05602455871066769,0.0013606698188182165,0.03278876593633411,1.72626765016358,0.0014837935683148053,0.011813199409368116,-2.473199241467444,-3.0,0.16701809356646935,0.07250615737405504,3.539211508167978,0.08000000000000002,-0.004967288691700933,0.02461984268623455,0.014030468663070792,-0.006664258637325712,-1.680033287679594,0.236853112037393,-0.01215000000000005,0.03703280399032453,-0.9032918954858783,1.0
2016-11-11,1.21,0.00044912663956497845,-0.0015554608673349346,-0.003263966407983,0.13999999999999999,0.308974401630291,54.0,-0.011862778785850958,0.016925371625037933,-0.05602455871066769,0.0013606698188182165,0.03278876593633411,1.72626765016358,0.0014837935683148053,0.014036225704096591,0.3382989814171595,-3.0,0.11478183034372691,0.11153955096099116,3.539211508167978,0.09999999999999998,0.09621988236238188,0.02587664721666557,0.014030468663070792,0.01847223064948561,-1.5959501262567848,0.2325031828064537,-0.014039999999999997,0.04969550137688851,-1.0242861421984981,1.0
2016-11-18,1.31,-0.0003263684861821714,-0.0015554608673349346,0.0055875882949703,0.13999999999999999,0.30731564053264165,54.0,-0.011862778785850958,0.016925371625037933,-0.05602455871066769,0.0013606698188182165,0.03278876593633411,1.72626765016358,0.0014837935683148053,0.014998514123702667,0.3382989814171595,-3.0,0.3254079069605109,0.19085802501936713,3.539211508167978,-0.03999999999999998,0.1312205822518253,0.0268374155415877,0.014030468663070792,0.0006833118252704967,-1.5113020576224496,0.2357590194114195,-0.012849999999999973,0.09318759880685056,-0.67840922678549,1.0
2016-11-25,1.31,0.002727885301730071,-0.0015554608673349346,-0.0020054631612301,0.13999999999999999,0.30389364649586964,54.0,-0.011862778785850958,0.016925371625037933,-0.05602455871066769,0.0013606698188182165,0.03278876593633411,1.72626765016358,0.0014837935683148053,0.014821507855407173,0.3382989814171595,-3.0,0.39466554571126755,0.2064625528135619,3.539211508167978,0.04999999999999999,0.10429159396547982,0.027171540993212177,0.014030468663070792,-0.007021072596658795,-1.4329990793327325,0.2412132324924567,-0.011300000000000032,0.11988089327072565,0.03279199072047851,1.0
2016-12-02,1.3,-0.004360938353014099,0.0003273213923173923,0.0001539267035232,0.27,0.3237064408168177,54.0,-0.0002049641716570516,0.02074622132966919,-0.004784688995215336,0.0017596530397103738,0.02939956316507263,1.715091385769215,0.0030058181956087765,0.01486346111675601,2.163414887671113,-7.0,0.5718206485966624,0.2190890230020815,3.4790907430234084,0.0,0.2929696954426728,0.02305774918314635,0.009086204465624316,0.0011025131807026883,-1.3641568552990753,0.24624625315853696,-0.00988,0.13330952168314003,1.1142884072652595,1.0
2016-12-09,1.17,0.0005197571827586511,0.0003273213923173923,0.0503706542092551,0.27,0.3403761028478608,54.0,-0.0002049641716570516,0.02074622132966919,-0.004784688995215336,0.0017596530397103738,0.02939956316507263,1.6811168448847236,0.0030058181956087765,0.014749322179053543,-0.11079221799972858,-7.0,0.8824120771589612,0.2268377330667526,3.416919572731696,0.050000000000000044,0.44581700012069514,0.02270321979050082,0.009086204465624316,0.005231443384074899,-1.314741905168455,0.2588362253503024,-0.008819999999999995,0.14312207576536917,1.6542527062913583,1.0
2016-12-16,1.21,0.00502515612713883,0.0003273213923173923,0.0163959116392895,0.27,0.35434650142392177,54.0,-0.0002049641716570516,0.02074622132966919,-0.004784688995215336,0.0017596530397103738,0.02939956316507263,1.6229128608300236,0.0030058181956087765,0.014802002726870427,-0.11079221799972858,-7.0,0.9326542384064411,0.22492856008711437,3.3525839295274906,-0.030000000000000027,0.4943853213347025,0.021482194024611562,0.009086204465624316,-0.0037303116484905946,-1.2592508638379922,0.2758185404754959,-0.006879999999999997,0.16313338101063257,1.7491239291423177,1.0
2016-12-23,1.23,-0.00042138478581732475,0.0003273213923173923,0.0095469824014056,0.27,0.3659269255885928,54.0,-0.0002049641716570516,0.02074622132966919,-0.004784688995215336,0.0017596530397103738,0.02939956316507263,1.5377305955910279,0.0030058181956087765,0.014674831311059806,-0.11079221799972858,-7.0,0.8048298973366563,0.21675776473158606,3.2859566814275394,0.010000000000000009,0.39160111761623284,0.020305425080491185,0.009086204465624316,-0.024232286477078605,-1.2148680592532604,0.28757266771328255,-0.005799999999999972,0.15629070898248085,1.5185751303692943,1.0
2016-12-30,1.31,-0.003946665640357616,0.0,0.0124652381294069,0.23500000000000001,0.3828368217493284,54.0,-0.00541679598476108,0.019061608333755364,0.014634146341463428,0.0,0.016584594015036275,1.5689290811059045,0.00241683904068117,0.010907122355518582,-0.353553390593274,-1.0,0.5934959979955285,0.1236065185521216,3.2168954427512624,-0.010000000000000009,0.45032397119038525,0.01887062239204761,0.005173952057462809,0.00445478333277291,-1.2405847065382396,0.29386461212003384,-0.006360000000000032,0.10953636056431548,1.0190249103905655,1.0
2017-01-06,1.23,0.00037066565486165715,0.0058277278902547636,0.0126455696607324,0.28,0.4189596942830226,65.0,-0.008031281419274894,0.025000422090529995,0.05934959349593494,0.002188700384122999,0.01646503458130605,1.5985570416428607,0.0027104714920845596,0.009458918847778632,-1.1638623608430159,-10.0,0.32888359241261766,0.0759699188589334,3.1452398853907235,0.020000000000000018,0.6281665237305576,0.02138702930982093,0.015700722064791853,0.0011165527341474996,-1.268770722487893,0.3020470007277256,-0.005689999999999973,0.07019106577227358,1.0202237558106007,1.0
2017-01-13,1.12,-0.00013294106735961542,0.0058277278902547636,-0.0219885807318637,0.28,0.45114590721037623,65.0,-0.008031281419274894,0.025000422090529995,0.05934959349593494,0.002188700384122999,0.01646503458130605,1.6267002938941175,0.0027104714920845596,0.006199401633006798,-0.19402198156210856,-10.0,0.6280952693437516,0.07918107638285321,3.0708084038889045,0.0,0.7800815362364149,0.017968457171630575,0.015700722064791853,-0.0014980115119826998,-1.317227922354356,0.31062968209224495,-0.005769999999999997,0.05767829500122088,0.8298693693913497,1.0
2017-01-20,1.15,0.0018526632961326506,0.0058277278902547636,0.0017561227446697,0.28,0.48018771804782345,65.0,-0.008031281419274894,0.025000422090529995,0.05934959349593494,0.002188700384122999,0.01646503458130605,1.6534346536369433,0.0027104714920845596,0.0059747207429012746,-0.19402198156210856,-10.0,0.4978962541419514,0.07445036697600235,2.993393933283765,-0.030000000000000027,0.6284560548396825,0.01528534953099172,0.015700722064791853,-0.000375507237718703,-1.3289763415128408,0.32118811063506114,-0.0048000000000000265,0.05055054047999309,1.12476767817236,1.0
2017-01-27,1.19,-0.0017754830008711586,0.0058277278902547636,-0.0077605873552506,0.28,0.5066261642943755,65.0,-0.008031281419274894,0.025000422090529995,0.044070512820512775,0.002188700384122999,0.0010801020079215758,1.678827429625483,0.0009293945305906554,0.006873521678787709,0.3535533905932756,-10.0,0.47563093511020527,0.07225945316311766,2.9127586401774925,0.020000000000000018,0.5814991034553421,0.016285192860646114,0.015581279232876718,-0.007429757167054601,-1.295025427052561,0.33259208684108527,-0.0036599999999999966,0.035757117173143074,1.531732889449676,1.0
2017-02-03,1.07,0.00023423263994781784,0.0031461173864164582,0.0022656573633585,0.12000000000000001,0.5391544260616213,59.0,-0.006864591168616152,0.027379581714893186,-0.011217948717948678,0.0021200397657175074,0.008121588075866798,3.4411536527071527,0.0015816523446172339,0.006204422689444189,-2.013277883259611,15.0,0.48473098282426985,0.07120142454436591,3.531532168480779,-0.010000000000000009,0.7426352507178644,0.017015953173228703,0.026012486879678515,-0.000847953883928998,-1.2057799466583219,0.3433498253445739,-0.0023400000000000087,0.025634797777735762,1.8791062645355012,1.0
2017-02-10,1.03,0.0005287523398131988,0.0031461173864164582,0.0058126373966932,0.12000000000000001,0.5678674476650412,59.0,-0.006864591168616152,0.027379581714893186,-0.011217948717948678,0.0021200397657175074,0.008121588075866798,4.469383024018627,0.0015816523446172339,0.00743722225732232,0.525041368840828,15.0,0.5432349848590252,0.06094494002204051,4.036036763977989,0.040000000000000036,0.829483683196395,0.013046364121417485,0.026012486879678515,-0.004082484321072305,-1.0888927204393803,0.3502377989839912,-0.0012499999999999734,0.009258200995696048,1.7261508632571165,1.0
2017-02-17,1.06,-0.0003500712260302574,0.0031461173864164582,-0.0030713962167055,0.12000000000000001,0.5933193906109485,59.0,-0.006864591168616152,0.027379581714893186,-0.011217948717948678,0.0021200397657175074,0.008121588075866798,5.21727898429835,0.0015816523446172339,0.00734316317100233,0.525041368840828,15.0,0.5709534806898462,0.05063877678509094,4.465174442889183,-0.020000000000000018,0.8016195217780091,0.01234599969025603,0.026012486879678515,-0.005085897567380197,-0.8733883219576819,0.35697319822843837,0.0006099999999999994,0.008345229601710358,1.7229054418063123,1.0
2017-02-24,1.2,0.0031486016042467924,0.0031461173864164582,0.0198846379602137,0.12000000000000001,0.6159146682892476,59.0,-0.006864591168616152,0.027379581714893186,-0.011217948717948678,0.0021200397657175074,0.008121588075866798,5.794427030810363,0.0015816523446172339,0.006936164984395777,0.525041368840828,15.0,0.4667783812789632,0.06802048010923195,4.83903808548362,-0.010000000000000009,0.6470409911230897,0.01232522670659202,0.026012486879678515,-0.00025091091422879686,-0.4574423527054907,0.36050257151987736,0.0021599999999999953,0.03270539492354643,1.6177437044166054,1.0
2017-03-03,1.36,-0.002390850855572779,0.0008127978719472129,-0.022554026777464,0.15000000000000002,0.6213635295650869,57.0,0.007162067590550603,0.023806124334402767,-0.02379125095932466,-0.00021514115650322907,0.008495826788382694,6.0277563117504425,0.0028989925803334883,0.007435459805122547,2.1648541787379236,5.0,0.6968786843702242,0.08106434833780743,4.905440695420788,0.18999999999999995,0.48468832265033956,0.017205284561083403,0.022963003482241586,0.011180214119949398,0.17203078085721663,0.3689065003943796,0.0019500000000000073,0.05409977554711434,1.1850149066548408,1.0
2017-03-10,1.41,0.00040870180425467417,0.0008127978719472129,-0.0009897359721193,0.15000000000000002,0.625358653283809,57.0,0.007162067590550603,0.023806124334402767,-0.02379125095932466,-0.00021514115650322907,0.008495826788382694,6.222539674441707,0.0028989925803334883,0.007208061132830671,-0.1114257819143775,5.0,0.6509329598894116,0.08366600265343656,4.970652939862922,0.040000000000000036,0.2594805630770596,0.018291791466137988,0.022963003482241586,-0.0024511643870147037,1.364046172166727,0.3795826079517771,0.002579999999999971,0.07540367554487616,1.1205904112135006,1.0
2017-03-17,1.47,0.002183262179809242,0.0008127978719472129,-0.0054530572760314,0.15000000000000002,0.6279277878099708,57.0,0.007162067590550603,0.023806124334402767,-0.02379125095932466,-0.00021514115650322907,0.008495826788382694,6.382307275104139,0.0028989925803334883,0.008478233782626812,-0.1114257819143775,5.0,0.5458836068468766,0.08253787009612656,5.034721073663718,-0.020000000000000018,0.23681542793621713,0.020050636682280083,0.022963003482241586,0.0016074182006774046,1.7546929797960982,0.3871263585656171,0.0023500000000000187,0.08175529690112708,0.8498274376217165,0.0
2017-03-24,1.42,0.001937319795586978,0.0008127978719472129,-0.0235433098241395,0.15000000000000002,0.6290884041806333,57.0,0.007162067590550603,0.023806124334402767,-0.02379125095932466,-0.00021514115650322907,0.008495826788382694,6.5096378252085305,0.0028989925803334883,0.008066119282378029,-0.1114257819143775,5.0,0.7032115088318509,0.10488088481704091,5.097688234814609,0.050000000000000044,0.21566148843574395,0.019261906297711583,0.022963003482241586,0.007764643723121301,1.5168456492437776,0.39186769976318836,0.0015000000000000013,0.08114141095267877,0.3051016803584673,1.0
2017-03-31,1.49,-0.0019244184540520015,0.0,0.0055195195523693,0.15000000000000002,0.6343053282692642,53.0,0.0037671541867012603,0.01897509414405185,0.030794165316045286,0.0,0.0022028248635091014,6.6072221557463635,0.002333070086536161,0.008147362328775413,-0.3535533905932741,2.0,0.6308793995069637,0.09706404365898999,5.20278814914538,-0.020000000000000018,0.3753736671630574,0.017690101814440775,0.010887381557977721,-0.0004056641618569029,0.9288126915542066,0.39556287100420434,-0.0013599999999999723,0.07954109449994216,-1.5324533828180933,1.0
2017-04-07,1.43,0.0011222435563844613,0.002965533365326678,-0.0049188520664718,0.065,0.6350025790624915,53.0,0.013993011097695573,0.02199689878417299,0.013776337115072979,0.0011277416475390378,0.002180808466375203,6.688681599423202,0.004001920338839046,0.007343253427629731,2.021324437678193,2.0,0.6386934182694526,0.1147668443908545,5.297200376145724,0.05999999999999994,0.31520644695342837,0.017280983088095753,0.013067600793757558,-0.0015130405556067067,-0.02616013680146158,0.39766494154195714,-0.0033299999999999996,0.07634508123340084,-1.9663833160930109,1.0
2017-04-14,1.42,0.00220308521322643,0.002965533365326678,3.0841088886438776e-05,0.065,0.6350137565701451,53.0,0.013993011097695573,0.02199689878417299,0.013776337115072979,0.0011277416475390378,0.002180808466375203,6.754599572485133,0.004001920338839046,0.0074298188447934005,-0.5243232124152316,2.0,0.6966351641590933,0.13874436925513947,5.381487456068225,-0.009999999999999898,0.31764121657461364,0.01911686725053288,0.013067600793757558,-0.011766664670756093,-1.5995983282359794,0.39774685932463216,-0.005730000000000013,0.07634508123340084,-1.8342827464087998,1.0
2017-04-21,1.56,-0.0011644574234941363,0.002965533365326678,-0.0162194920853182,0.065,0.6343388970595406,53.0,0.013993011097695573,0.02199689878417299,0.013776337115072979,0.0011277416475390378,0.002180808466375203,6.805427698083867,0.004001920338839046,0.007524885081771921,-0.5243232124152316,2.0,0.44906538250415484,0.15090204959322256,5.456118654247851,-0.020000000000000018,0.1346901315185156,0.01864470201280919,0.013067600793757558,0.009408438894314593,-2.063628719416577,0.39878903233130275,-0.007769999999999999,0.05656854249459912,-1.6334150375761394,1.0
2017-04-28,1.6,-0.0020378320574557796,0.002965533365326678,0.0166272007772095,0.065,0.6329758062392088,53.0,0.013993011097695573,0.02199689878417299,-0.01650943396226412,0.0011277416475390378,0.00036486418017639606,6.841502309153652,0.0036018177796752933,0.007013033256386412,-0.3535533905932739,2.0,0.5041322603548433,0.14584115625278746,5.5214855259498385,0.010000000000000009,0.07425966459239719,0.016991135648093562,0.005836966354134452,0.0039050122272700077,-1.9802460637017176,0.3998662578072503,-0.010150000000000048,0.054248107274082386,-1.533071894796921,1.0
2017-05-05,1.51,0.00024697202012813335,0.0008547218268963874,-0.0032739102739099,0.02,0.6256490691843155,56.0,0.017500792534729248,0.018748777208413614,-0.05031446540880502,0.0008080341683018855,0.00047747318730313217,6.799660625015449,0.0035661683196148144,0.007191390616324189,-0.06664489138819475,4.0,0.554497821380801,0.11804962636841232,5.5584105283624465,0.09999999999999998,0.03493061752398141,0.019858343696914815,0.012707752850109822,-0.010151855149076808,-1.796104295938826,0.4013390106983618,-0.010159999999999947,0.046598589800462,-1.1824663106266193,1.0
2017-05-12,1.52,0.0004949403365415161,0.0008547218268963874,-0.0182044120909325,0.02,0.6177889017956874,56.0,0.017500792534729248,0.018748777208413614,-0.05031446540880502,0.0008080341683018855,0.00047747318730313217,6.746395048753594,0.0035661683196148144,0.00799776008318318,-0.3985795442995899,4.0,0.6335878322802613,0.08276472678628112,5.591788582154355,-0.020000000000000018,0.03527377408373389,0.017851042337028257,0.012707752850109822,-0.0028538561606702914,-1.6453750802372549,0.40092521202971204,-0.010000000000000009,0.04105745103726456,-0.9273011690822194,1.0
2017-05-19,1.51,-0.0014197067638264116,0.0008547218268963874,0.010461892590162,0.02,0.6093746626799801,56.0,0.017500792534729248,0.018748777208413614,-0.05031446540880502,0.0008080341683018855,0.00047747318730313217,6.681432366008003,0.0035661683196148144,0.01205537505629169,-0.3985795442995899,4.0,0.5790494591355535,0.09664921845819277,5.6216828664001985,0.040000000000000036,0.0540314519592604,0.01878944181202638,0.012707752850109822,0.023799282457315697,-1.5145741227451155,0.400864450522058,-0.008859999999999979,0.04131758532520963,-0.5010977540016569,1.0
2017-05-26,1.51,0.0008381261433572096,0.0008547218268963874,0.0059764866414541,0.02,0.6003830567016816,56.0,0.017500792534729248,0.018748777208413614,-0.05031446540880502,0.0008080341683018855,0.00047747318730313217,6.604427419425726,0.0035661683196148144,0.011300766581584477,-0.3985795442995899,4.0,0.4919318555924217,0.08531454406242689,5.648148697618335,0.019999999999999907,0.009527617850400683,0.019187412216661256,0.012707752850109822,-0.002592937800690906,-1.4425179950727165,0.40084939980913503,-0.009060000000000068,0.042907708264769806,-0.3785351691291961,1.0
2017-06-02,1.45,-0.002446513550437346,0.0009071110148610728,0.0031063445001211,0.034999999999999996,0.5905322292075573,57.0,0.014803308546539107,0.01633487955256463,0.08153477218225413,0.0012568110408464062,0.00770688327896038,6.389534712806139,0.0007864867700799853,0.010858450645652067,2.103811742403558,9.0,0.2506255504978603,0.10992692377865068,5.69919022588031,0.040000000000000036,-0.01974494252493897,0.019238197469969995,0.045782403800446056,-0.003520774377728089,-1.358187290862734,0.3980665943968472,-0.007189999999999919,0.042426406870758576,0.88895481800905,1.0
2017-06-09,1.49,0.0005670512929172311,0.0009071110148610728,0.0006889286483009,0.034999999999999996,0.5802513317627235,57.0,0.014803308546539107,0.01633487955256463,0.08153477218225413,0.0012568110408464062,0.00770688327896038,6.136899743481167,0.0007864867700799853,0.011573316650605583,-0.5155576588939076,9.0,0.18896715224397487,0.1251285053740824,5.747417283429545,0.030000000000000027,-0.0660280799657571,0.017004627464013874,0.045782403800446056,-0.0070233063938622,-1.2856685021133047,0.3940153257464996,-0.005800000000000027,0.04301162633478725,1.7814336807775641,1.0
2017-06-16,1.43,0.0030983028802833434,0.0009071110148610728,-0.0072051722192953,0.034999999999999996,0.5695170740312848,57.0,0.014803308546539107,0.01633487955256463,0.08153477218225413,0.0012568110408464062,0.00770688327896038,5.841627802643377,0.0007864867700799853,0.01191807391132623,-0.5155576588939076,9.0,0.1578345593150996,0.14061091199276735,5.792900163794702,0.020000000000000018,-0.06752809284454853,0.017295377233932586,0.045782403800446056,0.0010280968852273004,-1.2226271748514972,0.38889694920906165,-0.0044199999999999795,0.025495097567248923,1.7398824883568866,1.0
2017-06-23,1.36,-0.00044948147664936045,0.0009071110148610728,-0.0099558450505602,0.034999999999999996,0.5583033069354618,57.0,0.014803308546539107,0.01633487955256463,0.08153477218225413,0.0012568110408464062,0.00770688327896038,5.496852246093695,0.0007864867700799853,0.01192716178538692,-0.5155576588939076,9.0,0.10030051310151311,0.12760849725405454,5.835703030848446,-0.06000000000000005,-0.09718726128114252,0.016460477117010326,0.045782403800446056,0.0054155353963080965,-1.1524493796630921,0.3821118482265312,-0.0030600000000000627,0.026726124190562025,1.6009871673345515,1.0
2017-06-30,1.43,-0.0024383936819006857,0.0,-0.0116459520141586,0.034999999999999996,0.5408721480408129,60.0,0.01361526153746695,0.017982113469754202,0.12003311258278138,0.0,0.007646365810976927,5.139440256861326,0.0007283551207838296,0.012193722539504992,-0.35355339059327673,1.0,0.016069667712983904,0.10432606851328298,5.795243017247818,0.06000000000000005,-0.060216384198167994,0.01176159917390567,0.04243811393710654,-0.009796551283999796,-1.1413532304101326,0.372448382851139,-0.0032799999999999496,0.03654742515797799,1.1679221501431447,1.0
2017-07-07,1.39,0.0008793849100237061,-0.0006899226388520363,0.0108882018502335,-0.010000000000000009,0.5217534794011164,60.0,0.011187969195710634,0.01727978456372492,0.039735099337748325,0.0009493696026947607,0.008995284245646183,4.739360554076795,0.0011931079796673105,0.010945570251154398,-1.9720465336743576,10.0,0.022491953266896125,0.07892129895396531,5.752139086670148,0.020000000000000018,-0.025985472564211576,0.015286009812044409,0.05244815981732945,0.004467167041117798,-1.1654760391012937,0.35923330457962477,-0.003110000000000057,0.0445413130856338,0.9855419434053765,1.0
2017-07-14,1.44,-0.0001275946483670909,-0.0006899226388520363,-0.0042480650497102,-0.010000000000000009,0.5012970237679647,60.0,0.011187969195710634,0.01727978456372492,0.039735099337748325,0.0009493696026947607,0.008995284245646183,4.284677530277182,0.0011931079796673105,0.007067721049977531,0.03505431438832582,10.0,0.0812772038103371,0.07667184247545628,5.706331325341214,-0.010000000000000009,0.012840046633116664,0.01394818222014508,0.05244815981732945,-5.274473805320923e-05,-1.2508646620691644,0.3522499862177268,-0.003229999999999955,0.03964124835815036,0.7378296229427102,1.0
2017-07-21,1.36,0.0022837879043642317,-0.0006899226388520363,-0.011232185224122,-0.010000000000000009,0.47933153332597245,60.0,0.011187969195710634,0.01727978456372492,0.039735099337748325,0.0009493696026947607,0.008995284245646183,3.7556111865601833,0.0011931079796673105,0.009460091587748179,0.03505431438832582,10.0,0.06949948925021499,0.08790213714293674,5.657754059295558,0.11999999999999988,0.03575473817959618,0.01590349961940952,0.05244815981732945,1.3153667138207648e-05,-1.26704467953209,0.3429136095138033,-0.0021999999999999797,0.03654742515798294,1.0971177563355714,0.0
2017-07-28,1.31,-0.0025953209171608593,-0.0006899226388520363,0.0187070825661499,-0.010000000000000009,0.4556388171273343,60.0,0.011187969195710634,0.01727978456372492,-0.07169253510716922,0.0009493696026947607,0.005954583420518136,3.1144823004795814,0.0008466500751846265,0.012684602626979145,0.35355339059327595,10.0,0.022600854957771865,0.08652002245563847,5.606335298134901,-0.07999999999999985,0.19495194489963064,0.016264644096922756,0.025347138867367038,-0.0009578029346587053,-1.0500844000394636,0.3288629343094711,0.00036999999999998145,0.025071326820405745,1.9553574616418536,0.0
2017-08-04,1.33,0.00034980977693699344,0.0029944522971085963,0.0083661368027129,-0.04,0.43948860029805886,65.0,0.008523014668689877,0.019389742120581754,-0.02512934220251295,0.002182669603349341,0.014933075044911124,2.92495890832422,0.0015823547681179885,0.012570637592570212,-2.0993531660518285,-12.0,0.0007214484083108985,0.08683934263098343,5.599773751085716,0.0,0.18612446736832156,0.016347028766808217,0.03294542703988358,-0.006435581317557101,-0.4378327839997814,0.31851749349949265,0.0030799999999999716,0.025035688811173084,2.0462739006649513,1.0
2017-08-11,1.29,0.0005008007887443711,0.0029944522971085963,0.0074458537031794,-0.04,0.4220365875471845,65.0,0.008523014668689877,0.019389742120581754,-0.02512934220251295,0.002182669603349341,0.014933075044911124,2.7132155206579283,0.0015823547681179885,0.012993151731160191,0.5161032915958271,-12.0,0.1535189789857898,0.08328093590807062,5.581799501163731,-0.050000000000000044,0.09732519336930356,0.01771413994322961,0.03294542703988358,0.0006934303185642116,0.8469921524857601,0.3037662036595117,0.005260000000000042,0.029730936268350563,1.811454724941861,1.0
2017-08-18,1.34,-0.0013899943232201784,0.0029944522971085963,-0.0140020827643577,-0.04,0.4031137382709408,65.0,0.008523014668689877,0.019389742120581754,-0.02512934220251295,0.002182669603349341,0.014933075044911124,2.4735524127178232,0.0015823547681179885,0.012973418117436993,0.5161032915958271,-12.0,0.1195819518619623,0.08399617338228588,5.552301711780674,-0.010000000000000009,-0.00020614460296997095,0.017797976704735704,0.03294542703988358,0.0127338801162038,1.8031506993980682,0.2908262401517869,0.00539999999999996,0.030589447292790728,1.3429445633780261,1.0
2017-08-25,1.31,0.0002164525929608807,0.0029944522971085963,0.0073072724721673,-0.04,0.38250182228957774,65.0,0.008523014668689877,0.019389742120581754,-0.02512934220251295,0.002182669603349341,0.014933075044911124,2.196850893018114,0.0015823547681179885,0.012597357104394025,0.5161032915958271,-12.0,0.007314492535904105,0.08339878382127133,5.511095348993825,0.010000000000000009,0.004827866187720797,0.016677314899455852,0.03294542703988358,0.0020306743216751966,1.7498299804454376,0.27859970906019704,0.004029999999999978,0.02850438562684858,0.7637228838283979,1.0
2017-09-01,1.28,-0.0025711064270491635,0.005294905893230117,-5.0659564078496034e-05,-0.0050000000000000044,0.37695364731695175,61.0,0.010630336308315114,0.022329638650032235,0.013535031847133672,0.0010968776605224662,0.015067464360309245,2.2436234429704975,0.0015577918250894742,0.012556098519538645,0.9118514230760184,-4.0,0.09957015487899445,0.062321172737992835,5.526673289335891,-0.010000000000000009,0.06413146662667724,0.012181233407163396,0.023000020475610006,0.0016450883050425913,1.4547510051915433,0.26450956353342575,0.0021499999999999853,0.019820624178394624,0.08936931239355969,1.0
2017-09-08,1.32,0.00025020438598866157,0.005294905893230117,-0.0149269122246585,-0.0050000000000000044,0.3707212938804007,61.0,0.010630336308315114,0.022329638650032235,0.013535031847133672,0.0010968776605224662,0.015067464360309245,2.288768563761345,0.0015577918250894742,0.013961939599732767,0.24926357390015447,-4.0,0.033249973490103724,0.06347102826157637,5.532401473442463,0.020000000000000018,0.034873549190761244,0.01224237501822908,0.023000020475610006,0.0030052933238624013,1.1333391109642246,0.2535089343373889,0.0003300000000000525,0.03195979617257389,-0.7391429538825777,1.0
2017-09-15,1.34,0.003974425358719946,0.005294905893230117,-0.0117688313938448,-0.0050000000000000044,0.363769598217422,61.0,0.010630336308315114,0.022329638650032235,0.013535031847133672,0.0010968776605224662,0.015067464360309245,2.332380757938255,0.0015577918250894742,0.013268871691459065,0.24926357390015447,-4.0,0.02578018194864007,0.05866064633620885,5.528310519007594,0.010000000000000009,0.15942367662004497,0.015407310549668003,0.023000020475610006,0.005740961061283509,0.6156657154494973,0.24178470098209073,-0.0028599999999999737,0.03700868623859537,-1.7932418777279904,1.0
2017-09-22,1.42,-0.002817604503873028,0.005294905893230117,0.0040108133092673,-0.0050000000000000044,0.3560564292050789,61.0,0.010630336308315114,0.022329638650032235,0.013535031847133672,0.0010968776605224662,0.015067464360309245,2.3745444907312567,0.0015577918250894742,0.010951347530891175,0.24926357390015447,-4.0,0.0013537011923672182,0.060474315681561815,5.514378572488818,-0.020000000000000018,0.13893885721171184,0.017913167689672636,0.023000020475610006,-0.0117401844167513,-0.19775307317176058,0.22472398018463546,-0.004390000000000005,0.057430081714014716,-1.6448131523844702,1.0
2017-09-29,1.45,-0.0006537961896354583,0.0,0.0033168097904353,-0.0050000000000000044,0.3475310897018836,61.0,0.010630336308315114,0.022329638650032235,-0.03487490523123582,0.0,0.006209098801741241,2.438473671408913,0.0003649285943481274,0.010857540246211446,-0.35355339059328594,-4.0,0.03475570340169831,0.07329003050510244,5.5307654547844365,0.030000000000000027,0.07110274401191785,0.018015151800382302,0.012330140991122627,-0.020910029711074002,-1.4631338894043322,0.20435566251624282,-0.00548000000000004,0.07131419413888496,-1.3854732762533843,1.0
2017-10-06,1.5,0.0010685283283444758,-0.0006320421037276924,-0.0175741107391858,0.05,0.342466179627369,55.0,0.022919955326540453,0.020411287019761692,0.028051554207733087,0.0028242330269132587,0.022559314714037618,2.550414747568716,0.004318141772437871,0.01047690509146847,2.4662010842524835,-3.0,-0.10335112873236507,0.08843884085309313,5.560309680276172,0.010000000000000009,-0.010439679651213729,0.016105621077064626,0.027651882357222456,-0.0068820839122926,-1.9393120332730642,0.18947772944277685,-0.006859999999999977,0.08847921466952612,-1.2861685601034458,1.0
2017-10-13,1.53,-0.00022576339189428474,-0.0006320421037276924,0.0196088510647588,0.05,0.3371416982751832,55.0,0.022919955326540453,0.020411287019761692,0.028051554207733087,0.0028242330269132587,0.022559314714037618,2.6524299454246134,0.004318141772437871,0.010643824514427946,-0.38646186490130613,-3.0,-0.0867580147288245,0.08847921466978316,5.5815292778896515,0.020000000000000018,0.02184711662670158,0.018364499255998156,0.027651882357222456,-0.0010093080865935036,-1.7969398400366245,0.17639809974259646,-0.007079999999999975,0.09238892945412465,-1.0797963449157744,1.0
2017-10-20,1.56,0.0023115139541844965,-0.0006320421037276924,0.0330808127640208,0.05,0.3315451400508028,55.0,0.022919955326540453,0.020411287019761692,0.028051554207733087,0.0028242330269132587,0.022559314714037618,2.7456258919346843,0.004318141772437871,0.010433563728289472,-0.38646186490130613,-3.0,-0.0260608312292806,0.09315885051127164,5.594518972524476,0.020000000000000018,0.012192778076435484,0.01958354398344013,0.027651882357222456,-0.007080088140933596,-1.634634813084358,0.15810183918469473,-0.006840000000000068,0.10736286934620849,-0.8456894136372697,1.0
2017-10-27,1.6,-0.001925398956490132,-0.0006320421037276924,0.0100542627339328,0.05,0.3256624782115078,55.0,0.022919955326540453,0.020411287019761692,0.06520031421838168,0.0028242330269132587,0.020819127101181202,2.8308737438901685,0.004355142452019924,0.011180796468433594,-0.35355339059327384,-3.0,-0.11368757598872303,0.0988505365257996,5.599336041225221,-0.010000000000000009,0.10677619469149247,0.01652633466977898,0.023051792159655735,0.0008156215029112013,-1.4729525628610634,0.14531016911733036,-0.00537999999999994,0.10934055580077708,-0.22173641159173865,1.0
2017-11-03,1.52,-0.001172352126160292,2.4324685907517463e-05,0.0068784032011885,-0.0049999999999999975,0.3212367823963037,57.0,0.029662701539719283,0.02202582938683184,0.0204241948153967,0.0011438669012251435,0.02321730676592323,2.8887047936083667,0.004316274302573342,0.006996466665503478,0.12826995418621315,1.0,0.07842429012310292,0.06497252166445697,5.574228297812922,0.07999999999999985,0.2625368680495601,0.014260853439553975,0.02915715793504662,0.0005680863680295953,-1.3452157961565914,0.12431956583543179,-0.004210000000000047,0.08175529690114788,0.7807741866426281,1.0
2017-11-10,1.7,0.0005980851848352842,2.4324685907517463e-05,-0.0062884761925721,-0.0049999999999999975,0.3164394127690478,57.0,0.029662701539719283,0.02202582938683184,0.0204241948153967,0.0011438669012251435,0.02321730676592323,2.932313342475885,0.004316274302573342,0.007292116570792162,-0.4260238757564883,1.0,0.22074471747035718,0.061411957886378384,5.539213016724044,0.050000000000000044,0.27048817448114426,0.013981131024732548,0.02915715793504662,-5.079732988350072e-05,-1.1897180209511264,0.12192693086691843,-0.0021599999999999397,0.07605214376594048,1.8628630508889277,1.0
2017-11-17,1.74,-0.002301868409295249,2.4324685907517463e-05,0.0013161053375113,-0.0049999999999999975,0.31125318389171475,57.0,0.029662701539719283,0.02202582938683184,0.0204241948153967,0.0011438669012251435,0.02321730676592323,2.962327567198665,0.004316274302573342,0.008021364870011679,-0.4260238757564883,1.0,0.08934222803215519,0.08871100753093003,5.494100771562526,0.06000000000000005,0.23768879266289034,0.014386328104159372,0.02915715793504662,0.006582562356390501,-1.0477850525835164,0.1219388368802419,-0.0011200000000000099,0.08531454406218533,1.6818543497654417,1.0
2017-11-24,1.74,0.0005228976804338981,2.4324685907517463e-05,0.0160075478683187,-0.0049999999999999975,0.3056583026054741,57.0,0.029662701539719283,0.02202582938683184,0.0204241948153967,0.0011438669012251435,0.02321730676592323,2.979158373666151,0.004316274302573342,0.009054316646479486,-0.4260238757564883,1.0,-0.08816858055858423,0.10343217239198027,5.438640312288995,0.0,0.27985234488340693,0.014207100894038021,0.02915715793504662,0.002106516810058502,-0.9553933017090719,0.12189863009130833,-0.0009100000000000774,0.08531454406218793,1.3010096741763335,1.0
2017-12-01,1.76,-0.002701424409884967,-0.0005878322772623346,0.0035158875225006,-0.03,0.30558422647061506,57.0,0.02467143465957866,0.021090824745684245,-0.0331858407079646,0.0020802471081413643,0.011232075200326937,2.979158373666151,0.0010130648484455182,0.008537860480379538,1.3935667332948816,-9.0,-0.10913852972484928,0.0973854638610853,5.236200711239545,-0.020000000000000018,0.12925697108610068,0.014084986255935388,0.015665491444230996,0.010669935929493994,-0.9388053405650744,0.1216668732824869,-0.0010899999999999244,0.0920791584916988,0.9589572986479409,1.0
2017-12-08,1.83,-0.00032532839242715994,-0.0005878322772623346,-0.0118649138884487,-0.03,0.3055086666883291,57.0,0.02467143465957866,0.021090824745684245,-0.0331858407079646,0.0020802471081413643,0.011232075200326937,2.979158373666151,0.0010130648484455182,0.010308176305003091,-0.5364566587304879,-9.0,-0.2600106683720448,0.09942692937893904,5.0165262328574105,0.010000000000000009,0.11378641961847702,0.013602616294523409,0.015665491444230996,-0.001599645824345991,-1.031946855865803,0.12036708559301318,-0.0012800000000000589,0.08227783940473452,0.6935795184143553,1.0
2017-12-15,1.75,0.003510813702855886,-0.0005878322772623346,-0.0088501507765235,-0.03,0.3054316221575114,57.0,0.02467143465957866,0.021090824745684245,-0.0331858407079646,0.0020802471081413643,0.011232075200326937,2.979158373666151,0.0010130648484455182,0.009907147857431731,-0.5364566587304879,-9.0,-0.23513908704742714,0.09227288721122867,4.77723990565034,0.030000000000000027,0.10404619561502404,0.013108875995168719,0.015665491444230996,0.001873311878193104,-1.4391557657822411,0.11442079861368143,-0.0026999999999999247,0.08683934263074686,-0.2080045867840072,1.0
2017-12-22,1.84,-0.0011804005007269858,-0.0005878322772623346,0.0074191037383823,-0.03,0.30535309175429814,57.0,0.02467143465957866,0.021090824745684245,-0.0331858407079646,0.0020802471081413643,0.011232075200326937,2.979158373666151,0.0010130648484455182,0.008125580366159107,-0.5364566587304879,-9.0,-0.2717094215250312,0.05153015760569417,4.515224789748573,0.020000000000000018,0.10279141297407168,0.014498337649375194,0.015665491444230996,0.0009435213320204971,-1.8283890600484207,0.112173777058032,-0.0038000000000000256,0.09006941767308888,-1.2669476119702578,1.0
2017-12-29,1.84,0.0002720647918930119,0.0,0.0014670869146616,-0.03,0.3052730743319835,57.0,0.02467143465957866,0.021090824745684245,0.009237875288683695,0.0,0.009332373761852787,2.789265136196364,0.0006912813266539161,0.009600531802951876,-0.353553390593277,-1.0,-0.20703542244520146,0.05529143565827804,4.2262556480189994,0.05999999999999983,0.12472071474302338,0.016617123779593772,0.0032660821301923144,-0.0011189216635296012,-1.793669709864243,0.1113259925689236,-0.0036399999999999766,0.08140507179688167,-1.3193275840419822,1.0
2018-01-05,1.84,-0.001115387036154547,0.0054477454527752656,0.0084455664671022,0.0050000000000000044,0.3007965841558576,61.0,0.027352874765469437,0.020705076202751638,0.01385681293302543,0.0033812474444061547,0.00925585410915011,2.575924031369156,0.0006922581345589498,0.009725852741715574,-0.37672350976474117,-9.0,-0.14916286049741012,0.043404246007035754,3.9043522916734106,0.0,0.13798845557757256,0.016788802024547893,0.0034315547907127547,0.001166485973573092,-1.6761636733063223,0.11234843989010072,-0.0036200000000000676,0.08172252705675247,-1.0411139051142881,1.0
2018-01-12,1.85,0.0005274862176223305,0.0054477454527752656,-0.0016855210107596,0.0050000000000000044,0.29601753313614065,61.0,0.027352874765469437,0.020705076202751638,0.01385681293302543,0.0033812474444061547,0.00925585410915011,2.332710539595292,0.0006922581345589498,0.009538653178712123,-0.3496732249831323,-9.0,-0.06405377841855053,0.04580626906576166,3.540543029989722,0.040000000000000036,0.22780226013351368,0.01605717581448022,0.0034315547907127547,-0.001402197114340198,-1.2674926590257554,0.11607504593852604,-9.99999999995449e-06,0.08668497974999102,1.4301052504473868,0.0
2018-01-19,1.92,-0.001555758781591421,0.0054477454527752656,0.035470085541789,0.0050000000000000044,0.2909210108682826,61.0,0.027352874765469437,0.020705076202751638,0.01385681293302543,0.0033812474444061547,0.00925585410915011,2.049014772631477,0.0006922581345589498,0.009641433849150803,-0.3496732249831323,-9.0,-0.005930104066286912,0.059761430466808076,3.1202037099446978,0.010000000000000009,0.208889758592675,0.015624355941467001,0.0034315547907127547,0.0003947242942105994,-0.4241640456806348,0.12204933725350589,0.0043999999999999595,0.09664921845800194,2.131530535652329,0.0
2018-01-26,1.96,0.0004892834093050968,0.0054477454527752656,-0.0017132404012705,0.0050000000000000044,0.2854900155201293,61.0,0.027352874765469437,0.020705076202751638,0.004576659038901587,0.0033812474444061547,0.0007373376237595688,1.7047445105218322,6.620562897488054e-06,0.013302267317438929,0.3535533906284192,-9.0,0.03361842551634209,0.07989949043291224,2.616227350695458,-0.030000000000000027,0.24393458091707143,0.015351215107974313,0.0016180933207937725,0.00735168044611921,1.183030469248715,0.12839947561966358,0.008859999999999979,0.11080871548999724,1.9810135758062677,0.0
2018-02-02,1.91,-0.004974200220340008,0.004534689974865724,0.0290000487607197,0.034999999999999996,0.2712342212047545,54.0,0.033994953469032696,0.022117954212386604,0.0076277650648359785,0.001986645977335888,0.014900786444588912,2.7310184068332424,0.0008581755335008926,0.00999245360923843,2.4748015881769567,12.0,-0.07084557956147963,0.11593563485219593,3.012480324813706,0.07000000000000006,0.21586466137706672,0.011524652570689752,0.0018096589925236128,0.03226388132175699,2.0900755786575234,0.14466310266629656,0.013680000000000025,0.11331845140374858,1.8042105700673468,0.0
2018-02-09,1.87,0.0003439517109899981,0.004534689974865724,0.025986887504263,0.034999999999999996,0.2557785620473891,54.0,0.033994953469032696,0.022117954212386604,0.0076277650648359785,0.001986645977335888,0.014900786444588912,3.41151894886456,0.0008581755335008926,0.011354866212266022,-0.3504258763227258,12.0,-0.14831899180842778,0.11407234546554262,3.3568551683706604,0.07000000000000006,0.09914593561221707,0.014367914601941178,0.0018096589925236128,0.10471705998456089,2.044033778334959,0.15935330753221164,0.017610000000000015,0.09632534156982822,1.5951903209409555,1.0
2018-02-16,1.85,0.0031935793627544395,0.004534689974865724,-0.0108219720842873,0.034999999999999996,0.2388902658400397,54.0,0.033994953469032696,0.022117954212386604,0.0076277650648359785,0.001986645977335888,0.014900786444588912,3.9301595191740284,0.0008581755335008926,0.011362137134395087,-0.3504258763227258,12.0,-0.09738885395710051,0.1156271717943187,3.6640090464692285,0.07000000000000006,0.15505615248501803,0.016523283388267064,0.0018096589925236128,0.007816371918913101,1.8080759985891277,0.17456258628628799,0.015710000000000002,0.10636863125122392,1.0569901676932076,1.0
2018-02-23,1.9,-0.005231954177614906,0.004534689974865724,-0.0035310705650159,0.034999999999999996,0.22024000926905624,54.0,0.033994953469032696,0.022117954212386604,0.0076277650648359785,0.001986645977335888,0.014900786444588912,4.345289226454186,0.0008581755335008926,0.012576055006897976,-0.3504258763227258,12.0,-0.000761360254635024,0.08892211680539731,3.94265072266924,0.019999999999999796,0.17706977702144866,0.01724670956886167,0.0018096589925236128,0.005239622294552798,1.6244762766846992,0.18859516763411371,0.014900000000000024,0.1026784161488229,0.7537589558833829,0.0
2018-03-02,1.92,-0.00413880489430285,0.002261125904149175,-0.0050414098769186,-0.015,0.21965206849916394,53.0,0.03224806264183644,0.023597114039729084,0.051632498101746416,0.0021899722733866867,0.015141534190274723,4.6990997501158445,0.001819295013492494,0.0126460007674519,2.1892852048129736,1.0,-0.04669259781550561,0.06875162335752878,4.235301973346033,0.010000000000000009,0.14850924239671426,0.017048676813265756,0.01700884112025336,0.007378395388643821,1.4998984714872596,0.1997641897924049,0.014410000000000034,0.09723866074165835,0.5186715736948355,0.0
2018-03-09,1.9,0.0006136476046689765,0.002261125904149175,-0.0093099170830705,-0.015,0.21906179780447702,53.0,0.03224806264183644,0.023597114039729084,0.051632498101746416,0.0021899722733866867,0.015141534190274723,4.997383931002945,0.001819295013492494,0.01402586091269062,-0.5031381226022332,1.0,-0.09175525063833245,0.050071377623873786,4.498868636059936,0.020000000000000018,0.27943903419326466,0.016607877955771618,0.01700884112025336,0.007359119716956297,1.40915646267969,0.21068837832262668,0.013189999999999924,0.08692155741144887,0.0814465981745889,0.0
2018-03-16,1.89,0.002538842978214495,0.002261125904149175,0.0051771938914307,-0.015,0.21846917829968246,53.0,0.03224806264183644,0.023597114039729084,0.051632498101746416,0.0021899722733866867,0.015141534190274723,5.249615370525902,0.001819295013492494,0.013835620134592806,-0.5031381226022332,1.0,-0.08819538483735456,0.08105333341172745,4.738206761871968,0.1100000000000001,0.2779828149369721,0.016818497633179913,0.01700884112025336,-0.0043699612763486995,1.3245942840192266,0.21980271903266985,0.01053000000000004,0.08614771367484846,-1.099802452108979,0.0
2018-03-23,1.73,-0.0013695590319423578,0.002261125904149175,0.0163837288590179,-0.015,0.2178741908184355,53.0,0.03224806264183644,0.023597114039729084,0.051632498101746416,0.0021899722733866867,0.015141534190274723,5.462177644070619,0.001819295013492494,0.009144158990963411,-0.5031381226022332,1.0,-0.15767226885741004,0.09754120008640259,4.956827185469064,-0.040000000000000036,0.3733582567637117,0.019374604897717085,0.01700884112025336,-0.05701218146392231,1.2421039827627185,0.22765999296808181,0.007500000000000007,0.08442029207637856,-1.885723085605042,1.0
2018-03-30,1.77,-0.002050339655668365,0.0,-0.0066630054684989,-0.015,0.21727681590744646,53.0,0.03224806264183644,0.023597114039729084,0.04844814534443609,0.0,0.006028493119443876,5.639558084160104,0.0017318149337918328,0.009158774405244749,-0.3535533905932743,1.0,-0.14326019089928643,0.10162079371022369,5.151988589402945,-0.010000000000000009,0.28339929643711814,0.02011467154501529,0.01712900605448118,0.014483835011925905,1.0812694358373163,0.23247463735558677,0.0015999999999999903,0.0805228450280051,-1.9757271487727872,1.0
2018-04-06,1.7,-0.0013874602192341934,0.003975091563348965,0.0169177095873753,-0.015,0.2237299167618846,51.0,0.03309758614070435,0.02462743943334811,0.043149129447388246,0.001400860807504456,0.011581887289108079,5.633416779840171,0.004030933241744909,0.009122351360283028,2.2399780969241005,-4.0,-0.1717264510468739,0.10034761012178187,5.175210665264074,0.0,0.18797854860850816,0.019333895501007763,0.01747401090431708,0.02368539833461411,0.7909189337894416,0.2378124284625564,-0.0036599999999999966,0.0287538817251105,-1.8402957691205724,1.0
2018-04-13,1.74,-0.0005517425031417167,0.003975091563348965,-0.0158703944943958,-0.015,0.22988856317536843,51.0,0.03309758614070435,0.02462743943334811,0.043149129447388246,0.001400860807504456,0.011581887289108079,5.624807689020285,0.004030933241744909,0.005978224532701109,-0.4935941158104148,-4.0,-0.15246362047958717,0.09315885051127369,5.1957169970198445,0.030000000000000027,0.26720569768574554,0.016055257660063358,0.01747401090431708,-0.008742700710420714,0.1341120126338106,0.2430068679240503,-0.010079999999999978,0.039618718519395295,-1.7484859452241568,1.0
2018-04-20,1.79,0.0005061952458251806,0.003975091563348965,-0.0062398496664316,-0.015,0.2357758304079217,51.0,0.03309758614070435,0.02462743943334811,0.043149129447388246,0.001400860807504456,0.011581887289108079,5.613719458063995,0.004030933241744909,0.006143810900287154,-0.4935941158104148,-4.0,-0.11673653025397923,0.08087689057191738,5.213539630146858,0.050000000000000044,0.37807333182908276,0.014621722093402074,0.01747401090431708,0.001956403873465906,-1.1726483390664868,0.2525397389693533,-0.014270000000000005,0.07111359122642762,-1.536900383527595,1.0
2018-04-27,1.81,-0.0029679178951289575,0.003975091563348965,-0.0112229855720367,-0.015,0.24141157352415576,51.0,0.03309758614070435,0.02462743943334811,-0.005054151624548697,0.001400860807504456,0.009065471553673633,5.600137360952731,0.0038957507529951024,0.006806572905513524,-0.35355339059327384,-4.0,-0.15415143800753106,0.07126409634999903,5.228706007783933,0.010000000000000009,0.38049860016932224,0.01523556172557273,0.0017869124434323758,-0.0017905151712576117,-1.8586219235785364,0.26168290195675137,-0.013520000000000088,0.09023778112760845,-1.1377902065641339,1.0
2018-05-04,1.75,-0.003832023062115053,0.004158916925434797,-0.0034844446077656,-0.0050000000000000044,0.259955456212897,52.0,0.022584201444366236,0.028010117148075553,-0.033935018050541554,0.0020067801893777215,0.009108419152407678,5.592439951880106,0.005371828393187838,0.006804116660973509,-1.7231791716245208,0.0,-0.1699326580670999,0.04832922806878757,5.229679484567949,0.020000000000000018,0.5084378922403348,0.015360824368649759,0.010162600251644087,-0.011900630522620581,-1.72968275262677,0.2702442892408755,-0.011989999999999945,0.10267841614884117,-0.7917705145218279,1.0
2018-05-11,1.75,0.0004770290319684456,0.004158916925434797,0.0205553252876558,-0.0050000000000000044,0.27609288253730685,52.0,0.022584201444366236,0.028010117148075553,-0.033935018050541554,0.0020067801893777215,0.009108419152407678,5.580322571321494,0.005371828393187838,0.007280628500351673,-0.046864179231626,0.0,-0.18049066181139484,0.0495695759226712,5.224810286884615,0.07999999999999985,0.4778427408599766,0.015137797711218464,0.010162600251644087,-0.037623264151386115,-1.5020848568215235,0.27847732928575947,-0.009160000000000057,0.11494563932563034,-0.31453707039428314,1.0
2018-05-18,1.75,-0.00472625554499817,0.004158916925434797,0.0248929971275781,-0.0050000000000000044,0.2902255494440833,52.0,0.022584201444366236,0.028010117148075553,-0.033935018050541554,0.0020067801893777215,0.009108419152407678,5.563756340403912,0.005371828393187838,0.006244823347255963,-0.046864179231626,0.0,-0.12561429761638543,0.055404357745157694,5.214082046123653,-0.010000000000000009,0.4162526561903599,0.011969213285426914,0.010162600251644087,-0.0416780831780304,-1.2726668722916132,0.2877249267689514,-0.00484999999999991,0.11473572117812349,0.6164775407793132,1.0
2018-05-25,1.73,-7.10068611532444e-05,0.004158916925434797,-0.024724804216853,-0.0050000000000000044,0.30263444698503533,52.0,0.022584201444366236,0.028010117148075553,-0.033935018050541554,0.0020067801893777215,0.009108419152407678,5.542701368605256,0.005371828393187838,0.007601679455095154,-0.046864179231626,0.0,-0.09178002600501223,0.0516685867539785,5.197458480895452,-0.010000000000000009,0.3630521745651456,0.011576841604454153,0.010162600251644087,-0.010990606630378,-1.0048250896584823,0.2919272699151206,0.00036999999999998145,0.09448166866786639,1.6870830281630593,1.0
2018-06-01,1.72,-0.002255319610052431,0.001593875701543901,0.0183706986387153,-0.015,0.3102647370363313,59.0,0.028410387544831828,0.0287154783531669,-0.02394775036284469,0.000987769546364925,0.0030506230504227087,5.4576692686671615,0.004492211841691527,0.00819884627943459,1.7638950142249494,3.0,-0.0123375053006195,0.06562882641913872,5.174044749019405,0.020000000000000018,0.3808224458516687,0.01110208609710524,0.010685037737726355,0.010463529813487513,-0.6376594136748227,0.2923093544051147,0.0048599999999999755,0.05604526232029405,1.76700284645557,1.0
2018-06-08,1.68,-0.001924428292515823,0.001593875701543901,0.0280084349825789,-0.015,0.3158874066165072,59.0,0.028410387544831828,0.0287154783531669,-0.02394775036284469,0.000987769546364925,0.0030506230504227087,5.370145392674358,0.004492211841691527,0.008330978042261562,0.03437970424493494,3.0,-0.04902926217335124,0.07171371656013766,5.150231730497825,0.010000000000000009,0.43443149110292434,0.01013884478862953,0.010685037737726355,-0.012714278892782302,-0.11637603333618801,0.2944101524374713,0.005789999999999962,0.03207134902916962,1.3645406971409098,1.0
2018-06-15,1.56,0.001323164453713721,0.001593875701543901,0.0114190109238814,-0.015,0.3196084296979264,59.0,0.028410387544831828,0.0287154783531669,-0.02394775036284469,0.000987769546364925,0.0030506230504227087,5.28000582750262,0.004492211841691527,0.008134579581193832,0.03437970424493494,3.0,-0.004939040756546054,0.07010196655084962,5.126013860647088,0.010000000000000009,0.45417959583821155,0.011259119102843024,0.010685037737726355,-0.006794509199832002,0.8732394411674999,0.2946319635865262,0.006820000000000048,0.03181980515307342,1.1520349146336626,1.0
2018-06-22,1.59,-0.0020832822724933253,0.001593875701543901,-0.0171430349190487,-0.015,0.321493842979052,59.0,0.028410387544831828,0.0287154783531669,-0.02394775036284469,0.000987769546364925,0.0030506230504227087,5.187114211790013,0.004492211841691527,0.007123311027467526,0.03437970424493494,3.0,0.005462626482322097,0.06631903411333075,5.101385373603295,-0.010000000000000009,0.5945130087745136,0.010961217154488855,0.010685037737726355,-0.009227635884988997,1.6509745543296037,0.2931162855639029,0.005820000000000047,0.03464101615108444,0.8208378682996501,1.0
2018-06-29,1.63,-0.0024108551271856404,0.0,0.006489272678133,-0.015,0.3215759348541139,59.0,0.028410387544831828,0.0287154783531669,0.0052316890881913825,0.0,0.0007215375318218405,5.091319913493803,0.0027468797367640125,0.00536448969113405,-0.353553390593274,3.0,-0.036573330443506635,0.06907552802143127,4.977930176148606,0.0,0.6105560393434146,0.01129564075212009,0.0018496814156605463,0.01186230501879229,1.4947848060751592,0.29356053949218414,0.0031599999999999406,0.03440826312687525,0.269272466696723,1.0
2018-07-06,1.63,-0.0036527773487390336,6.746326228523891e-05,0.0146331020131296,-0.020000000000000004,0.32628348181641803,65.0,0.032543243815604805,0.029495150866471143,-0.002989536621823663,0.0011655056934953834,0.0013819926387671426,5.038314736557797,0.002724549916878715,0.005377558662464131,0.16201104552846657,5.0,-0.0020949866584663024,0.08652002245564544,4.860458549893445,0.040000000000000036,0.6685508436708065,0.010998223920554986,0.003648326681561266,0.004187266076218207,1.054935023049855,0.29436308010028633,-0.0012100000000000444,0.033806170188840294,-0.9237590649897981,1.0
2018-07-13,1.62,0.00033498346295979253,6.746326228523891e-05,-0.0267456163525413,-0.020000000000000004,0.32921943467014003,65.0,0.032543243815604805,0.029495150866471143,-0.002989536621823663,0.0011655056934953834,0.0013819926387671426,4.9844373187567985,0.002724549916878715,0.007239381643923499,-0.430517049316293,5.0,-0.07651004166244635,0.06777062153225731,4.738087388021606,0.010000000000000009,0.5257842874803016,0.009413085337064397,0.003648326681561266,-0.007786398181645199,0.39146565971915503,0.294164460829511,-0.005429999999999935,0.041057451037467704,-1.861933372359941,1.0
2018-07-20,1.62,9.647648758481786e-05,6.746326228523891e-05,-0.0192139389797797,-0.020000000000000004,0.3304310198091922,65.0,0.032543243815604805,0.029495150866471143,-0.002989536621823663,0.0011655056934953834,0.0013819926387671426,4.929659061389391,0.002724549916878715,0.0076176013672158175,-0.430517049316293,5.0,-0.07171719093466733,0.06034129124059932,4.610426572726459,0.010000000000000009,0.5394362765954699,0.007176320165238105,0.003648326681561266,-0.006636175497526903,-0.7306431233017547,0.2927738949164158,-0.008009999999999962,0.04407785320132054,-1.6721861177119917,1.0
2018-07-27,1.68,-0.003246796369199001,6.746326228523891e-05,-0.0123910472624907,-0.020000000000000004,0.32993723428720995,65.0,0.032543243815604805,0.029495150866471143,-0.008178438661710086,0.0011655056934953834,0.0010801020079216276,4.873949590976982,0.0005707668256442815,0.007368478257775969,-0.3535533905932799,5.0,-0.040462413687772036,0.0595219047315234,4.477023628835433,0.010000000000000009,0.3818145988029631,0.007196459438270641,0.002891514718607136,0.006035581045605393,-1.7572405581269193,0.29367355235785714,-0.009150000000000102,0.05424810727424112,-1.3507334116079144,1.0
2018-08-03,1.65,-0.005149519096912525,0.0005555423283571947,-0.0146269870144963,0.065,0.3278737297971009,68.0,0.04353587280888749,0.026991801041874375,-0.05353159851301115,0.0007450552776688824,0.006079756252280896,4.7749345545253385,0.0022749202342060093,0.007395003079957044,2.3973546357581546,-15.0,0.028478730423612486,0.052847489466090865,4.46166848512863,0.009999999999999787,0.3814036977479591,0.006070367763833051,0.01601174339987606,0.0004289010073992988,-1.8405176231526226,0.29310547934344305,-0.00918999999999992,0.051391355581966475,-1.0467917573913372,1.0
2018-08-10,1.64,0.0005585511788672726,0.0005555423283571947,0.009410393244593,0.065,0.32512759801219454,68.0,0.04353587280888749,0.026991801041874375,-0.05353159851301115,0.0007450552776688824,0.006079756252280896,4.647083452595265,0.0022749202342060093,0.0064318521203819215,-0.44385624947155383,-15.0,-0.013074097823869035,0.055917669070672665,4.445921071946434,0.040000000000000036,0.3852928651408398,0.0048501965478491985,0.01601174339987606,-0.013358070859488494,-1.6737359985096472,0.28826279226734197,-0.009099999999999997,0.05055054048017635,-0.825366991830259,1.0
2018-08-17,1.61,-0.006835555409426375,0.0005555423283571947,0.0039009818538664,0.065,0.3216813570343233,68.0,0.04353587280888749,0.026991801041874375,-0.05353159851301115,0.0007450552776688824,0.006079756252280896,4.487932537543161,0.0022749202342060093,0.0059867706977653964,-0.44385624947155383,-15.0,0.018320156853553815,0.05470701182543963,4.429777205855026,0.0,0.3586890526205697,0.009195241333376094,0.01601174339987606,0.0018149457456003992,-1.4816885225734986,0.2827213024192941,-0.007029999999999981,0.049569575922371586,-0.2858440658928142,1.0
2018-08-24,1.57,-2.506547764868916e-05,0.0005555423283571947,0.0011403528899575,0.065,0.3175122109681077,68.0,0.04353587280888749,0.026991801041874375,-0.05353159851301115,0.0007450552776688824,0.006079756252280896,4.294002973736941,0.0022749202342060093,0.007494734597256954,-0.44385624947155383,-15.0,0.008644569748853304,0.07395703385854951,4.41323253611186,0.040000000000000036,0.4355546846467715,0.015084325358536693,0.01601174339987606,-0.008742749549950801,-1.3461796466556535,0.2751157715995909,-0.005810000000000093,0.04015594601028744,0.38712265731029294,1.0
2018-08-31,1.63,-0.0023420255967506742,0.0,-0.0178814160443418,0.065,0.31882846774725077,62.0,0.042459872899953455,0.021582617221526768,-0.045727136431784055,0.0,0.006139333646665489,4.08091241683111,0.0022852022864246263,0.00855944306532923,-0.3535533905932741,-3.0,-0.050162881829886596,0.08348438690650313,4.41323253611186,0.020000000000000018,0.47599919011292435,0.014827985258373495,0.01616698412757854,0.0031978251176476985,-1.2302980282938578,0.26678664344791436,-0.004029999999999978,0.024494897427449938,1.6185836995851797,1.0
2018-09-07,1.63,-0.0024693558579292896,0.0011620251758901468,0.0068813411201923,0.08,0.3183674952633086,62.0,0.04313826088176409,0.022769721941990007,-0.014992503748125885,0.0018496186373311296,0.01637910941151691,3.815958393580655,0.0022638162788092995,0.0060005709246724204,-0.1053657529572771,-3.0,-0.03944639372937697,0.08502100580787855,4.41323253611186,0.03000000000000025,0.4269166102188413,0.014610863829793411,0.02106262307668781,-0.0031096651620838023,-1.1106619446440436,0.254227306516461,-0.0021700000000000053,0.03703280399065279,1.770002386685193,1.0
2018-09-14,1.72,0.0005503153620676215,0.0011620251758901468,-0.0287731905256931,0.08,0.31790355715439944,62.0,0.04313826088176409,0.022769721941990007,-0.014992503748125885,0.0018496186373311296,0.01637910941151691,3.4873397399075805,0.0022638162788092995,0.00580934045264219,-0.3928258845757518,-3.0,-0.08498676437833974,0.08149276917974603,4.41323253611186,0.020000000000000018,0.3828422270553107,0.0146611216424713,0.02106262307668781,-0.0063137087885623,-0.9566614744711041,0.24739205333706837,-0.00029999999999996696,0.060178306485065516,1.624214456211062,0.0
2018-09-21,1.71,-0.0006537931401354724,0.0011620251758901468,0.0215911961304099,0.08,0.31743664041761604,62.0,0.04313826088176409,0.022769721941990007,-0.014992503748125885,0.0018496186373311296,0.01637910941151691,3.0747107431181844,0.0022638162788092995,0.005800557263043468,-0.3928258845757518,-3.0,0.006083097936289583,0.06840008354222535,4.41323253611186,0.020000000000000018,0.39715750083865364,0.01470873935076813,0.02106262307668781,0.005100447582271905,-0.6170173844035841,0.24376663419289646,0.002650000000000041,0.08106434833766799,1.658147484349234,0.0
2018-09-28,1.68,-0.0036002346925269046,0.0011620251758901468,0.0075564888765197,0.08,0.3169667318897045,62.0,0.04313826088176409,0.022769721941990007,0.03220738413197166,0.0018496186373311296,0.014333245564592059,2.537412370597609,0.0002300773174507351,0.00963984389299297,-0.35355339059331053,-3.0,0.0003325332660126801,0.052847489466096284,4.41323253611186,0.009999999999999787,0.4176505244009219,0.014624117951005822,0.01138702986199869,-0.0131541578967641,0.11111476144979536,0.241101356805443,0.0044199999999999795,0.0911435288823372,1.4997301992551801,0.0
2018-10-05,1.78,-0.004341854306878612,0.001766763455725906,-0.0166662131368669,0.08,0.31243948582203945,61.0,0.02930867401734427,0.025224699286070296,-0.0007855459544383603,0.00212487614565271,0.015975206194144016,2.471063302741168,0.0004801890893945552,0.011704892266637885,-2.178888465212615,5.0,0.09779950387615499,0.0850210058078786,4.419337392236959,0.040000000000000036,0.5082165744994342,0.015075559858237539,0.017150475173571673,0.007517473686515001,1.557839431103528,0.2445070763950841,0.006769999999999943,0.10329396331405818,1.5008457045731023,0.0
2018-10-12,1.71,0.0005274625458475679,0.001766763455725906,0.004929997029009,0.08,0.3075617457358751,61.0,0.02930867401734427,0.025224699286070296,-0.0007855459544383603,0.00212487614565271,0.015975206194144016,2.3926168486858974,0.0004801890893945552,0.011704898457167564,0.11766839095909089,5.0,0.053666671117146736,0.08559664546170942,4.425348619853384,0.04999999999999982,0.3865888295433877,0.0108519847550063,0.017150475173571673,0.0673425704377494,2.0583161396080967,0.24080957911531806,0.010000000000000009,0.09775150711288691,1.560490115476635,1.0
2018-10-19,1.76,-0.0003495410239061636,0.001766763455725906,0.0106718205803932,0.08,0.30231654692212256,61.0,0.02930867401734427,0.025224699286070296,-0.0007855459544383603,0.00212487614565271,0.015975206194144016,2.3008359684789372,0.0004801890893945552,0.010717856966822863,0.11766839095909089,5.0,0.11492282762639117,0.07376361859740335,4.43126659999596,0.03000000000000025,0.3429182262925501,0.006985916725408885,0.017150475173571673,0.021211369816366094,1.9086309762137679,0.24155042193064558,0.011210000000000053,0.09587938851933385,1.3717520974109587,1.0
2018-10-26,1.76,-0.0005690410078348362,0.001766763455725906,-0.0080331376186863,0.08,0.29668440068394386,61.0,0.02930867401734427,0.025224699286070296,-0.0007855459544383603,0.00212487614565271,0.015975206194144016,2.194047892331983,0.0004801890893945552,0.008975876133030317,0.11766839095909089,5.0,0.15734005618257396,0.07376361859740335,4.437091705771733,0.020000000000000018,0.2539887648322008,0.006478550739634207,0.017150475173571673,0.0358717158969345,1.7923274000314153,0.2389712112766633,0.013449999999999962,0.06379375249291644,1.3762369575779454,1.0
2018-11-02,1.74,-0.007989082378201173,-0.0033493485181009808,-0.0052394229090573,0.05500000000000001,0.29715677454813394,71.0,0.027666629800210174,0.021766010321524032,0.019786910197869156,0.002016090098371448,0.006136435345133148,2.033564509767243,0.0005118051067974705,0.00875056526719923,1.6257250660225413,-8.0,0.10053617814214566,0.06984677106769595,4.467200728973305,0.0,0.13479511290928126,0.005775299999391356,0.02336597962105068,0.011412981882552103,1.7063457817885845,0.2365988898765806,0.015120000000000022,0.05208166663985537,1.3265962067263606,1.0
2018-11-09,1.78,0.0005326433046011214,-0.0033493485181009808,-0.0310478042894263,0.05500000000000001,0.2976275434429572,71.0,0.027666629800210174,0.021766010321524032,0.019786910197869156,0.002016090098371448,0.006136435345133148,1.8182832139559901,0.0005118051067974705,0.008411280860686845,0.07556647494840069,-8.0,0.1574852264705613,0.06984677106769595,4.496353474776445,0.029999999999999805,0.060803610260580454,0.010252634043116179,0.02336597962105068,0.014110181303644609,1.6330211775396777,0.23437885240681589,0.01590999999999998,0.053702221289383366,1.2109169423645603,0.0
2018-11-16,1.75,0.0009551089152513015,-0.0033493485181009808,-0.0368732169158925,0.05500000000000001,0.29809671497235196,71.0,0.027666629800210174,0.021766010321524032,0.019786910197869156,0.002016090098371448,0.006136435345133148,1.5251733823254763,0.0005118051067974705,0.007914708161338022,0.07556647494840069,-8.0,0.37939941764893415,0.0874132222754844,4.524568427708001,0.0,-0.001591514656094084,0.010924216098357897,0.02336597962105068,0.008687503878850311,1.616021703895413,0.22640378243280235,0.019240000000000035,0.053702221289383366,1.4705394235163873,0.0
2018-11-23,1.71,-0.009574296677289262,-0.0033493485181009808,-0.0193548922744872,0.05500000000000001,0.2985642966667402,71.0,0.027666629800210174,0.021766010321524032,0.019786910197869156,0.002016090098371448,0.006136435345133148,1.0933364602833426,0.0005118051067974705,0.006819213965701086,0.07556647494840069,-8.0,0.5314611245067944,0.11463451237992603,4.551863026670854,0.050000000000000266,-0.1446989395012317,0.010667572209648951,0.02336597962105068,-0.016744258292267805,1.5999174603358928,0.21619943240019407,0.021069999999999978,0.053702221289383366,1.4649479753038277,0.0
2018-11-30,1.72,-0.002198627538175235,0.0,0.0196507371394114,0.05500000000000001,0.2971376756401007,88.0,0.025661217136256687,0.02236699063782832,0.053459119496855445,0.0,0.003944307602967315,1.0933364602833426,0.00028050186491152944,0.0037972416387437313,-0.3535533905932985,-11.0,0.5066971005388758,0.1058890929227947,4.520774903876752,-0.040000000000000036,-0.1273132321362226,0.010527567180608832,0.018900652956244293,-0.0004042169131357187,1.5508514172971497,0.2054743803137982,0.020100000000000007,0.05804862493744394,1.0529261865624913,0.0
2018-12-07,1.71,-0.0027155329166229647,-0.0031939628151310684,-0.0151651768002827,-0.04,0.30302474618148,88.0,0.025912536810940523,0.019101588486313714,0.03537735849056611,0.0024051896592260924,0.0052194147917952235,1.0933364602833426,0.0002815020479596412,0.004772111457364083,0.40934157319960135,-11.0,0.6190475453251167,0.14937369246293847,4.489135535737219,0.029999999999999805,-0.08281031989987087,0.012038690014994724,0.020659903071439376,0.014739367239488904,1.4902464988328121,0.19318244488981062,0.018969999999999987,0.0755928946017458,0.5958477670610929,0.0
2018-12-14,1.77,0.0005555495731324189,-0.0031939628151310684,-0.007341340740187,-0.04,0.30875128052155026,88.0,0.025912536810940523,0.019101588486313714,0.03537735849056611,0.0024051896592260924,0.0052194147917952235,1.0933364602833426,0.0002815020479596412,0.004837496114337089,-0.4611027476222802,-11.0,0.4651607655025476,0.15720209922266556,4.456933182544206,0.020000000000000018,-0.1064572173707069,0.012533882284095436,0.020659903071439376,-0.014205161354677587,1.3754742122426327,0.1777346132868072,0.013299999999999979,0.07670677004941062,-1.2529568245965004,1.0
2018-12-21,1.82,-0.0009881824145601126,-0.0031939628151310684,-0.0207621296818641,-0.04,0.3143260529463658,88.0,0.025912536810940523,0.019101588486313714,0.03537735849056611,0.0024051896592260924,0.0052194147917952235,1.0933364602833426,0.0002815020479596412,0.005190320030167234,-0.4611027476222802,-11.0,0.43082111196027184,0.18000000000003621,4.424155550820594,-0.029999999999999805,-0.2202839199455099,0.013216947201258494,0.020659903071439376,-0.00015069577208470797,1.2034563226674544,0.16847320324369455,0.005950000000000011,0.10126873724324502,-2.078006602495989,1.0
2018-12-28,1.86,-0.002114941357998945,-0.0031939628151310684,0.0013554211890562,-0.04,0.31975700118962846,88.0,0.025912536810940523,0.019101588486313714,-0.01716417910447765,0.0024051896592260924,0.002900950897175253,1.0933364602833426,8.663184453373799e-05,0.004958677439706941,-0.3535533905935322,-11.0,0.11852350033667647,0.17512750457068768,4.390789757070799,0.009999999999999787,-0.2497516847931085,0.014614673401139202,0.006068453719138498,0.05849886137782051,0.9210897370982662,0.15510068252424536,-0.003390000000000004,0.12772738826997612,-2.0236708533340124,1.0
2019-01-04,1.95,-0.004234431141544537,0.0019065966652469513,-0.0289033730210995,-0.06,0.33932369684177416,92.0,0.01911642232351851,0.015512351381991252,-0.06417910447761199,0.00270319114983697,0.026109182554030254,1.25084586764944,0.0023626086626248916,0.004894294229637965,-2.47324337675222,-11.0,0.08908759472766548,0.16664226011776437,4.414215005824423,0.020000000000000018,-0.21940103912008135,0.010839612423780334,0.017132939478495136,0.024080720505016473,0.3930735531676097,0.1462568403475406,-0.012949999999999962,0.12649110640666672,-1.834511128797297,1.0
2019-01-11,1.92,-0.000447223003870012,0.0019065966652469513,-0.0120290990993179,-0.06,0.3575377620636192,92.0,0.01911642232351851,0.015512351381991252,-0.06417910447761199,0.00270319114983697,0.026109182554030254,1.3861956793825176,0.0023626086626248916,0.004803919628725361,0.3385044225726123,-11.0,-0.03156252158340034,0.1502795015011783,4.437431621634322,0.010000000000000231,-0.197667220776632,0.010786943387489914,0.017132939478495136,-0.0055954973557855725,-0.6868808985928887,0.14004887640689972,-0.01988000000000001,0.12464234547575101,-1.593355910645727,1.0
2019-01-18,2.0,-0.0016070254548000706,0.0019065966652469513,-0.0088861781577727,-0.06,0.3745965563096688,92.0,0.01911642232351851,0.015512351381991252,-0.06417910447761199,0.00270319114983697,0.026109182554030254,1.5053749852293103,0.0023626086626248916,0.00709023635952902,0.3385044225726123,-11.0,0.0932496625085768,0.12460652356237212,4.460442862306604,-0.020000000000000018,-0.15101782951126186,0.011304101663367582,0.017132939478495136,-0.021990636808925823,-1.7986707507261632,0.13575663613033165,-0.02348,0.10848798485143255,-1.3451324795284045,1.0
2019-01-25,1.93,-0.0007387574060924162,0.0019065966652469513,0.0243334141740056,-0.06,0.3906514524882421,92.0,0.01911642232351851,0.015512351381991252,-0.06417910447761199,0.00270319114983697,0.026109182554030254,1.6119744223969064,0.0023626086626248916,0.0071030124139214055,0.3385044225726123,-11.0,-0.09329532966248089,0.07764387566695731,4.48325189023667,-0.020000000000000018,-0.18823708614802326,0.01114077471171571,0.017132939478495136,-0.004696694681744773,-1.8642382814485863,0.13270875583905284,-0.024349999999999983,0.08526220063500743,-1.0939499760171245,1.0
2019-02-01,1.93,-0.001822067025578078,0.004227053140096748,0.0183379351294128,-0.125,0.4088557684796796,73.0,0.011096417703535089,0.01520135265933309,-0.023538344722854987,0.0016106394238510902,0.0287618195691297,2.2191474454428852,0.0028199230308618155,0.006586125695000429,-1.4009992283201682,8.0,-0.039353475151899686,0.07209864274540041,4.392635754165915,0.009999999999999787,-0.15569135373325116,0.010132810647229285,0.020273868057271088,-0.0100902348993831,-1.687697591620059,0.1357410808328512,-0.023890000000000078,0.07689278249602496,-0.8693391711257028,1.0
2019-02-08,1.83,-0.003299272862837044,0.004227053140096748,0.0166344654702071,-0.125,0.42586000269024,73.0,0.011096417703535089,0.01520135265933309,-0.023538344722854987,0.0016106394238510902,0.0287618195691297,2.6720778431775334,0.0028199230308618155,0.006631973842446078,0.5366797797579483,8.0,-0.0003870611054612727,0.06902380541741011,4.299321213392422,0.03000000000000025,-0.10945945031630733,0.009135150268365862,0.020273868057271088,-0.08562433235421521,-1.5192313370920183,0.14098447225786095,-0.02057999999999993,0.06334429729644539,-0.4716016060122428,1.0
2019-02-15,2.0,0.0005168452817068125,0.004227053140096748,0.0192628261492067,-0.125,0.4418027441606026,73.0,0.011096417703535089,0.01520135265933309,-0.023538344722854987,0.0016106394238510902,0.0287618195691297,3.0404959109684206,0.0028199230308618155,0.0064238522587807285,0.5366797797579483,8.0,0.02619230256602889,0.06424006315610695,4.203128548207713,0.0,-0.09873541054565882,0.008888540176457599,0.020273868057271088,-0.020592954085675907,-1.3918401032224028,0.1451876353968418,-0.017360000000000042,0.05451081150935866,0.12301509948809385,1.0
2019-02-22,2.04,-0.011669803950967506,0.004227053140096748,0.005719129282342,-0.125,0.4567951488234441,73.0,0.011096417703535089,0.01520135265933309,-0.023538344722854987,0.0016106394238510902,0.0287618195691297,3.3523814726939776,0.0028199230308618155,0.0061770055835149865,0.5366797797579483,8.0,0.035047621954054975,0.07191264542097968,4.103855377480367,0.029999999999999805,-0.09897719891488521,0.0068424682469340956,0.020273868057271088,-0.031705796489411395,-1.2883866504342973,0.14952816691138485,-0.013419999999999987,0.05781744669939452,1.336210145958478,1.0
2019-03-01,2.03,-0.0017154683504879698,0.005641358356806014,-0.0108470736552039,-0.20500000000000002,0.46189099206449263,66.0,0.006545559146318158,0.018625227405691724,0.032695374800638,0.001458730559831034,0.018769220407503586,3.625550356099842,0.0019552278232967575,0.00627467826005098,0.5173030220831561,-2.0,0.060853446528638555,0.0726906360643756,4.0012724220519695,-0.020000000000000018,-0.08897960429288898,0.012519673166404097,0.009007903674906248,-0.0028165995120165016,-1.190699029776998,0.15075126097249084,-0.009059999999999957,0.056804803619641075,1.8217384225745046,1.0
2019-03-08,1.96,-0.0013727202051029286,0.005641358356806014,-0.0115627986286181,-0.22,0.46673155706639335,66.0,0.006545559146318158,0.018625227405691724,0.032695374800638,0.001458730559831034,0.018769220407503586,3.8600518131237966,0.0019552278232967575,0.006398870377616908,0.3253300383713075,-2.0,0.048682244335573666,0.0849264387574035,3.8951181883681008,0.020000000000000018,-0.09622825810128177,0.012494792478737367,0.009007903674906248,-0.008296033165647101,-1.0925149642553742,0.1557664841573979,-0.005330000000000057,0.06390562237713256,1.6343953550234998,1.0
2019-03-15,2.05,0.0006109645076231018,0.005641358356806014,0.0186850654577874,-0.22,0.47132470911520086,66.0,0.006545559146318158,0.018625227405691724,0.032695374800638,0.001458730559831034,0.018769220407503586,4.062587277169032,0.0019552278232967575,0.005577763100898185,0.3253300383713075,-2.0,0.03980659002088727,0.08236460751708678,3.7850922151146618,-0.009999999999999787,-0.06127686373875696,0.012311159569012924,0.009007903674906248,-0.007719011153885402,-1.0208788806227975,0.16138633934733582,-0.003929999999999989,0.058064004093830196,1.338678830503827,1.0
2019-03-22,2.01,-0.002218524262134869,0.005641358356806014,0.0010228443886517,-0.22,0.47567761533737046,66.0,0.006545559146318158,0.018625227405691724,0.032695374800638,0.001458730559831034,0.018769220407503586,4.237742504973828,0.0019552278232967575,0.006459477637482775,0.3253300383713075,-2.0,0.06252409720705199,0.10569497893203827,3.670846376814276,0.009999999999999787,-0.10382508535298629,0.011815520568238503,0.009007903674906248,0.016147849096523212,-1.0040667218482036,0.1729161646579928,-0.003920000000000035,0.07482121547858955,1.055913909893704,1.0
2019-03-29,1.92,-0.0017995088256936853,0.0,0.0021006443230225,-0.22,0.479796814592569,66.0,0.006545559146318158,0.018625227405691724,0.006998444790046632,0.0,0.017338439197537903,4.388796926441093,0.00013270659010112005,0.006496471140042623,-0.35355339059338636,-2.0,-0.025978813809573786,0.11211441859617553,3.551973513006908,-0.06000000000000005,-0.07391442672163029,0.011519760157131754,0.0024743238844013196,-0.0018081350623905118,-1.0006377142399487,0.18403994500514348,-0.00270999999999999,0.09691675367466634,1.0010347708154346,1.0
2019-04-05,2.01,-0.005083404181951856,0.0052950016128905375,-0.0104599660281366,-0.175,0.4812072262185792,64.0,-0.010247462328067725,0.019964397755302565,0.027993779160186527,0.001643938264383582,0.018454557882198845,4.5181684512473055,0.002090952618738916,0.006286073540733315,-2.4699861544049218,-9.0,-0.013698608371661258,0.11475906437906577,3.62245385694558,0.040000000000000036,0.016435714392404988,0.011519664329838725,0.00743292507939583,-0.0008663038495813902,-1.1273490830175226,0.19084830867237776,-0.0040399999999999325,0.10071175275426286,0.6421225475284583,1.0
2019-04-12,2.01,0.0003239733411866119,0.0052950016128905375,0.0006007440474708,-0.175,0.48244359696797734,64.0,-0.010247462328067725,0.019964397755302565,0.027993779160186527,0.001643938264383582,0.018454557882198845,4.62767594105129,0.002090952618738916,0.005811405549957607,0.32721060492483733,-9.0,-0.027422234786780075,0.10833150181609257,3.6906694140738803,0.0,-0.05193648956372632,0.011354977438998116,0.00743292507939583,0.0013821561870313998,-1.2573909251738906,0.19562253183701242,-0.0032400000000000206,0.09227288721105528,0.6692017853498207,1.0
2019-04-19,2.1,-0.0012591496002828384,0.0052950016128905375,-0.0106510576740366,-0.175,0.4835072619562605,64.0,-0.010247462328067725,0.019964397755302565,0.027993779160186527,0.001643938264383582,0.018454557882198845,4.718702559618924,0.002090952618738916,0.006876404300529322,0.32721060492483733,-9.0,-0.09090911464886708,0.10566118357420347,3.7567435595132426,-0.020000000000000018,-0.06405377931188838,0.011070998764861914,0.00743292507939583,-0.007501064133721008,-1.2683206327278154,0.1994822672879047,-0.0019700000000000273,0.08730079364706145,1.059312364095191,1.0
2019-04-26,2.09,-0.0009039054871946561,0.0052950016128905375,0.0085821003651043,-0.175,0.4843993588890247,64.0,-0.010247462328067725,0.019964397755302565,0.020849420849420763,0.001643938264383582,0.004311626714551904,4.7923015187020725,0.002067865152995026,0.006821233224121769,0.35355339059327423,-9.0,-0.07398048736166385,0.0668553876449672,3.820787391309712,0.0,-0.07048457187388357,0.009109549099580236,0.007371383433218971,-0.006277387085437902,-0.977803179557371,0.20479176783990335,0.0009599999999999609,0.06770471602042465,2.1030571485917813,0.0
2019-05-03,2.09,-0.0098216188131528,0.0021287585893843275,0.0327072886252661,-0.18,0.4830467774967889,62.0,-0.00010156011968476264,0.017902284687663972,0.04015444015444025,0.0008397042714227698,0.011613094312576086,4.716582856916032,0.0021641320392528926,0.006427538113042122,0.804314938697427,1.0,-0.05311695139409356,0.06135377506153734,3.804815556343882,0.010000000000000231,-0.11158924925095814,0.009155819154759277,0.00921726388385869,0.0013537188571531023,-0.33087571016334444,0.20881001273365363,0.0033600000000000296,0.05705573715968183,1.960725349752874,0.0
2019-05-10,2.13,0.0006491518220856918,0.0021287585893843275,0.0115077482555057,-0.18,0.48088994560196446,62.0,-0.00010156011968476264,0.017902284687663972,0.04015444015444025,0.0008397042714227698,0.011613094312576086,4.627675941051293,0.0021641320392528926,0.006731490293055332,0.2711850746660391,1.0,-0.06664292110511683,0.05806400409414297,3.7886768664256087,0.0,-0.12786417950552453,0.00928402114529027,0.00921726388385869,-0.005592043396272395,1.177210374283417,0.21435256265360955,0.006750000000000034,0.05175491695045679,1.8690092407699332,1.0
2019-05-17,2.14,-0.007056905372158195,0.0021287585893843275,0.0212826104177802,-0.18,0.47791797464123725,62.0,-0.00010156011968476264,0.017902284687663972,0.04015444015444025,0.0008397042714227698,0.011613094312576086,4.524803438144747,0.0021641320392528926,0.005565418099350368,0.2711850746660391,1.0,-0.07586928363797796,0.05391792704805076,3.772369180073414,-0.040000000000000036,-0.11952862799765207,0.008785921332386884,0.00921726388385869,0.027424490604403592,1.9758032901858966,0.2205966815879896,0.00814999999999999,0.06770471602041923,1.5358904533215976,1.0
2019-05-24,2.04,-0.001116243254089766,0.0021287585893843275,-0.0176882918417331,-0.18,0.4741155358795977,62.0,-0.00010156011968476264,0.017902284687663972,0.04015444015444025,0.0008397042714227698,0.011613094312576086,4.406987458745354,0.0021641320392528926,0.006729914038604366,0.2711850746660391,1.0,-0.11602580956252417,0.061817704352755395,3.7558902959929457,-0.040000000000000036,-0.13626983735384535,0.008257191164720163,0.00921726388385869,0.006813465147646608,1.8868974870648998,0.2307234180268096,0.008020000000000027,0.08552359741184039,1.1420409712485746,1.0
2019-05-31,2.06,-0.002329012145004361,0.0,-0.0102397153561258,-0.18,0.4675086233750996,63.0,-0.007810228880404613,0.016282456773906828,0.018910741301058964,0.0,0.010184665572645654,4.37211443301579,0.0004079169690243863,0.006601595043759823,-0.35355339059328583,8.0,-0.17150571077716426,0.11624327937569669,3.7462902716414286,0.0,-0.18705360910602642,0.010537754804560165,0.006685956705621838,0.00608532828754961,1.699573294382302,0.24840152626424933,0.007919999999999927,0.14501231474791212,0.8918395176145371,1.0
2019-06-07,2.06,-0.0009863832889690505,0.00019914718148150712,-0.015693966496875,-0.155,0.46245440944362715,63.0,-0.0073693288629623765,0.016484846560762545,-0.01739788199697423,0.001990717611749071,0.01275719135802047,4.336606259064133,0.0004156546028884868,0.008663934463943429,0.5884787345883273,8.0,-0.19134954728108355,0.13373748272541527,3.7365646703146287,-0.07000000000000028,-0.17873435605598587,0.013829488367851637,0.015083053758864028,0.02093257996659939,1.4741563326530502,0.2661781913730462,0.005350000000000077,0.18569848833903746,0.1422585947065255,1.0
2019-06-14,2.08,0.0006003672376220237,0.00019914718148150712,-0.0183461645804265,-0.155,0.45610934149298493,63.0,-0.0073693288629623765,0.016484846560762545,-0.01739788199697423,0.001990717611749071,0.01275719135802047,4.300447203936647,0.0004156546028884868,0.008376258758118826,-0.4806075954303317,8.0,-0.21012573621201802,0.12174328963620631,3.7267125088580095,-0.07999999999999963,-0.1928988581002924,0.011784662458948379,0.015083053758864028,-0.0009552909685291988,1.2319792224221342,0.28189752424952386,0.0021599999999999397,0.19874157664084366,-1.1127895795401972,1.0
2019-06-21,2.07,-0.0015426154331673603,0.00019914718148150712,-0.0277988708762317,-0.155,0.4484186265979725,63.0,-0.0073693288629623765,0.016484846560762545,-0.01739788199697423,0.001990717611749071,0.01275719135802047,4.2636207076218575,0.0004156546028884868,0.010047895351552018,-0.4806075954303317,8.0,-0.2577249038128758,0.11044552632737564,3.7167327808306423,-0.0900000000000003,-0.16258386159491056,0.01722400515596243,0.015083053758864028,-0.0068954400151109985,0.9991143141954227,0.2971028408468151,0.000160000000000049,0.21692658402583115,-1.6714946945626037,1.0
2019-06-28,2.06,-0.004474226954310323,0.00019914718148150712,0.0013760225984265,-0.155,0.43931159859762026,63.0,-0.0073693288629623765,0.016484846560762545,-0.03563474387527843,0.001990717611749071,0.00636396103067878,4.226109321823132,0.00015710875138675884,0.009965153862705864,-0.3535533905933542,8.0,-0.2106702913248334,0.089721792224726,3.7066244558506902,0.010000000000000231,-0.21146324993268328,0.01615787822472293,0.012598784520027686,-0.02123273004515111,0.6781829069578841,0.3142414074271758,-0.0022800000000000598,0.20464254549956978,-1.69114587967356,1.0
2019-07-05,2.08,-0.003558832314166094,0.0016709416224534035,0.0116677904154469,-0.16,0.4231809864019728,66.0,-0.013774541767684445,0.018114648063935146,0.02375649591685236,0.002059077639787077,0.0065059802706619735,3.9426660249906735,0.0017437045990205083,0.012602659667440527,-2.465013456432164,10.0,-0.15395383171936416,0.08131727983655783,3.680848072650532,0.10999999999999988,-0.22073176228461688,0.017783916660165423,0.026668514561651615,-0.0031123376216603965,0.1197903861029174,0.32822250849536355,-0.003950000000000009,0.1698686467327873,-1.4659652810435055,0.0
2019-07-12,2.07,0.000482534607434415,0.0016709416224534035,-0.0036351408605335,-0.16,0.40520719753803586,66.0,-0.013774541767684445,0.018114648063935146,0.02375649591685236,0.002059077639787077,0.0065059802706619735,3.616415564956815,0.0017437045990205083,0.012711773541600347,0.31573865770249254,10.0,-0.10864826113417758,0.07763237542612476,3.6523097508064084,-0.08999999999999986,-0.15209129315386227,0.016049840367004773,0.026668514561651615,-0.012952832766966904,-0.5459420203823488,0.33801540166794003,-0.0019399999999999418,0.12900027685451718,-0.8220873546138614,0.0
2019-07-19,2.02,-0.0018159714267590443,0.0016709416224534035,0.0067988863216753,-0.16,0.38513226003003564,66.0,-0.013774541767684445,0.018114648063935146,0.02375649591685236,0.002059077639787077,0.0065059802706619735,3.234430160250619,0.0017437045990205083,0.012524203293389926,0.31573865770249254,10.0,-0.18353284278659698,0.08096516005587956,3.620944186591629,-0.08000000000000007,-0.21047400239926384,0.015890098694839882,0.026668514561651615,-0.0238032969688034,-1.0342097930996461,0.3487795463408577,0.00015999999999993797,0.06254998001574398,-0.19561442318601197,0.0
2019-07-26,2.0,-0.0012273805115923242,0.0016709416224534035,0.0199227986765272,-0.16,0.36260736560333295,66.0,-0.013774541767684445,0.018114648063935146,0.02375649591685236,0.002059077639787077,0.0065059802706619735,2.77377831735821,0.0017437045990205083,0.013402703888426092,0.31573865770249254,10.0,-0.23139621196644977,0.07329003050514793,3.5866772078991964,0.06000000000000005,-0.18183143448161876,0.016934355968822742,0.026668514561651615,0.00043191915159421224,-0.2181555297952757,0.3565048934655598,0.003310000000000035,0.043996753126612595,0.94456893039103,0.0
2019-08-02,2.0,-0.006397899162757015,-5.066823608290694e-05,-0.0067437299844878,-0.265,0.34999210438658307,67.0,-0.013396749291328724,0.017497798894291483,0.14087759815242484,0.002267547857794039,0.03101104867409927,2.7456258919346475,0.003160484431525291,0.012816650371594154,2.0879838086127833,-11.0,-0.25657199200859016,0.07529703086549831,3.6313429449321917,-0.06000000000000005,-0.18732659390466055,0.016026557063485655,0.031736035196524424,0.007088543197043898,1.5447147768156906,0.3714169192477677,0.007739999999999969,0.05501623137088984,1.903635295351251,1.0
2019-08-09,1.98,0.0006459206446398635,-5.066823608290694e-05,0.0131527681775199,-0.265,0.33589445578095917,67.0,-0.013396749291328724,0.017497798894291483,0.14087759815242484,0.002267547857794039,0.03101104867409927,2.7166155414412962,0.003160484431525291,0.0122525498423792,-0.07911219706821508,-11.0,-0.28023099391311856,0.09636241116603161,3.672900227127024,-0.06000000000000005,-0.1941445776526982,0.01769331159014855,0.031736035196524424,0.05226752236574331,2.0978821501048324,0.39075452980629233,0.010870000000000046,0.08071112509595502,1.7539681773453089,1.0
2019-08-16,1.96,0.001183379377148519,-5.066823608290694e-05,-0.0089053828702556,-0.265,0.3201186318602884,67.0,-0.013396749291328724,0.017497798894291483,0.14087759815242484,0.002267547857794039,0.03101104867409927,2.6867194752079953,0.003160484431525291,0.010880136737448524,-0.07911219706821508,-11.0,-0.25322472042873256,0.1161280081880832,3.711453472404902,-0.1299999999999999,-0.16750120037652694,0.013663135669354304,0.031736035196524424,0.03524398117664618,1.9694039765503768,0.41665817487580137,0.01161000000000001,0.13362393925800045,1.363359411799326,1.0
2019-08-23,1.99,-0.005586872539961485,-5.066823608290694e-05,0.0120965546431413,-0.265,0.3024021035841139,67.0,-0.013396749291328724,0.017497798894291483,0.14087759815242484,0.002267547857794039,0.03101104867409927,2.6559077833852855,0.003160484431525291,0.011000113181277311,-0.07911219706821508,-11.0,-0.26225577319094695,0.15729294780310046,3.747095406031021,0.09999999999999987,-0.21172879501309383,0.013665364184071611,0.031736035196524424,0.019499219428744108,1.7402850472892544,0.4415393253916403,0.010310000000000041,0.15692923792032482,0.8964340608215834,1.0
2019-08-30,1.98,-0.0013068194193365246,0.0,-0.0284583180451412,-0.18500000000000003,0.282379827162582,67.0,-0.013396749291328724,0.017497798894291483,0.07469180565627265,0.0,0.030899991454290194,2.624148213450268,0.002421513047888775,0.010694337269445789,-0.3535533905932741,-8.0,-0.2163922590815326,0.19055839000164138,3.770569528616871,0.020000000000000018,-0.21060177557207893,0.012856493078824572,0.026407541139309106,0.007124374136056405,1.56225109117983,0.4641099024027939,0.009489999999999998,0.15881255797762364,0.5819822629376643,1.0
2019-09-06,1.98,0.0004154314982183216,0.0007834485769300237,-0.0126345790652806,-0.12,0.2784756292767332,69.0,-0.01737457300836487,0.017113045131695204,0.06526468455402457,0.0019365082974263093,0.035386171267411615,2.9822552127285387,0.002850016509230111,0.010348457108789087,-1.339246695567625,-5.0,-0.1008645421762121,0.1806140320447071,3.987537145743728,-0.030000000000000027,-0.16575645080791623,0.014545207330710394,0.027025474308862537,0.005016626080997788,1.3900379927181936,0.48094223131711883,0.006959999999999966,0.14817340227862782,-0.14915522646560256,1.0
2019-09-13,2.0,0.002170671975175953,0.0007834485769300237,-0.0239163094209196,-0.12,0.27407603553187476,69.0,-0.01737457300836487,0.017113045131695204,0.06526468455402457,0.0019365082974263093,0.035386171267411615,3.2900783249971073,0.002850016509230111,0.01033702382647528,-0.15198899402139837,-5.0,-0.055294499510108786,0.17083304297309268,4.180324523547203,0.0,-0.20495723767914686,0.015875472288654643,0.027025474308862537,-0.004532605638423892,1.2608984294024264,0.48395379377564535,0.005429999999999935,0.14655569394785836,-0.9658103036232919,1.0
2019-09-20,2.02,0.019901460949000027,0.0007834485769300237,-0.0058841767105604,-0.12,0.269156754037049,69.0,-0.01737457300836487,0.017113045131695204,0.06526468455402457,0.0019365082974263093,0.035386171267411615,3.5606827348785126,0.002850016509230111,0.00956927414734871,-0.15198899402139837,-5.0,-0.14880755071720597,0.1497617154969503,4.352146191316002,-0.050000000000000044,-0.17928791813459033,0.015366622819962194,0.027025474308862537,-0.0338754328719191,1.16539761180192,0.4884972493211244,0.003960000000000075,0.11746580049393465,-1.5879364775840432,1.0
2019-09-27,2.03,0.003386484493568487,0.0007834485769300237,0.0112687349087978,-0.12,0.2636887010733405,69.0,-0.01737457300836487,0.017113045131695204,-0.00877192982456143,0.0019365082974263093,0.013386208552529234,3.8020237526066305,0.0011963200396831746,0.008447988145583006,0.35355339059327506,-5.0,-0.20079783039085586,0.16088483014705443,4.505401484211451,-0.10999999999999988,-0.23672355157116576,0.015218666558390829,0.003101345531520373,-0.0349889551156754,0.9795840704112213,0.4935936494723503,-0.0001100000000000545,0.10902162301892543,-1.833061150325126,1.0
2019-10-04,2.05,0.022841500732946773,0.002286190552229783,0.0133644091628059,-0.105,0.24659981836290187,63.0,-0.024594751580988228,0.017640429444213845,0.027665317139001333,0.002201310195621753,0.014897875953085133,3.8020237526066305,0.0030529420902474518,0.006782513041953737,-2.281158356954525,4.0,-0.25167035243243463,0.16422980415091076,4.511548780428747,-0.09000000000000008,-0.2896152276728847,0.008997312689463542,0.013785644286263993,0.010501763426810917,0.6148049548331282,0.4976073597371649,-0.0037399999999999656,0.12727220547189502,-1.7363571102198978,1.0
2019-10-11,1.99,0.001045153733142623,0.002286190552229783,0.0226291028756242,-0.105,0.2272826770170799,63.0,-0.024594751580988228,0.017640429444213845,0.027665317139001333,0.002201310195621753,0.014897875953085133,3.8020237526066305,0.0030529420902474518,0.0063396299988158844,0.4842143417581074,4.0,-0.2995887449234227,0.2045203447791664,4.513596018653628,-0.030000000000000027,-0.23324917898983988,0.00967350189578515,0.013785644286263993,-0.01672802857919431,-0.37441323418611866,0.4948347073842067,-0.008480000000000043,0.12375090187247918,-1.7358984599114877,1.0
2019-10-18,1.98,0.004181313458001323,0.002286190552229783,-0.0168865963023957,-0.105,0.20510866788131535,63.0,-0.024594751580988228,0.017640429444213845,0.027665317139001333,0.002201310195621753,0.014897875953085133,3.8020237526066305,0.0030529420902474518,0.007538655731872894,0.4842143417581074,4.0,-0.2861538666945237,0.21043746950447267,4.511548780428741,-0.020000000000000018,-0.22193291894861378,0.00886828377254535,0.013785644286263993,-0.006977253602070896,-1.8366933891551172,0.48893996830836955,-0.012419999999999987,0.12011155529028879,-1.6139379034624004,1.0
2019-10-25,1.93,0.000561960493345337,0.002286190552229783,-0.0081065457165013,-0.105,0.17901933281243282,63.0,-0.024594751580988228,0.017640429444213845,0.027665317139001333,0.002201310195621753,0.014897875953085133,3.8020237526066305,0.0030529420902474518,0.006003817370611417,0.4842143417581074,4.0,-0.2778649941484519,0.18390603190609447,4.505401484211438,0.0,-0.1617102690143395,0.009585367818876974,0.013785644286263993,0.0009601792866971021,-1.984448552540103,0.48435788844882294,-0.013809999999999989,0.11426785574740378,-1.3569421122265048,1.0
2019-11-01,1.91,0.012881548113991892,-0.0005362430346691482,-0.0220180934610174,0.015,0.1746260483139881,60.0,-0.02047601522464615,0.020512779818916194,0.044928522804629,0.002181379024040364,0.00934298159879738,3.7949358968945517,0.003684038226169507,0.006822540089617186,1.4786001718410058,-3.0,-0.17356880241996298,0.1515632823986239,4.433648589931601,-0.1399999999999999,-0.10991445508070075,0.009433263935186809,0.012896723709495102,0.0029779260525597956,-1.7563180900394557,0.47519445095057317,-0.011970000000000036,0.11173150214418155,-0.8945495424489959,1.0
2019-11-08,1.9,0.004880811916345484,-0.0005362430346691482,0.0204392465824256,0.015,0.1700845302598577,60.0,-0.02047601522464615,0.020512779818916194,0.044928522804629,0.002181379024040364,0.00934298159879738,3.787428597956109,0.003684038226169507,0.007989267507509595,0.11614983996795479,-3.0,-0.25006723352461313,0.20141907272440457,4.356476082940744,0.030000000000000027,-0.0490114141144562,0.014305112402892582,0.012896723709495102,-0.005625729792554296,-1.5339857930056502,0.46122664177494704,-0.009429999999999938,0.09196272536799532,-0.3796543982065041,1.0
2019-11-15,1.88,0.0020891494198580496,-0.0005362430346691482,-0.0037688379185446,0.015,0.16538256731735673,60.0,-0.02047601522464615,0.020512779818916194,0.044928522804629,0.002181379024040364,0.00934298159879738,3.779499356345464,0.003684038226169507,0.008360291224575125,0.11614983996795479,-3.0,-0.3707865011770801,0.19059587013967944,4.2735903711787095,0.020000000000000018,0.022316722576373405,0.013570448825758927,0.012896723709495102,-0.03146519551056151,-1.3024239865493599,0.4513275206766143,-0.00492999999999999,0.08485281374218727,0.6632246729646237,1.0
2019-11-22,1.77,-0.004356105242198316,-0.0005362430346691482,0.0137471164280392,0.015,0.16050605959293265,60.0,-0.02047601522464615,0.020512779818916194,0.044928522804629,0.002181379024040364,0.00934298159879738,3.771145510523143,0.003684038226169507,0.008679416414835144,0.11614983996795479,-3.0,-0.3813834940629457,0.16915229824041889,4.1846519828048345,0.010000000000000009,0.14577553660732523,0.013542257557462885,0.012896723709495102,-0.027029437864732796,-1.0278199996383766,0.4423405457010249,0.00024999999999997247,0.0837939650058097,1.7029864685610325,1.0
2019-11-29,1.77,0.005614045186786321,0.0,0.0019342057106059,0.015,0.15543858019946816,60.0,-0.02047601522464615,0.020512779818916194,0.007879185817465606,0.0,0.004812768667761636,3.613862199918586,0.0017745972876455323,0.008653092454340426,-0.35355339059327445,-3.0,-0.5054206624955477,0.09941794894003772,4.117614738075863,0.010000000000000009,0.08325147925315513,0.01333746138548846,0.002785712860879855,-0.0014141852644585992,-0.6359125197097915,0.43302066977516074,0.005179999999999962,0.03583194903148931,1.8120780625154875,1.0
2019-12-06,1.68,0.0031634333652037494,-0.0009097695250538385,0.0304256752909384,0.14,0.1693417047247174,58.0,-0.022991807373363926,0.022851297401217163,-0.05252790544977015,0.0017774564297226014,0.009694459461535175,3.613862199918586,0.002059345942024299,0.009309961897334823,-1.2921079518657201,-9.0,-0.47994648969009623,0.09411239481151289,4.094058159967004,-0.06000000000000005,0.12526135860358156,0.012422683215849389,0.021763482381046157,0.0112688958542521,0.09294582268208382,0.426538560142134,0.009120000000000017,0.03522884370140564,1.5927028026269046,1.0
2019-12-13,1.6,0.007328388546512077,-0.0009097695250538385,-0.0154136477872638,0.14,0.1818956792531679,58.0,-0.022991807373363926,0.022851297401217163,-0.05252790544977015,0.0017774564297226014,0.009694459461535175,3.613862199918586,0.002059345942024299,0.008763238022019141,-0.1636040833866037,-9.0,-0.4000522440098032,0.07945124291044868,4.070272614377602,0.040000000000000036,0.17324216405686488,0.01318315800759859,0.021763482381046157,0.0018432484304939933,1.1270629432868402,0.41805928660800734,0.007630000000000026,0.032950178841411194,1.0893800150048656,1.0
2019-12-20,1.55,0.010147989581713146,-0.0009097695250538385,-0.0099797006526856,0.14,0.19336346017311642,58.0,-0.022991807373363926,0.022851297401217163,-0.05252790544977015,0.0017774564297226014,0.009694459461535175,3.613862199918586,0.002059345942024299,0.007931051429698601,-0.1636040833866037,-9.0,-0.3899370864849654,0.07337525857837612,4.046254063414603,0.010000000000000009,0.3257292920469126,0.012731923893746992,0.021763482381046157,-0.0014036044526003905,1.5385397258553148,0.410261109513106,0.0040200000000000236,0.032950178841411194,0.5085455401426988,1.0
2019-12-27,1.52,0.006898390448077496,-0.0009097695250538385,-0.0008895413752459,0.14,0.2039283740839428,58.0,-0.022991807373363926,0.022851297401217163,-0.059934853420195444,0.0017774564297226014,0.009131027649619622,3.613862199918586,0.0008216509599198941,0.007851778929520463,0.3535533905932766,-9.0,-0.3466545534917316,0.0703942976587739,4.021998332698948,-0.010000000000000009,0.36157067565834455,0.016191146736256923,0.021190170641421032,0.00029997972049899957,0.9115829327137477,0.40416291534704285,-0.0047200000000000575,0.026958963523334267,-0.8381300091646853,1.0
2020-01-03,1.58,0.0019288979642984039,0.003879769937814803,-0.0074673903490528,0.095,0.22069533858470783,70.0,-0.02290379015513233,0.024865719552504606,-0.026058631921824116,0.002616344635741674,0.009049889700922008,3.7424796387093737,0.002345171237899889,0.005767071390772982,-2.3213127798592446,-15.0,-0.3002627538866185,0.05522680508607205,3.892406654319674,-0.050000000000000044,0.31463720685252006,0.011885870064432298,0.026238979628586526,0.0076200101144884985,-0.38812704902151696,0.39982551812915973,-0.013170000000000015,0.030237157840183642,-1.7913006969177727,1.0
2020-01-10,1.66,-0.0057700426439742936,0.003879769937814803,0.0079333346000173,0.095,0.2348751013491249,70.0,-0.02290379015513233,0.024865719552504606,-0.026058631921824116,0.002616344635741674,0.009049889700922008,3.8632389758615475,0.002345171237899889,0.005934432550056472,0.4731823722398246,-15.0,-0.28944823524089724,0.05580578567049025,3.7567435595131444,0.020000000000000018,0.14440784533639395,0.011844641383980576,0.026238979628586526,0.00039360067166169244,-1.759354167150914,0.3931216196588263,-0.019979999999999998,0.03292307050375067,-1.7747693330141123,1.0
2020-01-17,1.67,0.006339491761022442,0.003879769937814803,-0.0074761090043659,0.095,0.24691379880182704,70.0,-0.02290379015513233,0.024865719552504606,-0.026058631921824116,0.002616344635741674,0.009049889700922008,3.9768561220372316,0.002345171237899889,0.004814612481213531,0.4731823722398246,-15.0,-0.42475589998662744,0.04549332761139569,3.6143254441579225,0.020000000000000018,0.08810412166700576,0.011445945287844476,0.026238979628586526,-0.0091662722763481,-1.9792656131061757,0.3827190960557274,-0.02140999999999993,0.03251373336159912,-1.3763020200965774,1.0
2020-01-24,1.64,-0.007169318821317772,0.003879769937814803,0.0063197869583079,0.095,0.2571123584893988,70.0,-0.02290379015513233,0.024865719552504606,-0.026058631921824116,0.002616344635741674,0.009049889700922008,4.083927220025099,0.002345171237899889,0.004729541778417145,0.4731823722398246,-15.0,-0.40434234657599266,0.054445254286307226,3.464319312018408,-0.020000000000000018,0.009312721415330127,0.011165153407370194,0.026238979628586526,0.0037014779110838003,-1.695861598895057,0.3744310918366407,-0.013500000000000068,0.04659858980049339,-0.570093180691597,1.0
2020-01-31,1.72,0.001379189910446721,0.0,0.0100356131755259,0.21500000000000002,0.26483135497457755,73.0,-0.017535500320409736,0.02055179289173026,0.03603603603603611,0.0,0.001780228552835709,4.370530684200588,0.002317036772068679,0.00440251169154641,0.35355339059327406,11.0,-0.3266276581077534,0.12258379058546397,3.634508645195903,0.010000000000000009,-0.06695615382963926,0.009868750219017203,0.012740662724082067,0.031125823100267,-1.210152966075121,0.37145321197672443,0.0019700000000000273,0.09576757578321646,0.8369924197506488,0.0
2020-02-07,1.69,0.003631585666352688,0.002740618131495287,-0.0072704356122215,0.12500000000000003,0.2656341471885874,73.0,-0.014232217750208775,0.023348735639459495,0.008316008316008316,0.002452046371421268,0.004367967813505589,4.62318571483415,0.002751126225997707,0.00714606703592182,1.36713364092874,11.0,-0.2806813473317563,0.1416169380507588,3.79350083262372,0.010000000000000009,-0.04552354837458594,0.011962709405596161,0.016918739946006192,0.01425348202439991,-0.23421274727195515,0.36736614003564405,0.025519999999999987,0.10085350054110036,1.9721187778003586,0.0
2020-02-14,1.75,0.0038356428709769297,0.002740618131495287,-0.0090409900303527,0.12500000000000003,0.26549341149048183,73.0,-0.014232217750208775,0.023348735639459495,0.008316008316008316,0.002452046371421268,0.004367967813505589,4.847203793465365,0.002751126225997707,0.007344201962370719,0.14500100331705035,11.0,-0.30019047146751776,0.14511079510897318,3.9426507226690757,0.020000000000000018,-0.06368053437327692,0.011478164767189197,0.016918739946006192,-0.0017006137152795059,1.6121769209609005,0.36106846636860257,0.05957000000000001,0.09372261504777459,2.0778421141864634,0.0
2020-02-21,1.82,-0.0026583377344095993,0.002740618131495287,-0.0185403505066367,0.12500000000000003,0.26440764125571203,73.0,-0.014232217750208775,0.023348735639459495,0.008316008316008316,0.002452046371421268,0.004367967813505589,5.0464000878006345,0.002751126225997707,0.006741550180804533,0.14500100331705035,11.0,-0.2988590482000406,0.15837906607706836,4.083037050228928,-0.020000000000000018,-0.06776104378541092,0.014658215466347888,0.016918739946006192,0.003165688761753105,2.1912572821227134,0.35710093591506603,0.10009000000000001,0.09676923950434872,1.9286213142986164,0.0
2020-02-28,1.85,-0.003100271600380622,0.002740618131495287,-0.017282815510575,0.12500000000000003,0.2692948374823726,73.0,-0.014602087762221716,0.017608043996506728,-0.026755852842809347,0.002452046371421268,0.004251142973065221,5.223615017031237,0.0011887317589216548,0.007841960744311299,-0.3535533905932752,11.0,-0.4109828491229005,0.16487549415072172,4.215535442248628,-0.29000000000000004,-0.19784948147803794,0.024549898703310608,0.00945962249079007,0.0972653949809926,2.087244644328167,0.3590491464866672,0.13915,0.2271524032135194,1.7462480433793235,0.0
2020-03-06,1.8,0.019927202109729647,-0.002176451031784654,0.0138001382824801,0.22,0.2753084153402557,62.0,-0.053150549643890654,0.015393269919198094,-0.0996655518394649,-0.0011818827841568735,0.04247252056356909,5.1518480627381535,0.01405006603973018,0.013366882640235455,-2.466181276939808,5.0,-0.4038394628267157,0.1648754941507217,4.258387163798052,-0.8200000000000001,-0.26377743884476235,0.03415496642641548,0.026821897506478648,0.09681529885927012,1.920251315657865,0.38415427864852186,0.16197,0.3711757381233175,1.4941383680843277,0.0
2020-03-13,1.86,0.016598817354303463,-0.002176451031784654,0.0001528880273301,0.22,0.2810533094252136,62.0,-0.053150549643890654,0.015393269919198094,-0.0996655518394649,-0.0011818827841568735,0.04247252056356909,5.077855392251318,0.01405006603973018,0.015731535573412232,0.3181252831074135,5.0,-0.33130593666510844,0.26264791750829547,4.300022799756876,-0.16999999999999998,-0.45779221985589025,0.0499029865334997,0.026821897506478648,0.2687784053870172,1.7609497542852341,0.3952895248378087,0.1671,0.42473310947661386,1.2042250097647418,1.0
2020-03-20,1.8,0.0826318075674568,-0.002176451031784654,-0.0093778841662457,0.22,0.28654568054633767,62.0,-0.053150549643890654,0.015393269919198094,-0.0996655518394649,-0.0011818827841568735,0.04247252056356909,5.001538224924911,0.01405006603973018,0.020251723623296157,0.3181252831074135,5.0,-0.41736289134789983,0.3773497808968126,4.340477345838954,-0.23000000000000004,-0.6200880766030483,0.05009433260479509,0.026821897506478648,0.1361072258078181,1.5970951822100308,0.4092664869193168,0.14612,0.4621668684422015,0.716193566591788,1.0
2020-03-27,1.78,0.125543998430234,-0.002176451031784654,-0.0242134239374329,0.22,0.2917997883135961,62.0,-0.053150549643890654,0.015393269919198094,-0.0996655518394649,-0.0011818827841568735,0.04247252056356909,4.922788453086986,0.01405006603973018,0.023386353801734577,0.3181252831074135,5.0,-0.38617581516630606,0.39933650328658626,4.379783530122993,-0.020000000000000004,-0.6423345452746341,0.06152226932446789,0.026821897506478648,0.08951358486609096,1.4016905511711146,0.4307876261963744,0.09295000000000003,0.4963707571678488,-0.36529705942731905,1.0
2020-04-03,1.79,0.10607147166556463,-0.006686941866997254,-0.0779577936965752,0.10999999999999999,0.36709662005126886,40.0,-0.17318282261376305,0.003290966863368272,-0.26048109965635735,-0.00489788582084516,0.07503779716898898,5.059796286565188,0.046701218696632074,0.02441301026256808,-2.3661668764560018,-15.0,-0.3915165050271058,0.39148070560010667,4.443503231157461,0.07,-0.5507292433426036,0.061266328232330046,0.0720734771163074,0.020031849794093337,1.1883703707945545,0.45114000061053783,0.03835999999999995,0.47378227368391024,-1.559767056961409,1.0
2020-04-10,1.86,0.04672270509688636,-0.006686941866997254,-0.0370264243733754,0.10999999999999999,0.42693815085632475,40.0,-0.17318282261376305,0.003290966863368272,-0.26048109965635735,-0.00489788582084516,0.07503779716898898,5.178654413886096,0.046701218696632074,0.02478408622107106,0.45768939529502567,-15.0,-0.3484962465656746,0.36771252358332074,4.502219998738552,0.15,-0.6437627101845074,0.06441458533933583,0.0720734771163074,0.02338112784108104,0.9324990000931501,0.4608027538751596,-0.01369999999999999,0.38769465157143124,-1.8398132949543384,1.0
2020-04-17,1.86,0.04680904157901322,-0.006686941866997254,-0.0317673464990423,0.10999999999999999,0.4771748998747904,40.0,-0.17318282261376305,0.003290966863368272,-0.26048109965635735,-0.00489788582084516,0.07503779716898898,5.280588545286954,0.046701218696632074,0.024796940788380743,0.45768939529502567,-15.0,-0.29598393001332746,0.305368629692072,4.556127261824492,-0.13,-0.7145312428474426,0.06489776670378786,0.0720734771163074,-0.018108855435343463,0.5707528702880175,0.4706429526070267,-0.05566999999999997,0.22303106766279368,-1.6409887473865683,1.0
2020-04-24,1.86,0.03223188476805561,-0.006686941866997254,0.0114771590335089,0.10999999999999999,0.5205948805883137,40.0,-0.17318282261376305,0.003290966863368272,-0.26048109965635735,-0.00489788582084516,0.07503779716898898,5.366563145999533,0.046701218696632074,0.02466979999412988,0.45768939529502567,-15.0,-0.31956349887722135,0.17361698402768813,4.605393912794401,0.0,-0.7323854543723332,0.061155970736026945,0.0720734771163074,-0.11104570098402089,-0.05118849294182001,0.4816470297187045,-0.07879,0.12247448713894395,-1.3721010403543166,1.0
2020-05-01,1.8,0.012595662101012373,1.9501616683959e-05,-0.0234456266659183,0.08,0.571008887810238,33.0,-0.1604773810453941,0.0011792637021070806,-0.07132243684992567,-0.0012568392374673332,0.06904203254511501,5.649370284853437,0.047812578297962066,0.02211909466525707,0.6474363140315501,-18.0,-0.2637319632670052,0.13668916771800826,4.7726596927692375,0.0,-0.6806586838037767,0.05764486693317698,0.09724727838798401,-0.20192144366864262,-1.2462814785764296,0.4868989507437275,-0.09738000000000001,0.10294762884914398,-1.193784449796935,1.0
2020-05-08,1.75,0.009839497987433443,1.9501616683959e-05,0.0419495753369196,0.08,0.6156088244494502,33.0,-0.1604773810453941,0.0011792637021070806,-0.07132243684992567,-0.0012568392374673332,0.06904203254511501,5.897587511986478,0.047812578297962066,0.021469877521858156,0.3015402863488898,-18.0,-0.3039328051043243,0.13413745615177897,4.929365327700354,0.0,-0.5987674370363056,0.042715299971596475,0.09724727838798401,-0.13036649121346827,-1.8305840739220551,0.48996336859417533,-0.09952,0.061817704352190125,-0.9854995425281359,1.0
2020-05-15,1.71,0.03166101805868404,1.9501616683959e-05,-0.0258436310490021,0.08,0.6555823777680483,33.0,-0.1604773810453941,0.0011792637021070806,-0.07132243684992567,-0.0012568392374673332,0.06904203254511501,6.1154281565939375,0.047812578297962066,0.017291566990929107,0.3015402863488898,-18.0,-0.3743823635862431,0.0674933859194415,5.07648885203686,0.0,-0.5310707282941683,0.04006121954238489,0.09724727838798401,-0.05151689756499589,-1.6706384636039466,0.49511470858850787,-0.09033,0.0329230705034388,-0.733712312720793,1.0
2020-05-22,1.62,0.014858325232214087,1.9501616683959e-05,0.0147709636056145,0.08,0.69173205640494,33.0,-0.1604773810453941,0.0011792637021070806,-0.07132243684992567,-0.0012568392374673332,0.06904203254511501,6.306041059662887,0.047812578297962066,0.012545952992092269,0.3015402863488898,-18.0,-0.3337182780782838,0.029760952365942724,5.214841333707523,0.0,-0.4328841993134066,0.028412518866765664,0.09724727838798401,-0.06160405079766573,-1.4989336172350127,0.49944475203156863,-0.07977999999999999,0.02973093626803999,-0.41613982372663116,1.0
2020-05-29,1.58,0.0085342899180334,0.0,0.0424814653376553,0.08,0.7246303721171442,33.0,-0.1604773810453941,0.0011792637021070806,0.1617100371747211,0.0,0.002462070965133847,6.471832459560102,0.005847129933749066,0.009984006654846377,-0.35355339059327373,-18.0,-0.24653627547430623,0.029970223317952085,5.310566035167454,0.020000000000000018,-0.3366354826454804,0.028522378831779306,0.05717313193608702,-0.020714547448385967,-1.363894313417492,0.5070421130183447,-0.0635,0.028660575210105736,0.31285045481357704,1.0
2020-06-05,1.61,0.009567137774336043,0.005472046927775365,0.0305912485280451,0.055,0.7378529915633021,46.0,-0.10586064673581452,0.006457330475554857,0.2397769516728625,0.0016464967672902286,0.028116584804834893,6.471832459560102,0.02307074000998663,0.008906135249056887,2.395745863686852,-7.0,-0.23748394219680558,0.08716773649537837,5.310566035167454,0.009999999999999981,-0.2674569733744879,0.02189777303570091,0.058695339901578915,-0.03486511642691101,-1.2531206302934945,0.5070508882925866,-0.046619999999999995,0.026692695629058107,1.5276438451094358,1.0
2020-06-12,1.48,0.00051903522252017,0.005472046927775365,-0.0330206861031815,0.055,0.7503376535675212,46.0,-0.10586064673581452,0.006457330475554857,0.2397769516728625,0.0016464967672902286,0.028116584804834893,6.471832459560102,0.02307074000998663,0.009632030440218396,-0.44465606234543453,-7.0,-0.27482200011106883,0.08667467911687599,5.310566035167454,0.010000000000000009,-0.30946487372741416,0.022948807210937918,0.058695339901578915,0.0590728786733741,-1.149238564523091,0.5110681447392024,-0.029940000000000022,0.026186146827278833,1.743212992039417,1.0
2020-06-19,1.6,-0.010356627538591456,0.005472046927775365,0.0419572404928138,0.055,0.7621206254927946,46.0,-0.10586064673581452,0.006457330475554857,0.2397769516728625,0.0016464967672902286,0.028116584804834893,6.471832459560102,0.02307074000998663,0.008657480272050055,-0.44465606234543453,-7.0,-0.2365050564695358,0.08124038404644188,5.310566035167454,-0.010000000000000009,-0.3078530421596115,0.02210323406463088,0.058695339901578915,-0.011631619686044814,-1.0784414960598123,0.514428140965525,-0.02261000000000002,0.02232071427306372,1.4358195203150157,1.0
2020-06-26,1.53,-0.0017460946144228773,0.005472046927775365,-0.0034463826414665,0.055,0.7732339862421073,46.0,-0.10586064673581452,0.006457330475554857,0.06719999999999993,0.0016464967672902286,0.02836251266170103,6.471832459560102,0.02316841533091878,0.007099345746177608,-0.35355339059327373,-7.0,-0.3522530554868605,0.0831092224554907,5.310566035167454,-0.009999999999999981,-0.34171368436985405,0.021122291498727894,0.023758787847868054,0.006333658462992997,-1.0387418751586543,0.519734058634246,-0.018159999999999954,0.021213203434309724,1.2056938667081272,1.0
2020-07-03,1.55,-0.01034437672948707,0.005058243501669724,0.0720666509683047,0.075,0.7766728935338947,54.0,-0.06783544959427434,0.009860818253037085,0.2367999999999999,0.005792762056656242,0.040651302935340736,6.75277720645368,0.024991941707371897,0.005207421898406321,0.984190993668249,6.0,-0.28287842022941234,0.08339878382129169,5.53788542336247,0.0,-0.293166358680652,0.021085093665039304,0.057793061418844695,-0.014009186853606803,-1.0454251519717541,0.5216152471538774,-0.01708000000000004,0.021213203434309724,1.002249678708041,1.0
2020-07-10,1.62,-0.012601440425507593,0.005058243501669724,-0.0290320668301791,0.075,0.7797672736751448,54.0,-0.06783544959427434,0.009860818253037085,0.2367999999999999,0.005792762056656242,0.040651302935340736,7.011748382865414,0.024991941707371897,0.00469161515025602,-0.5151775912258985,6.0,-0.26416636892693557,0.08339878382129169,5.749680298017423,-0.010000000000000009,-0.32652383568100996,0.019576754959573082,0.057793061418844695,0.002283505477721437,-1.127741107637035,0.5207591048161533,-0.018479999999999996,0.021213203434309724,0.7779170959543025,1.0
2020-07-17,1.6,0.005474578063888291,0.005058243501669724,-0.0005375005110215,0.075,0.7825212138422998,54.0,-0.06783544959427434,0.009860818253037085,0.2367999999999999,0.005792762056656242,0.040651302935340736,7.251100712199624,0.024991941707371897,0.004653324660016559,-0.5151775912258985,6.0,-0.23678360298676737,0.08379396500609088,5.947609378164624,-0.020000000000000004,-0.2703577319208005,0.01873588909233907,0.057793061418844695,0.001802658642297894,-1.2581523267219112,0.5205906191627294,-0.01877000000000001,0.025035688810797065,0.62606903662178,1.0
2020-07-24,1.57,0.0008839416641612807,0.005058243501669724,-0.0044043647400319,0.075,0.784938297323864,54.0,-0.06783544959427434,0.009860818253037085,0.2367999999999999,0.005792762056656242,0.040651302935340736,7.472719616146374,0.024991941707371897,0.0063574588440570064,-0.5151775912258985,6.0,-0.16643612574739375,0.08683934263100372,6.133015271443299,0.0,-0.2653024847865192,0.0241330305249198,0.057793061418844695,-0.08640935882746201,-1.3777308436694715,0.519407511397343,-0.01900999999999997,0.027483761438392335,0.47783180694171473,1.0
2020-07-31,1.45,-0.0022575094170577126,0.0,-0.0041638785507306,0.075,0.7874641292401562,57.0,-0.07417648262356413,0.009911988712104192,0.15892053973013498,0.0,0.025350819299901774,7.262231062146145,0.013248399417362323,0.00627811182187468,-0.3535533905932739,-17.0,-0.1518151904218008,0.03335416016052039,6.237959744963649,-0.020000000000000004,-0.2765001694545277,0.016328114349394456,0.05618689565650233,-0.0050240906040016076,-1.4126236628293753,0.523447896021394,-0.017469999999999986,0.027124053636199075,0.6349833907067371,1.0
2020-08-07,1.44,-0.0005461192292681716,0.0031532105240814623,-0.0001228830204167,0.2,0.7870174759666636,57.0,-0.06512241935326724,0.013096453823307153,0.14917541229385312,0.0038632853258735445,0.027569159952004492,6.974348604818858,0.01320556966068208,0.006828969896277376,0.2932868308422175,-17.0,0.056158546670522114,0.033779748793990955,6.333968373338126,0.010000000000000009,-0.2436697023724197,0.01576646917859742,0.056688021816078946,-0.024282234729435803,-1.3668929650567945,0.5281675256425201,-0.01371,0.025071326820023665,1.8076750327685376,1.0
2020-08-14,1.34,0.0017335621520186972,0.0031532105240814623,-0.0117716084863336,0.2,0.7864776969616094,57.0,-0.06512241935326724,0.013096453823307153,0.14917541229385312,0.0038632853258735445,0.027569159952004492,6.598950965581887,0.01320556966068208,0.006470779076765524,-0.4472696316689853,-17.0,0.07090904342241622,0.0483846197524078,6.421441975424117,0.0,-0.23437216804607341,0.02524593776022661,0.056688021816078946,-0.024755639966749093,-1.282651283707779,0.5317058974543034,-0.010260000000000047,0.019226098332417205,2.070168458649108,1.0
2020-08-21,1.35,0.007669667313806805,0.0031532105240814623,0.0051078614682951,0.2,0.7858446003270971,57.0,-0.06512241935326724,0.013096453823307153,0.14917541229385312,0.0038632853258735445,0.027569159952004492,6.119954750963965,0.01320556966068208,0.007404413547412997,-0.4472696316689853,-17.0,0.1375464733437608,0.04882549100052355,6.500725101683689,0.0,-0.2183865315900887,0.0257369781573459,0.056688021816078946,-0.017506493965069397,-1.1694621606951365,0.5364650230586927,-0.006139999999999923,0.017525491636121295,1.905106164533595,1.0
2020-08-28,1.35,-0.00288404605744097,0.0031532105240814623,-0.0092186240740935,0.2,0.7851179603171687,57.0,-0.06512241935326724,0.013096453823307153,-0.008408796895213455,0.0038632853258735445,0.007802557585506587,5.510409729286526,0.0034575647602154576,0.007561822395243681,-0.35355339059327484,-17.0,0.162800859976304,0.0651235090315701,6.572114177813141,0.0,-0.2201451468118475,0.025694223579639127,0.0029729586531136633,-0.008524257945757507,-1.0250894066957894,0.5390017867257668,-0.0020100000000000673,0.0160356745130263,1.728985089228156,0.0
2020-09-04,1.35,0.003873015891181275,0.0013927469432666317,0.0205072503539476,0.009999999999999998,0.7843938765865686,61.0,-0.061831018547937044,0.013713248610564666,0.05821474773609325,0.0019037187711885561,0.029957037389266594,5.264832527104897,0.0034515257734119877,0.009691205904756302,-0.32246820960439493,-10.0,0.0368589766551346,0.07045768740385407,6.659885314191865,0.009999999999999995,-0.29635527006969786,0.02827515908346509,0.024357817792883395,0.050616315950857305,-0.8067157202655527,0.5408479948604318,0.0021400000000000308,0.013887301494601845,1.594906605585338,1.0
2020-09-11,1.46,-0.0009801222431033985,0.0013927469432666317,0.0198718554309122,0.009999999999999998,0.7836135058737442,61.0,-0.061831018547937044,0.013713248610564666,0.05821474773609325,0.0019037187711885561,0.029957037389266594,4.882779788351981,0.0034515257734119877,0.009671975137958477,-0.35870109898992014,-10.0,-0.13198164414140168,0.07049569389087774,6.719408641293243,0.0,-0.31941653838573125,0.028254760653571142,0.024357817792883395,0.03517523752082441,-0.4740812390507548,0.5359852995440784,0.0043600000000000305,0.014078859529773549,1.3762748376997578,1.0
2020-09-18,1.42,0.007682779282955909,0.0013927469432666317,-0.0065116584919633,0.009999999999999998,0.7827766798367835,61.0,-0.061831018547937044,0.013713248610564666,0.05821474773609325,0.0019037187711885561,0.029957037389266594,4.3282613315101806,0.0034515257734119877,0.007970323391706858,-0.35870109898992014,-10.0,-0.19179156984243861,0.0670687280759646,6.751431332518018,-0.009999999999999995,-0.29230503524933926,0.023168004646158143,0.024357817792883395,0.005274458798334297,0.03644872547461069,0.5334918693482489,0.0038499999999999646,0.014078859529773549,1.050599255575515,1.0
2020-09-25,1.36,0.004060598982939201,0.0013927469432666317,0.0223454221489035,0.009999999999999998,0.7818832172084128,61.0,-0.061831018547937044,0.013713248610564666,0.05821474773609325,0.0019037187711885561,0.029957037389266594,3.5207079707616646,0.0034515257734119877,0.010273023625432967,-0.35870109898992014,-10.0,-0.11023298671728843,0.05343554194420107,6.75634442914566,0.0,-0.28009300465303,0.025844158204500325,0.024357817792883395,0.017483226984986,1.2039867552970638,0.5319645070890248,0.005670000000000008,0.011649647447846375,1.0522551704269756,1.0
2020-10-02,1.27,-0.005220803531739926,0.0004149377593360981,-0.0126853521615308,0.08,0.781219484806382,53.0,-0.04622683457542831,0.011820661677274913,0.05218525766470972,0.001386962552011095,0.02980911299154047,3.474965412113437,0.0028400019687101316,0.01108068896317056,2.474579904989714,7.0,0.03656461128293609,0.03399054490399315,6.809296280608067,-0.010000000000000009,-0.29842836065899414,0.025640138754337623,0.024954518949630793,0.00898577166112749,1.6165242740948034,0.532173713402737,0.003129999999999966,0.011649647447846375,0.5330513845732908,1.0
2020-10-09,1.34,0.002624668568275812,0.0004149377593360981,-0.0119829782309554,0.08,0.7803915516918297,53.0,-0.04622683457542831,0.011820661677274913,0.05218525766470972,0.001386962552011095,0.02980911299154047,3.399773748128193,0.0028400019687101316,0.011696183313491136,-0.35980209230575816,7.0,0.23803069267704946,0.04882549100051888,6.849464093711243,0.010000000000000009,-0.25776969089864166,0.02310376124329218,0.024954518949630793,0.01415327678199721,1.2168224254476225,0.5258716817257627,-0.00014999999999998348,0.014142135621781595,-0.38453428594112543,1.0
2020-10-16,1.52,0.010852411193827516,0.0004149377593360981,0.0089447987197524,0.08,0.7793988945877949,53.0,-0.04622683457542831,0.011820661677274913,0.05218525766470972,0.001386962552011095,0.02980911299154047,3.2931163636615475,0.0028400019687101316,0.011758129493930382,-0.35980209230575816,7.0,0.19525865590494496,0.04440077219420486,6.877071880317797,0.009999999999999995,-0.2398660841202478,0.02331641003754596,0.024954518949630793,-0.025321790677013206,0.694136846350681,0.5191458061317545,-0.0025100000000000122,0.011649647447846375,-1.4230315646101923,1.0
2020-10-23,1.55,0.0036131255500650994,0.0004149377593360981,-0.0263504064972905,0.08,0.7782408831712926,53.0,-0.04622683457542831,0.011820661677274913,0.05218525766470972,0.001386962552011095,0.02980911299154047,3.1518004622510944,0.0028400019687101316,0.011867029570177203,-0.35980209230575816,7.0,0.29173913814169694,0.06534250421552486,6.892270573995001,-0.009999999999999995,-0.29668198762021003,0.02229533403479618,0.024954518949630793,-0.029161723652856908,-0.3144873662347271,0.5096224536349685,-0.005899999999999961,0.019086270306967103,-1.8435923419940776,1.0
2020-10-30,1.5,-0.004313481528130825,0.0,-0.0083824500082694,0.04,0.7730418929484907,53.0,-0.05099021750646482,0.012363534571241841,-0.014058679706601462,0.0,0.00615640232376329,3.169324121104599,0.002845981210535166,0.011926316878348558,-0.3535533905932753,15.0,0.2358143360547662,0.08576337879812132,6.932338366942636,-0.010000000000000009,-0.36316725214123635,0.021611963968140364,0.004970493877534256,0.03533027523230811,-1.689599153370532,0.5010376864045695,-0.008520000000000028,0.019086270306967103,-1.6358272202456694,1.0
2020-11-06,1.63,0.0015634650965128394,-0.0006106272178441063,0.0057502677165968,0.03,0.7674705473668342,54.0,-0.04763324870606622,0.011745357842679605,0.04095354523227379,0.0025064424854999157,0.022884232666717148,3.1583832280748743,0.002940538016125756,0.013765557517370549,0.7104022571818761,9.0,0.0354965851176543,0.08084376466819858,6.944077416142966,0.010000000000000009,-0.35115306952165604,0.02613190198220588,0.021020926914543114,0.002176197719452294,-2.078619308286961,0.48518640195867796,-0.013580000000000036,0.019226098332418128,-1.6905013290884867,1.0
2020-11-13,1.52,0.0025061896793550087,-0.0006106272178441063,-0.0064733532758744,0.03,0.7614779168885673,54.0,-0.04763324870606622,0.011745357842679605,0.04095354523227379,0.0025064424854999157,0.022884232666717148,3.1430019946639525,0.0029405380161257565,0.01514772734416628,-0.4925539495921647,9.0,0.11421128197086317,0.08598172563324019,6.947986025023422,-0.010000000000000009,-0.3047470509456378,0.028553935977572633,0.021020926914543114,-0.00031554969430708235,-1.959960159088302,0.47120429132484926,-0.016669999999999963,0.020701966778942447,-1.508203479727501,1.0
2020-11-20,1.53,0.009429835227694694,-0.0006106272178441063,-0.0019339462792673,0.03,0.7550539707554663,54.0,-0.04763324870606622,0.011745357842679605,0.04095354523227379,0.0025064424854999157,0.022884232666717148,3.1231148159883904,0.0029405380161257565,0.012596788919667784,-0.4925539495921647,9.0,-0.005628467804992376,0.06734771180765385,6.944077416142974,-0.01999999999999999,-0.27038253086573416,0.022457757257167876,0.021020926914543114,-0.009616432737624303,-1.7723330159247723,0.4588333622337202,-0.016109999999999958,0.016903085092945778,-1.1472923454337287,1.0
2020-11-27,1.5,-0.0036724708273275786,-0.0006106272178441063,-0.0113122597579013,0.03,0.7481875992085696,54.0,-0.04763324870606622,0.011745357842679605,0.055796652200867936,0.0025064424854999157,0.02117862608688305,3.0986349351833145,0.0012506380054147074,0.01228362756708645,-0.35355339059328095,9.0,0.24638319208521353,0.04985693819045346,6.932338366942653,0.01999999999999999,-0.17473263928935012,0.026433686060215164,0.01972709556937062,-0.0021606380075168963,-1.6079872491863965,0.44495801147515623,-0.014530000000000043,0.013562026816582601,-0.7474007408243343,1.0
2020-12-04,1.59,0.0008222845486995922,0.0009414784670425114,0.0089257245534283,-0.009999999999999998,0.7352987073645011,54.0,-0.0328150457766595,0.013620054947193205,0.08617482951022937,0.0013334271670970566,0.029316865858982428,3.1083015396737963,0.004655531331231035,0.013624900414476507,2.3857937616912808,-4.0,0.10325618064895203,0.0654517270317663,7.110711440817263,0.0,-0.21858111950408932,0.02919330036770257,0.02086398027393463,-0.0041835999959177195,-1.4740123454007477,0.42725415871448386,-0.012850000000000028,0.013562026816582601,-0.29561995815810965,1.0
2020-12-11,1.62,0.0028029409557523977,0.0009414784670425114,0.0222010983757028,-0.009999999999999998,0.7217347442942187,54.0,-0.0328150457766595,0.013620054947193205,0.08617482951022937,0.0013334271670970566,0.029316865858982428,3.0334037748935576,0.004655531331231035,0.01327007704985224,-0.4493725550238708,-4.0,0.12848435357309085,0.048697315854580016,7.275965102648702,-0.009999999999999995,-0.22473780703486823,0.02922964761228618,0.02086398027393463,-0.04804542882818469,-1.351787073799214,0.4089250798928425,-0.010170000000000012,0.021380899351709632,0.5603579529189038,1.0
2020-12-18,1.67,0.016559390212819602,0.0009414784670425114,0.0407110651403008,-0.009999999999999998,0.7074568819497681,54.0,-0.0328150457766595,0.013620054947193205,0.08617482951022937,0.0013334271670970566,0.029316865858982428,2.8673225248545853,0.004655531331231035,0.012995615511354804,-0.4493725550238708,-4.0,0.1597938007074724,0.054510811509650495,7.428974907412315,0.0,-0.18762409679434777,0.030956984895112328,0.02086398027393463,-0.0321672136373059,-1.2397079650597191,0.38407829769886276,-0.007390000000000008,0.020310096010235652,1.4756063283823937,1.0
2020-12-25,1.64,0.005629403340562611,0.0009414784670425114,0.0334009421042313,-0.009999999999999998,0.6924209594905737,54.0,-0.0328150457766595,0.013620054947193205,0.08617482951022937,0.0013334271670970566,0.029316865858982428,2.5925929995929686,0.004655531331231035,0.011898926538361866,-0.4493725550238708,-4.0,0.16682108265457352,0.057008771255062415,7.570483286724152,0.009999999999999995,-0.2185677480826388,0.03059240934659029,0.02086398027393463,-0.003951399999426397,-1.1744043251485976,0.3587011511511539,-0.006229999999999958,0.021213203434299405,1.532473911243505,1.0
2021-01-01,1.69,-0.0054953789411428255,0.00425378348702754,0.0096962195272887,0.045,0.6698844120678459,65.0,-0.021295843569181794,0.013997697415600863,0.08925425719318847,0.00017015547031329348,0.019946815968040817,2.60413871779874,0.004771984336024424,0.010127808191307701,0.6221114066480024,-9.0,0.19201873141622428,0.04823676724551167,7.633477904405263,0.0,-0.23045200563232038,0.02673439480250786,0.021796875975585158,-0.013399389460593311,-1.1466183330955657,0.33490611232471906,-0.005310000000000037,0.021339098921980302,1.2946766203133806,1.0
2021-01-08,1.67,-0.0038762242897290022,0.00425378348702754,-0.0030533992459648,0.045,0.6458736041118875,65.0,-0.021295843569181794,0.013997697415600863,0.08925425719318847,0.00017015547031329348,0.019946815968040817,2.61033449079733,0.004771984336024424,0.007109583388310647,-0.4840128300640853,-9.0,0.22615811396820007,0.0928516481891428,7.691055705052453,-0.009999999999999995,-0.11517613705307661,0.026430722631051267,0.021796875975585158,0.0013659318968331086,-1.1430767269978424,0.3087254854064138,-0.0045399999999999885,0.01851640199396218,1.149712413307471,1.0
2021-01-15,1.68,-0.000114658745715146,0.00425378348702754,-0.0018515753807529,0.045,0.6202173377235062,65.0,-0.021295843569181794,0.013997697415600863,0.08925425719318847,0.00017015547031329348,0.019946815968040817,2.6112184011418,0.004771984336024424,0.007899787844387664,-0.4840128300640853,-9.0,0.3664503044865901,0.10099504938367819,7.743337524485116,0.009999999999999995,-0.10556884537964839,0.026386229697572563,0.021796875975585158,0.0008004990448328975,-1.113549272337485,0.2783668163855285,-0.0027399999999999647,0.016850180158484395,1.256660816061749,1.0
2021-01-22,1.62,0.011040953546565868,0.00425378348702754,0.0076883385543194,0.045,0.5927019707277401,65.0,-0.021295843569181794,0.013997697415600863,0.08925425719318847,0.00017015547031329348,0.019946815968040817,2.606795852264733,0.004771984336024424,0.007918338720492477,-0.4840128300640853,-9.0,0.29212894376980336,0.09433034657906068,7.790429987919892,-0.009999999999999995,-0.03543085841672233,0.019162071275376735,0.021796875975585158,0.006446837416676704,-1.0902139083271865,0.25357950252854383,-0.0020400000000000418,0.013887301494599243,1.1929639903560696,1.0
2021-01-29,1.6,-0.0013507860209830413,0.0,-0.0082422072036076,0.045,0.5630550175281442,65.0,-0.021295843569181794,0.013997697415600863,0.058789954337899575,0.0,0.007447840941865636,2.509060504528461,0.0018661988796195932,0.004751139830249231,-0.35355339059327695,-9.0,0.3927213176194637,0.1030949631581618,7.498290403442566,-0.020000000000000004,0.012412710872811816,0.01641532677780633,0.020785387688988244,0.03345537997151779,-0.9850588115527451,0.23827117395505062,-0.00040999999999991044,0.010606601715189703,1.4150984697968614,1.0
2021-02-05,1.61,0.0007659765944993957,0.005474382793923205,0.0363010211142584,0.105,0.5424206750857413,56.0,-0.056805772711803426,0.016762152173745104,-0.02340182648401823,0.0015015514799159302,0.011465536738630662,2.509060504528461,0.012090750660267567,0.005950490610672565,-2.4458245572393382,-3.0,0.5409041196753452,0.11585088938562214,7.119402884785875,-0.03,0.12976945188591738,0.017926038625500563,0.03671903163393132,0.012277948516465215,-1.0548454733534411,0.2187879680474968,-0.0022000000000000908,0.01597989808483683,0.6945328363854703,1.0
2021-02-12,1.64,0.004267806727608292,0.005474382793923205,-0.0018689211516515,0.105,0.5206555984478612,56.0,-0.056805772711803426,0.016762152173745104,-0.02340182648401823,0.0015015514799159302,0.011465536738630662,2.509060504528461,0.012090750660267567,0.00666523452818612,0.2870369736298371,-3.0,0.5851932069784094,0.1208821740374109,6.700976944150255,0.010000000000000002,0.14255527555050196,0.014864467240292337,0.03671903163393132,-0.0004350379807827043,-1.1404898411429474,0.19746689586447796,-0.0017499999999999183,0.016420805616273824,0.7030810226598876,1.0
2021-02-19,1.6,0.015476151285401807,0.005474382793923205,0.0044116558349445,0.105,0.497611437838306,56.0,-0.056805772711803426,0.016762152173745104,-0.02340182648401823,0.0015015514799159302,0.011465536738630662,2.509060504528461,0.012090750660267567,0.00669931323063801,0.2870369736298371,-3.0,0.6110236492460903,0.135013226865304,6.235057552642671,0.0,0.10977895266195192,0.016572034048754385,0.03671903163393132,-0.008298957835814413,-1.298626215177748,0.1903044912679198,-0.0018700000000000383,0.016420805616272724,0.46442404887214844,1.0
2021-02-26,1.33,0.004328074647875102,0.005474382793923205,-0.0318896346730544,0.105,0.4731013225279429,56.0,-0.056805772711803426,0.016762152173745104,-0.07762803234501348,0.0015015514799159302,0.009845790624116406,2.509060504528461,0.011682233941856069,0.008098267947694512,0.3535533905932738,-3.0,0.6454868665909315,0.14081396034691201,5.710030601677789,0.0,0.3739946895934867,0.016812074717450932,0.027445654040663927,0.016653285803481604,-1.4833926405425129,0.2048668772783718,-0.0021299999999999653,0.017728105206995165,0.06935985809143912,1.0
2021-03-05,1.14,-0.0042933495966001045,0.007083273133749568,0.0389858103102813,0.105,0.5155737435644221,57.0,0.010038210492383515,0.02619762508959189,-0.053369272237196785,0.002459443190924393,0.039903550382560375,2.49830711913857,0.01660223184541723,0.01053281008170745,1.7760131421970013,-7.0,0.5813817697164008,0.1862362171314661,5.322339725236444,0.0,0.6010174004907354,0.015095840684024553,0.03020999671875792,0.025493866369159707,-1.7550124018545243,0.22913273435895373,-0.004230000000000067,0.017728105206995165,-1.9316014314664018,1.0
2021-03-12,0.53,0.0029608903656805907,0.007083273133749568,0.018683211016608,0.105,0.5540102536386509,57.0,0.010038210492383515,0.02619762508959189,-0.053369272237196785,0.002459443190924393,0.039903550382560375,2.4868886956627922,0.01660223184541723,0.011010842936127063,0.030603160936680827,-7.0,0.3911182252574703,0.21513699954084672,4.876259167546411,0.0,1.0677592674723178,0.016943257762990188,0.03020999671875792,-0.011469718188787198,-1.8126976433157218,0.2548213818572595,-0.005079999999999973,0.018850918884811312,-1.7636012802591257,1.0
2021-03-19,0.31,0.014987662767627086,0.007083273133749568,0.0278370161918544,0.105,0.5892012301657882,57.0,0.010038210492383515,0.02619762508959189,-0.053369272237196785,0.002459443190924393,0.039903550382560375,2.4747960288911455,0.01660223184541723,0.010374464842188518,0.030603160936680827,-7.0,0.5804240209100826,0.23940402192589633,4.353878664690627,-0.03,1.7382968048722,0.016636407463470466,0.03020999671875792,-0.0159977392142078,-1.748164285132069,0.28339649726256816,-0.00546000000000002,0.02329929489924084,-1.425177850526786,1.0
2021-03-26,0.54,0.0033945511968145325,0.007083273133749568,0.0179596392198813,0.105,0.6216980541463677,57.0,0.010038210492383515,0.02619762508959189,-0.053369272237196785,0.002459443190924393,0.039903550382560375,2.462019183828278,0.01660223184541723,0.010476218494012668,0.030603160936680827,-7.0,0.5648714870556875,0.21980510848088758,3.723220114918455,0.01,1.8344956100389846,0.01661732338333659,0.03020999671875792,0.00951505932304289,-1.7191854527837256,0.3040854919679636,-0.006549999999999945,0.022951812874594805,-1.5220693270287988,1.0
2021-04-02,0.78,-0.003968329019218841,0.008218909154060094,0.0092423847954909,0.049999999999999996,0.7373549815456854,50.0,0.1655213518144698,0.041596948387021104,0.005844535359438963,0.008108038414641028,0.03794840527959759,2.994353660834645,0.010174944466219003,0.0104849405338934,-0.20469244971262096,-11.0,0.6280073134639426,0.20387320989844274,3.723220114918455,0.0,1.168313353284442,0.01594980107502969,0.012443659248336429,0.002635588031075997,-1.6505470892116485,0.3234389939470636,-0.006870000000000043,0.02587745847427333,-1.2543200222921214,1.0
2021-04-09,0.9,0.0025873365909792057,0.008218909154060094,0.0067308665332087,0.049999999999999996,0.8305481879924811,50.0,0.1655213518144698,0.041596948387021104,0.005844535359438963,0.008108038414641028,0.03794840527959759,3.416701062991338,0.010174944466219003,0.012516639595788479,-0.3776077733326873,-11.0,0.4575879772103213,0.15141593613056142,3.723220114918455,0.0,1.606326849660955,0.01640267087919741,0.012443659248336429,-0.018344544102142285,-1.620431113390123,0.33966729129891077,-0.008120000000000016,0.023145502493125098,-1.3886009031887716,1.0
2021-04-16,0.67,0.010925319650761267,0.008218909154060094,-0.0217405682507711,0.049999999999999996,0.9082192696873629,50.0,0.1655213518144698,0.041596948387021104,0.005844535359438963,0.008108038414641028,0.03794840527959759,3.766246856568933,0.010174944466219003,0.01305809789530416,-0.3776077733326873,-11.0,0.5288077779130282,0.10633504999364639,3.723220114918455,0.0,2.4553913238293714,0.016471999126565252,0.012443659248336429,-0.03200884530460511,-1.5221317000103742,0.3500279562203638,-0.006749999999999923,0.017677669528109903,-0.5901250270205184,1.0
2021-04-23,0.72,0.003572902401918432,0.008218909154060094,-0.0103332319052515,0.049999999999999996,0.9740884028525324,50.0,0.1655213518144698,0.041596948387021104,0.005844535359438963,0.008108038414641028,0.03794840527959759,4.061829826378934,0.010174944466219003,0.012241984504814944,-0.3776077733326873,-11.0,0.5635738479678776,0.0737636185973802,3.723220114918455,0.009999999999999998,2.668240698382323,0.012412591739991938,0.012443659248336429,-0.0046724939010878985,-1.4452912110526732,0.35792024314440046,-0.006200000000000094,0.01685018015849306,-0.0351582028849838,1.0
2021-04-30,0.68,-0.0051126794347693405,0.0,0.0093390650533119,0.049999999999999996,1.0251517097194696,52.0,0.1465593459313823,0.04157663595871974,-0.01993166287015946,0.0,0.014158793027292355,4.091266495654067,0.0006220431842840147,0.008181914648998092,-0.35355339059328617,-8.0,0.5507936595038283,0.06139741734919431,3.736564670314919,-0.019999999999999997,2.2143579182977886,0.010013243371909059,0.0070469069879072616,-0.007679194845602588,-1.3659061362736011,0.36781221026656247,-0.005249999999999977,0.015526475083436249,1.0200280360739982,1.0
2021-05-07,0.74,0.0037943894341085915,0.008017105154762838,0.000675782102988,0.05,1.1123384246016346,52.0,0.15673379835366053,0.04992706537594471,-0.03018223234624151,0.006595775780164903,0.027485139940329417,4.11769166103833,0.003110080428530289,0.008995319294730396,2.425897583988122,-2.0,0.6226001201116997,0.06345695954183445,3.7462399449969723,0.01,1.623282220141494,0.01482788637442062,0.007475801812634946,-0.002369466164167708,-1.3113790991133152,0.37562632461884765,-0.004850000000000021,0.015526475083436249,1.3315366521407068,1.0
2021-05-14,0.75,0.0025833219597346524,0.008017105154762838,-0.0124480855740745,0.05,1.1856375230279885,52.0,0.15673379835366053,0.04992706537594471,-0.03018223234624151,0.006595775780164903,0.027485139940329417,4.140605678474511,0.003110080428530289,0.008923535907878904,-0.42737252191851477,-2.0,0.7989063887704562,0.05014265364232404,3.7522743228966124,-0.01,1.221202924523435,0.014757940736845774,0.007475801812634946,0.027117149925809297,-1.1780917519868521,0.38251489782605963,-0.0020799999999999708,0.015526475083436249,2.062509451153567,1.0
2021-05-21,0.8,0.01177678058677789,0.008017105154762838,-0.006193338488668,0.05,1.2474993881524936,52.0,0.15673379835366053,0.04992706537594471,-0.03018223234624151,0.006595775780164903,0.027485139940329417,4.160066567514735,0.003110080428530289,0.006869751539628552,-0.42737252191851477,-2.0,0.6787983758336384,0.04867897756887702,3.754685358559432,0.0,0.9121805061971335,0.01460538788522684,0.007475801812634946,-0.001327490386697605,-1.1282589182356635,0.3887134578811432,-0.0024800000000000377,0.013887301494614982,1.3337440093387396,1.0
2021-05-28,0.83,-0.0024412830531512775,0.008017105154762838,0.0144575530841325,0.05,1.299558360802604,52.0,0.15673379835366053,0.04992706537594471,-0.01045903544450899,0.006595775780164903,0.0216216116557607,4.1761226035642185,0.0031373972608493713,0.006665441134199631,-0.35355339059327434,-2.0,0.6149270405613319,0.03703280399101612,3.7534800343181454,0.0,0.8686953101798025,0.013569764190413482,0.003697827443741992,-0.0017930875605004781,-1.1177266234891579,0.39232781718713244,-0.0021399999999999197,0.010606601715210287,1.1310641055688744,1.0
2021-06-04,0.95,0.004069315260084139,0.00929066290235725,0.0244083048155803,0.030000000000000002,1.373659894353994,63.0,0.08958396565691418,0.053914514133213354,-0.03893085415456132,0.007935672408473149,0.025670021777534437,4.056523710689313,0.0032197298352259055,0.004589858825113512,0.6541650227990976,8.0,0.7379348923259788,0.036228441865591016,3.625159277720011,0.01,0.7603035168037178,0.015158088044833493,0.0103155301128154,-0.005775551946405014,-1.0483162318920334,0.39820311900078975,-0.0009299999999999864,0.011877349389341629,1.330885601416266,1.0
2021-06-11,0.95,0.0020948364625037463,0.00929066290235725,-0.0101288398642144,0.030000000000000002,1.438070331758566,63.0,0.08958396565691418,0.053914514133213354,-0.03893085415456132,0.007935672408473149,0.025670021777534437,3.92702666931846,0.0032197298352259055,0.004675396956916732,-0.4871808113760073,8.0,0.9041017362823227,0.06347102826156203,3.483369236357713,0.009999999999999998,0.955598647118499,0.015557548485902047,0.0103155301128154,-0.004368075579644304,-0.8324301219053265,0.39908733550129416,0.0007499999999999174,0.011877349389341629,1.5483821469674526,1.0
2021-06-18,1.06,0.014075125431838975,0.00929066290235725,-0.0168565461495907,0.030000000000000002,1.4940435918388217,63.0,0.08958396565691418,0.053914514133213354,-0.03893085415456132,0.007935672408473149,0.025670021777534437,3.7866161065602504,0.0032197298352259055,0.01065440521980375,-0.4871808113760073,8.0,0.9263030900061549,0.0877394682325061,3.3263879376760137,0.020000000000000004,0.80226413558864,0.027954695730920968,0.0103155301128154,0.0014378714218815092,-0.11118257102510568,0.39887114466366846,0.0030600000000000627,0.039618718519004434,1.7491906930473449,1.0
2021-06-25,1.11,0.004673462167686271,0.00929066290235725,0.0215434127989729,0.030000000000000002,1.542498437940212,63.0,0.08958396565691418,0.053914514133213354,-0.03893085415456132,0.007935672408473149,0.025670021777534437,3.634027221438196,0.0032197298352259055,0.010747691962873753,-0.4871808113760073,8.0,1.3384615654500065,0.08271076972547273,3.151946416768371,0.009999999999999995,0.923876326905567,0.027921580053490498,0.0103155301128154,-0.025549188784652302,1.3421894093844304,0.3985732473262837,0.0040200000000000236,0.05617256574879423,1.5358542514733637,1.0
2021-07-02,1.21,-0.0028883187925862197,0.004810523526293853,0.0143941573899211,-0.04,1.5896558347669802,58.0,0.054998863464161385,0.05365475239385398,-0.026423957721667612,0.0035908388588552498,0.022258798291738716,4.164317286367411,0.001915670030937779,0.009277060612566699,1.8344210859436143,9.0,1.1337947617484745,0.0933120724084065,3.452762463224488,-0.009999999999999995,0.848954510229488,0.024193665191958747,0.010329574742355074,-0.016925085248478106,2.0012681502143277,0.3965982804784801,0.005559999999999898,0.05680480361933632,1.5441219906205046,1.0
2021-07-09,1.25,0.0023802556500280847,0.004810523526293853,-0.0146189119818431,-0.04,1.6310260723539793,58.0,0.054998863464161385,0.05365475239385398,-0.026423957721667612,0.0035908388588552498,0.022258798291738716,4.613025037868317,0.001915670030937779,0.010056300958261292,-0.5361026703052882,9.0,1.035457136598065,0.1037080379858096,3.7171385709111733,0.009999999999999995,0.8387176069401716,0.024999365539960346,0.010329574742355074,0.0064611364262849025,1.934708482172324,0.3924141162247144,0.006680000000000019,0.05625198409150999,1.3810612896033105,1.0
2021-07-16,1.35,0.01282797134471414,0.004810523526293853,-0.0152718848684989,-0.04,1.6670400589419632,58.0,0.054998863464161385,0.05365475239385398,-0.026423957721667612,0.0035908388588552498,0.022258798291738716,5.002153382448248,0.001915670030937779,0.009819882200633954,-0.5361026703052882,9.0,1.138533124881302,0.10676241981953874,3.952393932528684,-0.009999999999999995,0.7691548974782492,0.023394846854203868,0.010329574742355074,0.0048018350258201975,1.759198125543595,0.3868410077916456,0.006730000000000014,0.05675763007186344,1.099867159526243,1.0
2021-07-23,1.35,0.004740387026953563,0.004810523526293853,0.022757793503347,-0.04,1.6980386336196929,58.0,0.054998863464161385,0.05365475239385398,-0.026423957721667612,0.0035908388588552498,0.022258798291738716,5.344731410104146,0.001915670030937779,0.00979485533616289,-0.5361026703052882,9.0,1.2455752286784318,0.10405184147479092,4.163467852050021,0.0,0.7454589028047678,0.022275721508397316,0.010329574742355074,0.022666300695479605,1.6136703845998215,0.37926120926976853,0.00651999999999997,0.04862392121406692,0.8501237179490695,1.0
2021-07-30,1.4,-0.0023125939715042954,0.0,0.0011246742024428,-0.04,1.7242923122666518,58.0,0.054998863464161385,0.05365475239385398,0.002418379685610539,0.0,0.017781047714047628,5.649234120997834,0.001605535909955449,0.011954031768616057,-0.3535533905932758,9.0,1.1756531297308492,0.10466784197100192,4.327992996595938,0.009999999999999995,0.8363545097498337,0.022729454023832897,0.0008550263375921196,0.001278095664007703,1.4728761695393633,0.3694300265202817,0.005340000000000011,0.03870677312384037,0.24070580027923383,1.0
2021-08-06,1.5,0.0016542047878769228,0.00206591136361145,-0.0086430862745693,-0.13,1.7486751438643797,64.0,0.04261168528131454,0.05251271554874992,0.049576783555018045,0.001252476242427747,0.0482440055945163,5.674911046405521,0.001858409103297428,0.012263964849020051,-1.283256309290759,3.0,0.8498659614533179,0.09985704067034108,4.34950284081916,0.0,0.656477359467001,0.024287933308660487,0.016532315872646395,-0.011786935889051608,1.3704573544041954,0.35984929600759114,0.0046400000000000885,0.028784916684223456,-0.5059969790625044,1.0
2021-08-13,1.53,0.002681943438752832,0.00206591136361145,-0.0404174025211713,-0.13,1.7694148141636539,64.0,0.04261168528131454,0.05251271554874992,0.049576783555018045,0.001252476242427747,0.0482440055945163,5.678569700739252,0.001858409103297428,0.008284453389396046,-0.16575822118854533,3.0,0.6387946301172458,0.09723866074184082,4.36391344702822,0.0,0.6291360432243991,0.013536683939119068,0.016532315872646395,-0.0003855746142897021,1.235118564442825,0.3536823633969237,0.002729999999999899,0.02695896352295311,-1.789774433781323,1.0
2021-08-20,1.52,0.010347263507945126,0.00206591136361145,0.0074452233543699,-0.13,1.7866381994069034,64.0,0.04261168528131454,0.05251271554874992,0.049576783555018045,0.001252476242427747,0.0482440055945163,5.660252780438484,0.001858409103297428,0.008174161611343564,-0.16575822118854533,3.0,0.5731209732776399,0.06480740698415426,4.371295026781287,-0.009999999999999995,0.47189417737909767,0.013473684576358757,0.016532315872646395,-3.296518027089135e-05,1.1146435780701056,0.34480605298926154,0.0016700000000000603,0.018516401993995825,-1.7561364450467465,1.0
2021-08-27,1.68,-0.0011812866927065624,0.00206591136361145,0.0010165992539101,-0.13,1.8004462146266802,64.0,0.04261168528131454,0.05251271554874992,0.04704463208685161,0.001252476242427747,0.04745975317077197,5.619745408961025,0.0007342485870244715,0.008097997685493321,0.35355339059328167,3.0,0.6447119980804481,0.03852179346082485,4.371683185721632,0.0,0.5997206402370385,0.015172769402950427,0.01663278918351964,0.0020498761865629933,0.8923865890578293,0.33854381627124625,-0.0006800000000000139,0.01752549163615475,-1.795250436661684,1.0
2021-09-03,1.57,0.001971739678038764,0.002715970859058281,0.0023370257888273,-0.05499999999999999,1.8154520281561712,63.0,0.030124970172007215,0.053903488550791634,-0.010856453558504175,0.0025125718197684943,0.050803527056038085,5.658621740318049,0.004149838833089412,0.007684017516161541,-2.4366299769821382,3.0,0.8207108908554221,0.03207134902964514,4.4142577169389465,0.0,0.7422680442036793,0.014477324260680123,0.0274192802455491,-0.028687661667928202,0.6282598419929319,0.3313018222647615,-0.0011799999999999589,0.017728105207036382,-1.423322553367278,0.0
2021-09-10,1.53,0.0009750666323478097,0.002715970859058281,-0.0048659123559463,-0.05499999999999999,1.827004145627024,63.0,0.030124970172007215,0.053903488550791634,-0.010856453558504175,0.0025125718197684943,0.050803527056038085,5.690477876377215,0.004149838833089412,0.007713958651924808,0.41958222649208715,3.0,1.1762891520284597,0.038172540616950405,4.455071508043536,0.0,0.867666697050717,0.016767171544636757,0.0274192802455491,0.004011303735227109,0.15431546501539534,0.32190438937282284,-0.0018500000000000183,0.013887301494644032,-1.2543634803831525,0.0
2021-09-17,1.58,0.010943228889090495,0.002715970859058281,-0.041266385995011,-0.05499999999999999,1.8351677897591467,63.0,0.030124970172007215,0.053903488550791634,-0.010856453558504175,0.0025125718197684943,0.050803527056038085,5.715431203868517,0.004149838833089412,0.009198649890206552,0.41958222649208715,3.0,1.4926756721674845,0.048697315854556104,4.494172529732256,-0.010000000000000002,0.7506689407000633,0.018293460533701095,0.0274192802455491,0.0022216301679581912,-0.8199426449475142,0.31287384877762253,-0.0021600000000000508,0.014577379735261681,-1.0904729865850253,1.0
2021-09-24,1.43,0.004859168849430162,0.002715970859058281,0.0468833171066239,-0.05499999999999999,1.8399880629585004,63.0,0.030124970172007215,0.053903488550791634,-0.010856453558504175,0.0025125718197684943,0.050803527056038085,5.733571849540759,0.004149838833089412,0.0069071797554846005,0.41958222649208715,3.0,1.4029920585098599,0.07245688373101405,4.531605118190597,-0.010000000000000002,0.8380125057623253,0.017956100468352342,0.0274192802455491,0.023499473389457307,-1.551435914971159,0.30242477842661714,-0.0011999999999999789,0.025319388391460602,-0.5857808978841529,1.0
2021-10-01,1.48,-0.004928606293840732,0.008308118552003085,-0.0200417642414294,0.0050000000000000044,1.858500368698703,58.0,0.03562870970876397,0.062218689033288976,-0.016705069124423932,0.0070433109997212195,0.014346081834252034,5.29208407398767,0.0067684929407049255,0.006551705119450113,1.9557703772672,12.0,1.3047580154068474,0.08790213714293471,4.558981654436853,0.010000000000000002,1.0480431529271494,0.015012042993973263,0.02591462635788958,0.019765036670287894,-1.307609359295421,0.29251774127278063,-0.000260000000000038,0.02695896352295514,0.06190734582894089,1.0
2021-10-08,1.56,0.001899980598914608,0.008308118552003085,0.0030455536343964,0.0050000000000000044,1.871720093263895,58.0,0.03562870970876397,0.062218689033288976,-0.016705069124423932,0.0070433109997212195,0.014346081834252034,4.747144890919669,0.0067684929407049255,0.006768073512682065,-0.029227812006160443,12.0,1.0302809868702774,0.11695542496430358,4.5832339218618765,0.010000000000000002,0.9544335334076357,0.014593727572088048,0.02591462635788958,0.006212155119854512,-0.5349817277781795,0.2870762665311834,0.0017800000000000038,0.03891382420467296,1.5208536886476052,1.0
2021-10-15,1.53,0.0019978657925678878,0.008308118552003085,0.0100651864846265,0.0050000000000000044,1.8797589029057804,58.0,0.03562870970876397,0.062218689033288976,-0.016705069124423932,0.0070433109997212195,0.014346081834252034,4.057282152074042,0.0067684929407049255,0.006982272049485873,-0.029227812006160443,12.0,0.9509555873389675,0.11770878107799089,4.604411288997979,0.0,1.0127200741066513,0.01475954210614919,0.02591462635788958,0.009618918667787885,1.409993605933917,0.27908842130774064,0.005640000000000089,0.06734771180716605,2.185613623634077,1.0
2021-10-22,1.66,0.009904678041660953,0.008308118552003085,0.0216328107274103,0.0050000000000000044,1.8826831642712567,58.0,0.03562870970876397,0.062218689033288976,-0.016705069124423932,0.0070433109997212195,0.014346081834252034,3.1280369858132273,0.0067684929407049255,0.007365345824947461,-0.029227812006160443,12.0,0.7771794977352644,0.12374368670768243,4.6225560172627125,0.009999999999999995,1.1018821918054753,0.014004436190873453,0.02591462635788958,-0.00033686472435059955,2.210863200878484,0.27480385161565307,0.009889999999999954,0.0953190132432222,1.9890120484522709,1.0
2021-10-29,1.59,-0.0010230073918764404,0.0,0.0216356525239206,0.0050000000000000044,1.8805167373513247,58.0,0.03562870970876397,0.062218689033288976,0.04085365853658529,0.0,0.005342152879843215,3.060417266673609,0.004750147569248199,0.007356685885444623,-0.35355339059327406,9.0,0.6177698181706515,0.10742937879639985,4.6377037018274905,-0.009999999999999995,1.3350097110103096,0.013581163378200804,0.014443949493749728,-0.0025257230024761934,2.1286097976414675,0.2685689128234984,0.014469999999999983,0.10425757937479,1.816436098402123,1.0
2021-11-05,1.54,0.002184385767435293,0.004913427504347645,0.0102008158249105,-0.03,1.8890696979465726,58.0,0.03897545981936834,0.06809002839806477,0.07621951219512191,0.006170384992260303,0.02111295813829326,3.6257625192714933,0.005005708586171849,0.007232765549813669,0.8497105142631318,4.0,0.9099722202730092,0.09006941767330844,4.728527715788083,0.0,1.1882067307119493,0.013019760021750166,0.01741731852647987,-0.016227789405411294,1.9660410809976183,0.2585905642898066,0.017689999999999984,0.09538455999616689,1.5849635850814723,0.0
2021-11-12,1.64,0.010291233535758115,0.004913427504347645,0.012523705350378,-0.03,1.891265013731472,58.0,0.03897545981936834,0.06809002839806477,0.07621951219512191,0.006170384992260303,0.02111295813829326,4.095776436206538,0.005005708586171849,0.005786424193058412,-0.5048193375882111,4.0,0.599666134370965,0.0689590976076828,4.81638731073407,0.0,1.01320704622951,0.01175061390838486,0.01741731852647987,-0.026051128257414,1.8130576683526984,0.25148510626427184,0.01929000000000003,0.09650129532782774,1.3381205025112375,1.0
2021-11-19,1.61,0.0013682142351303384,0.004913427504347645,-0.0028925536097201,-0.03,1.8871248726177932,58.0,0.03897545981936834,0.06809002839806477,0.07621951219512191,0.006170384992260303,0.02111295813829326,4.5004273301372475,0.005005708586171849,0.005777256901100162,-0.5048193375882111,4.0,0.9113207075255514,0.06475227519451264,4.901441903156329,0.0,0.8054566006930712,0.013022345328563655,0.01741731852647987,-0.015364524032159904,1.655723081949697,0.2403090016825105,0.01800999999999997,0.094566680933647,0.9333291005499812,0.0
2021-11-26,1.67,0.0007839796564137469,0.004913427504347645,0.004042888783345,-0.03,1.8766073435228812,58.0,0.03897545981936834,0.06809002839806477,0.03397773872290566,0.006170384992260303,0.021203341416332958,4.856082625073277,0.0023972269429592494,0.0054402884464616885,-0.35355339059327484,4.0,0.9159339257653589,0.06803360514172534,4.983835106424145,0.009999999999999995,0.49681536026896733,0.02002745430388362,0.012012944730175853,0.015238189068249905,1.5163802768549828,0.227685581409874,0.015940000000000065,0.0732778469736409,0.4843449435963596,1.0
2021-12-03,1.83,-0.003613202882222999,0.003072517161483601,0.0160613463277545,0.020000000000000004,1.8718311208401237,60.0,0.022463731281071153,0.07036402865545144,0.12419449326303456,0.006259571074712644,0.028862422720350053,4.925912644842121,0.0027391578672174605,0.005642553537249141,-1.2367182018258347,-3.0,0.6046601526082576,0.09745878249661862,4.986104371392046,0.0,0.43233905188854327,0.02006061466354449,0.031465025963967934,0.03275452070653588,1.36182539431783,0.21951509703914696,0.011009999999999964,0.06685538764447371,-0.6289935854474039,1.0
2021-12-10,1.82,0.001632525286108022,0.003072517161483601,-0.0010099389803735,0.020000000000000004,1.860528345509793,60.0,0.022463731281071153,0.07036402865545144,0.12419449326303456,0.006259571074712644,0.028862422720350053,4.993534280986236,0.0027391578672174605,0.005675416045447694,-0.17694777957549168,-3.0,0.5148590625098344,0.09455723890099811,4.985650601028617,0.0,0.5389735589135232,0.019990767346064184,0.031465025963967934,0.017070343514138803,1.1291924987548112,0.20756288912334048,0.0021200000000000108,0.08408116826670126,-2.0074707551535114,1.0
2021-12-17,1.92,0.010634398381261345,0.003072517161483601,-0.0059304130619114,0.020000000000000004,1.8425789156135062,60.0,0.022463731281071153,0.07036402865545144,0.12419449326303456,0.006259571074712644,0.028862422720350053,5.059036089399468,0.0027391578672174605,0.004739224239237065,-0.17694777957549168,-3.0,0.3666666637232274,0.07927123419903166,4.982473051346307,-0.009999999999999995,0.4431772466897208,0.019592572909811073,0.031465025963967934,0.014837250476409214,0.8677634753504716,0.1966549067221811,-0.0026399999999999757,0.09485891779724819,-1.8118005010065634,1.0
2021-12-24,1.92,0.0038632283108661625,0.003072517161483601,-0.0115215165573928,0.020000000000000004,1.817785947904677,60.0,0.022463731281071153,0.07036402865545144,0.12419449326303456,0.006259571074712644,0.028862422720350053,5.12249938994629,0.0027391578672174605,0.00508668304941663,-0.17694777957549168,-3.0,0.48173157797409916,0.07363035088492904,4.976566504928914,0.020000000000000004,0.5299606389360925,0.01935992607085785,0.031465025963967934,0.012586747856838193,0.4779599504064116,0.18430538956164358,-0.007010000000000072,0.10687108388792448,-1.5724632583153428,0.0
2021-12-31,1.95,-0.003758036379066243,0.0,-0.0101096307693599,0.05500000000000001,1.7872692657357168,64.0,0.01709508890376621,0.06583021767552832,0.08725212464589238,0.0,0.016785917654279957,4.980114302055583,0.0010263225324611631,0.005186672805232488,0.3535533905932788,-8.0,0.4690823035197118,0.07464200272927926,4.997548418582851,-0.010000000000000009,0.5500824067374535,0.018451963706702632,0.030848284505022267,0.0033422359926940926,-0.18363456866446362,0.16991646869827795,-0.008539999999999992,0.09023778112746887,-1.273624180915918,0.0
2022-01-07,2.07,0.0009433100465203736,0.008414573783545265,0.0042792519102216,0.15500000000000003,1.7611554886410206,64.0,0.013181341030033655,0.07479872468289117,0.0878186968838528,0.005529840802300345,0.02556038488455599,4.825572903413018,0.0015828009288640793,0.004461167191725677,-1.897971412353879,-8.0,0.4503703037832347,0.10762866054837641,5.017766324158865,0.04000000000000001,0.5103368872670098,0.015521993030084882,0.030822504141167346,0.010005512011269313,-1.0884487842503094,0.16904041124398403,-0.005879999999999996,0.11973184324007852,-0.8182587374539618,0.0
2022-01-14,2.09,0.002573319410918984,0.008414573783545265,-0.0481159926306745,0.15500000000000003,1.7265939911649395,64.0,0.013181341030033655,0.07479872468289117,0.0878186968838528,0.005529840802300345,0.02556038488455599,4.65766531148882,0.0015828009288640793,0.004220764792646692,0.5331407214588728,-8.0,0.5571794306700197,0.13043197460749012,5.037229421152946,0.03,0.6008403116453176,0.01631018227040411,0.030822504141167346,-0.028155096791677714,-1.276096796501251,0.16712399547732307,-0.00015999999999993797,0.1532446689819319,-0.08705788386008499,0.0
2022-01-21,2.16,0.00905251290412079,0.008414573783545265,0.0144407105677368,0.15500000000000003,1.6830644354013715,64.0,0.013181341030033655,0.07479872468289117,0.0878186968838528,0.005529840802300345,0.02556038488455599,4.474887192389935,0.0015828009288640793,0.004189279226065649,0.5331407214588728,-8.0,0.6349141088818422,0.13537645923237376,5.055946426583077,0.04000000000000001,0.6288501749382054,0.009420476893229505,0.030822504141167346,0.004136550857334803,-0.5366794421928708,0.1627024785643132,0.00653999999999999,0.15647911773034928,1.0362685735236703,1.0
2022-01-28,2.21,-0.0008287254813295064,0.008414573783545265,-0.0086969059919946,0.15500000000000003,1.6298484301702965,64.0,0.013181341030033655,0.07479872468289117,0.0005211047420532466,0.005529840802300345,0.017026650538486156,4.275331746012421,0.0013604616183691936,0.008239714039465412,0.35355339059327656,-8.0,0.8092824242074836,0.11482128971335068,5.07392559713983,0.01999999999999999,0.6632183606492206,0.013926275071593573,0.00018423834841920186,0.0064699390256339195,0.9025690247665409,0.15862186934955722,0.014000000000000012,0.1844247814149585,1.8626849498871751,1.0
2022-02-04,2.28,0.001436264493422268,0.009133979256476854,0.0322424076932381,0.16,1.5903464188775789,63.0,0.05429593086433182,0.07871063897739283,-0.03230849400729552,0.005286706165847699,0.0267054751051565,4.835127871986593,0.0027389778933030206,0.00858444780922394,2.155158943604739,16.0,0.5969263572204939,0.12281664614960384,5.254424265224108,0.04000000000000001,0.623746702484338,0.014547622488768187,0.01162872017549103,0.011328530681281784,1.9310991673120708,0.16326825588163968,0.018930000000000002,0.22918722851468423,1.6651831816935283,0.0
2022-02-11,2.35,0.0005407287170338115,0.009133979256476854,0.0096078803677355,0.16,1.5404727420574376,63.0,0.05429593086433182,0.07871063897739283,-0.03230849400729552,0.005286706165847699,0.0267054751051565,5.271257330671108,0.0027389778933030206,0.008559048454300664,-0.1071810747119855,16.0,0.3533654068553367,0.09493418773028123,5.426424092473243,0.12999999999999998,0.5654951498758412,0.015449123009187814,0.01162872017549103,0.014122704822394305,2.025914877932512,0.16647926870347593,0.025389999999999968,0.27609198777625477,1.5492442308001673,0.0
2022-02-18,2.29,0.003719752931090836,0.009133979256476854,-0.0403284236967125,0.16,1.479178662732884,63.0,0.05429593086433182,0.07871063897739283,-0.03230849400729552,0.005286706165847699,0.0267054751051565,5.612623135534622,0.0027389778933030206,0.008602802010830727,-0.1071810747119855,16.0,0.443792839503123,0.0742462120246425,5.590709541954872,-0.010000000000000009,0.5373058257006658,0.01852487331305631,0.01162872017549103,0.007579375302171704,1.8826680325248892,0.17284713252400075,0.029559999999999975,0.2795116915519725,1.3716954481765982,1.0
2022-02-25,2.39,0.00191852055760533,0.009133979256476854,0.0110972988423868,0.16,1.4049702750676207,63.0,0.05429593086433182,0.07871063897739283,-0.03230849400729552,0.005286706165847699,0.0267054751051565,5.875765089298193,0.0027389778933030206,0.008646328840159452,-0.1071810747119855,16.0,0.6131360295484174,0.05055054048044553,5.7479421197824765,-0.019999999999999962,0.48926823313643286,0.01896822043441921,0.01162872017549103,0.021608241629980096,1.7210964217732447,0.18217472924617495,0.029520000000000046,0.26221242751406326,1.0914589410985676,1.0
2022-03-04,2.43,-0.0026516193930441467,0.013351379548562692,0.0138151207148698,0.145,1.38917208042632,64.0,0.030544104015221674,0.08542455554842432,-0.027083333333333348,0.0027161752921707194,0.027851075833238953,6.35609943282828,0.002777844493530093,0.009414627284729778,1.5469419524993255,16.0,0.8570899074616363,0.08911268949246041,6.090413553684456,0.010000000000000009,0.7503405464535378,0.020933482944396536,0.012079328998343325,0.0011569102316495994,1.5785253952514133,0.18405397922901517,0.027079999999999993,0.23096072640780074,0.73523181854038,1.0
2022-03-11,2.51,0.0007067248922028035,0.013351379548562692,0.0107452048832944,0.145,1.3635257409976573,64.0,0.030544104015221674,0.08542455554842432,-0.027083333333333348,0.0027161752921707194,0.027851075833238953,6.720462438301054,0.0027778444935300933,0.010463130839955575,-0.5396611605203809,16.0,0.817307722286361,0.08569047288272728,6.403094792840007,0.06,0.6663618474925792,0.020951696923343845,0.012079328998343325,0.022853708039126397,1.4340031253324181,0.1938531265954953,0.021019999999999983,0.23676389686163307,-0.05967101675594586,1.0
2022-03-18,2.51,0.004888254050052776,0.013351379548562692,-0.0068189059645925,0.145,1.3274605854055508,64.0,0.030544104015221674,0.08542455554842432,-0.027083333333333348,0.0027161752921707194,0.027851075833238953,6.987020934451355,0.0027778444935300933,0.010357774001237831,-0.5396611605203809,16.0,0.9183430972086593,0.09895886591339513,6.69016409559167,0.019999999999999962,0.7046564648251614,0.02507201888035021,0.012079328998343325,-0.006523442913668603,1.2669771552987168,0.20847394952853338,0.01199,0.25082720289922805,-1.4956863487499386,1.0
2022-03-25,2.57,0.0009121868294428293,0.013351379548562692,-0.0128193311252754,0.145,1.280096303940489,64.0,0.030544104015221674,0.08542455554842432,-0.027083333333333348,0.0027161752921707194,0.027851075833238953,7.166696481750737,0.0027778444935300933,0.008026960299142799,-0.5396611605203809,16.0,1.1787251738604838,0.15334368495081108,6.954793696038052,0.13000000000000006,0.8681318557560196,0.02141632004661201,0.012079328998343325,-0.002661301644044989,1.102272466018609,0.24349911190039003,0.005759999999999987,0.3240563222650758,-1.7869680510163162,0.0
2022-04-01,2.58,-0.0028264517141137757,0.005582531025655202,-0.0230923644688522,0.12,1.2800927537840694,61.0,0.029234354755085068,0.08258629340882373,0.001077005923532548,0.005044005313849409,0.04179672638986581,7.525546236243987,0.0020318648879602916,0.008047888904130043,-0.14719198076253528,9.0,1.1674876553560427,0.17163083306081872,7.273684463268437,-0.020000000000000018,0.6154596486666966,0.0237798806842408,0.0028821732767442994,-0.011750466600065013,0.9557886157148934,0.2673700188849545,0.0023199999999999887,0.3857460304396775,-1.5345531288117549,0.0
2022-04-08,2.51,5.035166723321716e-05,0.005582531025655202,0.0133181317856215,0.12,1.275130476726996,61.0,0.029234354755085068,0.08258629340882373,0.001077005923532548,0.005044005313849409,0.04179672638986581,7.763920500524294,0.0020318648879602916,0.008559052375571839,-0.3864981927796689,9.0,1.4853522648632178,0.20679527488386468,7.575138943615754,0.16999999999999993,0.6564396938930506,0.02343308984975674,0.0028821732767442994,-0.016679525102006598,0.8655358137902657,0.3093248498668463,0.0024399999999999977,0.43610082386003224,-1.1486144986922353,0.0
2022-04-15,2.57,0.0031210867535684805,0.005582531025655202,0.0137118594029947,0.12,1.2651511255674963,61.0,0.029234354755085068,0.08258629340882373,0.001077005923532548,0.005044005313849409,0.04179672638986581,7.892742528132058,0.0020318648879602916,0.008756105020581655,-0.3864981927796689,9.0,1.7238806003344087,0.22487695047992332,7.861163297255991,0.09000000000000008,0.6941231607591232,0.021640586576600288,0.0028821732767442994,-0.0005626078561055958,0.9567900366568365,0.3520139750243116,0.006720000000000004,0.425740950746847,-0.6012002326563509,0.0
2022-04-22,2.44,-0.0010747882407280418,0.005582531025655202,0.0130594341507757,0.12,1.250034548254784,61.0,0.029234354755085068,0.08258629340882373,0.001077005923532548,0.005044005313849409,0.04179672638986581,7.917361642909534,0.0020318648879602916,0.009949282650626152,-0.3864981927796689,9.0,1.393406547340934,0.23862702517289147,8.13338556717402,0.039999999999999925,0.6425812793269434,0.023173080967665013,0.0028821732767442994,-0.00865170974068391,1.3150578458412792,0.39274160119504636,0.010230000000000017,0.42500420165987246,-0.08030539550365418,0.0
2022-04-29,2.57,-0.0018593431266330507,0.0,-0.0338129725313084,0.12,1.2295912884351181,61.0,0.029234354755085068,0.08258629340882373,-0.004817987152034298,0.0,0.03452204823974729,7.838759713510395,0.00017191105452709547,0.0086541063310782,-0.353553390593446,9.0,1.4715114200547363,0.1717972226617526,8.45090515201697,0.020000000000000018,0.646586968015342,0.017456130688112005,0.0017034156934378675,0.027487650698204108,1.7880220584487887,0.4277868878517033,0.014919999999999989,0.3423448553724389,0.8509606718213055,1.0
2022-05-06,2.65,8.647307213993649e-05,0.011023523999598828,-0.0398843702745634,0.185,1.2403415959671742,60.0,0.019110298059100916,0.08581511543676523,-0.08779443254817987,0.005331928925972562,0.053992039969168765,8.140402560448319,0.0004307745653430416,0.008438775675186565,-2.2736398699974965,16.0,1.719067062762846,0.162123189493157,8.778315529155494,0.0,0.6913712490329538,0.017052491639555176,0.029283858455314133,0.027235431892431994,1.8668122374853533,0.47120409126618396,0.01752999999999999,0.25642807401459555,1.5180095902881856,1.0
2022-05-13,2.68,0.00022774120545343557,0.011023523999598828,0.003636989903849,0.185,1.2471113622699015,60.0,0.019110298059100916,0.08581511543676523,-0.08779443254817987,0.005331928925972562,0.053992039969168765,8.400366292379966,0.0004307745653430416,0.008585518652769908,0.16355533124174065,16.0,1.5879771008654733,0.12749649855138187,9.077344878611227,0.18000000000000005,0.6902247700998705,0.01946039461441461,0.029283858455314133,0.019637726391364907,1.7711942956697628,0.4999548622160213,0.01881000000000005,0.15319805108787035,1.362645560536714,0.0
2022-05-20,2.62,0.0004350253321177,0.011023523999598828,-0.00783468171126,0.185,1.2499652644151409,60.0,0.019110298059100916,0.08581511543676523,-0.08779443254817987,0.005331928925972562,0.053992039969168765,8.622421576689085,0.0004307745653430416,0.014882692026993187,0.16355533124174065,16.0,1.7814867392582623,0.1572929478030626,9.350716412975956,0.0,0.7809059467756749,0.02043662410026173,0.029283858455314133,0.02402743141361019,1.6536973828381503,0.5198172320644807,0.01901999999999998,0.11102605871715492,1.0654002132275047,0.0
2022-05-27,2.57,-0.0035342455279503415,0.011023523999598828,-0.0028432987335544,0.185,1.2489301468503218,60.0,0.019110298059100916,0.08581511543676523,-0.08337816030123724,0.005331928925972562,0.03687366650359296,8.809435500992867,0.0003711892359836162,0.01674904148357708,0.35355339059330904,16.0,1.9226390013822852,0.19334923990394767,9.600622151785679,0.050000000000000044,0.73507237973954,0.020345788869830236,0.029478631275931998,0.020717909755687824,1.5881738950914797,0.536268319414159,0.021330000000000016,0.10525479290061279,1.1094034278161242,0.0
2022-06-03,2.54,8.626607126260843e-05,0.013736075758819855,0.0121369169748064,0.155,1.2689461059771308,71.0,0.012217594016755706,0.09059757964784154,-0.06562668101129643,0.006803326679517774,0.05839514999928162,8.781886953356782,0.0011102972989273064,0.016680329559030437,-2.3354657312620186,19.0,1.7520181090349713,0.2062591989290735,9.77890964814002,0.1299999999999999,0.7074116354070084,0.019325176454940994,0.031201592864041304,0.0023851738842000647,1.5533038893490803,0.5591876245024814,0.02308999999999997,0.10246079389548947,1.1916027830359348,0.0
2022-06-10,2.43,0.00035939226364400945,0.013736075758819855,-0.0248881168237424,0.155,1.284707654833495,71.0,0.012217594016755706,0.09059757964784154,-0.06562668101129643,0.006803326679517774,0.05839514999928162,8.714620782605227,0.0011102972989273064,0.01853910179560931,0.4687216915617425,19.0,1.6850729281635273,0.20962551644030203,9.943050507448172,0.17999999999999994,0.7017344794388314,0.01917864573550015,0.031201592864041304,-0.009829584002511271,1.5332473479637367,0.5866534689315297,0.024440000000000017,0.17010500958435928,1.2603771839613123,1.0
2022-06-17,2.37,0.001588427510586632,0.013736075758819855,-0.0031134183643732,0.155,1.296369980850888,71.0,0.012217594016755706,0.09059757964784154,-0.06562668101129643,0.006803326679517774,0.05839514999928162,8.60670579347198,0.0011102972989273064,0.01960548634528746,0.4687216915617425,19.0,1.1598755684874256,0.2177113095034818,10.093734896602747,0.24,0.529313211781302,0.019071588702663813,0.031201592864041304,-0.012905962180642994,1.503809844500369,0.6150961616564601,0.023769999999999986,0.24038287911457004,1.017365646463964,1.0
2022-06-24,2.46,0.00021561905956057892,0.013736075758819855,0.0271737097565735,0.155,1.3040430692523857,71.0,0.012217594016755706,0.09059757964784154,-0.06562668101129643,0.006803326679517774,0.05839514999928162,8.456585963250516,0.0011102972989273064,0.019720372440934775,0.4687216915617425,19.0,0.7791761151507162,0.25042463936283726,10.231557369930444,0.10000000000000009,0.4533423134548722,0.01896130849148142,0.031201592864041304,0.009903937283844477,1.3904266386496997,0.6368427910977696,0.015740000000000004,0.2598041845038226,-1.4931921134257853,1.0
2022-07-01,2.49,-0.002327310807080929,-0.00011811913833770227,0.015214849302848,0.10999999999999999,1.2941528231987696,76.0,0.00968659945597028,0.0852481474562552,-0.0005868544600938774,0.0035300119027377175,0.05341062776794834,7.856501472323087,0.0013971948686901817,0.018984081744750796,1.5494322989509273,25.0,0.5486486338454499,0.2398176390510256,10.196042174201684,0.0,0.442655601676599,0.01898950782199378,0.010407310729121058,-0.03075608705928451,1.2049659714531986,0.6470688930383711,0.006190000000000001,0.25856402909693255,-2.1549381892334236,1.0
2022-07-08,2.44,-0.002434719353775039,-0.00011811913833770227,-0.0181361683423444,0.009999999999999981,1.2812522243672504,76.0,0.00968659945597028,0.0852481474562552,-0.0005868544600938774,0.0035300119027377175,0.05341062776794834,7.1118535937166865,0.0013971948686901817,0.018979976894684242,0.0969925920886017,25.0,0.6423516274274295,0.2705021784966568,10.135284006896512,0.25,0.4054453372691842,0.01733537830293328,0.010407310729121058,-0.002891861459718592,0.9304309669291715,0.6610995400164782,-0.0033999999999999864,0.26602899949331027,-1.9793417617185518,1.0
2022-07-15,2.52,0.00045164949345188887,-0.00011811913833770227,-0.0209713210161939,0.009999999999999981,1.2652491945949722,76.0,0.00968659945597028,0.0852481474562552,-0.0005868544600938774,0.0035300119027377175,0.05341062776794834,6.170525473197886,0.0013971948686901817,0.016409932444697028,0.0969925920886017,25.0,0.9096352059488098,0.4167540384584631,10.048824999035281,0.3900000000000001,0.3590029195901525,0.01530185174766857,0.010407310729121058,-0.01082023337229937,0.449053885666294,0.6673165855419828,-0.01337000000000002,0.2549474735817131,-1.7897517297619217,1.0
2022-07-22,2.53,0.0003761297240616468,-0.00011811913833770227,-0.0286586801424372,0.009999999999999981,1.2460242035068751,76.0,0.00968659945597028,0.0852481474562552,-0.0005868544600938774,0.0035300119027377175,0.05341062776794834,4.92091298595941,0.0013971948686901817,0.01622694051424835,0.0969925920886017,25.0,1.0440886461430159,0.5475905013263723,9.935994258273903,0.1200000000000001,0.31400024072767097,0.016874131834593617,0.010407310729121058,0.004552136291453901,-0.4445786205115031,0.6679766164927026,-0.018979999999999997,0.1719634512662894,-1.5038130486319663,1.0
2022-07-29,2.56,-0.001034810606286185,0.0,-0.0388310928233628,0.009999999999999981,1.223425370160018,76.0,0.00968659945597028,0.0852481474562552,-0.01957397812320094,0.0,0.010606601717798148,2.999743578784834,0.0007174804992339894,0.016530008079079273,-0.3535533905932841,25.0,1.1024527387252805,0.5872149764536327,9.79588056369099,-0.08000000000000007,0.3336038785181623,0.01981548759543821,0.006920446332856569,-0.03986713898469782,-1.5265652970680412,0.6640783938077003,-0.018070000000000003,0.11764808297867317,-1.111313957976443,1.0
2022-08-05,2.5,-0.001730482910918818,-0.0003543992763505033,0.0171019822134098,0.04000000000000001,1.1892634816351795,72.0,0.010521402147261716,0.08262692503116242,-0.10362694300518138,0.004903621970395289,0.04570302814446324,2.7967013536553655,0.0008951748573808187,0.013511416969448228,-1.506854202945972,-2.0,0.9478261811020674,0.5563256369121662,9.786637856944829,0.16999999999999993,0.30360286654280255,0.01881524685665315,0.030111250382784182,-0.03014444583559381,-1.6837000046229071,0.6638107852940797,-0.013169999999999987,0.13963600640844734,-0.6473032935990173,0.0
2022-08-12,2.52,0.000509092220286611,-0.0003543992763505033,-0.0123808160022871,0.04000000000000001,1.1511240219740586,72.0,0.010521402147261716,0.08262692503116242,-0.10362694300518138,0.004903621970395289,0.04570302814446324,2.5289097681380204,0.0008951748573808187,0.014192591845633743,-0.10858904965944167,-2.0,1.2709141441186875,0.48913188405583835,9.755147150484246,0.04999999999999982,0.34555805161947384,0.01935444812697253,0.030111250382784182,-0.0204868652826648,-1.4134149025718812,0.6619548042698762,-0.00742000000000001,0.1516987145627339,-0.07030639589411274,0.0
2022-08-19,2.4,-0.0033084292641920587,-0.0003543992763505033,0.043109067593246,0.04000000000000001,1.1085965415764605,72.0,0.010521402147261716,0.08262692503116242,-0.10362694300518138,0.004903621970395289,0.04570302814446324,2.1725560982398755,0.0008951748573808187,0.014983365988665329,-0.10858904965944167,-2.0,1.4243054457068411,0.3996337609076064,9.701191791318461,0.11000000000000032,0.4565147157824041,0.021454062642246696,0.030111250382784182,0.004388461837656205,-1.0294125545020165,0.6610920395574708,0.0023299999999999987,0.16507574019215,1.135016662732172,0.0
2022-08-26,2.53,0.00018915762932381064,-0.0003543992763505033,0.0204045677343758,0.04000000000000001,1.0611536000220219,72.0,0.010521402147261716,0.08262692503116242,-0.08573106283029952,0.004903621970395289,0.04599626634902788,1.6719403743506753,0.0004425398831112089,0.01493929001671168,0.35355339059329827,-2.0,1.1272310687459535,0.31801841815487686,9.62439396928539,0.1499999999999999,0.3537969224704103,0.021106064254654205,0.030310507942817456,0.03016796114110401,-0.4440349097020211,0.6613436149793451,0.012450000000000017,0.15774640589064373,1.8372423836202918,0.0
2022-09-02,2.48,-0.0028631512446115615,0.0021507845130008807,-0.0080259330126701,0.03,1.013941701267961,69.0,0.024620187157526008,0.0820166964383362,-0.06048150322959478,0.005702530898544778,0.0457124439099721,1.6751578570848473,0.0008658732144985365,0.015159290499201034,2.1348809841157554,3.0,0.864601114374131,0.12153041947248978,9.568204006158513,0.04999999999999982,0.25371628804691126,0.01854107374575759,0.033145508457659026,-0.012569266867706708,0.6641336077352453,0.66467776472521,0.020790000000000003,0.17884051154986164,1.7060559454584023,0.0
2022-09-09,2.55,-0.0004183051322935727,0.0021507845130008807,0.0249297067958727,0.03,0.9613262497851152,69.0,0.024620187157526008,0.0820166964383362,-0.06048150322959478,0.005702530898544778,0.0457124439099721,1.6328361357322687,0.0008658732144985365,0.016814530697590195,-0.09847110591786115,3.0,0.6192789561959713,0.04062019202338546,9.484845418316002,0.14000000000000012,0.24483648014847326,0.01674619434782768,0.033145508457659026,-0.007159608181861704,1.8268667384661257,0.6703930546046719,0.02567999999999998,0.21881172598505727,1.434298817723779,0.0
2022-09-16,2.51,0.0011740568128788542,0.0021507845130008807,-0.0202243304384418,0.03,0.9023625201142482,69.0,0.024620187157526008,0.0820166964383362,-0.06048150322959478,0.005702530898544778,0.0457124439099721,1.5412282813989127,0.0008658732144985365,0.015828253753805328,-0.09847110591786115,3.0,0.5208618824596876,0.03739270364297051,9.373593408808793,0.1200000000000001,0.18257606178653973,0.01817414832497214,0.033145508457659026,0.033103209269834816,1.9038525310645673,0.6782094249807875,0.027639999999999998,0.27792277961434053,1.1899577423524164,0.0
2022-09-23,2.47,-0.0018065702913439008,0.0021507845130008807,0.0094949211864979,0.03,0.8357078742678193,69.0,0.024620187157526008,0.0820166964383362,-0.06048150322959478,0.005702530898544778,0.0457124439099721,1.3906279710423533,0.0008658732144985365,0.01614301293075242,-0.09847110591786115,3.0,0.32840471712562547,0.08564878449651722,9.233439784631111,0.040000000000000036,0.06434163680515459,0.015485729347067902,0.033145508457659026,-0.00047484657913529627,1.7019016961944775,0.6945640037854607,0.025150000000000006,0.3451293753279745,0.8433271497492473,1.0
2022-09-30,2.51,-0.0024084696469309774,0.0,-0.0178226602859673,0.024999999999999994,0.80344601343086,65.0,0.011036461145807586,0.07310124408418273,0.027617212588310958,0.0,0.002429920210262552,1.3922864426764898,0.0006837014595091966,0.01574819883949816,-0.35355339059328506,6.0,0.20412882088158102,0.12088217403743352,9.025270371519788,0.08999999999999986,0.047575128374018893,0.016176878926953905,0.0097641591493328,0.006011147455967203,1.4901704497968105,0.7134754178987114,0.018820000000000003,0.4026962698042777,0.25152104802039943,1.0
2022-10-07,2.64,-0.00415140945433079,0.004056494434112379,0.004021091630076,0.03,0.7675856028282436,65.0,0.010648183730078253,0.07745427330804922,0.023763648041104757,0.003933258669599482,0.007872551909624671,1.39283882771813,0.0007158259587272113,0.012384474258864102,-0.8071222808683067,6.0,0.212578629932469,0.12668859459326312,8.787503124402617,0.1200000000000001,0.16748583706478204,0.018012402602237586,0.010039688751265706,0.0348493467505914,1.243794757936749,0.7344355575782896,0.0072600000000000026,0.42863362643903874,-1.1064610275509743,1.0
2022-10-14,2.71,-9.59007783152277e-06,0.004056494434112379,-0.0179527144634947,0.03,0.7287655782897076,65.0,0.010648183730078253,0.07745427330804922,0.023763648041104757,0.003933258669599482,0.007872551909624671,1.3922864426764892,0.0007158259587272113,0.012025370443759792,-0.27062457536125095,6.0,0.19279117387616274,0.13217277653571127,8.517659766829565,0.3599999999999999,0.040471583379417586,0.019171136828750917,0.010039688751265706,0.004264850477300186,0.9755444825768986,0.7559532453800577,-0.0017100000000000032,0.43650396823592813,-1.8228167827054125,1.0
2022-10-21,2.91,-0.0017178962501179784,0.004056494434112379,-0.0329536204645654,0.03,0.686484033164751,65.0,0.010648183730078253,0.07745427330804922,0.023763648041104757,0.003933258669599482,0.007872551909624671,1.3906279710423517,0.0007158259587272113,0.012847498841444129,-0.27062457536125095,6.0,-0.060795470914153715,0.13771087725485576,8.212579101919015,0.2799999999999998,0.015401156669375915,0.019746372493212313,0.010039688751265706,0.013465384941885594,0.592505958788664,0.7839826342076097,-0.010300000000000004,0.4129597005589215,-1.7308712445584578,1.0
2022-10-28,2.89,-0.0023824549212584367,0.004056494434112379,0.0314175183274529,0.03,0.6400553388105056,65.0,0.010648183730078253,0.07745427330804922,-0.003750000000000031,0.003933258669599482,0.0078433346036049,1.3878594475497363,0.00013577828505435105,0.011855307881296285,0.3535533905935413,6.0,0.04754881890531859,0.21613487852334778,7.868163315972494,0.08999999999999986,0.051812873601372766,0.019418542409032208,0.0013258252147264273,-0.015009721462759584,-0.05535169812109876,0.7982688660494083,-0.015029999999999988,0.32690922724380905,-1.4455676006365976,1.0
2022-11-04,2.87,-0.0052985811220565004,-0.00101002644188819,0.0389220852911951,0.015000000000000013,0.6300787922370964,63.0,0.0008902953837490735,0.07110322794191726,-0.12437500000000001,0.0030928627016122423,0.021461313149556103,1.6323649667321936,0.0010289212830384851,0.00784783331505274,-2.4536740879906516,2.0,0.16026111935711707,0.2400855502286388,7.919728311685811,0.03000000000000025,0.13953493830066055,0.021247150639127365,0.04263870077937845,0.002410449976334217,-1.2136254873302617,0.8120770160149251,-0.017710000000000004,0.2459928860760069,-1.2106199350329223,1.0
2022-11-11,3.11,0.00023234184677201064,-0.00101002644188819,-0.0185348319340957,0.015000000000000013,0.6198864897967641,63.0,0.0008902953837490735,0.07110322794191726,-0.12437500000000001,0.0030928627016122423,0.021461313149556103,1.8313509095324583,0.0010289212830384851,0.014911078309233257,0.4038454812713611,2.0,0.22709253238755478,0.3381039569633919,7.957276567838493,0.07000000000000028,0.1011263532165041,0.02743895424158859,0.04263870077937845,0.03034020766474177,-1.7894760405568089,0.8148182671286228,-0.01693,0.15443445211481824,-0.9334699799960884,1.0
2022-11-18,3.02,-0.006137423627871175,-0.00101002644188819,0.035958406758229,0.015000000000000013,0.609467607143003,63.0,0.0008902953837490735,0.07110322794191726,-0.12437500000000001,0.0030928627016122423,0.021461313149556103,1.9984609462897585,0.0010289212830384851,0.014048492575915046,0.4038454812713611,2.0,0.24442248807318712,0.378472021989195,7.981005920639114,0.05999999999999961,0.052299650942661424,0.02663088144770226,0.04263870077937845,-0.031470893133256295,-1.6024455340699464,0.8141215921577882,-0.012800000000000006,0.1387636737149235,-0.5127477643570744,1.0
2022-11-25,2.92,-0.0004903995307004028,-0.00101002644188819,-0.0165766523805571,0.015000000000000013,0.5988103173786757,63.0,0.0008902953837490735,0.07110322794191726,-0.12437500000000001,0.0030928627016122423,0.021461313149556103,2.141171498179112,0.0010289212830384851,0.013805639268236896,0.4038454812713611,2.0,0.2895171899050588,0.3996426975615906,7.9910394765345085,0.07000000000000028,0.11929562834023888,0.02673305961241174,0.04263870077937845,-0.009393450303586903,-1.3586000520540287,0.8058256962832484,-0.007879999999999998,0.11166755507822218,0.17681627086942436,0.0
2022-12-02,2.72,-0.004270077098936453,-0.0030700914645410693,-0.0024884205300427,0.18499999999999997,0.6231166408323595,59.0,-0.008016099812473643,0.0645440133141082,-0.11543287327478047,0.0035594772329976543,0.02889134757474222,2.157277486519838,0.00414450613800836,0.012980351096411437,-2.3974050305055163,-6.0,0.5200871693413553,0.38607687983467415,7.861642949425442,-0.07000000000000028,0.20706309656457345,0.026854583699557805,0.04319090527452553,-0.006716725748758923,-1.1701560218452964,0.7873394878195646,-0.004799999999999999,0.1156889302026493,1.0529429137562676,0.0
2022-12-09,2.76,-0.00021445438889466928,-0.0030700914645410693,0.0390064668028725,0.18499999999999997,0.6463121928717949,59.0,-0.008016099812473643,0.0645440133141082,-0.11543287327478047,0.0035594772329976543,0.02889134757474222,2.1554938752297668,0.00414450613800836,0.01010153319023067,0.44383101515142315,-6.0,0.591082792720464,0.35492453926355894,7.710543994283418,-0.03000000000000025,-0.009069367133883288,0.02131815461732758,0.04319090527452553,-0.0010189920700186539,-1.0379630644080269,0.7719088355350704,-0.0031899999999999984,0.12188988004402798,1.4429888987228272,1.0
2022-12-16,2.65,7.899579795944689e-05,-0.0030700914645410693,-0.0264519138955285,0.18499999999999997,0.6685126056528656,59.0,-0.008016099812473643,0.0645440133141082,-0.11543287327478047,0.0035594772329976543,0.02889134757474222,2.1357758453399662,0.00414450613800836,0.010666385893449166,0.44383101515142315,-6.0,0.7886178325981126,0.30366511159502946,7.536437380229525,0.0,0.04840531012745597,0.022016665340957937,0.04319090527452553,-0.006419730621812725,-1.079663231149603,0.7498480489612238,-0.00653999999999999,0.14890073395196154,0.7139013791009705,1.0
2022-12-23,2.72,-0.0022138046951719614,-0.0030700914645410693,-0.0075491773941897,0.18499999999999997,0.6898139661302247,59.0,-0.008016099812473643,0.0645440133141082,-0.11543287327478047,0.0035594772329976543,0.02889134757474222,2.097617696340108,0.00414450613800836,0.010935863353558003,0.44383101515142315,-6.0,0.361297257809279,0.2622839246749202,7.337685531506042,0.03000000000000025,0.07819483089140666,0.021152181796487115,0.04319090527452553,-0.06206054397883598,-1.3261289034225083,0.7334840874113797,-0.010160000000000002,0.1511621645783234,-0.02931949038579755,1.0
2022-12-30,2.87,-0.001546165871768701,0.0,-0.0040227354932747,0.22999999999999998,0.71029716493122,59.0,-0.008016099812473643,0.0645440133141082,0.0064239828693790635,0.0,0.019330079556245893,2.039984916987779,0.004163275103583396,0.010254574667041862,0.3535533905932739,-6.0,0.19973187178270746,0.14530755559952205,6.8182613460326085,0.08000000000000007,0.06714536781320612,0.02089999423048764,0.002271220924583114,0.0036086929938937973,-1.7470032673351534,0.7178981754726369,-0.017350000000000004,0.10239105708719072,-1.3840061136393742,1.0
2023-01-06,2.78,-0.005115090112240761,0.007995363834540026,-0.0346351088518893,0.31,0.740401343390879,68.0,0.003188082918103907,0.06410146968856267,0.0064239828693790635,0.004140759271916483,0.03341106335137883,2.0636040168745313,0.005224695411345211,0.006966976188147391,1.5215858028224898,-10.0,-0.052604662167073934,0.19695902401992202,6.252842490874299,0.25,-0.06501907203550406,0.012450906577448937,0.002271220924583114,0.01106817600910448,-1.8995645611666285,0.7016126650973956,-0.022680000000000006,0.109144399764732,-1.8071611754400283,1.0
2023-01-13,2.79,0.00013611632844656718,0.007995363834540026,-0.005278729893031,0.31,0.7687673609114637,68.0,0.003188082918103907,0.06410146968856267,0.0064239828693790635,0.004140759271916483,0.03341106335137883,2.0505158825560303,0.005224695411345211,0.005581683412431701,0.10460480926447228,-10.0,-0.19779449952349848,0.22853571149515123,5.578184181541005,0.0,-0.04724408373765698,0.013022211018835975,0.002271220924583114,-0.02195140805366358,-1.8225517164762994,0.6830652179741443,-0.024430000000000007,0.08843884085305387,-1.4906736443207858,1.0
2023-01-20,2.7,-0.002297443747122707,0.007995363834540026,-0.0094528586767375,0.31,0.7955811587968908,68.0,0.003188082918103907,0.06410146968856267,0.0064239828693790635,0.004140759271916483,0.03341106335137883,1.9999999999997842,0.005224695411345211,0.005597051472239526,0.10460480926447228,-10.0,-0.20630158357867778,0.26763180998212766,4.747945495194309,0.04999999999999982,-0.04498475286012682,0.012676939660038493,0.002271220924583114,0.0032067720617960926,-1.6545630707705576,0.6610556482897475,-0.020899999999999974,0.08843884085305162,-0.833362904337252,1.0
2023-01-27,2.8,-0.00217716045361549,0.007995363834540026,0.0046964761577005,0.31,0.8209948382203749,68.0,0.003188082918103907,0.06410146968856267,0.0,0.004140759271916483,0.0301525466893929,1.9090875790844455,0.0026174597288485106,0.00502147921159522,-0.35355339059327456,-10.0,-0.3298124577538103,0.28955322728057403,3.657674425383981,0.010000000000000675,-0.08223910867018913,0.012073209218213884,0.0,-0.0025257641888402904,-1.4827101256479474,0.6382410075437324,-0.016630000000000034,0.09156379509080682,-0.17904634125818175,1.0
2023-02-03,2.78,-0.004361814695302835,0.005582110505732318,0.0127519048124071,0.28,0.8613439637636647,69.0,-0.001634816837026265,0.06035613077866597,0.1475177304964539,0.004893570621394172,0.030561754642052196,3.0944118367443796,0.0025928057518586024,0.005166623675028424,0.10175561903865346,12.0,-0.4728783745067755,0.2888894993888971,4.0431309642359015,-0.03000000000000025,-0.20496152821297453,0.019493083548158586,0.0521553937896461,-0.006790126244362427,-1.25944952339625,0.6189492629006677,-0.007239999999999969,0.08843884085305062,1.216744025226637,1.0
2023-02-10,2.82,0.00020857023267617514,0.005582110505732318,0.037910883757625,0.28,0.8984729768738767,69.0,-0.001634816837026265,0.06035613077866597,0.1475177304964539,0.004893570621394172,0.030561754642052196,3.848875959789462,0.0025928057518586024,0.005143164726502851,-0.42243959319454144,12.0,-0.36209085290571796,0.2824257171617177,4.345209390299474,0.08999999999999986,-0.14371640679604514,0.01925811649272908,0.0521553937896461,-0.005423320670426585,-0.9441028636893548,0.6002500735773325,0.0038900000000000046,0.1188561555590994,1.9336679976677702,0.0
2023-02-17,2.86,-0.005998789146035022,0.005582110505732318,0.0132093143217829,0.28,0.9327664890882458,69.0,-0.001634816837026265,0.06035613077866597,0.1475177304964539,0.004893570621394172,0.030561754642052196,4.3999999999998956,0.0025928057518586024,0.005214986612697718,-0.42243959319454144,12.0,-0.48657188537700524,0.22576457396404795,4.5804358042503805,0.04999999999999982,-0.16174375102990968,0.02020817047136079,0.0521553937896461,-0.0034792752051502063,-0.41755194699934495,0.5803578497667211,0.014579999999999982,0.16248076809273,1.8490582087337073,0.0
2023-02-24,3.02,-0.0003073430663010912,0.005582110505732318,0.0305791595926359,0.28,0.9645269943823873,69.0,-0.001634816837026265,0.06035613077866597,0.1475177304964539,0.004893570621394172,0.030561754642052196,4.818074942738565,0.0025928057518586024,0.006185003390688492,-0.42243959319454144,12.0,-0.4516778321594995,0.11157956802222131,4.758734130827172,0.020000000000000462,-0.1667212277936213,0.02090606279251728,0.0521553937896461,-0.0003101779424682094,0.71934984027698,0.5625236713638593,0.025380000000000014,0.22912488796662484,1.6739540448705381,1.0
2023-03-03,3.19,-0.005070989800994741,0.0033107299561230263,0.0071184907956232,0.08000000000000002,1.0326309245969765,66.0,-0.0036512224493961964,0.04984974122099173,0.049645390070921946,0.003367058722950844,0.029494045075730238,5.653725796730367,0.0013490425109510989,0.006162073912490453,2.31597380438736,4.0,-0.40011958004105586,0.12694205652308885,5.322587685343551,0.04999999999999982,-0.3112033186810882,0.020422456905015336,0.0638658396707527,-0.0007274303413804806,1.8561768380490955,0.5298627771360219,0.030949999999999978,0.2780255640866851,1.417375585375678,1.0
2023-03-10,3.52,0.0003116425034810355,0.0033107299561230263,0.0018925333405745,0.08000000000000002,1.0921523158415585,66.0,-0.0036512224493961964,0.04984974122099173,0.049645390070921946,0.003367058722950844,0.029494045075730238,6.302258447450449,0.0013490425109510989,0.009182305439235596,-0.47477943391565985,4.0,-0.4857142612056482,0.14686607115725644,5.7916307224593595,0.09999999999999964,-0.29863716252682626,0.01706140466369579,0.0638658396707527,0.0039950688493087805,1.8915699091917069,0.5007027866339623,0.03253,0.2655418987655352,1.1621648427171007,1.0
2023-03-17,3.48,0.035603802939794704,0.0033107299561230263,-0.0151213387115313,0.08000000000000002,1.144431075506315,66.0,-0.0036512224493961964,0.04984974122099173,0.049645390070921946,0.003367058722950844,0.029494045075730238,6.817285721999893,0.0013490425109510989,0.009289170163511168,-0.47477943391565985,4.0,-0.5192267942677563,0.13739931378502881,6.187462387715366,-0.4900000000000002,-0.3625596961883195,0.027768194000273427,0.0638658396707527,-0.0005633129690020833,1.706132340533201,0.4722812963966729,0.0315,0.3430951554806493,0.8962384245930862,1.0
2023-03-24,3.59,0.010936881460303471,0.0033107299561230263,0.0027213580513395,0.08000000000000002,1.190421792136464,66.0,-0.0036512224493961964,0.04984974122099173,0.049645390070921946,0.003367058722950844,0.029494045075730238,7.227405109400163,0.0013490425109510989,0.01022363122908657,-0.47477943391565985,4.0,-0.6022258049440763,0.16348328879219196,6.523423394993035,0.22000000000000064,-0.39192272863583677,0.027774843172812463,0.0638658396707527,0.004251316298728797,1.4568222970770528,0.45632541113187397,0.018729999999999997,0.41639395837527854,-0.004156080357728105,1.0
2023-03-31,3.28,-0.0031881931629429427,0.0,0.0275059221813566,0.08000000000000002,1.2351941446279173,65.0,-0.0041354495268138836,0.04402145903448185,-0.08529048207663781,0.0,0.025895539819238256,7.257992941472213,0.001331073628557082,0.010232369545889549,-0.3535533905932766,-4.0,-0.6125873843721951,0.18730704357138905,6.722326098528528,0.10999999999999943,-0.2377354615914501,0.0238526207307123,0.030154739123530228,0.0033490814896985077,1.1743119594677647,0.43552723721829656,0.003970000000000001,0.43304363026638565,-1.3672623467569742,1.0
2023-04-07,3.33,-0.00844917184148486,0.005059038683258521,-0.0303290681825372,0.14,1.277262448285095,65.0,-0.001843454258675048,0.049303203981889254,-0.08899876390605688,0.004545350273802429,0.028918530041456142,7.234213582266218,0.0014575385932680193,0.01051669276561001,1.058783856186577,-4.0,-0.6796750625858277,0.23458169457269584,6.899734403701666,0.10000000000000053,-0.17870959501550387,0.024153052402804753,0.029983557208403983,-0.010284988957950103,0.9046284121362372,0.42542995729866867,-0.0031799999999999884,0.45071371971891516,-1.6764360114509929,1.0
2023-04-14,3.33,-0.002037328274553163,0.005059038683258521,-0.0409890048768075,0.14,1.3148155651578097,65.0,-0.001843454258675048,0.049303203981889254,-0.08899876390605688,0.004545350273802429,0.028918530041456142,7.155525030459841,0.0014575385932680193,0.010633331113662456,-0.520257048706518,-4.0,-0.7104109552354432,0.2630046170154722,7.057269499625353,0.1899999999999995,-0.22842450680011284,0.02333855456571088,0.029983557208403983,-0.0012387244266559017,0.5333001618584303,0.4182475740306589,-0.011170000000000013,0.4394477053237264,-1.5801292484665228,1.0
2023-04-21,3.37,-0.0024996526325576918,0.005059038683258521,0.0066358817704869,0.14,1.3482308410169004,65.0,-0.001843454258675048,0.049303203981889254,-0.08899876390605688,0.004545350273802429,0.028918530041456142,7.020081086535772,0.0014575385932680193,0.007603309875166724,-0.520257048706518,-4.0,-0.6582491479290606,0.2340787413305283,7.19623665683053,0.0,-0.23709216244339149,0.022411901786332195,0.029983557208403983,-0.024446154367552597,-0.03941999385992307,0.4126498996343056,-0.01344999999999999,0.3814610071816017,-1.2613659377905178,1.0
2023-04-28,3.3,-0.003548710193089666,0.005059038683258521,0.0230354045885066,0.14,1.3778093673157035,65.0,-0.001843454258675048,0.049303203981889254,-0.004054054054054013,0.004545350273802429,0.009694205871105819,6.824503363164599,0.0008137077455856399,0.007632383285130887,-0.3535533905932809,-4.0,-0.6673108641923136,0.18359505128725753,7.3176937988639486,-0.040000000000000036,-0.2665966473515966,0.022112446331119206,0.0014333245564609753,-0.003672545898802504,-0.9422056384311328,0.4058313163313807,-0.010789999999999994,0.2577616562419093,-0.8789624424486869,1.0
2023-05-05,3.22,-0.006863901953200191,0.0025184350102023245,-0.0352505149881385,0.18,1.4298689773723567,63.0,-0.003995717112307395,0.040476092727919744,0.06418918918918926,0.003647229997324919,0.029098607091179996,6.713018351279411,0.0014861203496389355,0.0062944411192106964,-2.0799546014917043,-2.0,-0.7343031176007391,0.21490446382394415,7.364768767892178,0.16000000000000014,-0.3500956680370201,0.02214422559238934,0.024471756837836672,-0.0020602302110472037,-1.5713897766977885,0.40347262406645146,-0.00842000000000001,0.13989153961960213,-0.5723743590943321,1.0
2023-05-12,3.03,-0.00011488719300600803,0.0025184350102023245,0.0194911464997541,0.18,1.474852354077134,63.0,-0.003995717112307395,0.040476092727919744,0.06418918918918926,0.003647229997324919,0.029098607091179996,6.580741131981457,0.0014861203496389355,0.005979170500025582,0.07589750631696338,-2.0,-0.7042933575831855,0.16953191861298664,7.402941610921708,-0.009999999999999787,-0.36609645877734265,0.011100426042723948,0.024471756837836672,-0.005433270159833803,-1.422645075599172,0.39710452784274536,-0.006709999999999994,0.12291111771171459,-0.26588465048018,1.0
2023-05-19,2.88,-0.00544006909547512,0.0025184350102023245,-0.0112372445465908,0.18,1.5133906218448305,63.0,-0.003995717112307395,0.040476092727919744,0.06418918918918926,0.003647229997324919,0.029098607091179996,6.4263879075620896,0.0014861203496389355,0.0056241017403646605,0.07589750631696338,-2.0,-0.6801930001746181,0.14139610016859114,7.432349494239353,0.040000000000000036,-0.36810031855062664,0.01311897140851929,0.024471756837836672,0.00013905560341570533,-1.2194351796228673,0.3872504305067056,-0.004129999999999995,0.11671087597747444,0.466728544130717,1.0
2023-05-26,2.95,-0.002424687468959741,0.0025184350102023245,0.0039288779802277,0.18,1.5459658522538349,63.0,-0.003995717112307395,0.040476092727919744,0.06418918918918926,0.003647229997324919,0.029098607091179996,6.248322851896911,0.0014861203496389355,0.006545629262425898,0.07589750631696338,-2.0,-0.7500859476142461,0.10649446665719622,7.453096170983686,0.04999999999999982,-0.36847137949359043,0.014387568695067441,0.024471756837836672,0.007837218592550405,-1.0539605161579133,0.3761824995949905,-0.002050000000000024,0.20513062040702984,1.308456528061416,1.0
2023-06-02,3.04,-0.005974333397935405,0.003228914236486524,-0.0164005297508265,-0.014999999999999958,1.6034845390087633,72.0,-0.008893464531073647,0.029691776545588855,-0.006784260515603768,0.002177785289873002,0.04340197264189718,6.8353155348920875,0.0028977720690644875,0.005752704544942137,-2.2821462116441364,11.0,-0.7451601558596815,0.11476684439095666,8.017514763717012,0.16000000000000014,-0.3964835853776211,0.011349325634986163,0.03715132628053287,0.00814855235419279,-0.9757460169757807,0.369832367961734,-0.001799999999999996,0.23259022826790585,1.2584260522551118,1.0
2023-06-09,3.13,0.0004139113321075527,0.003228914236486524,-0.0066786392415348,-0.014999999999999958,1.6505573837760825,72.0,-0.008893464531073647,0.029691776545588855,-0.006784260515603768,0.002177785289873002,0.04340197264189718,7.233362873625036,0.0028977720690644875,0.004568011579448479,0.48396763364974044,11.0,-0.7453107512604126,0.11476684439095662,8.502217792472933,-0.1299999999999999,-0.41849673296005974,0.01173577391356528,0.03715132628053287,-0.019246921406595494,-0.9284842647750934,0.3681339249879383,-0.0010799999999999976,0.26601557419498695,1.090081091234723,1.0
2023-06-16,2.8,-0.00011943749944121063,0.003228914236486524,0.0423526326991686,-0.014999999999999958,1.6880584845400726,72.0,-0.008893464531073647,0.029691776545588855,-0.006784260515603768,0.002177785289873002,0.04340197264189718,7.472719616146252,0.0028977720690644875,0.005701875370792736,0.48396763364974044,11.0,-0.6209677336287562,0.11476684439095662,8.9202094003785,-0.03000000000000025,-0.3448338775207783,0.011177105788893693,0.03715132628053287,-0.0067584636750351035,-1.0031451691414897,0.3680220561132829,-0.002009999999999984,0.30558784100718417,0.7248521835874615,1.0
2023-06-23,2.82,-0.0031308999426941098,0.003228914236486524,0.024697030958986,-0.014999999999999958,1.716615267644468,72.0,-0.008893464531073647,0.029691776545588855,-0.006784260515603768,0.002177785289873002,0.04340197264189718,7.5684568084608195,0.0028977720690644875,0.005781911187218327,0.48396763364974044,11.0,-0.5612539897740658,0.11463451238000237,9.280507963160915,0.07000000000000028,-0.3573685012351864,0.012549690103926587,0.03715132628053287,-0.004172167575177604,-1.3612852201685317,0.36508847251071525,-0.0040200000000000236,0.3100575983357262,-0.0929644818274069,1.0
2023-06-30,2.6,-0.0025288027112936318,0.0,0.0120877479650638,-0.014999999999999958,1.7519506334835362,76.0,-0.010900684627011548,0.029813417219079374,-0.07047619047619047,0.0,0.031160637815000346,7.13992027535742,0.0028339310462044995,0.0060021957890594516,0.3535533905932742,10.0,-0.5116928293261676,0.09963325606600953,9.298368302664745,0.019999999999999574,-0.3485197898106386,0.010570691646084217,0.024917096098954636,0.002034711697310801,-1.8021948272231394,0.3552299936890404,-0.006099999999999994,0.2792560269205193,-1.2454776932929348,1.0
2023-07-07,2.62,-0.005107593724141046,0.0019075150192227053,0.0071152942812125,0.10499999999999998,1.7729746569546068,76.0,-0.0031247838929887584,0.03177780177942169,-0.0336507936507936,0.0020692652486684615,0.04721476736782223,6.77336412268379,0.004243500471628671,0.005927948375284326,1.8571563314222708,14.0,-0.572091473078338,0.11609724987526773,9.296583812790029,0.03000000000000025,-0.2951617524090765,0.010918840713099455,0.0302782481924171,-0.004074546964963996,-1.9412960354621913,0.35614006599421066,-0.00874999999999998,0.21148708167236088,-1.9205236272678254,1.0
2023-07-14,2.59,-0.00016738343894517893,0.0019075150192227053,0.0079856404648995,0.10499999999999998,1.7877319634217057,76.0,-0.0031247838929887584,0.03177780177942169,-0.0336507936507936,0.0020692652486684615,0.04721476736782223,6.331362716363062,0.004243500471628671,0.011737687214313215,0.004535462892598944,14.0,-0.638112869316031,0.11764808297885868,9.275143154851069,0.03000000000000025,-0.22717490522476347,0.012326525464106982,0.0302782481924171,-0.009392621174538804,-1.946993458213418,0.3462938882128883,-0.012880000000000003,0.1539422433437971,-1.931819751225296,1.0
2023-07-21,2.56,-0.0026963007852429666,0.0019075150192227053,-0.0107797869883103,0.10499999999999998,1.796377003491285,76.0,-0.0031247838929887584,0.03177780177942169,-0.0336507936507936,0.0020692652486684615,0.04721476736782223,5.796683401871871,0.004243500471628671,0.01129513959347337,0.004535462892598944,14.0,-0.6730931282127184,0.11488348134411398,9.233909408059704,0.009999999999999787,-0.18616681965738147,0.01040579400945039,0.0302782481924171,-0.006619088622614788,-1.8580388491439066,0.32826036046623,-0.014960000000000029,0.14421586003529951,-1.611302397489663,0.0
2023-07-28,2.73,-0.003771563705201153,0.0019075150192227053,0.0295525868136433,0.10499999999999998,1.7989978963582498,76.0,-0.0031247838929887584,0.03177780177942169,0.039617486338797914,0.0020692652486684615,0.04020155375904822,5.140487854728747,0.0027794944619830802,0.011465186237367237,-0.35355339059327456,14.0,-0.6794264209387891,0.08880154438827709,9.172615648115226,0.019999999999999574,-0.1829243603032914,0.010389260289938047,0.014006896621864894,0.00181351228224029,-1.7459379707992686,0.3040510793000984,-0.01599999999999996,0.1148912529307917,-1.3288576513903068,0.0
2023-08-04,2.64,-0.004437519530908762,0.004367155068353501,0.0035344491443447,0.14,1.790796786617077,70.0,-0.0025421306219911566,0.03665112384399549,0.06625683060109289,0.0020067322630761275,0.04293329021236754,5.314711078332689,0.002822923579301908,0.011841823540794914,-0.555151576682699,-10.0,-0.6804315648217649,0.09523467255769606,9.05130341521721,0.020000000000000462,-0.06954277376527196,0.010888157904550078,0.015556736717815656,0.0031892490594249007,-1.6606971711318537,0.2877422908484428,-0.01744000000000001,0.08601287279077247,-1.2244101169925936,1.0
2023-08-11,2.67,0.00017997349503406923,0.004367155068353501,0.004430044951777,0.14,1.7780809453450905,70.0,-0.0025421306219911566,0.03665112384399549,0.06625683060109289,0.0020067322630761275,0.04293329021236754,5.478910616031248,0.002822923579301908,0.012162748988299336,-0.3185373945347386,-10.0,-0.6840784566834104,0.1185628224072429,8.923231327004117,0.0,-0.09664452438274729,0.011741941839323521,0.015556736717815656,-0.0031814240010053924,-1.5543630793932979,0.2723870792921978,-0.01584000000000002,0.07923743703943836,-0.7597703361361087,1.0
2023-08-18,2.72,-0.007616004452110969,0.004367155068353501,-0.0159081725625619,0.14,1.7607525614989559,70.0,-0.0025421306219911566,0.03665112384399549,0.06625683060109289,0.0020067322630761275,0.04293329021236754,5.633962944636471,0.002822923579301908,0.01232528006809902,-0.3185373945347386,-10.0,-0.7267566412442059,0.14007650970614874,8.788103847290555,0.009999999999999787,-0.10488043401060987,0.010616178636283315,0.015556736717815656,0.002947615998299999,-1.429050618127706,0.26575002713659607,-0.012469999999999981,0.06885543862745473,0.14993354658162522,1.0
2023-08-25,2.73,-0.0008177293444772138,0.004367155068353501,0.0176066279419409,0.14,1.7386737286896523,70.0,-0.0025421306219911566,0.03665112384399549,0.06625683060109289,0.0020067322630761275,0.04293329021236754,5.7806041739063065,0.002822923579301908,0.012551619268629261,-0.3185373945347386,-10.0,-0.726764189855884,0.14040757000359236,8.645590162674202,0.0600000000000005,-0.14216630211288173,0.011931840545859334,0.015556736717815656,0.008859726463567391,-1.2985817461017364,0.25941654862668634,-0.008740000000000026,0.09318759880711878,1.4102571106417703,0.0
2023-09-01,2.55,-0.0021808399145553103,0.002485131552376618,0.0156374222475175,0.445,1.7129554393480149,68.0,-0.002672476942852109,0.0369969812134443,0.009855453350854138,0.003097745332385715,0.012250964879565918,6.30030524291042,0.0007106814632740792,0.012349260710818166,2.3371974843843457,-3.0,-0.6852947842396043,0.14525224365131925,8.959267638675131,-0.08000000000000007,-0.015195115150104632,0.013150467391065535,0.011211285443431716,0.0064971736089141086,-1.1730273630350876,0.255974979334452,-0.005469999999999975,0.08928285709718542,1.8455304190338884,0.0
2023-09-08,2.51,-0.0024624088017262125,0.002485131552376618,-0.0128374869231518,0.445,1.6823083730487685,68.0,-0.002672476942852109,0.0369969812134443,0.009855453350854138,0.003097745332385715,0.012250964879565918,6.75277720645353,0.0007106814632740792,0.002480084174613907,-0.19961910313217815,-3.0,-0.674212096051799,0.13413745615183237,9.228027181970429,0.019999999999999574,0.008295900600391759,0.011800418531037441,0.011211285443431716,0.00013184552757639079,-0.9674685659871507,0.25884270805131115,0.00034000000000000696,0.08124038404640987,1.8737033727371928,0.0
2023-09-15,2.49,-0.00031340579397076684,0.002485131552376618,-0.0046189825393273,0.445,1.6464573208406312,68.0,-0.002672476942852109,0.0369969812134443,0.009855453350854138,0.003097745332385715,0.012250964879565918,7.150793393312692,0.0007106814632740792,0.0024858908332930658,-0.19961910313217815,-3.0,-0.6594538801917764,0.10920982425731204,9.455699678514003,0.009999999999999787,0.06650212656709154,0.011838162385800878,0.011211285443431716,-4.9422044964900214e-05,-0.6423744467863808,0.2665977475043308,0.004799999999999971,0.0855235974120248,1.6677580606467728,0.0
2023-09-22,2.38,-0.009222254366985427,0.002485131552376618,0.0062507271785131,0.445,1.6050536063169656,68.0,-0.002672476942852109,0.0369969812134443,0.009855453350854138,0.003097745332385715,0.012250964879565918,7.503025030971364,0.0007106814632740792,0.0035307396792295972,-0.19961910313217815,-3.0,-0.6137961251603947,0.10992692377873375,9.645195116668488,0.0,0.14338330228380913,0.011900869362990585,0.011211285443431716,0.006008548253807505,0.038768470813022725,0.28148409480105,0.008989999999999998,0.10315556906236353,1.5177821599029206,0.0
2023-09-29,2.14,-0.0027449841664288765,0.0,0.0372541194899494,0.445,1.5576545096503764,68.0,-0.002672476942852109,0.0369969812134443,-0.015374759769378632,0.0,0.00815108681483039,7.76748647593572,0.000637410279621723,0.0035463489982305594,-0.3535533905932864,1.0,-0.5671002083960272,0.14320315239955217,9.745865813383736,-0.009999999999999787,0.14215628828074478,0.017937935913924206,0.005435798446021359,0.0006508499384342975,1.3875043426521942,0.30230755318373914,0.012240000000000029,0.08000000000005585,1.3925487477085499,0.0
2023-10-06,2.36,-0.005783757790490007,-0.00038337952298483913,-0.0096846106051635,0.565,1.5302936155564704,64.0,-0.007742988102069082,0.03241144651893202,-0.021140294682895577,0.0029561504352111356,0.02128249218196225,7.747158287944018,0.002119704335469151,0.005660607923644201,-2.362721144879407,7.0,-0.5053349159125813,0.18856128219463086,9.543482294143766,0.08000000000000007,-0.10632554554206664,0.017738582215720392,0.005533405422942896,0.0014746586932855993,1.8589237177919784,0.3308093735506642,0.011209999999999998,0.07763237542607368,1.0409832570828323,1.0
2023-10-13,2.44,-0.0004685900141557786,-0.00038337952298483913,-0.0106264407727582,0.565,1.4973339484532062,64.0,-0.007742988102069082,0.03241144651893202,-0.021140294682895577,0.0029561504352111356,0.02128249218196225,7.726577508832623,0.002119704335469151,0.006903466024425329,0.21602754930049983,7.0,-0.4985278123970567,0.19360766661331977,9.32503401746292,-0.009999999999999787,0.02429624829138466,0.026684828055629606,0.005533405422942896,-0.007541358045277002,1.6726833743402907,0.34835765284928943,0.009539999999999993,0.07039429765873367,0.6833380630604748,1.0
2023-10-20,2.69,-0.002375738394130633,-0.00038337952298483913,-0.0176515557162461,0.565,1.4583959618590827,64.0,-0.007742988102069082,0.03241144651893202,-0.021140294682895577,0.0029561504352111356,0.02128249218196225,7.705742114712876,0.002119704335469151,0.008380967435271395,0.21602754930049983,7.0,-0.4154063591940481,0.23796758482742247,9.08936278498647,-0.040000000000000036,0.04350378383867337,0.028041090229366482,0.005533405422942896,0.014317977152089503,1.4178700646953943,0.37657317076658536,0.005909999999999971,0.0726906360643369,-0.00582670344959246,1.0
2023-10-27,2.62,-0.0031931782056133784,-0.00038337952298483913,0.0326380251711805,0.565,1.4129855041514492,64.0,-0.007742988102069082,0.03241144651893202,-0.005855562784645385,0.0029561504352111356,0.020858607114647376,7.684650034571795,0.0019325881651022052,0.009158658647835823,0.3535533905932748,7.0,-0.4433497491487568,0.22595827680606737,8.835090465264328,0.009999999999999787,-0.026848698172738383,0.02774407862336471,0.0020702540763444383,0.000813132370723807,1.1312292327356233,0.4001554656402595,0.0009300000000000419,0.042573465914926875,-1.289714380410039,1.0
2023-11-03,2.61,-0.005205726476163464,-0.0020151395484137025,0.0091640897681083,0.23000000000000004,1.387942320149213,62.0,-0.0009043615385835313,0.03137270708841777,-0.022121014964216035,0.0030020195404181216,0.023333450081007477,7.539128698892174,0.0025366456014404063,0.009098823043477528,1.6255295484491834,0.0,-0.45078124179271994,0.18825799167258644,8.742568488192234,-0.05999999999999961,-0.13065541944039905,0.027158301329176775,0.005858814465669771,0.0173891711146357,0.7178626198437302,0.4097979397616636,-0.004750000000000032,0.08451542547290655,-1.8936532204755512,1.0
2023-11-10,2.47,-0.0007592799183999688,-0.0020151395484137025,-0.00510039955266,0.23000000000000004,1.3580631068566715,62.0,-0.0009043615385835313,0.03137270708841777,-0.022121014964216035,0.0030020195404181216,0.023333450081007477,7.369897191642678,0.0025366456014404063,0.009030672167521831,0.07562250191980424,0.0,-0.4840959523834436,0.14716366011066323,8.633303924429882,0.0,-0.13253148647553448,0.02981641807591423,0.005858814465669771,0.0004064188063621077,0.030748496498339127,0.42214045542045275,-0.008519999999999972,0.08481071360899192,-1.6730473995982333,1.0
2023-11-17,2.28,-0.005813738257870682,-0.0020151395484137025,-0.0162142242255145,0.23000000000000004,1.3230202528208588,62.0,-0.0009043615385835313,0.03137270708841777,-0.022121014964216035,0.0030020195404181216,0.023333450081007477,7.175278070194446,0.0025366456014404063,0.00908548374720363,0.07562250191980424,0.0,-0.5303823495657438,0.13540943204126593,8.506651642799198,-0.03000000000000025,-0.052322706613393,0.031037301674100914,0.005858814465669771,-0.0022782557251383173,-1.1696439094190427,0.4287946556475939,-0.01051000000000002,0.09149551120922604,-1.3801475421996516,1.0
2023-11-24,2.34,-0.0005344855803416371,-0.0020151395484137025,-0.0120157884419356,0.23000000000000004,1.2823905199150933,62.0,-0.0009043615385835313,0.03137270708841777,-0.022121014964216035,0.0030020195404181216,0.023333450081007477,6.95313985521302,0.0025366456014404063,0.0079078471050151,0.07562250191980424,0.0,-0.5935364534666956,0.14822160050804645,8.361821591723753,0.040000000000000036,-0.00970107335620951,0.025392713178918357,0.005858814465669771,-0.0015148698606128885,-1.842044140684278,0.43469042919161693,-0.011160000000000003,0.09372261504800998,-1.1291147180773562,1.0
2023-12-01,2.51,-0.0018780372954726454,-0.0009933203278934544,0.0156536233929645,0.22499999999999998,1.2571484277501632,64.0,0.008386591076755323,0.033521228314302265,-0.005890052356020914,0.0025704883607775564,0.052257908717422384,6.8326140959821045,0.0017694398306536418,0.008424532015064353,-1.5563684156201238,-12.0,-0.5519821955492366,0.1799553516054828,8.129142406147114,-0.11000000000000032,-0.07389351605468553,0.02520497745784522,0.007338069351594616,-0.013689167483778991,-1.7302069505241564,0.4327614860067401,-0.01039000000000001,0.16707034446606123,-0.8351548000430928,1.0
2023-12-08,2.3,-0.007537058379493922,-0.0009933203278934544,0.0116999262557581,0.22499999999999998,1.2284383888513222,64.0,0.008386591076755323,0.033521228314302265,-0.005890052356020914,0.0025704883607775564,0.052257908717422384,6.686956304282439,0.0017694398306536418,0.010308211282405982,-0.0950796974636443,-12.0,-0.5867093455656129,0.20216241702444945,7.877359351134134,0.010000000000000675,0.0029570082201304526,0.02586147693314916,0.007338069351594616,-0.023925756319413516,-1.5333041556396823,0.4316155766804591,-0.008819999999999995,0.17279219559097816,-0.46629863011414857,1.0
2023-12-15,2.14,0.0002818781797726544,-0.0009933203278934544,0.0093049047751461,0.22499999999999998,1.196010686823023,64.0,0.008386591076755323,0.033521228314302265,-0.005890052356020914,0.0025704883607775564,0.052257908717422384,6.514480910898399,0.0017694398306536418,0.01066266963413714,-0.0950796974636443,-12.0,-0.6225757616588674,0.23454743656673255,7.604575109383877,0.0,-0.03849778671565196,0.02427028465617982,0.007338069351594616,-0.013975207876151502,-1.4248531614289002,0.42662991510743564,-0.008929999999999993,0.21064102842786878,-0.2881529013886881,1.0
2023-12-22,2.29,-0.0020030838938513984,-0.0009933203278934544,-0.0062380994226351,0.22499999999999998,1.159553462660712,64.0,0.008386591076755323,0.033521228314302265,-0.005890052356020914,0.0025704883607775564,0.052257908717422384,6.312990270374596,0.0017694398306536418,0.009388276634487694,-0.0950796974636443,-12.0,-0.4861193350942854,0.23783247405329644,7.308438479011816,0.0,-0.07541478361133891,0.02485742162638112,0.007338069351594616,0.009460481847070198,-1.384943220401019,0.4257374048145674,-0.009099999999999997,0.2540212308337485,-0.03930564535017399,1.0
2023-12-29,2.33,-0.0014606302408460836,0.0,0.0071920832069591,0.22499999999999998,1.1186728228236962,64.0,0.008386591076755323,0.033521228314302265,0.010645375914837052,0.0,0.048447772936109315,6.319688405171549,0.0009141697303666134,0.010229043811260918,0.353553390593279,-11.0,-0.4382122921695877,0.24364787237797184,6.985980358447885,-0.040000000000000036,-0.10727635660583779,0.02484092449522545,0.0037637087488313127,-0.019569806506615495,-1.3654039602828456,0.4257374048145674,-0.008369999999999989,0.29861286452051794,1.0503482311348868,1.0
2024-01-05,2.18,-0.004117451279895046,0.005447503797930464,-0.0012780905467186,0.135,1.078714341776244,71.0,-0.012762549126908995,0.030908847812280538,0.027944111776447178,0.003588818467727739,0.06260672239749906,6.412127931925784,0.004807906849015849,0.011660866531718696,-2.4306549275751306,-14.0,-0.2202156717735797,0.205912602819806,6.7403917426687965,0.0699999999999994,0.0005422382723003771,0.021726881288363337,0.006654311568354903,0.006182343669969698,-1.3800071207220954,0.42202342439619084,-0.008550000000000002,0.2579555609568774,0.8860528308365831,1.0
2024-01-12,2.2,0.0007402658812158958,0.005447503797930464,0.0188807624816817,0.135,1.033204506932195,71.0,-0.012762549126908995,0.030908847812280538,0.027944111776447178,0.003588818467727739,0.06260672239749906,6.497336732491465,0.004807906849015849,0.011936229896021958,0.4240641029769794,-14.0,-0.031003202507614014,0.18322020319050622,6.479693305964305,-0.019999999999999574,-0.08990734097546571,0.02046026114640521,0.006654311568354903,0.0077630805823274,-1.388289914322076,0.4166411606069881,-0.008029999999999982,0.25795556095687644,1.068044695571322,1.0
2024-01-19,2.23,-0.0016871977738199817,0.005447503797930464,0.0059437898467431,0.135,0.9813713112263222,71.0,-0.012762549126908995,0.030908847812280538,0.027944111776447178,0.003588818467727739,0.06260672239749906,6.575595907479399,0.004807906849015849,0.014814253764482806,0.4240641029769794,-14.0,-0.20636419857367994,0.1422020695048295,6.201979930053177,0.0,-0.09715894888314891,0.02083919793299872,0.006654311568354903,0.007178910065516506,-1.3702066976224043,0.4113779588623214,-0.007130000000000025,0.18045577218335448,1.6418151952436042,1.0
2024-01-26,2.33,0.0004546674171046483,0.005447503797930464,-0.0110682530289187,0.135,0.922149078627186,71.0,-0.012762549126908995,0.030908847812280538,0.01711652402896635,0.003588818467727739,0.04717426875921724,6.6471509223586684,0.004852599191587446,0.014324704537183021,0.3535533905932739,-14.0,-0.12769381747412623,0.12892411943254228,5.904851393973355,-0.009999999999999787,-0.020958812280988837,0.016140155520458128,0.00605160510561273,-0.002855018453652408,-1.3327098346446318,0.40659472263747326,-0.006209999999999993,0.1685229954635416,1.9344146362786454,1.0
2024-02-02,2.27,-0.006135806794898668,0.0061896717755507424,-0.0298828855917425,0.06999999999999995,0.8737109942567073,67.0,-0.003543266402759926,0.031531711208615976,0.038183015141540544,0.003960944136371047,0.049400525378592436,6.447062539219982,0.006567842907053869,0.013608358339128865,1.688097639645553,7.0,-0.13734443064606583,0.10070288689307501,5.909160258639513,-0.010000000000000675,-0.01512468482876328,0.010133131652571552,0.008808168752741001,0.015273042381425309,-1.3454890270337327,0.4011515757503899,-0.006859999999999977,0.09855201672215855,0.9897478004704601,1.0
2024-02-09,2.47,0.0001541259355679614,0.0061896717755507424,0.0024153175015417,0.06999999999999995,0.8186067823100851,67.0,-0.003543266402759926,0.031531711208615976,0.038183015141540544,0.003960944136371047,0.049400525378592436,6.198759181046922,0.006567842907053869,0.013075272636037303,0.057380506537252206,7.0,-0.2653142212797598,0.10782757399808952,5.908298737099323,0.010000000000000675,-0.036126503245268005,0.009809206626282267,0.008808168752741001,-0.010295259406446308,-1.368600790312814,0.3999270295432634,-0.006800000000000028,0.10588909292275883,0.8160561464589722,1.0
2024-02-16,2.5,0.00033729508733770786,0.0061896717755507424,0.0205217561452839,0.06999999999999995,0.7553789849407047,67.0,-0.003543266402759926,0.031531711208615976,0.038183015141540544,0.003960944136371047,0.049400525378592436,5.896152591700236,0.006567842907053869,0.01162408030670011,0.057380506537252206,7.0,-0.2927472966478246,0.12670973578571015,5.902264565273538,0.0,0.0373330657615063,0.006853751746909698,0.008808168752741001,0.006458661885678604,-1.4295264007704904,0.4008221189514698,-0.007859999999999978,0.15106762913156968,-0.45561141604877725,1.0
2024-02-23,2.47,-0.006836764662345729,0.0061896717755507424,0.0081698634712423,0.06999999999999995,0.6817711801058906,67.0,-0.003543266402759926,0.031531711208615976,0.038183015141540544,0.003960944136371047,0.049400525378592436,5.53033591968999,0.006567842907053869,0.007889283683057188,0.057380506537252206,7.0,-0.3459812072462519,0.11685613866153612,5.8910418482053855,0.019999999999999574,0.0022274393294690054,0.008859040316865303,0.008808168752741001,0.009509925598785399,-1.4773826889797377,0.40196514823076274,-0.008080000000000032,0.1706081558928181,-0.7963466079569309,1.0
2024-03-01,2.71,-0.0018302004976995523,0.006464169937420605,-0.0049074664911801,-0.040000000000000036,0.6545696509112192,58.0,-0.00557312624665296,0.034773850700380304,-0.044660194174757306,0.0038914451585096987,0.015852488292206875,5.675859812872631,0.0037484244907541424,0.007743372696323421,0.04436497579319901,6.0,-0.3901628448779346,0.111355287256721,6.1623032950711165,-0.040000000000000036,0.0036395697090441104,0.011782874480975598,0.024773562988518544,-0.002056996434326594,-1.434771171169608,0.4024519026376615,-0.006319999999999992,0.1745197491894491,1.1238970502587915,1.0
2024-03-08,2.34,-0.0038254146808976985,0.006464169937420605,0.0158010820651127,-0.040000000000000036,0.6248174677061229,58.0,-0.00557312624665296,0.034773850700380304,-0.044660194174757306,0.0038914451585096987,0.015852488292206875,5.816686870877962,0.0037484244907541424,0.00921155322720453,-0.4145205441729947,6.0,-0.2572016880819853,0.08569047288283495,6.4121867380160875,0.040000000000000036,0.017344833408469817,0.018703184118431644,0.024773562988518544,0.006761358494305786,-1.303327538555312,0.3996780378463067,-0.0036399999999999766,0.12360651855212569,2.1681367435608703,1.0
2024-03-15,2.1,0.00041279467165922235,0.006464169937420605,-0.0025027078600496,-0.040000000000000036,0.5921302746802839,58.0,-0.00557312624665296,0.034773850700380304,-0.044660194174757306,0.0038914451585096987,0.015852488292206875,5.95315042645471,0.0037484244907541424,0.006806033892727638,-0.4145205441729947,6.0,-0.29213005580197937,0.09234059624191464,6.643105045499603,0.020000000000000462,0.21426436184410957,0.01869058112410595,0.024773562988518544,-0.010195127634881396,-1.1245642624719898,0.39040470937745425,-0.0013900000000000023,0.1403503269882906,1.9852613417744942,1.0
2024-03-22,2.21,-0.003662306222685374,0.006464169937420605,-0.0016368053505373,-0.040000000000000036,0.5559906569545973,58.0,-0.00557312624665296,0.034773850700380304,-0.044660194174757306,0.0038914451585096987,0.015852488292206875,6.0855440310496505,0.0037484244907541424,0.007436857201995608,-0.4145205441729947,6.0,-0.25135380003266417,0.09161253813143526,6.856974518510552,-0.020000000000000462,0.16416394407299273,0.01827080431553884,0.024773562988518544,-0.0017261452578260922,-0.8203350674844114,0.3788426051238636,0.0018999999999999573,0.11844227044673468,1.9073013489767627,0.0
2024-03-29,2.4,-0.003940328555451567,0.0,0.0201231130702918,-0.040000000000000036,0.5156732620897275,58.0,-0.00557312624665296,0.034773850700380304,-0.06404565630944836,0.0,0.011493933374293606,6.214127824190815,0.0006081463815858516,0.007453826539790818,-0.3535533905932861,6.0,-0.20442240626739594,0.07030545599655517,7.019123844719008,0.0,0.09911457884874086,0.01945884735292561,0.02264355894097708,-0.009187533523480701,-0.27246906731015885,0.3695998814910688,0.0045600000000000085,0.08659222993849106,1.6899480643486053,0.0
2024-04-05,2.33,-0.006036416233084374,0.0038932930343353878,-0.0141299343878438,-0.07999999999999996,0.473707775407348,57.0,-0.009971062585799939,0.03357363950119163,-0.07482561826252376,0.0027052450819466944,0.01613215226552761,6.22365215559513,0.0010337055410020355,0.00754826615690686,-2.0120387038675593,-10.0,-0.11238187995013482,0.09620476673680635,7.039079665263652,-0.03000000000000025,0.0769517589678479,0.022093088915672205,0.02242694664827855,-0.005657997271164006,0.7174367253568378,0.3582016840489828,0.005489999999999995,0.08684962373472652,1.3611336190457874,1.0
2024-04-12,2.31,-0.0001857637241352572,0.0038932930343353878,0.0081495027614066,-0.07999999999999996,0.4254565703479422,57.0,-0.009971062585799939,0.03357363950119163,-0.07482561826252376,0.0027052450819466944,0.01613215226552761,6.203224967708141,0.0010337055410020355,0.008157824533011898,0.04971819773411406,-10.0,-0.16272473403190502,0.13177361539516053,7.0512827368703395,0.020000000000000462,0.038051468089908225,0.020129409058434154,0.02242694664827855,0.013530868269411411,1.743328574347752,0.3522198511291403,0.005910000000000026,0.12694205652301505,1.1159756162979062,1.0
2024-04-19,2.3,-0.004392205831106999,0.0038932930343353878,0.0117071397515496,-0.07999999999999996,0.3684584420892346,57.0,-0.009971062585799939,0.03357363950119163,-0.07482561826252376,0.0027052450819466944,0.01613215226552761,6.152547939987442,0.0010337055410020355,0.008378590728680458,0.04971819773411406,-10.0,-0.21540530997564444,0.18062886179764098,7.055773285159836,0.0,0.06767685189657602,0.019979963019761387,0.02242694664827855,-0.0031572887779636044,1.7351295085817333,0.34957391647110203,0.005139999999999978,0.17052440127025323,0.7852501955828851,1.0
2024-04-26,2.2,-0.0004148264818095715,0.0038932930343353878,-0.0076987990730604,-0.07999999999999996,0.2977315021376738,57.0,-0.009971062585799939,0.03357363950119163,-0.011517615176151796,0.0027052450819466944,0.009796189663793366,6.070863580692788,0.0007535104987285276,0.008393236300999737,0.35355339059328056,-10.0,-0.330290495715737,0.21222881856288164,7.052566042427174,0.009999999999999787,0.09208126865366117,0.025910390704405893,0.004072091897077656,0.007812701148981402,1.4108182507753557,0.3421108285403237,0.0021700000000000053,0.18283482006603324,-0.0996761458380123,1.0
2024-05-03,2.19,-0.00539822442185911,0.0016616275657954649,0.0192754907985056,0.41000000000000003,0.28187893166894107,63.0,-0.0006499644303002983,0.032690290569400204,-0.0467479674796748,0.0014040654936740005,0.036989506060391066,6.121965496346654,0.0024111769882142297,0.00875185764688211,2.3535154529591304,0.0,0.002339670484785117,0.1801140511692413,6.974744355424134,-0.009999999999999787,0.0948977378747804,0.02470986305696882,0.012676950609166784,0.010453430682152584,1.0960712154842882,0.3288503214787442,0.000150000000000039,0.15008925915698762,-1.052889723081915,1.0
2024-05-10,2.11,-0.0012313795607291622,0.0016616275657954649,-0.0014621301911922,0.41000000000000003,0.2642163169775291,63.0,-0.0006499644303002983,0.032690290569400204,-0.0467479674796748,0.0014040654936740005,0.036989506060391066,6.166410251079045,0.0024111769882142297,0.008611804533218866,-0.20994446076497122,0.0,-0.0061782607080821395,0.17137573590554545,6.883730573339299,0.019999999999999574,0.11736152360444652,0.02482082865925748,0.012676950609166784,0.0018955966756995235,0.8207647203233334,0.3146385797982467,-0.0007200000000000539,0.15071259308463095,-1.48858362762992,1.0
2024-05-17,2.19,-0.006682071768627562,0.0016616275657954649,-0.0348822405971397,0.41000000000000003,0.24435146302037034,63.0,-0.0006499644303002983,0.032690290569400204,-0.0467479674796748,0.0014040654936740005,0.036989506060391066,6.204340912123015,0.0024111769882142297,0.006722478779699736,-0.20994446076497122,0.0,0.015860691980170927,0.1444632924211788,6.778993371527443,-0.009999999999999787,0.11893772388353341,0.02444988291261429,0.012676950609166784,-0.006145801716576804,0.6217072224302529,0.3073226474783688,-0.00033999999999995145,0.12455635557567425,-1.1168926793217322,1.0
2024-05-24,2.13,-0.0006442804977689898,0.0016616275657954649,0.0079603518888888,0.41000000000000003,0.22169316202332304,63.0,-0.0006499644303002983,0.032690290569400204,-0.0467479674796748,0.0014040654936740005,0.036989506060391066,6.235876349491792,0.0024111769882142297,0.006994011949986787,-0.20994446076497122,0.0,0.15543328176889304,0.09179752564372096,6.659885314191325,0.0,0.0694922688730144,0.028761863144801485,0.012676950609166784,-0.009959006916797103,0.5782310684144033,0.3028935369415911,0.0006399999999999739,0.08154753215155197,-0.5953016548103696,1.0
2024-05-31,2.13,-0.0020887543177224854,0.0,-0.0167509027312343,0.45000000000000007,0.21662930872150546,61.0,0.007425119557009863,0.029366554247826304,-0.03564084989718985,0.0,0.037095627769501545,6.129876394788216,0.00218529779328708,0.008513034645987086,-0.3535533905932749,8.0,0.19106812844043963,0.08383657572083453,6.616487245440076,0.0,0.07318093331936626,0.023243844025260096,0.012600943324777613,-0.0032269991207493076,1.4155950969266995,0.29489702167652837,0.003510000000000013,0.057755642890741345,0.5692399741693226,1.0
2024-06-07,2.13,-0.003930635108099989,0.0003375054526233434,-0.0094756745967165,0.43000000000000005,0.21656089885160457,61.0,0.007734749239909133,0.029713971072633072,0.001370801919122755,0.0009273959037392476,0.036721717374438884,6.012806844880622,0.0021724382086295525,0.007315021179029339,-0.2318548351631337,8.0,0.2945874221397782,0.10039208847611138,6.571884674501947,0.05999999999999961,0.07638593060023346,0.022734060036889374,0.019792931740090395,-0.007826595014408994,2.2307976308228272,0.2869649260420204,0.005699999999999983,0.05817154434461165,1.4633767866547205,1.0
2024-06-14,2.17,0.0004530239521081114,0.0003375054526233434,-0.0034689427137484,0.43000000000000005,0.21649245878497195,61.0,0.007734749239909133,0.029713971072633072,0.001370801919122755,0.0009273959037392476,0.036721717374438884,5.88400700726431,0.0021724382086295525,0.007432332885975317,-0.3733307073305634,8.0,0.09460489185651988,0.14858859790911236,6.526052904767812,-0.009999999999999787,0.0929227957979446,0.022000390189641842,0.019792931740090395,-0.0196353421061342,2.0877204973461176,0.2783518477237818,0.00718000000000002,0.08879148929619853,1.667066706841951,1.0
2024-06-21,2.16,-0.0008860756354823751,0.0003375054526233434,0.0001420571219719,0.43000000000000005,0.21642398849296005,61.0,0.007734749239909133,0.029713971072633072,0.001370801919122755,0.0009273959037392476,0.036721717374438884,5.742687658096905,0.0021724382086295525,0.007149157201550103,-0.3733307073305634,8.0,-0.008794491404001459,0.13705447300782825,6.478965850480744,-0.019999999999999574,0.16729321981171408,0.02003353471922516,0.019792931740090395,-0.0062941437427549984,1.8917272374862086,0.2678133340602633,0.007720000000000005,0.09187530369244852,1.3524432303926281,1.0
2024-06-28,2.18,-0.002947794028631656,0.0003375054526233434,-0.0060860078396855,0.43000000000000005,0.2163554879468725,61.0,0.007734749239909133,0.029713971072633072,0.03837953091684443,0.0009273959037392476,0.004604892207437445,5.587899013458664,0.00010866378263961284,0.007014051971602842,-0.3535533905936297,8.0,-0.07040744097713103,0.1289518182446319,6.4697929032661206,-0.009999999999999787,0.1543035336927847,0.01919776206096576,0.013569213285029918,-0.004599071975753405,1.6786395774049137,0.25930314724655273,0.006649999999999989,0.10006248048098831,0.8144716786158469,1.0
2024-07-05,2.22,-0.001333533762134853,0.0011617728972705965,-8.63334958888613e-05,0.31499999999999995,0.22322155028983381,63.0,-0.009226344732312097,0.028947531984913066,0.020611229566453337,0.0017274411884795615,0.009798036622304744,5.587899013458664,0.003235224179900109,0.0069445756835615794,-2.4735058506174687,7.0,-0.10185902776745381,0.12223367550964338,6.55418878646003,-0.020000000000000462,0.1259139314230442,0.018478687888413645,0.015626229547218685,0.002734255885519496,1.4877474374699273,0.2571249410192239,0.005290000000000017,0.12000000000003358,0.24771531989490284,0.0
2024-07-12,2.15,0.0003543575313784686,0.0011617728972705965,0.0038761811308525,0.31499999999999995,0.22975119891309986,63.0,-0.009226344732312097,0.028947531984913066,0.020611229566453337,0.0017274411884795615,0.009798036622304744,5.587899013458664,0.003235224179900109,0.006884950185133229,0.33978649298440794,7.0,-0.08270974214547422,0.12601020366858004,6.63609127353142,-0.03000000000000025,0.09002918430622775,0.017553440501916772,0.015626229547218685,-0.0012794413450782915,1.3864077877245355,0.2489652795215862,0.005449999999999955,0.1627223753163015,0.08013381315470902,0.0
2024-07-19,2.23,-0.0021915596437968032,0.0011617728972705965,0.0115906046886669,0.31499999999999995,0.23597236242695718,63.0,-0.009226344732312097,0.028947531984913066,0.020611229566453337,0.0017274411884795615,0.009798036622304744,5.587899013458664,0.003235224179900109,0.005981598234415716,0.33978649298440794,7.0,-0.2156284649455712,0.11224972160333313,6.71559159251045,0.0,0.03970413352420521,0.012140951759386474,0.015626229547218685,0.012316767638845288,1.3238177295587206,0.24014976159469442,0.0049000000000000155,0.15881255797775007,-0.6666013552096474,1.0
2024-07-26,2.28,-0.00038733411882252433,0.0011617728972705965,0.0066151831014103,0.31499999999999995,0.24190884191334175,63.0,-0.009226344732312097,0.028947531984913066,0.020611229566453337,0.0017274411884795615,0.009798036622304744,5.587899013458664,0.003235224179900109,0.005152294184371989,0.33978649298440794,7.0,-0.23957542332854387,0.07130167299197573,6.792774086397246,-0.04999999999999982,-0.042442269685172396,0.012375488440113332,0.015626229547218685,0.031942977522077906,1.261666217995086,0.2354113725562769,0.0036800000000000166,0.1655240595373425,-1.6349511922464737,1.0
2024-08-02,2.26,-0.0037560431645190517,0.0008138869460163622,0.0067681483902795,0.18000000000000005,0.2579561542659835,67.0,-0.004050008280501727,0.025307302964569622,0.010266940451745477,0.0025396626324700744,0.013120896069292825,5.9677337535988615,0.0037982014048006402,0.009355268188077064,1.3484466686441179,-11.0,-0.23670932018691226,0.11500776371320451,6.678571572602063,-0.08999999999999986,-0.11229175423842719,0.012683755293554427,0.012272426818451681,0.02377749945073361,1.1630580942895679,0.24348401293529423,0.0018799999999999928,0.27442146938085915,-1.8076621893429219,1.0
2024-08-09,2.3,-0.0004367273947601946,0.0008138869460163622,-0.0064529220401158,0.18000000000000005,0.2712792154044943,67.0,-0.004050008280501727,0.025307302964569622,0.010266940451745477,0.0025396626324700744,0.013120896069292825,6.305065118921711,0.0037982014048006402,0.009854673406738915,0.14969338528702544,-11.0,-0.22635382591243303,0.12466383368322219,6.561462515849596,0.040000000000000036,-0.07633136094674553,0.012576333899769043,0.012272426818451681,0.042546986531982384,0.9080507658344855,0.24813117486460645,-0.0011599999999999944,0.3002380008307806,-1.9319842224788286,1.0
2024-08-16,2.22,0.00033894261054934205,0.0008138869460163622,-0.0038166836051514,0.18000000000000005,0.28226404899703506,67.0,-0.004050008280501727,0.025307302964569622,0.010266940451745477,0.0025396626324700744,0.013120896069292825,6.606407146445982,0.0037982014048006402,0.010067746326381539,0.14969338528702544,-11.0,-0.16777741743436947,0.14055375179227347,6.441288386528169,0.0,-0.05661536583533655,0.013670186898290762,0.012272426818451681,0.010490747929404992,-0.16180846599239349,0.2548849295273703,-0.00825999999999999,0.2956349099819005,-2.1428952978847056,1.0
2024-08-23,2.25,-0.005257403219532497,0.0008138869460163622,-0.0134901642181387,0.18000000000000005,0.2911754101239725,67.0,-0.004050008280501727,0.025307302964569622,0.010266940451745477,0.0025396626324700744,0.013120896069292825,6.87649284491383,0.0037982014048006402,0.011129051086257936,0.14969338528702544,-11.0,-0.203936966632287,0.13431705561319704,6.317874282140987,-0.08000000000000007,-0.0626330938909605,0.01372135545893395,0.012272426818451681,0.0025159291427812036,-1.6267329126853431,0.26390979250915225,-0.010290000000000021,0.28339460121887644,-1.6746216234864761,1.0
2024-08-30,2.17,-0.002340912095767589,0.0,-0.0537962492678675,0.16500000000000004,0.29705390318048414,67.0,-0.00584234382718074,0.02276559591148475,0.027855153203342642,0.0,0.0079868988838841,6.880518763983998,0.0016097662071688835,0.011277141089249975,-0.3535533905932756,-14.0,-0.23074140587282277,0.12281664614968088,6.314053372035144,-0.040000000000000036,-0.1402688436228341,0.01280081976421834,0.009848283860537148,-0.00513717426629029,-1.9811882767935505,0.26886864247809866,-0.011519999999999975,0.2562225595063903,-1.3590916737411973,1.0
2024-09-06,2.26,-0.0014980546768197378,0.0016042135224081377,0.0067369769926631,0.13,0.30501964664727116,63.0,-0.012004422838397089,0.02440633031069983,-0.0013927576601671099,0.0030711493354182995,0.01299517506131608,6.6952336662846506,0.002898553011966901,0.011210601771465814,-2.0674603473937134,-6.0,-0.1266794323569428,0.12023043351366855,6.238685082093492,-0.08000000000000007,-0.2267169864354408,0.012743534210882163,0.015050238532806208,0.002267895950001486,-1.8105722013419328,0.2803106443131539,-0.011250000000000038,0.27041964742653407,-1.0283993326443603,1.0
2024-09-13,2.27,0.00034221118760635605,0.0016042135224081377,0.0193089068702941,0.13,0.31086562902862974,63.0,-0.012004422838397089,0.02440633031069983,-0.0013927576601671099,0.0030711493354182995,0.01299517506131608,6.451237209904719,0.002898553011966901,0.012177942872541129,0.07094855389966033,-6.0,-0.12821481838167537,0.1005698051818406,6.152045362460458,-0.16000000000000014,-0.24369280527980686,0.015739299957508907,0.015050238532806208,-0.0060698303450479885,-1.6082678849444323,0.29314407115875113,-0.00989000000000001,0.24558603380486616,-0.6435172782663359,1.0
2024-09-20,2.29,-0.0008241741638546074,0.0016042135224081377,5.514281692301989e-05,0.13,0.3147100011222695,63.0,-0.012004422838397089,0.02440633031069983,-0.0013927576601671099,0.0030711493354182995,0.01299517506131608,6.141535763834593,0.002898553011966901,0.012470217084058837,0.07094855389966033,-6.0,-0.07698144186727762,0.1483239697420058,6.053650283061818,-0.21999999999999975,-0.20115518000557941,0.014401878389058272,0.015050238532806208,-0.0469560055350379,-1.4337588360358076,0.3014247215228368,-0.008019999999999972,0.20338211748895263,-0.14228241189659366,1.0
2024-09-27,2.22,-0.0040902292359817904,0.0016042135224081377,-0.0016367596549173,0.13,0.31662568014276077,63.0,-0.012004422838397089,0.02440633031069983,-0.028455284552845517,0.0030711493354182995,0.011455338134097114,5.755532455485922,0.002191426997510829,0.009667562433339607,0.35355339059327434,-6.0,-0.009218146576719377,0.19697715603599025,5.942915982669236,-0.07000000000000028,-0.24903624168247684,0.014133631557248817,0.010060462333955201,-0.013346804539416002,-1.298611742993191,0.305599082781188,-0.006280000000000008,0.22261032577771717,0.6049044401590755,1.0
2024-10-04,2.17,-0.004679904503620658,0.0011512808395786056,-0.0409064181067732,0.06500000000000006,0.32281299834029237,61.0,-0.009947356843759692,0.02597904904914672,-0.03252032520325199,0.003114750009353573,0.011344242380687744,5.599450522492737,0.0023434760322526404,0.012383198464048634,-0.9371894954422634,9.0,-0.14499699191183923,0.26435906318063007,5.910181158584878,0.05000000000000071,-0.10158235981529107,0.014324894155214919,0.009957364352091061,-0.00019445624646230453,-1.192437062100924,0.2978609006546258,-0.004249999999999976,0.20528290583625222,1.768684308350461,1.0
2024-10-11,2.26,-1.2061998673207341e-05,0.0011512808395786056,0.0132952150466625,0.06500000000000006,0.32840920853680183,61.0,-0.009947356843759692,0.02597904904914672,-0.03252032520325199,0.003114750009353573,0.011344242380687744,5.4207578238299385,0.0023434760322526404,0.012145229262146858,0.5117290095309183,9.0,-0.18665021018557149,0.30614830673108556,5.876686561932768,0.0,-0.13832825345075883,0.012714509362216358,0.009957364352091061,0.002710317872532203,-1.1162607101877287,0.2928650665574075,-0.0032400000000000206,0.18553012847360592,1.5195943188019814,1.0
2024-10-18,2.47,-0.0010722536626346368,0.0011512808395786056,0.0201778516930519,0.06500000000000006,0.3334440738547064,61.0,-0.009947356843759692,0.02597904904914672,-0.03252032520325199,0.003114750009353573,0.011344242380687744,5.217131543143196,0.0023434760322526404,0.00931216985020045,0.5117290095309183,9.0,-0.22111074440466782,0.3086722718816765,5.842419125396082,0.0,-0.22005632427376765,0.013397277363916148,0.009957364352091061,-0.033771562243914394,-1.1541693013863101,0.275245947881271,-0.004479999999999984,0.1919402808911554,0.8795316629241502,1.0
2024-10-25,2.39,-0.0014029835989001205,0.0011512808395786056,0.0098096854340664,0.06500000000000006,0.3379426849461496,61.0,-0.009947356843759692,0.02597904904914672,-0.03252032520325199,0.003114750009353573,0.011344242380687744,4.985517487220647,0.0023434760322526404,0.009296952515073365,0.5117290095309183,9.0,-0.190897624841588,0.3311020559111566,5.807365168135196,0.0,-0.16086043943135775,0.011808217076074486,0.009957364352091061,-0.0032580869157985,-1.2486805156472556,0.25993581699969254,-0.004610000000000003,0.22468628923775694,0.6477304749549959,1.0
2024-11-01,2.32,-0.002264486568427926,-0.0005417152415225779,0.0142543546300247,-0.020000000000000018,0.3398730989308892,60.0,-0.015579409481489392,0.027493803960905616,0.051603905160390484,0.0028781808405158316,0.006543320940248697,4.762190833897759,0.0012732611743149003,0.008339292494983771,-0.8895046334012775,-1.0,-0.2423897504025475,0.33204722125456654,5.807365168135196,-0.1200000000000001,-0.1368774559689373,0.011915334166537632,0.020071713298966978,0.005674130781426603,-1.4346904772722333,0.25557339490059816,-0.00608000000000003,0.2623928352680477,-0.1014435063404398,1.0
2024-11-08,2.28,-0.0027362981910574735,-0.0005417152415225779,0.0128860413757427,-0.020000000000000018,0.3416265800530743,60.0,-0.015579409481489392,0.027493803960905616,0.051603905160390484,0.0028781808405158316,0.006543320940248697,4.5193600636167215,0.0012732611743149003,0.008333041259870356,0.5080404773100452,-1.0,-0.12001321560554534,0.2730482688882646,5.807365168135196,0.019999999999999574,-0.08798757388411826,0.012048151049575748,0.020071713298966978,0.02866021946704078,-1.6256797223454535,0.24890711346051025,-0.007989999999999997,0.2695730751709973,-1.3410723865708911,1.0
2024-11-15,2.23,-0.0038875947396587174,-0.0005417152415225779,-0.0059670048245704,-0.020000000000000018,0.3432058402391097,60.0,-0.015579409481489392,0.027493803960905616,0.051603905160390484,0.0028781808405158316,0.006543320940248697,4.2536861842224045,0.0012732611743149003,0.008975606600085194,0.5080404773100452,-1.0,-0.04628381153978123,0.2654376440092151,5.807365168135196,-0.03000000000000025,-0.11687973142600816,0.020733303008971245,0.020071713298966978,0.0028408417113855167,-1.6335250052206214,0.24870243961228355,-0.007459999999999967,0.24587671126575417,-1.1459945883251081,1.0
2024-11-22,2.21,-0.006225969225681638,-0.0005417152415225779,0.0062926442978956,-0.020000000000000018,0.3446132747055852,60.0,-0.015579409481489392,0.027493803960905616,0.051603905160390484,0.0028781808405158316,0.006543320940248697,3.9605749388380853,0.0012732611743149003,0.00696136877180842,0.5080404773100452,-1.0,0.0959719536243715,0.22652262580152838,5.807365168135196,0.03000000000000025,-0.056923523956086464,0.0293575947019584,0.020071713298966978,-0.007309511767151999,-1.4873840577120894,0.2474438705645409,-0.005080000000000029,0.17654926467462115,0.19360087678806814,1.0
2024-11-29,2.12,-0.002685112983158988,0.0,0.0034331581503774,-0.020000000000000018,0.342780108013938,60.0,-0.013027431560259983,0.028515449264212123,0.05602240896358546,0.0,0.006519424223705583,3.865428625849524,0.0006291270201921765,0.008568162327724905,0.35355339059328367,0.0,0.19509596517631334,0.187749833555236,5.793323249091847,-0.04999999999999982,-0.08194950344043772,0.030476472317040218,0.019806912638278783,-0.0022448289942679084,-1.3217395575799238,0.24736034803462426,-0.0034299999999999886,0.15615354165511372,1.0661827249783011,1.0
2024-12-06,2.11,-0.0013487054570943124,0.00035499995245547034,0.0404712229338052,0.040000000000000036,0.33923365614932766,61.0,-0.0027414662172438042,0.02888057219980067,0.036414565826330625,0.0018657583749928097,0.011818648601100087,3.731157791026395,0.0038255305105693287,0.008944240034879656,2.441869699089167,-7.0,0.191786078406178,0.15919440047588207,5.776995779929113,-0.16000000000000014,-0.056577372157306294,0.030553910315346614,0.021738412551956326,-0.003500915615487099,-1.1783367275468555,0.2472493474592524,-0.0023299999999999987,0.13469542361514772,1.4825334911289911,0.0
2024-12-13,2.17,0.00024043526614003774,0.00035499995245547034,0.009726747185298,0.040000000000000036,0.33540771241867207,61.0,-0.0027414662172438042,0.02888057219980067,0.036414565826330625,0.0018657583749928097,0.011818648601100087,3.5880142354573636,0.0038255305105693287,0.01010103446129139,-0.2823887371208252,-7.0,0.31674028673974397,0.16273883547403845,5.760032889129428,-0.08000000000000007,-0.0019599522476593245,0.029500802021477656,0.021738412551956326,-0.010512280618812792,-1.0554392169720366,0.24641471376808904,-0.0015600000000000058,0.09837973078118648,1.4078223262413248,0.0
2024-12-20,2.16,-0.0011820250424611212,0.00035499995245547034,0.0013447345575966,0.040000000000000036,0.33129259379965925,61.0,-0.0027414662172438042,0.02888057219980067,0.036414565826330625,0.0018657583749928097,0.011818648601100087,3.4348888684293852,0.0038255305105693287,0.010136214270253519,-0.2823887371208252,-7.0,0.4360153475800468,0.19682751694970946,5.742428945670107,0.0,-0.05573679459213232,0.02915997999153203,0.021738412551956326,0.01169133462229019,-0.976718332745976,0.2475411509584205,-0.0011700000000000044,0.09140764269394923,1.2128926255383452,1.0
2024-12-27,2.12,-0.0004890169322656623,0.00035499995245547034,-0.0139762536144838,0.040000000000000036,0.3268773790493592,61.0,-0.0027414662172438042,0.02888057219980067,-0.018567639257294433,0.0018657583749928097,0.010833112246590471,3.2703798885424926,0.003684639308970139,0.010379957394024461,-0.35355339059327423,-7.0,0.3977724838019512,0.2571825366211191,5.724178035139222,-0.03000000000000025,-0.01465461311090921,0.029117382793625083,0.00656465181472963,0.009647553240983195,-1.2379892071791716,0.2504436485841884,-0.004049999999999998,0.09334077351301348,0.03267264157783542,1.0
2025-01-03,2.19,-0.004860903260734961,0.006546157380269646,0.0162233795655003,0.20000000000000018,0.32638567674456687,69.0,0.00849002693950851,0.030004831121501097,-0.03183023872679047,0.004265929177532435,0.01649614640429687,3.1749015732772805,0.003925195216549859,0.010479054043389382,-0.9153610256918824,-7.0,0.1593502322912388,0.26781856865105735,5.650451469568266,0.03000000000000025,0.0020322656935440886,0.029036336070935188,0.007547206007911432,0.0017103174842713065,-1.5833058288353308,0.2552379630813372,-0.0047800000000000065,0.09379879682449022,-0.5038724605604512,1.0
2025-01-10,2.22,0.00015512607021306302,0.006546157380269646,0.003543203155722,0.20000000000000018,0.32588377650577716,69.0,0.00849002693950851,0.030004831121501097,-0.03183023872679047,0.004265929177532435,0.01649614640429687,3.06844987174031,0.003925195216549859,0.009943568063338772,-0.24853224472006777,-7.0,0.20404471042865047,0.30130371483180096,5.5746679790741345,0.020000000000000462,0.05352228086564015,0.024049551178433933,0.007547206007911432,0.010424043465786598,-1.784658807487864,0.2637652299506926,-0.006170000000000009,0.1057963002324042,-1.46284095543274,1.0
2025-01-17,2.3,-0.0028429045718469936,0.006546157380269646,-0.0105368671869965,0.20000000000000018,0.3253716311406908,69.0,0.00849002693950851,0.030004831121501097,-0.03183023872679047,0.004265929177532435,0.01649614640429687,2.9498370228771846,0.003925195216549859,0.010084346721111474,-0.24853224472006777,-7.0,0.5672885551891202,0.2902092840889876,5.496742487953684,-0.020000000000000462,0.06089079646260509,0.014337493458664257,0.007547206007911432,0.011094452751519407,-1.7039989755782674,0.2685809870529866,-0.005359999999999976,0.0975412000863913,-0.9673907437075828,1.0
2025-01-24,2.26,-0.00033801234110864,0.006546157380269646,0.0009231118374271,0.20000000000000018,0.32484919219303615,69.0,0.00849002693950851,0.030004831121501097,-0.03183023872679047,0.004265929177532435,0.01649614640429687,2.8175275577108323,0.003925195216549859,0.009517260120974468,-0.24853224472006777,-7.0,0.4848820460956671,0.210696125125429,5.416582549525898,0.009999999999999787,-0.04294319167266425,0.01178897975055209,0.007547206007911432,0.0018841955732331883,-1.5814426354812572,0.27354882430023314,-0.005059999999999953,0.08345229603967545,-0.6646948357998271,1.0
2025-01-31,2.19,-0.0019868964951930135,0.0,-0.0033792306721129,0.3550000000000001,0.3236553274198039,63.0,-0.0021967392930148932,0.023668658120814756,-0.013513513513513487,0.0,0.010988821599520585,2.9438331892537923,0.0009254023617678275,0.00889871688780106,0.35355339059327784,14.0,0.46416542373254543,0.10127755357015479,5.4336807854178755,-0.040000000000000036,0.0034587715027964983,0.010807265541945374,0.0047777485215312766,0.007108122484797197,-1.381534026396051,0.2754414391941799,-0.0030000000000000027,0.05338539126023227,0.491300453414626,1.0
2025-02-07,2.28,-0.0010634793477326543,0.004441702264292413,0.0005188592469818,0.4800000000000001,0.32276023955296784,63.0,0.008119858403550007,0.0282154895174751,-0.01756756756756761,0.002547452855180321,0.03469596768012114,3.0035875984456717,0.0038968645543914888,0.0071870926949978145,2.405543141078519,14.0,0.7915538766286476,0.08124038404643734,5.450448664886082,0.040000000000000036,-0.07600203821210827,0.011496311623184834,0.004791093695752564,-0.024992700314358185,-1.0279640040184848,0.2769138122717417,0.0009299999999999864,0.05119988839281508,1.8827233460940722,0.0
2025-02-14,2.38,0.0003785089712351475,0.004441702264292413,0.0286491864711649,0.4800000000000001,0.32173379898534904,63.0,0.008119858403550007,0.0282154895174751,-0.01756756756756761,0.002547452855180321,0.03469596768012114,3.0007691321748533,0.0038968645543914888,0.009031601210278921,-0.24769520524193334,14.0,1.3151025355497814,0.09014868670312619,5.466889227709451,-0.009999999999999787,-0.10670544661100356,0.008545396808808522,0.004791093695752564,-0.008801226992563915,-0.44099892481575964,0.27829582662910546,0.0044600000000000195,0.052304056111571025,1.9909195591952928,0.0
2025-02-21,2.34,-0.004576347032727468,0.004441702264292413,-0.0085188385484717,0.4800000000000001,0.32057474399426394,63.0,0.008119858403550007,0.0282154895174751,-0.01756756756756761,0.002547452855180321,0.03469596768012114,2.935197542821011,0.0038968645543914888,0.008229859557081609,-0.24769520524193334,14.0,1.6412976217115287,0.10278271116437168,5.483005418224655,-0.019999999999999574,-0.07961820509835871,0.005817809234677622,0.004791093695752564,0.0016979084876282136,0.935339850409455,0.27904923691248396,0.009429999999999938,0.06135377506147104,1.884217483223544,0.0
2025-02-28,2.4,-0.002393129678700534,0.004441702264292413,-0.0165488370939179,0.4800000000000001,0.31125940776901273,68.0,0.006388771370977819,0.021611618406055078,-0.004109589041095929,0.002547452855180321,0.03451706742193744,3.4950514467432723,0.003655498271696234,0.007579466965652972,-0.3535533905932742,12.0,1.0893733138544706,0.1494752726803684,5.483005418224655,0.0,-0.12767286393174926,0.018350694667794355,0.0014529591394262667,-0.0005618741245914105,2.019419354815224,0.2788380193332014,0.013369999999999993,0.11685613866145193,1.6674229917647772,0.0
2025-03-07,2.34,-0.001379967576599861,0.002247071285750968,-0.0043273039716488,0.6300000000000001,0.30918582456154897,68.0,0.005802453773984029,0.023907252538964974,0.014383561643835696,0.0006913185749619633,0.050466957635579714,4.031605902595585,0.003690558855550435,0.010947193274188569,-0.4883230332453075,4.0,1.4371192773843062,0.13574529720877845,5.483005418224655,0.019999999999999574,-0.14062300884886514,0.018342243365916885,0.006923848044782363,0.01844520824000312,2.0072769374204604,0.27765827494796663,0.016660000000000008,0.1244416099450696,1.4976512627435998,0.0
2025-03-14,2.39,0.00041543555465306525,0.002247071285750968,0.006436211879406,0.6300000000000001,0.30564490715163467,68.0,0.005802453773984029,0.023907252538964974,0.014383561643835696,0.0006913185749619633,0.050466957635579714,4.427188724235413,0.003690558855550435,0.012127326096790092,-0.3304619747523869,4.0,1.4797584063439224,0.13363062095626543,5.483005418224655,-0.009999999999999787,-0.17102665910380033,0.019931720435553427,0.006923848044782363,0.028168921036576394,1.8413526628943513,0.27765827494796663,0.018340000000000023,0.1312508503374048,1.2834072566663235,0.0
2025-03-21,2.41,-0.0005309508547214348,0.002247071285750968,-0.0335609352830539,0.6300000000000001,0.30058480400462,68.0,0.005802453773984029,0.023907252538964974,0.014383561643835696,0.0006913185749619633,0.050466957635579714,4.71739823990334,0.003690558855550435,0.011757468094160534,-0.3304619747523869,4.0,1.399035518547104,0.12467099559589546,5.483005418224655,0.0,-0.15316878202668627,0.019958655679051494,0.006923848044782363,0.003122315270431608,1.68110034072485,0.27756231211044163,0.01791999999999999,0.1409913877815839,0.995564632732612,0.0
2025-03-28,2.38,-0.0023281589560185667,0.002247071285750968,-0.0056208843964465,0.6300000000000001,0.2939270649363518,68.0,0.005802453773984029,0.023907252538964974,0.014383561643835696,0.0006913185749619633,0.050466957635579714,4.9209129859591485,0.003690558855550435,0.011341554076165742,-0.3304619747523869,4.0,1.3057288887314158,0.09425459443148426,5.483005418224655,0.0,-0.1660454233814116,0.020409731544664564,0.006923848044782363,0.011378724732813178,1.5517980701042717,0.2773335109931371,0.01678999999999997,0.1528245960009778,0.6870642946216685,1.0
2025-04-04,2.45,-0.0024926364040044335,0.0031144562678433463,-0.026140548682432,0.375,0.2929722143854729,64.0,0.008823523543694645,0.023112888616734883,-0.022008253094910613,0.0023857041972428217,0.04794732736987787,5.076037218751498,0.0003926680840919209,0.014255482161092129,2.115185655370881,-4.0,1.1495798122904448,0.12291111771177717,5.5849398872759615,-0.04999999999999982,-0.2867334131123399,0.023654586647753738,0.016367840741963225,0.097386005997988,1.4457563910223492,0.2794284189686545,0.015020000000000033,0.1781652523441678,0.21202843651804146,1.0
2025-04-11,2.47,0.000589578091730214,0.0031144562678433463,0.0007779931071906,0.375,0.2905977867149662,64.0,0.008823523543694645,0.023112888616734883,-0.022008253094910613,0.0023857041972428217,0.04794732736987787,5.183999050331953,0.0003926680840919209,0.0197485198291407,-0.09021445900551203,-4.0,0.9926553606869042,0.12489281118515104,5.6839856005872855,0.05999999999999961,-0.28204532604749644,0.03255349821754648,0.016367840741963225,0.1258150271604938,1.3279305795050342,0.27912570893354444,0.010780000000000012,0.14240284908868492,-1.210451149614381,1.0
2025-04-18,2.44,-4.503958131918395e-05,0.0031144562678433463,0.0073881714209624,0.375,0.28676852202992376,64.0,0.008823523543694645,0.023112888616734883,-0.022008253094910613,0.0023857041972428217,0.04794732736987787,5.247710123325964,0.0003926680840919209,0.019922367600608733,-0.09021445900551203,-4.0,0.8521689116729232,0.11382160226807904,5.780291057193715,0.0,-0.2220351120999775,0.032831842312025475,0.016367840741963225,-0.0020699810408709163,1.0707569000786912,0.2749948580350606,-0.00041000000000002146,0.1143928069666836,-2.261961383526093,1.0
2025-04-25,2.44,-2.7203348598403565e-05,0.0031144562678433463,-0.0093976181943444,0.375,0.28142504002433244,64.0,0.008823523543694645,0.023112888616734883,-0.022008253094910613,0.0023857041972428217,0.04794732736987787,5.268775948927425,0.0003926680840919209,0.02131425151839979,-0.09021445900551203,-4.0,0.8197026666173286,0.1132317471888699,5.873991040089874,-0.019999999999999574,-0.2484197781206431,0.028106555880020926,0.016367840741963225,0.011343564923221139,0.7198026256549153,0.2691117168366791,-0.006489999999999996,0.12322308457196958,-1.8671625248468666,1.0
2025-05-02,2.35,-0.0026242282883871537,0.002088561230692454,-0.0635012253802926,0.44999999999999996,0.2768987089647049,69.0,0.0010162299356553106,0.02354896535474671,-0.05874409182984475,0.0013048792067804627,0.029772917102591417,5.2881580332485685,0.0006824725893119962,0.020285366993687815,-2.217525072656417,1.0,0.6946779562652163,0.11401754250998199,5.913274684658282,0.009999999999999787,-0.2537447130962839,0.030412224218744656,0.014792977149518783,-0.004451094026926727,0.032992548947303725,0.26718372289458536,-0.013290000000000024,0.11531788363352925,-1.668022652308494,1.0
2025-05-09,2.34,0.00024026433846757733,0.002088561230692454,0.025893634429206,0.44999999999999996,0.27113749672186754,69.0,0.0010162299356553106,0.02354896535474671,-0.05874409182984475,0.0013048792067804627,0.029772917102591417,5.293246786090502,0.0006824725893119962,0.019784758463272576,0.13551770655506631,1.0,0.6851687028410027,0.11661138145880008,5.952045670366871,0.009999999999999787,-0.22029135200451955,0.030503637804714195,0.014792977149518783,-0.0030625942650406857,-1.1910633706742364,0.2654802984001527,-0.017210000000000003,0.09642724866818495,-1.4246722623831225,1.0
2025-05-16,2.32,0.00035479651056657957,0.002088561230692454,-0.0122808524622051,0.44999999999999996,0.2640605886146932,69.0,0.0010162299356553106,0.02354896535474671,-0.05874409182984475,0.0013048792067804627,0.029772917102591417,5.284083502513398,0.0006824725893119962,0.020953054294925947,0.13551770655506631,1.0,0.26961165371162177,0.11915625995192035,5.990313951438075,0.03000000000000025,-0.21946035992903878,0.03724124221337545,0.014792977149518783,-0.022950533361184078,-1.8357344743719786,0.26560518846360087,-0.017449999999999966,0.10308630226314001,-1.1158070276065362,1.0
2025-05-23,2.33,-0.0036560424353556664,0.002088561230692454,0.0350066514143734,0.44999999999999996,0.2555587056218844,69.0,0.0010162299356553106,0.02354896535474671,-0.05874409182984475,0.0013048792067804627,0.029772917102591417,5.260593707352988,0.0006824725893119962,0.021577887452625063,0.13551770655506631,1.0,0.3230159269288677,0.13071233409946187,6.02808910187983,-0.009999999999999787,-0.20831191697271279,0.04107001275929975,0.014792977149518783,-0.19547077338699834,-1.6978752776227575,0.2664474966604925,-0.014649999999999996,0.11625096005748792,-0.7207841606615245,1.0
2025-05-30,2.34,-0.0023146410841167198,0.0,0.0157125661704536,0.44999999999999996,0.24548383817959343,69.0,0.0010162299356553106,0.02354896535474671,-0.019690576652601988,0.0,0.0,5.22258409366285,0.0005677668638658698,0.019963638420042864,0.3535533905932854,1.0,0.33243145304287336,0.06546536707090969,6.096354274887444,0.0,-0.21041690346462127,0.040835668632624986,0.006961670138264575,-0.0129223537343435,-1.486746633741401,0.2649417250020853,-0.011880000000000002,0.09070163016334389,-0.3126103064582648,1.0
2025-06-06,2.28,-5.3796923954796405e-05,0.0034093913800881115,0.0189800182646003,0.32999999999999985,0.2415702157529575,71.0,0.005793208714095943,0.02669213018222316,-0.020393811533052086,0.0023402152998077685,0.057570954406950724,5.376301273609118,0.0019597871028305663,0.010838984296260668,2.3709521546236627,9.0,0.2967785956655369,0.056505372690319085,6.120798802352115,0.0699999999999994,-0.14497546835978015,0.03352373472397158,0.006929985869482969,-0.04045040678325898,-1.326033355606069,0.2662070888950943,-0.009180000000000021,0.10350120772243397,0.36974435829294205,1.0
2025-06-13,2.11,0.0006399031303552238,0.0034093913800881115,0.0368344328726072,0.32999999999999985,0.23744716948040193,71.0,0.005793208714095943,0.02669213018222316,-0.020393811533052086,0.0023402152998077685,0.057570954406950724,5.523237623545589,0.0019597871028305663,0.011829669481853287,-0.2216475636109164,9.0,0.24297120357106494,0.0622781777879394,6.142936691155525,0.020000000000000462,-0.06972586111019807,0.03413824030002558,0.006929985869482969,0.0054786708881159885,-1.2181922696465708,0.26692448415488057,-0.007500000000000007,0.09913915184514187,1.1192231664441459,1.0
2025-06-20,2.19,0.0005842308588013267,0.0034093913800881115,-0.0159081039244141,0.32999999999999985,0.23310358700234027,71.0,0.005793208714095943,0.02669213018222316,-0.020393811533052086,0.0023402152998077685,0.057570954406950724,5.663920903402142,0.0019597871028305663,0.010906083599985456,-0.2216475636109164,9.0,0.42218114312589394,0.05952190473155133,6.162792798962783,-0.0600000000000005,-0.07184445448508303,0.03489784809134132,0.006929985869482969,-0.004306172100554589,-1.164892508116053,0.26743178321344235,-0.006450000000000011,0.07091242083425424,1.365213793214362,1.0
2025-06-27,2.24,-0.0028223083297012064,0.0034093913800881115,-0.0032319283994381,0.32999999999999985,0.2285268935513699,71.0,0.005793208714095943,0.02669213018222316,-0.0007173601147776321,0.0023402152998077685,0.057570954406950724,5.798806243197785,0.0017963847985138408,0.013245355070921424,-0.3535533905932753,9.0,0.437524021748247,0.07704358692148953,6.180389118258113,0.0,-0.19646804136116103,0.03615220672681427,0.0002536251008666277,-0.025500472642976904,-1.185850943348832,0.26711032569621135,-0.006709999999999994,0.09632534156998462,1.0160957304627163,1.0
2025-07-04,2.22,-0.0003905616763231201,0.0015097919463296083,0.0173197460287258,0.2999999999999998,0.22586371580977602,74.0,0.019187662602012212,0.027049023971513986,-0.022955523672883782,0.003125209822436803,0.057030981102892606,5.798806243197785,0.0021399968490386848,0.012797005124645267,1.37735600140204,15.0,0.460543370231153,0.08434622525223438,6.105007464266892,0.03000000000000025,-0.20033673555139897,0.03481050845060302,0.007835812035947038,0.00025768420880539766,-1.2621039082876333,0.2673804549557231,-0.006979999999999986,0.09632534156998462,0.7533984153616056,1.0
2025-07-11,2.15,0.00034746842076649465,0.0015097919463296083,-0.0006694381292623,0.2999999999999998,0.2231078509745993,74.0,0.019187662602012212,0.027049023971513986,-0.022955523672883782,0.003125209822436803,0.057030981102892606,5.798806243197785,0.0021399968490386848,0.011248135003003498,-0.5359474509246309,15.0,0.42292825105589027,0.08246211251244415,6.027682494907816,-0.009999999999999787,-0.16737625945101586,0.029327815976083367,0.007835812035947038,-0.027149963763063,-1.3318733489010741,0.2681039931281209,-0.006530000000000036,0.09361776388211994,0.7300032531952516,1.0
2025-07-18,2.18,-0.0003961325217144429,0.0015097919463296083,0.0120738083157418,0.2999999999999998,0.22025581994025353,74.0,0.019187662602012212,0.027049023971513986,-0.022955523672883782,0.003125209822436803,0.057030981102892606,5.798806243197785,0.0021399968490386848,0.009999630014497026,-0.5359474509246309,15.0,0.6752819652592315,0.06254998001610511,5.948338424726202,-0.009999999999999787,-0.15961564150661167,0.021252551134524855,0.007835812035947038,0.0009802127010841016,-1.3334556766036159,0.2691481450464079,-0.005049999999999999,0.08697290218388798,1.1820436297138182,1.0
2025-07-25,2.13,-0.00023395947275328677,0.0015097919463296083,0.0131823453365179,0.2999999999999998,0.2173038363042572,74.0,0.019187662602012212,0.027049023971513986,-0.022955523672883782,0.003125209822436803,0.057030981102892606,5.798806243197785,0.0021399968490386848,0.009790189649801509,-0.5359474509246309,15.0,0.5503488684150537,0.058736700622483304,5.866893335124029,0.019999999999999574,-0.15552098795315106,0.019540820849257387,0.007835812035947038,-0.005523108057125206,-1.297839333341657,0.26953454097444046,-0.004229999999999956,0.08701395618767739,1.5700212811369982,1.0
2025-08-01,1.89,-0.0022736028802674557,0.002872638121889093,0.0101448153031989,0.355,0.2205912196096114,79.0,0.011886779865559305,0.029161742842984006,-0.045226130653266305,0.0030972185881794623,0.02166871845097957,5.850969676373468,0.0018317209743450834,0.011497133439863324,-1.5419284880893558,0.0,0.567361429958755,0.05625198409212925,5.849385369472121,-0.07000000000000028,-0.0841947102101166,0.01928173036652582,0.010594024138399341,0.0019661474494394038,-1.2157197645719773,0.2611289880811998,-0.002850000000000019,0.09425459443141436,1.8423977322837328,1.0
2025-08-08,1.96,-0.00026119377145439326,0.002872638121889093,0.0051920773263023,0.22999999999999998,0.22357990414151957,79.0,0.011886779865559305,0.029161742842984006,-0.045226130653266305,0.0030972185881794623,0.02166871845097957,5.896152591700033,0.0018317209743450834,0.010716422707154838,-0.09905443525897775,0.0,0.3952403950294563,0.05642631098560345,5.815248847241671,-0.02999999999999936,-0.16866210160638284,0.01808634864309143,0.010594024138399341,0.0036315752781000965,-1.1149695020599522,0.25658389294277384,-0.0017699999999999383,0.08919280880686858,1.68409556907441,1.0
2025-08-15,1.97,0.00041741688517560327,0.002872638121889093,0.000808850081619,0.22999999999999998,0.22628172567349145,79.0,0.011886779865559305,0.029161742842984006,-0.045226130653266305,0.0030972185881794623,0.02166871845097957,5.934514431565323,0.0018317209743450834,0.010232529268383535,-0.09905443525897775,0.0,0.3735280347356684,0.0609302880348962,5.764188344422483,-0.020000000000000462,-0.18069148092765874,0.020154917864471534,0.010594024138399341,0.001618634828144505,-1.1205633923430645,0.2503126250440278,-0.0025000000000000577,0.08843884085304246,1.0092947722551275,1.0
2025-08-22,2.01,-0.003793115645623679,0.002872638121889093,-0.001578534403779,0.22999999999999998,0.22870685097386628,79.0,0.011886779865559305,0.029161742842984006,-0.045226130653266305,0.0030972185881794623,0.02166871845097957,5.966186773424052,0.0018317209743450834,0.006190095486902472,-0.09905443525897775,0.0,0.3343223812897784,0.054967522878913606,5.6957487255395804,-0.03000000000000025,-0.1492717053363346,0.017219435257628417,0.010594024138399341,0.0068881959607579035,-1.073600666225563,0.24068803776548675,-0.0011099999999999444,0.09650129532809963,1.270501196020513,1.0
2025-08-29,2.01,-0.002271087564016505,0.0,-0.0216167288585079,0.22999999999999998,0.2308639999258399,79.0,0.011886779865559305,0.029161742842984006,-0.023494860499265746,0.0,0.02005570286995877,5.9071013326200585,0.0009344213406752824,0.005966556609502607,0.3535533905932778,2.0,0.4090267265309875,0.05180664601616095,5.609293893073784,-0.03999999999999915,-0.12970768891489992,0.018945398180815774,0.008306687591031705,0.0020874098322162943,-1.0520270906330418,0.23434281201802737,-0.0008700000000000374,0.11710800875382656,1.122532926943078,1.0
2025-09-05,1.86,-0.00019883744455873043,0.002543398276415587,0.0074358678087027,0.15999999999999992,0.23374087354393988,80.0,0.018631698334008018,0.030126767755256134,0.03891336270190893,0.002177737336973129,0.025474703526469626,5.803977416061285,0.0009674987339896654,0.006256586618411699,0.7268078368178235,1.0,0.3397802063751132,0.0528474894661266,5.545744227304552,-0.16000000000000014,-0.08571005458844905,0.022626581713383057,0.02516317343087712,0.004154679158677996,-0.9428167844391656,0.2210262468802666,-4.999999999999449e-05,0.1350595106927733,1.3190949955845215,1.0
2025-09-12,1.95,0.0005893605203579622,0.002543398276415587,-0.0014838560923039,0.15999999999999992,0.23606063337331998,80.0,0.018631698334008018,0.030126767755256134,0.03891336270190893,0.002177737336973129,0.025474703526469626,5.692234926769459,0.0009674987339896654,0.006016383635180025,0.28641706049190074,1.0,0.2759218653207103,0.04840306956043627,5.474574440921554,0.009999999999999787,-0.08681722893950983,0.022236291215260037,0.02516317343087712,0.0006355878626980033,-0.8616090451658345,0.2038811760233725,-0.00012000000000000899,0.12855654675777917,1.0845237622924067,1.0
2025-09-19,2.02,0.0003988821007447907,0.002543398276415587,0.007980126040901,0.15999999999999992,0.23783958134075348,80.0,0.018631698334008018,0.030126767755256134,0.03891336270190893,0.002177737336973129,0.025474703526469626,5.571355310873264,0.0009674987339896654,0.005910513282890361,0.28641706049190074,1.0,0.18652423719768652,0.06674846172663655,5.395482999918004,-0.04999999999999982,-0.12847605810645468,0.021360639036994356,0.02516317343087712,-0.023258723835727205,-0.30372103401344813,0.18756597632602495,0.0012600000000000389,0.09357006542081647,1.6542921076386545,1.0
2025-09-26,2.03,-3.056624575537015e-05,0.002543398276415587,0.018915792124518,0.15999999999999992,0.23908978948562354,80.0,0.018631698334008018,0.030126767755256134,0.06390977443609014,0.002177737336973129,0.01883188162953862,5.440729589084009,0.0001506411513409855,0.0034852855671986364,-0.3535533905934537,1.0,-0.023087496005133157,0.07576985831177378,5.308115815835191,-0.010000000000000675,-0.03608094856939903,0.021737832137669368,0.022595517443931117,-0.001423005514301398,0.5249485325620358,0.1695032000926555,0.0010199999999999099,0.09125122308377208,1.1804815983768444,1.0
2025-10-03,2.14,-0.0032195412047857364,0.0,-0.0057800114850518,0.345,0.24232411914359,76.0,0.017472692634425524,0.028942166354098076,0.06090225563909768,0.0,0.01988695175253606,5.405979595282541,0.0016297563995091788,0.003555498045063405,-2.464495544167929,14.0,0.16468107046764113,0.07045768740386224,5.30459830690106,0.010000000000000675,-0.1815003587497762,0.021789436776572815,0.022759801654283637,-0.005332284012818295,1.8037674373071053,0.16437183319393006,0.0013900000000000023,0.07586407017063769,1.12308286608921,1.0
2025-10-10,2.25,0.0005610950705459139,0.0,0.006077650649353,0.345,0.24525148246389653,76.0,0.017472692634425524,0.028942166354098076,0.06090225563909768,0.0,0.01988695175253606,5.370718330410858,0.0016297563995091788,0.005084693035505558,0.31472274604919837,14.0,0.1800911788023416,0.07045768740386224,5.292464548342856,-0.010000000000000675,-0.22048698479371553,0.011791085131127352,0.022759801654283637,0.029879407147185996,1.9770019001839279,0.16537938011293213,0.0022500000000000853,0.05554920598633384,1.4993540984625595,1.0
2025-10-17,2.23,0.0008555846280011714,0.0,0.0162216947576812,0.345,0.24788275501201418,76.0,0.017472692634425524,0.028942166354098076,0.06090225563909768,0.0,0.01988695175253606,5.334935656737978,0.0016297563995091788,0.0063150915497161356,0.31472274604919837,14.0,0.33215236236077916,0.06738747234157146,5.271655044479369,-0.019999999999999574,-0.1687373605778324,0.015269640942158838,0.022759801654283637,0.004254818979367497,1.9840756092038505,0.16747560097846725,0.0037999999999999146,0.053385391260132656,1.8293482236877157,1.0
2025-10-24,2.32,-0.0010492000702195803,0.0,0.0007964005081699,0.345,0.2502272776168471,76.0,0.017472692634425524,0.028942166354098076,0.06090225563909768,0.0,0.01988695175253606,5.298621010732929,0.0016297563995091788,0.006682782631630797,0.31472274604919837,14.0,0.29062499010469733,0.06408699444627891,5.242066475650043,-0.06999999999999984,-0.1432153657581543,0.021865366439161486,0.022759801654283637,0.005255799101357206,1.802191212832354,0.17300554921838107,0.0033600000000000296,0.056426310985442006,1.211822869485715,0.0
2025-10-31,2.37,-0.0003792378003114605,0.0,-0.0304733430213054,0.15500000000000003,0.253119982069303,82.0,0.019286451645391,0.02949986212055422,-0.002826855123674865,0.0,0.00962486544264807,5.298621010732929,0.0016014019786777277,0.007152856995677757,0.353553390593275,0.0,0.5486293304798311,0.08114141095299544,5.244835138108103,-0.040000000000000036,-0.12246364344716898,0.027613592474621813,0.0009994442136938494,0.007145789212692599,1.6926861186514854,0.17589975549136586,0.0037599999999999856,0.05879747322071139,1.1579605189381648,1.0
2025-11-07,2.43,-0.002171235187187426,-0.002087438423645338,-0.0316549611969291,0.30499999999999994,0.25312017567630324,82.0,0.0208273535261978,0.027350844551226272,-0.0190812720848057,0.0018915434389168428,0.018428184851609342,5.298621010732929,0.0017591785759661944,0.007144514084305885,1.0737730593220334,0.0,0.6167104541592698,0.07363035088496217,5.244080193312954,0.029999999999999805,-0.1510371933539928,0.027761670971983305,0.00570670454627523,0.006240327272721211,1.5729841804654687,0.17862587189888174,0.003350000000000075,0.058660646336098486,0.6998175257852041,1.0
2025-11-14,2.39,0.0011760710766846039,-0.002087438423645338,-0.0010912830344476,0.30499999999999994,0.25312006482673405,82.0,0.0208273535261978,0.027350844551226272,-0.0190812720848057,0.0018915434389168428,0.018428184851609342,5.298621010732929,0.0017591785759661944,0.008718005471650562,0.2144255822233953,0.0,0.6174282886224591,0.07778174593061006,5.239800118232128,0.03000000000000025,-0.10340192237528956,0.02786082102043193,0.00570670454627523,0.015307334251022403,1.364356574864949,0.1800557145214971,0.0017899999999999583,0.06369570517028875,-0.719084264273287,1.0
2025-11-21,2.43,-0.0038263270876726097,-0.002087438423645338,0.0167410913130559,0.30499999999999994,0.2531196495201953,82.0,0.0208273535261978,0.027350844551226272,-0.0190812720848057,0.0018915434389168428,0.018428184851609342,5.298621010732929,0.0017591785759661944,0.011130238857040094,0.2144255822233953,0.0,0.46372642987716306,0.07615773105873089,5.23198626157581,-0.050000000000000266,-0.18500837851907703,0.02771952776200409,0.00570670454627523,-0.009775736038928201,1.127115498643286,0.18341438630623882,0.00046999999999997044,0.057321150422087304,-1.6625582729984407,1.0
2025-11-28,2.33,-0.00043689952058512116,-0.002087438423645338,0.0217344439972344,0.30499999999999994,0.25311892975518846,82.0,0.0208273535261978,0.027350844551226272,-0.016300496102055306,0.0018915434389168428,0.017149977901912496,5.298621010732929,0.0005344828077046941,0.01128919010062388,-0.35355339059328905,0.0,0.44216474149980667,0.07559289460193762,5.220622756029688,-0.020000000000000018,-0.1389705994549919,0.028442574340619503,0.005763095665234552,0.0019414774392292888,0.6906392712504625,0.18712347815935115,-0.0018500000000000183,0.059506902360721904,-2.0131289704199204,1.0
