,SP500,VIX,RV_30D,IV_VAR,RV_30D_VAR,VRP,WTI_Crude_Oil,Natural_Gas,Copper,Gold,Silver,USD_JPY,USD_CHF,Japan_Policy_Rate,Japan_10Y_JGB,Industrial_Production,Unemployment_Rate,Consumer_Sentiment,Building_Permits,Retail_Sales,IG_OAS_Spread,NFCI,CPI,Core_CPI,CPI_YoY,Core_CPI_YoY,Core_minus_Headline_Inflation,Expected_Inflation_5Y,Expected_Inflation_10Y,Fed_Total_Assets,Treasury_General_Account,Bank_Reserves,US_10Y_Treasury,US_2Y_Treasury,US_3M_Treasury,US_10Y_Real_Yield,credit_card_debt,foodbanks_near_me,help_with_mortgage,resume_template,sell_jewelry,Sector_Rotation,BBB_AAA_Credit_Spread,High_Yield_Spread,Short_Term_Credit_Spread,Long_Term_Credit_Spread,Credit_Spread_Term_Struct,Spread_10Y_2Y,Spread_10Y_3M
2004-04-02,1141.81005859375,15.640000343322754,0.13546175070328656,0.024460961073913587,0.01834988590359936,0.0061110751703142285,34.38999938964844,5.811999797821045,1.3519999980926514,421.6000061035156,8.145999908447266,104.55,1.2932,0.0,1.52,92.93,5.6,94.2,2070.0,307358.0,0.94,-0.79553,188.0,195.9,2.285092491838947,1.7662337662337713,-0.5188587256051758,2.38,2.46,760725.0,5246.0,14803.0,4.15,1.86,0.95,1.69,68.0,0.0,0.0,39.0,29.0,,0.7299999999999995,-0.1899999999999995,0.08999999999999997,2.1100000000000003,-2.0200000000000005,2.29,3.2
2004-04-09,1139.3199462890625,16.260000228881836,0.13801062007805961,0.026438760744323733,0.01904693125433051,0.007391829489993222,37.13999938964844,5.940999984741211,1.3125,419.8999938964844,8.085000038146973,106.45,1.2819,0.0,1.52,92.93,5.6,94.2,2070.0,307358.0,0.93,-0.78451,188.0,195.9,2.285092491838947,1.7662337662337713,-0.5188587256051758,2.34,2.41,754083.0,5010.0,9757.0,4.21,1.88,0.93,1.8,68.0,0.0,0.0,39.0,29.0,0.001448160224660766,0.7299999999999995,-0.29000000000000004,0.08999999999999997,2.1100000000000003,-2.0200000000000005,2.33,3.28
2004-04-16,1134.6099853515625,14.9399995803833,0.1409737290581482,0.02232035874618532,0.01987359228456018,0.0024467664616251404,37.7400016784668,5.610000133514404,1.3504999876022339,401.0,7.139999866485596,107.69,1.2912,0.0,1.52,92.93,5.6,94.2,2070.0,307358.0,0.9,-0.77113,188.0,195.9,2.285092491838947,1.7662337662337713,-0.5188587256051758,2.44,2.5,763734.0,5158.0,14601.0,4.37,2.03,0.94,1.87,68.0,0.0,0.0,39.0,29.0,-0.009338760532981844,0.7299999999999995,-0.3899999999999997,0.09999999999999998,2.1100000000000003,-2.0100000000000002,2.3400000000000003,3.43
2004-04-23,1140.5999755859375,14.010000228881836,0.13760584657413055,0.01962801064132691,0.01893536901138316,0.0006926416299437507,36.459999084472656,5.571000099182129,1.2430000305175781,395.1000061035156,6.1579999923706055,109.38,1.3202,0.0,1.52,92.93,5.6,94.2,2070.0,307358.0,0.87,-0.75603,188.0,195.9,2.285092491838947,1.7662337662337713,-0.5188587256051758,2.29,2.36,757984.0,6630.0,14021.0,4.48,2.29,0.98,2.12,68.0,0.0,0.0,39.0,29.0,0.0018150224866713878,0.7299999999999995,-0.5399999999999996,0.09000000000000008,2.1100000000000003,-2.0200000000000005,2.1900000000000004,3.5000000000000004
2004-04-30,1107.300048828125,17.190000534057617,0.13125925634685773,0.029549611836090117,0.01722899237673011,0.012320619459360006,37.380001068115234,5.861999988555908,1.2094999551773071,387.0,6.078000068664551,110.37,1.2984,0.0,1.52,92.93,5.6,94.2,2070.0,307358.0,0.91,-0.74076,188.0,195.9,2.285092491838947,1.7662337662337713,-0.5188587256051758,2.34,2.42,772927.0,7444.0,18223.0,4.53,2.31,0.98,2.11,60.0,0.0,0.0,35.0,28.0,-0.024940497924729153,0.7299999999999995,-0.4399999999999995,0.1200000000000001,2.1100000000000003,-1.9900000000000002,2.22,3.5500000000000003
2004-05-07,1098.699951171875,18.1299991607666,0.1231513291181095,0.03286968695693977,0.015166249863556924,0.01770343709338285,39.93000030517578,6.294000148773193,1.1924999952316284,378.70001220703125,5.589000225067139,112.3,1.302,0.001,1.505,93.6013,5.6,90.2,2150.0,311088.0,0.94,-0.72605,189.1,196.2,3.051771117166213,1.710730948678063,-1.34104016848815,2.46,2.55,758838.0,6025.0,13025.0,4.79,2.64,1.07,2.24,60.0,0.0,0.0,35.0,28.0,-0.006481948925868656,0.71,-0.7299999999999995,0.020000000000000018,2.0300000000000002,-2.0100000000000002,2.15,3.7199999999999998
2004-05-14,1095.699951171875,18.469999313354492,0.12062316359949955,0.03411408746353155,0.014549947596751633,0.019564139866779913,41.380001068115234,6.401000022888184,1.1759999990463257,377.0,5.7210001945495605,114.3,1.3005,0.001,1.505,93.6013,5.6,90.2,2150.0,311088.0,0.98,-0.71352,189.1,196.2,3.051771117166213,1.710730948678063,-1.34104016848815,2.51,2.63,764835.0,5435.0,13493.0,4.79,2.59,0.99,2.16,60.0,0.0,0.0,35.0,28.0,0.013141130318701972,0.71,-0.23999999999999932,0.10000000000000009,2.0300000000000002,-1.9300000000000002,2.2,3.8
2004-05-21,1093.56005859375,18.489999771118164,0.11996490815623372,0.03418800915359498,0.01439157918893359,0.01979642996466139,39.93000030517578,6.353000164031982,1.2200000286102295,384.79998779296875,5.86299991607666,112.09,1.2797,0.001,1.505,93.6013,5.6,90.2,2150.0,311088.0,0.98,-0.70356,189.1,196.2,3.051771117166213,1.710730948678063,-1.34104016848815,2.57,2.72,756874.0,5333.0,14219.0,4.76,2.6,1.03,2.04,60.0,0.0,0.0,35.0,28.0,0.006861645229497837,0.71,-0.39999999999999947,0.08000000000000007,2.0300000000000002,-1.9500000000000002,2.1599999999999997,3.7299999999999995
2004-05-28,1120.6800537109375,15.5,0.12346935367566303,0.024025,0.015244681297085963,0.008780318702914038,39.880001068115234,6.441999912261963,1.277999997138977,394.0,6.105000019073486,110.18,1.2533,0.001,1.505,93.6013,5.6,90.2,2150.0,311088.0,0.97,-0.69645,189.1,196.2,3.051771117166213,1.710730948678063,-1.34104016848815,2.55,2.66,771108.0,5212.0,15726.0,4.66,2.54,1.08,2.0,60.0,0.0,0.0,35.0,28.0,0.0039054182418457595,0.71,-0.47999999999999954,0.030000000000000027,2.0300000000000002,-2.0,2.12,3.58
2004-06-04,1122.5,16.780000686645508,0.10931487517986263,0.02815684230438237,0.011949741935588946,0.016207100368793425,38.4900016784668,6.261000156402588,1.2335000038146973,390.8999938964844,5.802999973297119,111.27,1.244,0.001,1.807,92.871,5.6,95.6,2020.0,309127.0,0.99,-0.69162,189.7,196.6,3.2661948829613596,1.865284974093262,-1.4009099088680976,2.6,2.67,764090.0,4092.0,15312.0,4.78,2.7,1.21,2.11,58.0,0.0,0.0,42.0,16.0,-0.006150881980433601,0.7700000000000005,-0.5700000000000003,0.050000000000000044,2.05,-1.9999999999999998,2.08,3.5700000000000003
2004-06-11,1136.469970703125,15.039999961853027,0.115097443130902,0.022620159885253902,0.01324742141527122,0.009372738469982681,38.45000076293945,6.176000118255615,1.1759999990463257,385.8999938964844,5.744999885559082,110.09,1.2597,0.001,1.807,92.871,5.6,95.6,2020.0,309127.0,0.98,-0.6889,189.7,196.6,3.2661948829613596,1.865284974093262,-1.4009099088680976,2.55,2.63,772187.0,4698.0,11799.0,4.81,2.81,1.3,2.18,58.0,0.0,0.0,42.0,16.0,0.012723701033166815,0.7700000000000005,-0.6800000000000006,0.020000000000000018,2.05,-2.03,1.9999999999999996,3.51
2004-06-18,1135.02001953125,14.989999771118164,0.11359282481244519,0.022470009313812263,0.012903329848870864,0.0095666794649414,38.75,6.519999980926514,1.1950000524520874,395.1000061035156,5.980999946594238,108.65,1.2443,0.001,1.807,92.871,5.6,95.6,2020.0,309127.0,0.97,-0.68743,189.7,196.6,3.2661948829613596,1.865284974093262,-1.4009099088680976,2.54,2.57,761834.0,6195.0,12032.0,4.72,2.81,1.29,2.15,58.0,0.0,0.0,42.0,16.0,0.004866674180408352,0.7700000000000005,-0.7100000000000009,0.1399999999999999,2.05,-1.91,1.9099999999999997,3.4299999999999997
2004-06-25,1134.4300537109375,15.1899995803833,0.10143196935189511,0.023073608725204486,0.010288444406603788,0.012785164318600698,37.54999923706055,6.353000164031982,1.2094999551773071,402.8999938964844,6.125,107.82,1.2504,0.001,1.807,92.871,5.6,95.6,2020.0,309127.0,0.98,-0.68775,189.7,196.6,3.2661948829613596,1.865284974093262,-1.4009099088680976,2.42,2.5,775261.0,7034.0,14372.0,4.66,2.74,1.31,2.16,58.0,0.0,0.0,42.0,16.0,0.01624452817688245,0.7700000000000005,-0.7300000000000004,0.11999999999999988,2.05,-1.93,1.92,3.35
2004-07-02,1125.3800048828125,15.079999923706055,0.10043949294717595,0.022740639769897465,0.010088091743485808,0.012652548026411657,38.38999938964844,6.1479997634887695,1.2200000286102295,398.29998779296875,5.998000144958496,108.6,1.2336,0.0,1.808,93.5649,5.5,96.7,2112.0,311681.0,1.0,-0.689,189.4,196.8,2.9907558455682492,1.7580144777662898,-1.2327413678019594,2.41,2.52,779578.0,5961.0,14753.0,4.48,2.54,1.3,1.96,56.0,0.0,0.0,39.0,28.0,-0.005902140810275069,0.7999999999999998,-0.33000000000000007,0.20999999999999996,2.12,-1.9100000000000001,1.9400000000000004,3.1800000000000006
2004-07-09,1112.81005859375,15.779999732971191,0.09657976792535157,0.02490083915725709,0.009327651572514768,0.015573187584742323,39.959999084472656,6.140999794006348,1.281000018119812,407.5,6.460999965667725,108.21,1.2258,0.0,1.808,93.5649,5.5,96.7,2112.0,311681.0,1.0,-0.69093,189.4,196.8,2.9907558455682492,1.7580144777662898,-1.2327413678019594,2.41,2.47,778163.0,4541.0,10724.0,4.49,2.55,1.28,2.02,56.0,0.0,0.0,39.0,28.0,-0.002119454990305414,0.7999999999999998,-0.41999999999999993,0.20999999999999996,2.12,-1.9100000000000001,1.9400000000000004,3.21
2004-07-16,1101.3900146484375,14.34000015258789,0.0962643152945982,0.02056356043762207,0.009266818399137813,0.011296742038484256,41.25,5.88700008392334,1.3135000467300415,406.6000061035156,6.711999893188477,108.77,1.2267,0.0,1.808,93.5649,5.5,96.7,2112.0,311681.0,0.98,-0.69271,189.4,196.8,2.9907558455682492,1.7580144777662898,-1.2327413678019594,2.37,2.44,775536.0,4834.0,11664.0,4.38,2.54,1.35,1.94,56.0,0.0,0.0,39.0,28.0,-0.0054035515302049975,0.7999999999999998,-0.4800000000000004,0.17999999999999994,2.12,-1.9400000000000002,1.8399999999999999,3.03
2004-07-23,1086.199951171875,16.5,0.08995861017173586,0.027225000000000003,0.008092551544030338,0.019132448455969665,41.709999084472656,6.133999824523926,1.246999979019165,390.5,6.334000110626221,110.11,1.2632,0.0,1.808,93.5649,5.5,96.7,2112.0,311681.0,0.97,-0.69474,189.4,196.8,2.9907558455682492,1.7580144777662898,-1.2327413678019594,2.38,2.45,776764.0,5509.0,14245.0,4.45,2.69,1.38,2.0,56.0,0.0,0.0,39.0,28.0,0.005586172907059577,0.7999999999999998,-0.5499999999999998,0.15999999999999992,2.12,-1.9600000000000002,1.7600000000000002,3.0700000000000003
2004-07-30,1101.719970703125,15.319999694824219,0.08982122779868291,0.023470239064941414,0.008067852963262888,0.015402386101678526,43.79999923706055,6.111999988555908,1.3079999685287476,391.0,6.550000190734863,111.39,1.2796,0.0,1.808,93.5649,5.5,96.7,2112.0,311681.0,0.96,-0.69684,189.4,196.8,2.9907558455682492,1.7580144777662898,-1.2327413678019594,2.41,2.49,773916.0,4956.0,12113.0,4.5,2.68,1.45,2.01,56.0,0.0,0.0,39.0,28.0,0.013975202124515862,0.7999999999999998,-0.5099999999999998,0.14000000000000012,2.12,-1.98,1.8199999999999998,3.05
2004-08-06,1063.969970703125,19.34000015258789,0.10412951570846893,0.03740356059020997,0.010842956041680278,0.02656060454852969,43.95000076293945,5.5879998207092285,1.281999945640564,399.79998779296875,6.767000198364258,110.05,1.2515,0.001,1.588,93.6277,5.4,95.9,2056.0,311192.0,1.0,-0.6981,189.5,196.9,2.654387865655483,1.7045454545454586,-0.9498424111100245,2.34,2.42,772085.0,4701.0,16333.0,4.24,2.4,1.44,1.82,58.0,0.0,0.0,35.0,25.0,-0.028138726413152848,0.8099999999999996,-0.08999999999999986,0.15000000000000013,2.1799999999999997,-2.0299999999999994,1.8400000000000003,2.8000000000000003
2004-08-13,1064.800048828125,17.979999542236328,0.11218206666213973,0.03232803835388185,0.012584816080588762,0.019743222273293087,46.58000183105469,5.5329999923706055,1.3209999799728394,398.8999938964844,6.617000102996826,110.67,1.2405,0.001,1.588,93.6277,5.4,95.9,2056.0,311192.0,0.99,-0.69995,189.5,196.9,2.654387865655483,1.7045454545454586,-0.9498424111100245,2.41,2.45,769265.0,5064.0,11190.0,4.22,2.47,1.44,1.77,58.0,0.0,0.0,35.0,25.0,-0.0141641524573138,0.8099999999999996,-0.08000000000000007,0.19000000000000017,2.1799999999999997,-1.9899999999999995,1.7499999999999996,2.78
2004-08-20,1098.3499755859375,16.0,0.12483687371575983,0.0256,0.015584245039124566,0.010015754960875435,47.86000061035156,5.552000045776367,1.2714999914169312,413.20001220703125,6.866000175476074,109.32,1.2489,0.001,1.588,93.6277,5.4,95.9,2056.0,311192.0,0.98,-0.70128,189.5,196.9,2.654387865655483,1.7045454545454586,-0.9498424111100245,2.36,2.45,767595.0,4456.0,9619.0,4.24,2.46,1.49,1.79,58.0,0.0,0.0,35.0,25.0,0.016822442936018457,0.8099999999999996,-0.20999999999999996,0.16000000000000014,2.1799999999999997,-2.0199999999999996,1.7800000000000002,2.75
2004-08-27,1107.77001953125,14.710000038146973,0.12571116877296698,0.021638410112228394,0.01580329795426539,0.005835112157963004,43.18000030517578,5.081999778747559,1.2610000371932983,403.29998779296875,6.5879998207092285,109.51,1.283,0.001,1.588,93.6277,5.4,95.9,2056.0,311192.0,0.96,-0.70234,189.5,196.9,2.654387865655483,1.7045454545454586,-0.9498424111100245,2.29,2.37,775437.0,4789.0,10916.0,4.23,2.48,1.56,1.86,58.0,0.0,0.0,35.0,25.0,0.0019463873212766476,0.8099999999999996,-0.31000000000000005,0.3999999999999999,2.1799999999999997,-1.7799999999999998,1.7500000000000004,2.6700000000000004
2004-09-03,1113.6300048828125,13.90999984741211,0.12129932948868724,0.019348809575500493,0.01471352733440511,0.0046352822410953825,43.9900016784668,4.675000190734863,1.2404999732971191,400.5,6.552999973297119,110.47,1.2713,0.001,1.393,93.7467,5.4,94.2,2041.0,317446.0,0.94,-0.70208,189.9,197.5,2.5377969762419017,1.961796592669085,-0.5760003835728167,2.36,2.42,785273.0,5297.0,16991.0,4.3,2.61,1.65,1.88,55.0,0.0,0.0,39.0,24.0,-0.0006671809899125858,0.8099999999999996,-0.23999999999999977,0.06999999999999984,2.1399999999999997,-2.07,1.69,2.65
2004-09-10,1123.9200439453125,13.760000228881836,0.12053245120417029,0.018933760629882817,0.014528071793285692,0.0044056888365971245,42.810001373291016,4.570000171661377,1.281000018119812,401.8999938964844,6.132999897003174,109.33,1.256,0.001,1.393,93.7467,5.4,94.2,2041.0,317446.0,0.94,-0.70196,189.9,197.5,2.5377969762419017,1.961796592669085,-0.5760003835728167,2.26,2.36,788602.0,4910.0,10128.0,4.19,2.5,1.66,1.83,55.0,0.0,0.0,39.0,24.0,0.013313514716547922,0.8099999999999996,-0.25,0.13000000000000012,2.1399999999999997,-2.01,1.6900000000000004,2.5300000000000002
2004-09-17,1128.550048828125,14.029999732971191,0.10941889452211744,0.019684089250717168,0.011972494478442262,0.007711594772274906,45.59000015258789,5.107999801635742,1.3020000457763672,405.79998779296875,6.258999824523926,109.97,1.2706,0.001,1.393,93.7467,5.4,94.2,2041.0,317446.0,0.92,-0.70162,189.9,197.5,2.5377969762419017,1.961796592669085,-0.5760003835728167,2.18,2.29,789128.0,5261.0,13700.0,4.14,2.53,1.71,1.85,55.0,0.0,0.0,39.0,24.0,0.00699204699349291,0.8099999999999996,-0.2999999999999998,0.08000000000000007,2.1399999999999997,-2.0599999999999996,1.6099999999999999,2.4299999999999997
2004-09-24,1110.1099853515625,14.279999732971191,0.09835938985482238,0.02039183923736573,0.009674569572612937,0.010717269664752792,48.880001068115234,5.392000198364258,1.3619999885559082,408.1000061035156,6.40500020980835,110.72,1.2638,0.001,1.393,93.7467,5.4,94.2,2041.0,317446.0,0.92,-0.70104,189.9,197.5,2.5377969762419017,1.961796592669085,-0.5760003835728167,2.2,2.26,782124.0,6979.0,13386.0,4.04,2.62,1.73,1.78,55.0,0.0,0.0,39.0,24.0,0.011395844348651965,0.8099999999999996,-0.3500000000000001,0.08000000000000007,2.1399999999999997,-2.0599999999999996,1.42,2.31
2004-10-01,1131.5,12.75,0.09733763913842305,0.01625625,0.009474615993041868,0.006781634006958132,50.119998931884766,6.771999835968018,1.4079999923706055,419.5,6.918000221252441,110.45,1.2496,0.001,1.483,94.5465,5.5,91.7,2097.0,318476.0,0.91,-0.7003,190.9,197.9,3.189189189189201,2.0103092783505083,-1.1788799108386927,2.35,2.38,786330.0,5118.0,14990.0,4.21,2.63,1.71,1.83,58.0,0.0,0.0,43.0,29.0,0.017499902844836414,0.7400000000000002,-0.31999999999999984,0.15000000000000013,2.1100000000000003,-1.9600000000000002,1.58,2.5
2004-10-08,1122.1400146484375,15.050000190734863,0.10326453449751123,0.022650250574111942,0.010663564084987687,0.011986686489124255,53.310001373291016,7.163000106811523,1.4735000133514404,423.1000061035156,7.2729997634887695,109.44,1.2488,0.001,1.483,94.5465,5.5,91.7,2097.0,318476.0,0.91,-0.70027,190.9,197.9,3.189189189189201,2.0103092783505083,-1.1788799108386927,2.32,2.37,781777.0,5334.0,10631.0,4.15,2.61,1.71,1.78,58.0,0.0,0.0,43.0,29.0,0.012161681805428612,0.7400000000000002,-0.36999999999999966,0.24,2.1100000000000003,-1.8700000000000003,1.5400000000000005,2.4400000000000004
2004-10-15,1108.199951171875,15.039999961853027,0.10157376352048254,0.022620159885253902,0.010317229435714911,0.012302930449538991,54.93000030517578,6.709000110626221,1.315999984741211,418.70001220703125,7.091000080108643,109.14,1.2327,0.001,1.483,94.5465,5.5,91.7,2097.0,318476.0,0.91,-0.70104,190.9,197.9,3.189189189189201,2.0103092783505083,-1.1788799108386927,2.34,2.37,795483.0,4682.0,11175.0,4.07,2.53,1.76,1.7,58.0,0.0,0.0,43.0,29.0,-0.011943710965683509,0.7400000000000002,-0.35999999999999943,0.24,2.1100000000000003,-1.8700000000000003,1.5400000000000005,2.3100000000000005
2004-10-22,1095.739990234375,15.279999732971191,0.10545834174053142,0.023347839183959967,0.011121461842662713,0.012226377341297254,55.16999816894531,8.104999542236328,1.309499979019165,424.6000061035156,7.314000129699707,107.42,1.2163,0.001,1.483,94.5465,5.5,91.7,2097.0,318476.0,0.93,-0.70362,190.9,197.9,3.189189189189201,2.0103092783505083,-1.1788799108386927,2.43,2.36,784954.0,5232.0,12733.0,4.0,2.55,1.85,1.64,58.0,0.0,0.0,43.0,29.0,0.00034811226236138373,0.7400000000000002,-0.31999999999999984,0.16999999999999993,2.1100000000000003,-1.9400000000000004,1.4500000000000002,2.15
2004-10-29,1130.199951171875,16.270000457763672,0.1181832722243132,0.026471291489563013,0.01396728583364612,0.012504005655916892,51.7599983215332,8.725000381469727,1.347499966621399,428.5,7.291999816894531,106.04,1.1988,0.001,1.483,94.5465,5.5,91.7,2097.0,318476.0,0.91,-0.70674,190.9,197.9,3.189189189189201,2.0103092783505083,-1.1788799108386927,2.49,2.42,791336.0,4948.0,12863.0,4.05,2.56,1.91,1.63,58.0,0.0,0.0,43.0,29.0,-0.0007835752849359653,0.7400000000000002,-0.5399999999999996,0.10999999999999988,2.1100000000000003,-2.0000000000000004,1.4899999999999998,2.1399999999999997
2004-11-05,1166.1700439453125,13.84000015258789,0.11897691111181967,0.019154560422363288,0.014155505377709838,0.00499905504465345,49.61000061035156,7.953999996185303,1.378499984741211,433.6000061035156,7.493000030517578,105.6,1.1806,0.001,1.452,94.7813,5.4,92.8,2079.0,320520.0,0.89,-0.71027,191.0,198.3,3.5230352303523116,2.216494845360839,-1.3065403849914725,2.6,2.5,790552.0,5275.0,12995.0,4.21,2.8,2.03,1.71,61.0,0.0,0.0,38.0,18.0,0.002766926307086564,0.6800000000000006,-0.9000000000000004,0.15000000000000013,2.01,-1.8599999999999997,1.4100000000000001,2.18
2004-11-12,1184.1700439453125,13.329999923706055,0.11386963409057464,0.01776888979660034,0.01296629356792136,0.004802596228678981,47.31999969482422,7.176000118255615,1.4279999732971191,437.8999938964844,7.614999771118164,105.53,1.1728,0.001,1.452,94.7813,5.4,92.8,2079.0,320520.0,0.88,-0.71439,191.0,198.3,3.5230352303523116,2.216494845360839,-1.3065403849914725,2.59,2.49,800473.0,5012.0,11377.0,4.2,2.86,2.08,1.71,61.0,0.0,0.0,38.0,18.0,0.002644257944761641,0.6800000000000006,-0.8800000000000003,0.1299999999999999,2.01,-1.88,1.3400000000000003,2.12
2004-11-19,1170.3399658203125,13.5,0.11410329736954725,0.018225,0.013019562470603327,0.005205437529396674,48.439998626708984,7.114999771118164,1.4819999933242798,446.79998779296875,7.5970001220703125,102.8,1.1585,0.001,1.452,94.7813,5.4,92.8,2079.0,320520.0,0.87,-0.71653,191.0,198.3,3.5230352303523116,2.216494845360839,-1.3065403849914725,2.64,2.53,794090.0,4824.0,12278.0,4.2,2.95,2.15,1.67,61.0,0.0,0.0,38.0,18.0,0.010019435177417213,0.6800000000000006,-0.9800000000000004,0.1299999999999999,2.01,-1.88,1.25,2.0500000000000003
2004-11-26,1182.6500244140625,12.779999732971191,0.10620741549097121,0.016332839317474375,0.01128001510527179,0.0050528242122025845,49.439998626708984,7.97599983215332,1.4884999990463257,449.29998779296875,7.611999988555908,102.58,1.1389,0.001,1.452,94.7813,5.4,92.8,2079.0,320520.0,0.86,-0.71713,191.0,198.3,3.5230352303523116,2.216494845360839,-1.3065403849914725,2.7,2.58,809956.0,4419.0,11686.0,4.24,3.03,2.21,1.66,61.0,0.0,0.0,38.0,18.0,0.003666941656747932,0.6800000000000006,-1.0400000000000005,0.06000000000000005,2.01,-1.9499999999999997,1.2100000000000004,2.0300000000000002
2004-12-03,1191.1700439453125,12.960000038146973,0.10945981328941921,0.016796160098876956,0.011981450725354515,0.004814709373522441,42.540000915527344,6.796000003814697,1.434999942779541,456.0,7.995999813079834,102.56,1.1391,0.001,1.397,95.5365,5.4,97.1,2082.0,324672.0,0.86,-0.71549,190.3,198.6,3.255561584373301,2.2657054582904346,-0.9898561260828664,2.68,2.54,807063.0,5217.0,11754.0,4.27,2.94,2.21,1.73,63.0,0.0,0.0,33.0,32.0,0.0022326853333887176,0.6800000000000006,-1.0300000000000002,0.050000000000000266,1.92,-1.8699999999999997,1.3299999999999996,2.0599999999999996
2004-12-10,1188.0,12.760000228881836,0.1006726663309406,0.016281760584106447,0.010134985746180901,0.006146774837925546,40.709999084472656,6.8429999351501465,1.4014999866485596,433.8999938964844,6.705999851226807,105.45,1.1613,0.001,1.397,95.5365,5.4,97.1,2082.0,324672.0,0.85,-0.71247,190.3,198.6,3.255561584373301,2.2657054582904346,-0.9898561260828664,2.59,2.5,808495.0,4986.0,12606.0,4.16,2.95,2.25,1.66,63.0,0.0,0.0,33.0,32.0,-0.010689651021700053,0.6800000000000006,-1.0600000000000005,0.14000000000000012,1.92,-1.7799999999999998,1.21,1.9100000000000001
2004-12-17,1194.199951171875,11.949999809265137,0.09348063533708251,0.014280249544143682,0.008738629183024598,0.005541620361119083,46.279998779296875,7.456999778747559,1.472499966621399,441.6000061035156,6.765999794006348,104.28,1.1571,0.001,1.397,95.5365,5.4,97.1,2082.0,324672.0,0.84,-0.70773,190.3,198.6,3.255561584373301,2.2657054582904346,-0.9898561260828664,2.69,2.57,807028.0,5047.0,12689.0,4.21,3.03,2.2,1.64,63.0,0.0,0.0,33.0,32.0,-0.002882582801301565,0.6800000000000006,-1.1700000000000004,0.18999999999999995,1.92,-1.73,1.1800000000000002,2.01
2004-12-24,1210.1300048828125,11.229999542236328,0.09568375369077009,0.012611288971862814,0.009155380720355958,0.003455908251506856,44.18000030517578,6.668000221252441,1.4830000400543213,441.8999938964844,6.882999897003174,103.65,1.1423,0.001,1.397,95.5365,5.4,97.1,2082.0,324672.0,0.84,-0.70255,190.3,198.6,3.255561584373301,2.2657054582904346,-0.9898561260828664,2.7,2.61,811333.0,5133.0,10747.0,4.23,3.02,2.19,1.62,63.0,0.0,0.0,33.0,32.0,0.0015632546588896599,0.6800000000000006,-1.1800000000000006,0.20000000000000018,1.92,-1.7199999999999998,1.2100000000000004,2.0400000000000005
2004-12-31,1211.9200439453125,13.289999961853027,0.08900122862691777,0.017662409898605347,0.007921218697100886,0.00974119120150446,43.45000076293945,6.14900016784668,1.4869999885559082,437.5,6.807000160217285,102.68,1.1412,0.001,1.397,95.5365,5.4,97.1,2082.0,324672.0,0.83,-0.69846,190.3,198.6,3.255561584373301,2.2657054582904346,-0.9898561260828664,2.64,2.56,810944.0,4631.0,9350.0,4.24,3.08,2.22,1.68,53.0,0.0,0.0,28.0,26.0,-0.002178054063885382,0.6800000000000006,-1.1300000000000003,0.16999999999999993,1.92,-1.75,1.1600000000000001,2.02
2005-01-07,1186.18994140625,13.489999771118164,0.09250044441720132,0.018198009382476812,0.00855633221737975,0.009641677165097062,45.43000030517578,6.000999927520752,1.4149999618530273,418.8999938964844,6.428999900817871,104.93,1.1859,0.001,1.31,95.8801,5.3,95.5,2139.0,321272.0,0.84,-0.69616,190.7,199.0,2.969762419006483,2.261048304213764,-0.708714114792719,2.57,2.49,815702.0,5650.0,15515.0,4.29,3.2,2.32,1.8,53.0,0.0,0.0,28.0,26.0,-0.014956999897950332,0.6599999999999993,-1.15,0.07000000000000028,1.7999999999999998,-1.7299999999999995,1.0899999999999999,1.9700000000000002
2005-01-14,1184.52001953125,12.430000305175781,0.0889424505780709,0.015450490758667002,0.007910759514832584,0.007539731243834417,48.380001068115234,6.394999980926514,1.434000015258789,422.70001220703125,6.579999923706055,102.5,1.1821,0.001,1.31,95.8801,5.3,95.5,2139.0,321272.0,0.85,-0.69664,190.7,199.0,2.969762419006483,2.261048304213764,-0.708714114792719,2.58,2.51,798455.0,5145.0,7180.0,4.23,3.24,2.37,1.72,53.0,0.0,0.0,28.0,26.0,-0.0018042258613199342,0.6599999999999993,-0.9999999999999996,0.18999999999999995,1.7999999999999998,-1.6099999999999999,0.9900000000000002,1.8600000000000003
2005-01-21,1167.8699951171875,14.359999656677246,0.09520684505127844,0.020620959013977064,0.009064343344618142,0.011556615669358922,48.529998779296875,6.239999771118164,1.4765000343322754,426.70001220703125,6.796999931335449,102.85,1.1853,0.001,1.31,95.8801,5.3,95.5,2139.0,321272.0,0.87,-0.69912,190.7,199.0,2.969762419006483,2.261048304213764,-0.708714114792719,2.51,2.47,806960.0,4781.0,17473.0,4.16,3.16,2.36,1.69,53.0,0.0,0.0,28.0,26.0,-0.010142214577997319,0.6599999999999993,-0.8499999999999996,0.25,1.7999999999999998,-1.5499999999999998,1.0,1.8000000000000003
2005-01-28,1171.3599853515625,13.239999771118164,0.09087483771162554,0.017529759393920902,0.008258236129114279,0.009271523264806623,47.18000030517578,6.258999824523926,1.462499976158142,425.79998779296875,6.784999847412109,103.45,1.1876,0.001,1.31,95.8801,5.3,95.5,2139.0,321272.0,0.84,-0.70364,190.7,199.0,2.969762419006483,2.261048304213764,-0.708714114792719,2.58,2.51,807262.0,5252.0,12624.0,4.16,3.25,2.46,1.65,53.0,0.0,0.0,28.0,26.0,-0.004276045294714592,0.6599999999999993,-0.9499999999999997,0.1499999999999999,1.7999999999999998,-1.65,0.9100000000000001,1.7000000000000002
2005-02-04,1203.030029296875,11.210000038146973,0.09688007281700715,0.012566410085525512,0.009385748509028609,0.0031806615764969036,46.47999954223633,6.0960001945495605,1.4179999828338623,414.0,6.625,103.7,1.2059,0.001,1.419,96.5761,5.4,94.1,2114.0,325308.0,0.83,-0.70904,191.8,199.4,3.0075187969925032,2.308876346844535,-0.6986424501479682,2.57,2.44,804746.0,5070.0,20963.0,4.09,3.29,2.47,1.65,56.0,0.0,0.0,48.0,25.0,0.007110998071122143,0.6200000000000001,-0.98,0.16999999999999993,1.6500000000000004,-1.4800000000000004,0.7999999999999998,1.6199999999999997
2005-02-11,1205.300048828125,11.430000305175781,0.09999869693453321,0.013064490697631846,0.009999739388604623,0.003064751309027223,47.15999984741211,6.0929999351501465,1.4674999713897705,420.5,7.201000213623047,105.75,1.2095,0.001,1.419,96.5761,5.4,94.1,2114.0,325308.0,0.84,-0.71292,191.8,199.4,3.0075187969925032,2.308876346844535,-0.6986424501479682,2.7,2.53,797299.0,4913.0,7518.0,4.1,3.34,2.55,1.57,56.0,0.0,0.0,48.0,25.0,0.008247806405424035,0.6200000000000001,-1.0499999999999998,0.10000000000000009,1.6500000000000004,-1.5500000000000003,0.7599999999999998,1.5499999999999998
2005-02-18,1201.5899658203125,11.180000305175781,0.09282207822995159,0.012499240682373057,0.008615938206927253,0.003883302475445804,48.349998474121094,5.9079999923706055,1.4945000410079956,427.1000061035156,7.413000106811523,105.69,1.1822,0.001,1.419,96.5761,5.4,94.1,2114.0,325308.0,0.82,-0.71366,191.8,199.4,3.0075187969925032,2.308876346844535,-0.6986424501479682,2.78,2.6,795606.0,4924.0,12913.0,4.27,3.45,2.61,1.67,56.0,0.0,0.0,48.0,25.0,0.0008653539645514887,0.6200000000000001,-1.2399999999999998,0.040000000000000036,1.6500000000000004,-1.6100000000000003,0.8199999999999994,1.6599999999999997
2005-02-25,1211.3699951171875,11.489999771118164,0.10662761004343704,0.013202009474029547,0.011369447223575276,0.0018325622504542713,51.4900016784668,6.715000152587891,1.4889999628067017,434.8999938964844,7.290999889373779,105.21,1.1686,0.001,1.419,96.5761,5.4,94.1,2114.0,325308.0,0.81,-0.71084,191.8,199.4,3.0075187969925032,2.308876346844535,-0.6986424501479682,2.8,2.63,804576.0,5250.0,11391.0,4.27,3.54,2.74,1.64,56.0,0.0,0.0,48.0,25.0,0.010345007805310152,0.6200000000000001,-1.3199999999999998,-0.08999999999999986,1.6500000000000004,-1.7400000000000002,0.7299999999999995,1.5299999999999994
2005-03-04,1222.1199951171875,11.9399995803833,0.0968873176769973,0.01425635899795534,0.009387152326643394,0.004869206671311946,53.779998779296875,6.74399995803833,1.4919999837875366,434.20001220703125,7.348999977111816,104.46,1.168,0.002,1.325,96.4456,5.2,92.6,2062.0,326179.0,0.79,-0.70388,193.3,200.1,3.1483457844183604,2.35294117647058,-0.7954046079477806,2.85,2.67,801252.0,5199.0,16224.0,4.32,3.57,2.76,1.65,52.0,0.0,0.0,47.0,30.0,0.0024466906038778102,0.6599999999999993,-1.6400000000000001,0.04999999999999982,1.5599999999999996,-1.5099999999999998,0.7500000000000004,1.5600000000000005
2005-03-11,1200.0799560546875,12.800000190734863,0.10288713882047364,0.016384000488281255,0.010585763334663413,0.005798237153617842,54.43000030517578,6.771999835968018,1.4809999465942383,446.20001220703125,7.534999847412109,103.93,1.1501,0.002,1.325,96.4456,5.2,92.6,2062.0,326179.0,0.79,-0.69365,193.3,200.1,3.1483457844183604,2.35294117647058,-0.7954046079477806,2.88,2.74,799250.0,4304.0,8034.0,4.56,3.73,2.76,1.82,52.0,0.0,0.0,47.0,30.0,-0.0025443506571953094,0.6599999999999993,-1.77,0.10999999999999988,1.5599999999999996,-1.4499999999999997,0.8299999999999996,1.7999999999999998
2005-03-18,1189.6500244140625,13.140000343322754,0.1041440874109732,0.017265960902252214,0.010845990942664425,0.006419969959587789,56.720001220703125,7.2729997634887695,1.5075000524520874,439.29998779296875,7.376999855041504,104.7,1.1649,0.002,1.325,96.4456,5.2,92.6,2062.0,326179.0,0.84,-0.68042,193.3,200.1,3.1483457844183604,2.35294117647058,-0.7954046079477806,2.92,2.74,807211.0,5118.0,14101.0,4.51,3.72,2.81,1.77,52.0,0.0,0.0,47.0,30.0,-0.002217677804738397,0.6599999999999993,-1.52,0.06000000000000005,1.5599999999999996,-1.4999999999999996,0.7899999999999996,1.6999999999999997
2005-03-25,1171.4200439453125,13.420000076293945,0.10094860183535122,0.01800964020477295,0.010190620212512276,0.007819019992260673,54.84000015258789,7.061999797821045,1.4594999551773071,424.70001220703125,6.933000087738037,106.32,1.1998,0.002,1.325,96.4456,5.2,92.6,2062.0,326179.0,0.88,-0.66608,193.3,200.1,3.1483457844183604,2.35294117647058,-0.7954046079477806,2.85,2.7,797094.0,4968.0,13006.0,4.6,3.88,2.84,1.9,52.0,0.0,0.0,47.0,30.0,-0.01450657962883417,0.6599999999999993,-1.3199999999999998,0.1200000000000001,1.5599999999999996,-1.4399999999999995,0.7199999999999998,1.7599999999999998
2005-04-01,1172.9200439453125,14.09000015258789,0.10900755603905131,0.019852810429992675,0.011882647273606911,0.007970163156385764,57.27000045776367,7.749000072479248,1.4924999475479126,425.8999938964844,6.989999771118164,107.57,1.2042,0.001,1.257,96.6532,5.2,87.7,2150.0,329124.0,0.93,-0.65182,194.6,200.2,3.5106382978723483,2.1949974476773715,-1.3156408501949768,2.85,2.69,807551.0,4592.0,12615.0,4.46,3.75,2.8,1.77,62.0,0.0,0.0,42.0,22.0,0.0017892917371354526,0.7199999999999998,-0.79,0.22999999999999998,1.71,-1.48,0.71,1.6600000000000001
2005-04-08,1181.199951171875,12.619999885559082,0.10038521129618393,0.015926439711151125,0.010077190646979492,0.005849249064171632,53.31999969482422,7.242000102996826,1.5234999656677246,426.8999938964844,7.160999774932861,108.26,1.1985,0.001,1.257,96.6532,5.2,87.7,2150.0,329124.0,0.94,-0.63863,194.6,200.2,3.5106382978723483,2.1949974476773715,-1.3156408501949768,2.8,2.66,797327.0,5296.0,12369.0,4.5,3.77,2.79,1.84,62.0,0.0,0.0,42.0,22.0,-0.016936971622628933,0.7199999999999998,-0.9499999999999997,0.2400000000000002,1.71,-1.4699999999999998,0.73,1.71
2005-04-15,1142.6199951171875,17.739999771118164,0.11240200766060676,0.03147075918792725,0.012634211326135101,0.01883654786179215,50.4900016784668,6.997000217437744,1.4630000591278076,424.8999938964844,7.01800012588501,107.65,1.2011,0.001,1.257,96.6532,5.2,87.7,2150.0,329124.0,1.02,-0.62703,194.6,200.2,3.5106382978723483,2.1949974476773715,-1.3156408501949768,2.7,2.6,805707.0,5175.0,9731.0,4.27,3.54,2.79,1.67,62.0,0.0,0.0,42.0,22.0,-0.04979368637964502,0.7199999999999998,-0.44999999999999973,0.2400000000000002,1.71,-1.4699999999999998,0.7299999999999995,1.4799999999999995
2005-04-22,1152.1199951171875,15.380000114440918,0.12870805265491161,0.023654440352020262,0.0165657628182195,0.007088677533800762,55.38999938964844,7.195000171661377,1.5019999742507935,434.29998779296875,7.270999908447266,105.85,1.1821,0.001,1.257,96.6532,5.2,87.7,2150.0,329124.0,0.99,-0.61759,194.6,200.2,3.5106382978723483,2.1949974476773715,-1.3156408501949768,2.81,2.65,801793.0,5201.0,15408.0,4.26,3.62,2.93,1.61,62.0,0.0,0.0,42.0,22.0,0.01605163996023014,0.7199999999999998,-0.48,0.10000000000000009,1.71,-1.6099999999999999,0.6399999999999997,1.3299999999999996
2005-04-29,1156.8499755859375,15.3100004196167,0.13770416459063942,0.02343961128486635,0.01896243694560591,0.00447717433926044,49.720001220703125,6.585000038146973,1.4980000257492065,435.0,6.9019999504089355,104.64,1.1898,0.001,1.257,96.6532,5.2,87.7,2150.0,329124.0,1.02,-0.61053,194.6,200.2,3.5106382978723483,2.1949974476773715,-1.3156408501949768,2.73,2.6,809797.0,5586.0,14570.0,4.21,3.66,2.9,1.61,62.0,0.0,0.0,42.0,22.0,-0.013696142436166642,0.7199999999999998,-0.1899999999999995,0.13000000000000034,1.71,-1.5799999999999996,0.5499999999999998,1.31
2005-05-06,1171.3499755859375,14.050000190734863,0.14017235954548773,0.019740250535964968,0.019648290380549487,9.196015541548114e-05,50.959999084472656,6.620999813079834,1.472000002861023,426.1000061035156,6.952000141143799,104.93,1.2058,0.001,1.238,96.7402,5.1,86.9,2085.0,327233.0,1.07,-0.60534,194.4,200.5,2.8027498677948293,2.1916411824668858,-0.6111086853279435,2.68,2.59,802412.0,4863.0,12956.0,4.28,3.73,2.87,1.69,58.0,0.0,0.0,48.0,20.0,0.011683072647606558,0.8599999999999994,-0.0699999999999994,0.25,1.87,-1.62,0.5500000000000003,1.4100000000000001
2005-05-13,1154.050048828125,16.31999969482422,0.13998040911264747,0.02663423900390626,0.01959451493534416,0.007039724068562101,48.66999816894531,6.535999774932861,1.4244999885559082,420.20001220703125,6.925000190734863,107.14,1.2227,0.001,1.238,96.7402,5.1,86.9,2085.0,327233.0,1.1,-0.60166,194.4,200.5,2.8027498677948293,2.1916411824668858,-0.6111086853279435,2.53,2.46,808378.0,4993.0,9499.0,4.12,3.61,2.83,1.66,58.0,0.0,0.0,48.0,20.0,-0.014042560246922112,0.8599999999999994,0.25,0.29000000000000004,1.87,-1.58,0.5100000000000002,1.29
2005-05-20,1189.280029296875,13.140000343322754,0.1442915709654037,0.017265960902252214,0.020820057451664136,-0.003554096549411922,46.79999923706055,6.3429999351501465,1.475000023841858,417.3999938964844,6.934999942779541,108.17,1.2335,0.001,1.238,96.7402,5.1,86.9,2085.0,327233.0,1.09,-0.59995,194.4,200.5,2.8027498677948293,2.1916411824668858,-0.6111086853279435,2.55,2.46,801546.0,5209.0,11848.0,4.13,3.69,2.9,1.67,58.0,0.0,0.0,48.0,20.0,0.012533412769908752,0.8599999999999994,0.1900000000000004,0.27,1.87,-1.6,0.43999999999999995,1.23
2005-05-27,1198.780029296875,12.149999618530273,0.12620049974798198,0.014762249073028578,0.0159265661366404,-0.0011643170636118222,51.849998474121094,6.369999885559082,1.4859999418258667,419.79998779296875,7.302000045776367,107.88,1.2324,0.001,1.238,96.7402,5.1,86.9,2085.0,327233.0,1.05,-0.60021,194.4,200.5,2.8027498677948293,2.1916411824668858,-0.6111086853279435,2.5,2.41,810160.0,4936.0,13263.0,4.08,3.64,2.97,1.67,58.0,0.0,0.0,48.0,20.0,0.015500902797061695,0.8599999999999994,-0.1200000000000001,0.22999999999999998,1.87,-1.6400000000000001,0.43999999999999995,1.1099999999999999
2005-06-03,1196.02001953125,12.149999618530273,0.11195627746229758,0.014762249073028578,0.01253420806321496,0.002228041009813617,55.029998779296875,6.880000114440918,1.5954999923706055,423.70001220703125,7.489999771118164,107.84,1.2545,0.001,1.143,97.1753,5.0,96.0,2178.0,337219.0,0.95,-0.60083,194.5,200.6,2.530311017395892,2.0345879959308144,-0.49572302146507763,2.42,2.37,817335.0,4927.0,12840.0,3.98,3.57,3.01,1.61,52.0,0.0,0.0,44.0,26.0,-0.0014879931836770945,0.9000000000000004,-0.10000000000000009,0.25,1.8600000000000003,-1.6100000000000003,0.41000000000000014,0.9700000000000002
2005-06-10,1198.1099853515625,11.960000038146973,0.0974964711269217,0.01430416009124756,0.009505561882202676,0.004798598209044883,53.540000915527344,6.932000160217285,1.6319999694824219,427.3999938964844,7.276000022888184,108.45,1.2688,0.001,1.143,97.1753,5.0,96.0,2178.0,337219.0,0.96,-0.6022,194.5,200.6,2.530311017395892,2.0345879959308144,-0.49572302146507763,2.37,2.31,814172.0,4778.0,10552.0,4.05,3.71,3.01,1.74,52.0,0.0,0.0,44.0,26.0,0.0023773822037734442,0.9000000000000004,-0.08999999999999986,0.30000000000000027,1.8600000000000003,-1.56,0.33999999999999986,1.04
2005-06-17,1216.9599609375,11.479999542236328,0.08610012368314642,0.013179038948974632,0.00741323129825311,0.005765807650721522,58.470001220703125,7.690000057220459,1.6894999742507935,438.29998779296875,7.329999923706055,108.83,1.2631,0.001,1.143,97.1753,5.0,96.0,2178.0,337219.0,0.94,-0.60337,194.5,200.6,2.530311017395892,2.0345879959308144,-0.49572302146507763,2.43,2.37,811198.0,5534.0,10240.0,4.09,3.72,2.99,1.72,52.0,0.0,0.0,44.0,26.0,0.009977529862276697,0.9000000000000004,-0.18999999999999995,0.3599999999999999,1.8600000000000003,-1.5000000000000004,0.36999999999999966,1.0999999999999996
2005-06-24,1191.5699462890625,12.180000305175781,0.08228333185229757,0.014835240743408211,0.0067705467007153275,0.008064694042692885,59.84000015258789,7.360000133514404,1.6755000352859497,440.5,7.2779998779296875,109.22,1.2749,0.001,1.143,97.1753,5.0,96.0,2178.0,337219.0,0.96,-0.60494,194.5,200.6,2.530311017395892,2.0345879959308144,-0.49572302146507763,2.32,2.27,810429.0,4982.0,11521.0,3.92,3.59,3.09,1.65,52.0,0.0,0.0,44.0,26.0,-0.015219428080591218,0.9000000000000004,-0.06999999999999984,0.29000000000000004,1.8600000000000003,-1.5700000000000003,0.33000000000000007,0.8300000000000001
2005-07-01,1194.43994140625,11.399999618530273,0.07550230932647013,0.012995999130249038,0.005700598713629978,0.00729540041661906,58.75,7.171000003814697,1.5364999771118164,427.79998779296875,6.85099983215332,111.68,1.2965,0.001,1.295,96.8676,5.0,96.5,2203.0,339529.0,0.95,-0.60688,195.4,200.9,3.167898627243937,2.083333333333326,-1.084565293910611,2.34,2.31,810082.0,4726.0,10799.0,4.06,3.76,3.17,1.75,49.0,0.0,0.0,43.0,31.0,-0.005277628949055332,0.8900000000000006,-0.4299999999999997,0.25,1.7700000000000005,-1.5200000000000005,0.2999999999999998,0.8899999999999997
2005-07-08,1211.8599853515625,11.449999809265137,0.08867309148188345,0.013110249563217167,0.00786291715295447,0.005247332410262696,59.630001068115234,7.4720001220703125,1.625499963760376,422.8999938964844,6.99399995803833,112.17,1.302,0.001,1.295,96.8676,5.0,96.5,2203.0,339529.0,0.94,-0.60847,195.4,200.9,3.167898627243937,2.083333333333326,-1.084565293910611,2.33,2.28,821556.0,3840.0,11413.0,4.11,3.78,3.17,1.83,49.0,0.0,0.0,43.0,31.0,0.010666957937995065,0.8900000000000006,-0.5099999999999998,0.25,1.7700000000000005,-1.5200000000000005,0.3300000000000005,0.9400000000000004
2005-07-15,1227.9200439453125,10.329999923706055,0.08308789042546369,0.010670889842376708,0.006903597535353861,0.0037672923070228466,58.09000015258789,7.848999977111816,1.628999948501587,420.70001220703125,6.955999851226807,112.32,1.2962,0.001,1.295,96.8676,5.0,96.5,2203.0,339529.0,0.91,-0.61143,195.4,200.9,3.167898627243937,2.083333333333326,-1.084565293910611,2.23,2.23,808861.0,4843.0,7415.0,4.18,3.86,3.26,1.95,49.0,0.0,0.0,43.0,31.0,0.001597362147889747,0.8900000000000006,-0.7499999999999996,0.2599999999999998,1.7700000000000005,-1.5100000000000007,0.31999999999999984,0.9199999999999999
2005-07-22,1233.6800537109375,10.520000457763672,0.08710741022091967,0.011067040963134786,0.00758770091539558,0.003479340047739206,58.650001525878906,7.383999824523926,1.655500054359436,424.70001220703125,7.085999965667725,110.98,1.2951,0.001,1.295,96.8676,5.0,96.5,2203.0,339529.0,0.89,-0.61343,195.4,200.9,3.167898627243937,2.083333333333326,-1.084565293910611,2.32,2.34,816804.0,5423.0,12934.0,4.23,3.92,3.38,1.89,49.0,0.0,0.0,43.0,31.0,0.020038762733655197,0.8900000000000006,-0.7899999999999996,0.20000000000000018,1.7700000000000005,-1.5700000000000003,0.3100000000000005,0.8500000000000005
2005-07-29,1234.1800537109375,11.569999694824219,0.09221574282530409,0.013386489293823252,0.008503743224822623,0.0048827460690006284,60.56999969482422,7.885000228881836,1.6875,429.8999938964844,7.23799991607666,112.25,1.287,0.001,1.295,96.8676,5.0,96.5,2203.0,339529.0,0.87,-0.61454,195.4,200.9,3.167898627243937,2.083333333333326,-1.084565293910611,2.32,2.36,814259.0,4878.0,10617.0,4.28,4.02,3.42,1.92,49.0,0.0,0.0,43.0,31.0,-0.011414078827413224,0.8900000000000006,-0.9299999999999997,0.20000000000000018,1.7700000000000005,-1.5700000000000003,0.2600000000000007,0.8600000000000003
2005-08-05,1226.4200439453125,12.479999542236328,0.09288793991006634,0.015575038857421895,0.008628169380736095,0.0069468694766858,62.310001373291016,8.699999809265137,1.6890000104904175,437.20001220703125,7.13700008392334,112.09,1.2663,0.001,1.365,97.1833,4.9,89.1,2219.0,335605.0,0.88,-0.61353,196.4,201.1,3.641160949868083,2.1330624682579957,-1.5080984816100873,2.41,2.4,818841.0,5012.0,16201.0,4.4,4.11,3.52,2.0,56.0,0.0,0.0,40.0,33.0,0.006982507062261927,0.8700000000000001,-0.9699999999999998,0.20000000000000018,1.7000000000000002,-1.5,0.29000000000000004,0.8800000000000003
2005-08-12,1230.3900146484375,12.739999771118164,0.08940356325110489,0.016230759416809085,0.007992997121994314,0.00823776229481477,66.86000061035156,9.588000297546387,1.7374999523162842,445.8999938964844,7.076000213623047,109.55,1.249,0.001,1.365,97.1833,4.9,89.1,2219.0,335605.0,0.89,-0.61102,196.4,201.1,3.641160949868083,2.1330624682579957,-1.5080984816100873,2.38,2.33,808544.0,4989.0,9125.0,4.24,4.05,3.52,1.91,56.0,0.0,0.0,40.0,33.0,0.008788324719879151,0.8700000000000001,-0.8399999999999999,0.18000000000000016,1.7000000000000002,-1.52,0.1900000000000004,0.7200000000000002
2005-08-19,1219.7099609375,13.420000076293945,0.08380327890782127,0.01800964020477295,0.007022989555702082,0.010986650649070867,65.3499984741211,9.111000061035156,1.718500018119812,437.20001220703125,7.0,110.68,1.2756,0.001,1.365,97.1833,4.9,89.1,2219.0,335605.0,0.88,-0.60598,196.4,201.1,3.641160949868083,2.1330624682579957,-1.5080984816100873,2.42,2.36,813774.0,4805.0,9469.0,4.21,4.03,3.52,1.85,56.0,0.0,0.0,40.0,33.0,-0.01212279438715654,0.8700000000000001,-0.8699999999999997,0.20999999999999996,1.7000000000000002,-1.4900000000000002,0.17999999999999972,0.69
2005-08-26,1205.0999755859375,13.720000267028809,0.08563952703180965,0.018823840732727058,0.007334128590232055,0.011489712142495003,66.12999725341797,9.791999816894531,1.7695000171661377,437.3999938964844,6.739999771118164,109.85,1.2541,0.001,1.365,97.1833,4.9,89.1,2219.0,335605.0,0.87,-0.59934,196.4,201.1,3.641160949868083,2.1330624682579957,-1.5080984816100873,2.44,2.39,811313.0,5181.0,9474.0,4.2,4.06,3.55,1.81,56.0,0.0,0.0,40.0,33.0,-0.012934578291188789,0.8700000000000001,-0.9199999999999999,0.19999999999999973,1.7000000000000002,-1.5000000000000004,0.14000000000000057,0.6500000000000004
2005-09-02,1218.02001953125,13.569999694824219,0.08494835695057135,0.01841448917175294,0.007216223348601683,0.011198265823151258,67.56999969482422,11.690999984741211,1.746999979019165,444.20001220703125,7.0,109.66,1.2287,0.001,1.45,95.3005,5.0,76.9,2263.0,336600.0,0.89,-0.59147,198.8,201.3,4.686677198525535,1.9240506329113893,-2.7626265656141458,2.53,2.44,823237.0,4909.0,15024.0,4.03,3.75,3.46,1.59,57.0,0.0,0.0,43.0,34.0,-0.0034795965541987908,0.9000000000000004,-0.5,0.25,1.83,-1.58,0.28000000000000025,0.5700000000000003
2005-09-09,1241.47998046875,11.979999542236328,0.09353876421075745,0.014352038903198262,0.008749500410075679,0.005602538493122583,64.08000183105469,11.262999534606934,1.684000015258789,449.0,7.002999782562256,109.69,1.2413,0.001,1.45,95.3005,5.0,76.9,2263.0,336600.0,0.89,-0.58365,198.8,201.3,4.686677198525535,1.9240506329113893,-2.7626265656141458,2.62,2.5,822500.0,4786.0,9646.0,4.14,3.88,3.49,1.64,57.0,0.0,0.0,43.0,34.0,0.0033379116598592287,0.9000000000000004,-0.6100000000000003,0.27,1.83,-1.56,0.2599999999999998,0.6499999999999995
2005-09-16,1237.9100341796875,11.220000267028809,0.09220945191106371,0.012588840599212652,0.00850258302173877,0.004086257577473882,63.0,11.144000053405762,1.6729999780654907,459.5,7.229000091552734,111.38,1.271,0.001,1.45,95.3005,5.0,76.9,2263.0,336600.0,0.89,-0.57627,198.8,201.3,4.686677198525535,1.9240506329113893,-2.7626265656141458,2.65,2.53,823590.0,4973.0,10800.0,4.26,3.97,3.5,1.73,57.0,0.0,0.0,43.0,34.0,-0.0020107372084787007,0.9000000000000004,-0.6600000000000001,0.31000000000000005,1.83,-1.52,0.2899999999999996,0.7599999999999998
2005-09-23,1215.2900390625,12.960000038146973,0.09295187867322101,0.016796160098876956,0.0086400517488812,0.008156108349995757,64.19000244140625,12.324000358581543,1.7984999418258667,463.5,7.2729997634887695,112.17,1.2887,0.001,1.45,95.3005,5.0,76.9,2263.0,336600.0,0.9,-0.57046,198.8,201.3,4.686677198525535,1.9240506329113893,-2.7626265656141458,2.64,2.51,812926.0,6319.0,12817.0,4.25,4.02,3.48,1.74,57.0,0.0,0.0,43.0,34.0,0.0031553503227268465,0.9000000000000004,-0.4900000000000002,0.3599999999999999,1.83,-1.4700000000000002,0.23000000000000043,0.77
2005-09-30,1228.81005859375,11.920000076293945,0.08830080753421725,0.014208640181884766,0.0077970326111948774,0.006411607570689888,66.23999786376953,13.920999526977539,1.8014999628067017,469.0,7.458000183105469,113.29,1.289,0.001,1.45,95.3005,5.0,76.9,2263.0,336600.0,0.89,-0.56741,198.8,201.3,4.686677198525535,1.9240506329113893,-2.7626265656141458,2.72,2.56,823771.0,5366.0,14074.0,4.34,4.18,3.55,1.78,53.0,0.0,0.0,44.0,31.0,-0.0029765941660144773,0.9000000000000004,-0.6600000000000001,0.3799999999999999,1.83,-1.4500000000000002,0.16000000000000014,0.79
2005-10-07,1195.9000244140625,14.59000015258789,0.10163291674064705,0.021286810445251464,0.010329249765211294,0.01095756068004017,61.84000015258789,13.22599983215332,1.9005000591278076,474.70001220703125,7.724999904632568,113.82,1.2796,0.001,1.513,96.4572,5.0,74.2,2170.0,336753.0,0.9,-0.56819,199.2,202.0,4.347826086956519,2.071753410813537,-2.2760726761429817,2.59,2.45,817137.0,4857.0,11300.0,4.35,4.18,3.63,1.9,53.0,0.0,0.0,44.0,31.0,-0.006581996238993769,0.9500000000000002,-0.8700000000000001,0.31000000000000005,1.8399999999999999,-1.5299999999999998,0.16999999999999993,0.7199999999999998
2005-10-14,1186.5699462890625,14.869999885559082,0.0999218906798159,0.02211168965965271,0.00998438423702908,0.012127305422623632,62.630001068115234,13.218999862670898,1.8545000553131104,469.20001220703125,7.814000129699707,114.03,1.2842,0.001,1.513,96.4572,5.0,74.2,2170.0,336753.0,0.92,-0.57228,199.2,202.0,4.347826086956519,2.071753410813537,-2.2760726761429817,2.63,2.5,826306.0,4787.0,8504.0,4.48,4.27,3.78,1.98,53.0,0.0,0.0,44.0,31.0,0.005154632658811812,0.9500000000000002,-0.7399999999999998,0.29000000000000004,1.8399999999999999,-1.5499999999999998,0.21000000000000085,0.7000000000000006
2005-10-21,1179.5899658203125,16.1299991607666,0.11043920512840194,0.026017687292633124,0.012196818029393241,0.013820869263239883,60.630001068115234,12.871999740600586,1.9279999732971191,467.0,7.65500020980835,115.93,1.2916,0.001,1.513,96.4572,5.0,74.2,2170.0,336753.0,0.9,-0.57809,199.2,202.0,4.347826086956519,2.071753410813537,-2.2760726761429817,2.6,2.5,814281.0,4555.0,11060.0,4.39,4.22,3.87,1.89,53.0,0.0,0.0,44.0,31.0,0.003673648677340399,0.9500000000000002,-0.8700000000000001,0.23999999999999977,1.8399999999999999,-1.6,0.16999999999999993,0.5199999999999996
2005-10-28,1198.4100341796875,14.25,0.1318313742451326,0.020306249999999998,0.017379511235360214,0.0029267387646397837,61.220001220703125,13.055000305175781,1.8960000276565552,473.0,7.789999961853027,115.52,1.2767,0.001,1.513,96.4572,5.0,74.2,2170.0,336753.0,0.91,-0.58424,199.2,202.0,4.347826086956519,2.071753410813537,-2.2760726761429817,2.64,2.57,819105.0,5149.0,10202.0,4.58,4.4,3.93,2.01,53.0,0.0,0.0,44.0,31.0,0.010847740994396338,0.9500000000000002,-0.8799999999999999,0.22999999999999954,1.8399999999999999,-1.6100000000000003,0.17999999999999972,0.6499999999999999
2005-11-04,1220.1400146484375,13.170000076293945,0.1326120229737045,0.017344890200958252,0.01758594863717833,-0.00024105843622007975,60.58000183105469,11.414999961853027,1.933500051498413,456.29998779296875,7.546999931335449,118.2,1.3055,0.001,1.454,97.5414,5.0,81.6,2218.0,339719.0,0.92,-0.5882,197.6,202.5,3.4554973821989465,2.1180030257186067,-1.3374943564803399,2.66,2.6,814571.0,4981.0,12248.0,4.66,4.47,3.98,2.06,51.0,0.0,0.0,43.0,32.0,0.018468190270143497,0.9699999999999998,-1.06,0.17999999999999972,1.8499999999999996,-1.67,0.1900000000000004,0.6800000000000002
2005-11-11,1234.719970703125,11.630000114440918,0.13324968288029923,0.013525690266189576,0.01775547798770031,-0.004229787721510734,57.529998779296875,11.711999893188477,1.9989999532699585,468.29998779296875,7.738999843597412,118.05,1.31,0.001,1.454,97.5414,5.0,81.6,2218.0,339719.0,0.93,-0.58966,197.6,202.5,3.4554973821989465,2.1180030257186067,-1.3374943564803399,2.47,2.48,824991.0,5002.0,7813.0,4.55,4.44,3.97,2.07,51.0,0.0,0.0,43.0,32.0,0.003122265844093401,0.9699999999999998,-0.98,0.17999999999999972,1.8499999999999996,-1.67,0.10999999999999943,0.5799999999999996
2005-11-18,1248.27001953125,11.119999885559082,0.1233080906400917,0.012365439745483398,0.01520488521730507,-0.0028394454718216715,56.13999938964844,11.413999557495117,2.0999999046325684,485.6000061035156,8.053000450134277,119.21,1.3188,0.001,1.454,97.5414,5.0,81.6,2218.0,339719.0,0.95,-0.58714,197.6,202.5,3.4554973821989465,2.1180030257186067,-1.3374943564803399,2.38,2.41,823263.0,4522.0,11885.0,4.5,4.4,4.01,2.09,51.0,0.0,0.0,43.0,32.0,0.011728940229277136,0.9699999999999998,-0.8500000000000001,0.14999999999999947,1.8499999999999996,-1.7000000000000002,0.09999999999999964,0.4900000000000002
2005-11-25,1268.25,10.880000114440918,0.11793538395306237,0.01183744024902344,0.01390875478815624,-0.0020713145391328004,58.709999084472656,11.619999885559082,2.140000104904175,492.1000061035156,8.125,119.65,1.3197,0.001,1.454,97.5414,5.0,81.6,2218.0,339719.0,0.95,-0.58224,197.6,202.5,3.4554973821989465,2.1180030257186067,-1.3374943564803399,2.4,2.38,833124.0,5107.0,8337.0,4.43,4.33,3.95,2.05,51.0,0.0,0.0,43.0,32.0,0.008863015614736016,0.9699999999999998,-0.8199999999999998,0.37000000000000055,1.8499999999999996,-1.479999999999999,0.09999999999999964,0.47999999999999954
2005-12-02,1265.0799560546875,11.010000228881836,0.10416330396915248,0.012122010503997808,0.010849993893770057,0.001272016610227751,59.31999969482422,13.930999755859375,2.1524999141693115,503.29998779296875,8.543999671936035,120.77,1.3198,0.001,1.488,98.0452,4.9,91.5,2120.0,339895.0,0.97,-0.5757,196.8,202.8,3.4156594850236477,2.114803625377659,-1.3008558596459885,2.36,2.36,835059.0,5090.0,10027.0,4.52,4.43,3.99,2.16,50.0,0.0,0.0,36.0,28.0,0.007479145364282106,0.9500000000000002,-0.8399999999999999,0.3300000000000005,1.8500000000000005,-1.52,0.08999999999999986,0.5299999999999994
2005-12-09,1259.3699951171875,11.6899995803833,0.08848942627579241,0.013665609018936174,0.0078303785626189,0.005835230456317274,59.38999938964844,14.312000274658203,2.180000066757202,527.0,9.0,120.54,1.3024,0.001,1.488,98.0452,4.9,91.5,2120.0,339895.0,0.98,-0.56927,196.8,202.8,3.4156594850236477,2.114803625377659,-1.3008558596459885,2.31,2.36,833250.0,4932.0,10698.0,4.54,4.43,3.94,2.18,50.0,0.0,0.0,36.0,28.0,-0.004681967335287954,0.9500000000000002,-0.8699999999999997,0.38000000000000034,1.8500000000000005,-1.4700000000000002,0.11000000000000032,0.6000000000000001
2005-12-16,1267.3199462890625,10.680000305175781,0.07265048710015547,0.011406240651855477,0.005278093275889856,0.006128147375965621,58.060001373291016,13.633000373840332,2.1695001125335693,503.3999938964844,8.520999908447266,115.78,1.2897,0.001,1.488,98.0452,4.9,91.5,2120.0,339895.0,0.98,-0.56447,196.8,202.8,3.4156594850236477,2.114803625377659,-1.3008558596459885,2.28,2.34,830950.0,5396.0,9663.0,4.45,4.37,3.93,2.11,50.0,0.0,0.0,36.0,28.0,-0.01949551765903501,0.9500000000000002,-0.8199999999999998,0.39000000000000057,1.8500000000000005,-1.46,0.08000000000000007,0.52
2005-12-23,1268.6600341796875,10.270000457763672,0.07182636789145613,0.010547290940246602,0.005159027124478801,0.005388263815767801,58.43000030517578,12.282999992370605,2.2304999828338623,503.0,8.569000244140625,116.38,1.314,0.001,1.488,98.0452,4.9,91.5,2120.0,339895.0,0.99,-0.56307,196.8,202.8,3.4156594850236477,2.114803625377659,-1.3008558596459885,2.26,2.31,848317.0,5402.0,9007.0,4.38,4.37,3.99,2.07,50.0,0.0,0.0,36.0,28.0,0.004060834072880344,0.9500000000000002,-0.7599999999999998,0.3300000000000005,1.8500000000000005,-1.52,0.009999999999999787,0.3899999999999997
2005-12-30,1248.2900390625,12.069999694824219,0.07890339570016827,0.014568489263305673,0.0062257458530173325,0.008342743410288341,61.040000915527344,11.225000381469727,2.1614999771118164,517.0999755859375,8.819999694824219,117.88,1.3148,0.001,1.488,98.0452,4.9,91.5,2120.0,339895.0,0.99,-0.56486,196.8,202.8,3.4156594850236477,2.114803625377659,-1.3008558596459885,2.3,2.33,847700.0,4853.0,9052.0,4.39,4.41,4.08,2.06,50.0,0.0,0.0,36.0,28.0,0.0007045036416738117,0.9500000000000002,-0.8199999999999998,0.2400000000000002,1.8500000000000005,-1.6100000000000003,-0.020000000000000462,0.3099999999999996
2006-01-06,1285.449951171875,11.0,0.08925834179768907,0.0121,0.007967051580473087,0.004132948419526912,64.20999908447266,9.631999969482422,2.1554999351501465,539.7000122070312,9.112000465393066,114.45,1.2695,0.001,1.547,98.1999,4.7,91.2,2212.0,349664.0,0.92,-0.57106,198.3,203.2,3.9853172522286373,2.1105527638190846,-1.8747644884095527,2.33,2.33,851856.0,4734.0,12589.0,4.38,4.36,4.22,2.05,50.0,0.0,0.0,31.0,35.0,0.014173174321123822,0.9500000000000002,-0.8599999999999999,0.11000000000000032,1.8200000000000003,-1.71,0.019999999999999574,0.16000000000000014
2006-01-13,1287.6099853515625,11.229999542236328,0.08519546869161605,0.012611288971862814,0.007258267885584131,0.005353021086278683,63.91999816894531,8.791000366210938,2.1679999828338623,556.0999755859375,9.112000465393066,114.43,1.2799,0.001,1.547,98.1999,4.7,91.2,2212.0,349664.0,0.93,-0.58087,198.3,203.2,3.9853172522286373,2.1105527638190846,-1.8747644884095527,2.38,2.39,829357.0,4795.0,7466.0,4.36,4.34,4.33,1.97,50.0,0.0,0.0,31.0,35.0,0.0013768861687228906,0.9500000000000002,-0.7999999999999998,0.0,1.8200000000000003,-1.8200000000000003,0.020000000000000462,0.03000000000000025
2006-01-20,1261.489990234375,14.5600004196167,0.09835976112170981,0.02119936122192385,0.009674642607919818,0.011524718614004033,68.3499984741211,9.279999732971191,2.130000114440918,553.5,8.880000114440918,115.42,1.2826,0.001,1.547,98.1999,4.7,91.2,2212.0,349664.0,0.92,-0.59148,198.3,203.2,3.9853172522286373,2.1105527638190846,-1.8747644884095527,2.47,2.43,836042.0,4810.0,10521.0,4.37,4.37,4.35,1.94,50.0,0.0,0.0,31.0,35.0,-0.011901255750021988,0.9500000000000002,-0.8199999999999998,-0.019999999999999574,1.8200000000000003,-1.8399999999999999,0.0,0.020000000000000462
2006-01-27,1283.719970703125,11.970000267028809,0.10065787138017457,0.014328090639266976,0.010132007070787766,0.00419608356847921,67.76000213623047,8.399999618530273,2.2964999675750732,558.7000122070312,9.565999984741211,117.16,1.2798,0.001,1.547,98.1999,4.7,91.2,2212.0,349664.0,0.9,-0.6036,198.3,203.2,3.9853172522286373,2.1105527638190846,-1.8747644884095527,2.52,2.5,828901.0,5314.0,9765.0,4.52,4.51,4.45,2.02,50.0,0.0,0.0,31.0,35.0,0.01737699120117875,0.9500000000000002,-1.02,-0.10999999999999943,1.8200000000000003,-1.9299999999999997,0.009999999999999787,0.0699999999999994
2006-02-03,1264.030029296875,12.960000038146973,0.10386183691200852,0.016796160098876956,0.010787281166736657,0.0060088789321402995,65.37000274658203,8.61299991607666,2.318000078201294,567.4000244140625,9.729999542236328,118.95,1.2944,0.001,1.598,98.2413,4.8,86.7,2141.0,347021.0,0.89,-0.61434,198.7,203.6,3.59749739311781,2.106318956870612,-1.491178436247198,2.57,2.54,831808.0,5117.0,13196.0,4.54,4.59,4.48,2.0,56.0,0.0,0.0,49.0,25.0,-0.0010705800685570904,0.9199999999999999,-1.1900000000000004,-0.13999999999999968,1.6999999999999993,-1.839999999999999,-0.04999999999999982,0.05999999999999961
2006-02-10,1266.989990234375,12.869999885559082,0.10512617683055919,0.016563689705429083,0.01105151305501,0.005512176650419082,61.84000015258789,7.315999984741211,2.2260000705718994,550.2000122070312,9.359999656677246,117.64,1.3049,0.001,1.598,98.2413,4.8,86.7,2141.0,347021.0,0.89,-0.62288,198.7,203.6,3.59749739311781,2.106318956870612,-1.491178436247198,2.57,2.5,827613.0,5360.0,5749.0,4.59,4.69,4.53,2.09,56.0,0.0,0.0,49.0,25.0,-0.0031010351771871094,0.9199999999999999,-1.2200000000000002,-0.1899999999999995,1.6999999999999993,-1.8899999999999988,-0.10000000000000053,0.05999999999999961
2006-02-17,1287.239990234375,12.010000228881836,0.09936673848248469,0.014424010549774173,0.009873748716646502,0.004550261833127671,59.880001068115234,7.182000160217285,2.2090001106262207,551.7999877929688,9.407999992370605,118.43,1.3123,0.001,1.598,98.2413,4.8,86.7,2141.0,347021.0,0.88,-0.62946,198.7,203.6,3.59749739311781,2.106318956870612,-1.491178436247198,2.6,2.51,835240.0,5224.0,11260.0,4.54,4.66,4.54,2.03,56.0,0.0,0.0,49.0,25.0,-0.0024768582398502197,0.9199999999999999,-1.2700000000000005,0.1200000000000001,1.6999999999999993,-1.5799999999999992,-0.1200000000000001,0.0
2006-02-24,1289.4300537109375,11.460000038146973,0.09818060766838105,0.013133160087432861,0.009639431722132564,0.0034937283653002967,62.90999984741211,7.111999988555908,2.2039999961853027,558.7999877929688,9.732999801635742,116.87,1.3158,0.001,1.598,98.2413,4.8,86.7,2141.0,347021.0,0.88,-0.63359,198.7,203.6,3.59749739311781,2.106318956870612,-1.491178436247198,2.7,2.56,840555.0,5005.0,7660.0,4.58,4.74,4.6,2.02,56.0,0.0,0.0,49.0,25.0,-0.00030254825915343453,0.9199999999999999,-1.2900000000000005,0.05999999999999961,1.6999999999999993,-1.6399999999999997,-0.16000000000000014,-0.019999999999999574
2006-03-03,1287.22998046875,11.960000038146973,0.10229968184255073,0.01430416009124756,0.010465224905087103,0.0038389351861604568,63.66999816894531,6.789999961853027,2.2695000171661377,566.0,10.16100025177002,116.46,1.299,0.002,1.759,98.4628,4.7,88.9,2118.0,348357.0,0.87,-0.63481,199.8,204.3,3.3626487325400856,2.0989505247376306,-1.263698207802455,2.76,2.61,839356.0,5080.0,12791.0,4.68,4.76,4.62,2.07,54.0,0.0,0.0,43.0,25.0,0.010091971719931628,0.8799999999999999,-1.4299999999999997,0.04999999999999982,1.6900000000000004,-1.6400000000000006,-0.08000000000000007,0.05999999999999961
2006-03-10,1281.4200439453125,11.850000381469727,0.08986053052521574,0.014042250904083266,0.008074914946273229,0.005967335957810037,59.959999084472656,6.645999908447266,2.2170000076293945,539.9000244140625,9.895000457763672,119.07,1.3201,0.002,1.759,98.4628,4.7,88.9,2118.0,348357.0,0.88,-0.63439,199.8,204.3,3.3626487325400856,2.0989505247376306,-1.263698207802455,2.62,2.53,839234.0,5028.0,2795.0,4.76,4.74,4.62,2.23,54.0,0.0,0.0,43.0,25.0,-0.015453053211214115,0.8799999999999999,-1.42,0.04999999999999982,1.6900000000000004,-1.6400000000000006,0.019999999999999574,0.13999999999999968
2006-03-17,1307.25,12.119999885559082,0.08721878558781289,0.014689439722595217,0.007607116559412877,0.00708232316318234,62.77000045776367,7.052999973297119,2.36899995803833,554.0999755859375,10.305999755859375,115.89,1.2893,0.002,1.759,98.4628,4.7,88.9,2118.0,348357.0,0.88,-0.63309,199.8,204.3,3.3626487325400856,2.0989505247376306,-1.263698207802455,2.62,2.52,843010.0,4479.0,15167.0,4.68,4.65,4.64,2.16,54.0,0.0,0.0,43.0,25.0,0.017657992619562208,0.8799999999999999,-1.4099999999999997,0.03000000000000025,1.6900000000000004,-1.6600000000000001,0.02999999999999936,0.040000000000000036
2006-03-24,1302.949951171875,11.1899995803833,0.08241657566255933,0.012521609060897844,0.006792491943942367,0.005729117116955476,64.26000213623047,7.289999961853027,2.4114999771118164,560.0,10.687999725341797,117.5,1.3099,0.002,1.759,98.4628,4.7,88.9,2118.0,348357.0,0.88,-0.63156,199.8,204.3,3.3626487325400856,2.0989505247376306,-1.263698207802455,2.55,2.47,838003.0,5142.0,7114.0,4.67,4.72,4.65,2.2,54.0,0.0,0.0,43.0,25.0,0.004032107974808611,0.8799999999999999,-1.4899999999999998,0.20999999999999996,1.6900000000000004,-1.4800000000000004,-0.04999999999999982,0.019999999999999574
2006-03-31,1294.8699951171875,11.390000343322754,0.08069147750219308,0.012973210782089245,0.006511114541486932,0.006462096240602313,66.62999725341797,7.210000038146973,2.48799991607666,581.7999877929688,11.479999542236328,117.48,1.3025,0.002,1.759,98.4628,4.7,88.9,2118.0,348357.0,0.9,-0.62904,199.8,204.3,3.3626487325400856,2.0989505247376306,-1.263698207802455,2.58,2.51,833675.0,5400.0,11285.0,4.86,4.82,4.63,2.35,54.0,0.0,0.0,44.0,26.0,0.02146383690739147,0.8799999999999999,-1.5899999999999999,0.25,1.6900000000000004,-1.4400000000000004,0.040000000000000036,0.23000000000000043
2006-04-07,1295.5,12.260000228881836,0.08533780746302763,0.015030760561218267,0.007282541382596775,0.007748219178621492,67.38999938964844,6.743000030517578,2.6705000400543213,588.4000244140625,12.03499984741211,118.31,1.3029,0.002,1.956,98.7618,4.7,87.4,1998.0,350072.0,0.89,-0.62687,201.5,204.8,3.5457348406988665,2.29770229770232,-1.2480325429965466,2.58,2.54,834589.0,5228.0,10331.0,4.97,4.89,4.69,2.43,54.0,0.0,0.0,44.0,26.0,0.01987378915791031,0.8399999999999999,-1.9300000000000002,0.2599999999999998,1.6899999999999995,-1.4299999999999997,0.08000000000000007,0.27999999999999936
2006-04-14,1289.1199951171875,12.380000114440918,0.0785093105524813,0.015326440283355716,0.006163711843425951,0.009162728439929765,69.31999969482422,7.139999866485596,2.868000030517578,596.5,12.82800006866455,118.65,1.299,0.002,1.956,98.7618,4.7,87.4,1998.0,350072.0,0.89,-0.62449,201.5,204.8,3.5457348406988665,2.29770229770232,-1.2480325429965466,2.66,2.57,836862.0,5126.0,8196.0,5.05,4.96,4.7,2.48,54.0,0.0,0.0,44.0,26.0,0.008229681383936946,0.8399999999999999,-1.9400000000000004,0.25,1.6899999999999995,-1.4399999999999995,0.08999999999999986,0.34999999999999964
2006-04-21,1311.280029296875,11.59000015258789,0.08829262240341237,0.013432810353698733,0.007795587170871557,0.005637223182827176,75.16999816894531,7.980999946594238,3.247999906539917,632.2000122070312,12.96500015258789,116.91,1.2751,0.002,1.956,98.7618,4.7,87.4,1998.0,350072.0,0.89,-0.62261,201.5,204.8,3.5457348406988665,2.29770229770232,-1.2480325429965466,2.73,2.62,836352.0,4999.0,12054.0,5.01,4.9,4.75,2.39,54.0,0.0,0.0,44.0,26.0,0.012072880319257722,0.8399999999999999,-1.9500000000000002,0.27000000000000046,1.6899999999999995,-1.419999999999999,0.10999999999999943,0.2599999999999998
2006-04-28,1310.6099853515625,11.59000015258789,0.08293019230724133,0.013432810353698733,0.006877416796116029,0.0065553935575827045,71.87999725341797,6.554999828338623,3.3355000019073486,651.7999877929688,13.510000228881836,113.79,1.2411,0.002,1.956,98.7618,4.7,87.4,1998.0,350072.0,0.88,-0.61977,201.5,204.8,3.5457348406988665,2.29770229770232,-1.2480325429965466,2.67,2.68,844572.0,4953.0,9965.0,5.07,4.87,4.77,2.39,54.0,0.0,0.0,44.0,26.0,-0.013623929090629927,0.8399999999999999,-1.9900000000000002,0.25,1.6899999999999995,-1.4399999999999995,0.20000000000000018,0.3000000000000007
2006-05-05,1325.760009765625,11.619999885559082,0.08751501533617949,0.013502439734039308,0.007658877909291731,0.005843561824747577,70.19000244140625,6.775000095367432,3.5969998836517334,682.2000122070312,13.791999816894531,112.45,1.2257,0.02,1.849,98.7869,4.6,79.1,1905.0,348889.0,0.87,-0.61446,202.5,205.4,4.166666666666674,2.44389027431422,-1.7227763923524542,2.7,2.67,843867.0,5366.0,11932.0,5.12,4.94,4.83,2.45,52.0,0.0,0.0,44.0,27.0,0.01005042688840326,0.7999999999999998,-2.1500000000000004,0.20000000000000018,1.6399999999999997,-1.4399999999999995,0.17999999999999972,0.29000000000000004
2006-05-12,1291.239990234375,14.1899995803833,0.09711089714781589,0.020135608809127823,0.009430526344853675,0.010705082464274148,72.04000091552734,6.28000020980835,3.9665000438690186,710.2999877929688,14.145999908447266,110.49,1.202,0.02,1.849,98.7869,4.6,79.1,1905.0,348889.0,0.87,-0.60714,202.5,205.4,4.166666666666674,2.44389027431422,-1.7227763923524542,2.78,2.72,838405.0,5151.0,9977.0,5.19,5.01,4.85,2.47,52.0,0.0,0.0,44.0,27.0,-0.00900775856016689,0.7999999999999998,-2.2300000000000004,0.1800000000000006,1.6399999999999997,-1.459999999999999,0.1800000000000006,0.34000000000000075
2006-05-19,1267.030029296875,17.18000030517578,0.10744469953053508,0.02951524104858399,0.011544363457206965,0.017970877591377023,68.52999877929688,5.961999893188477,3.6429998874664307,656.7000122070312,12.277000427246094,111.76,1.2182,0.02,1.849,98.7869,4.6,79.1,1905.0,348889.0,0.9,-0.59583,202.5,205.4,4.166666666666674,2.44389027431422,-1.7227763923524542,2.65,2.62,838153.0,5192.0,11366.0,5.05,4.96,4.82,2.43,52.0,0.0,0.0,44.0,27.0,-0.02463505343578709,0.7999999999999998,-2.0300000000000002,0.20000000000000018,1.6399999999999997,-1.4399999999999995,0.08999999999999986,0.22999999999999954
2006-05-26,1280.1600341796875,14.260000228881836,0.1098298255156111,0.020334760652771,0.01206259057278958,0.008272170079981421,71.37000274658203,5.925000190734863,4.014999866485596,650.9000244140625,12.675000190734863,112.58,1.2265,0.02,1.849,98.7869,4.6,79.1,1905.0,348889.0,0.91,-0.58256,202.5,205.4,4.166666666666674,2.44389027431422,-1.7227763923524542,2.65,2.62,840251.0,5476.0,9997.0,5.06,4.96,4.84,2.44,52.0,0.0,0.0,44.0,27.0,-0.006915059432061648,0.7999999999999998,-1.9900000000000002,0.29000000000000004,1.6399999999999997,-1.3499999999999996,0.09999999999999964,0.21999999999999975
2006-06-02,1288.219970703125,14.319999694824219,0.11613043350577605,0.02050623912597657,0.013486277586239473,0.007019961539737095,72.33000183105469,6.623000144958496,3.6644999980926514,635.5,12.03499984741211,111.66,1.2083,0.036,1.901,99.0997,4.6,84.9,1867.0,350795.0,0.93,-0.56846,202.9,205.9,4.318766066838053,2.6420737786640114,-1.676692288174042,2.66,2.63,851580.0,4870.0,9590.0,5.0,4.92,4.81,2.37,52.0,0.0,13.0,43.0,24.0,-0.0021836123175634405,0.8900000000000006,-1.8900000000000001,0.3199999999999994,1.67,-1.3500000000000005,0.08000000000000007,0.1900000000000004
2006-06-09,1252.300048828125,18.1200008392334,0.12612016288041714,0.03283344304138191,0.015906295484982947,0.01692714755639896,71.62999725341797,6.171999931335449,3.372999906539917,608.2000122070312,11.177000045776367,113.89,1.2322,0.036,1.901,99.0997,4.6,84.9,1867.0,350795.0,0.94,-0.55491,202.9,205.9,4.318766066838053,2.6420737786640114,-1.676692288174042,2.6,2.53,849074.0,5233.0,11328.0,4.98,5.01,4.88,2.45,52.0,0.0,13.0,43.0,24.0,-0.03558811557308076,0.8900000000000006,-1.8400000000000003,0.2599999999999998,1.67,-1.4100000000000001,-0.02999999999999936,0.10000000000000053
2006-06-16,1251.5400390625,17.25,0.14714811969372826,0.029756249999999995,0.02165256912939978,0.008103680870600215,69.87999725341797,7.184999942779541,3.3864998817443848,578.0,10.109999656677246,115.12,1.2326,0.036,1.901,99.0997,4.6,84.9,1867.0,350795.0,0.95,-0.54261,202.9,205.9,4.318766066838053,2.6420737786640114,-1.676692288174042,2.63,2.59,845869.0,4970.0,9766.0,5.13,5.16,4.88,2.54,52.0,0.0,13.0,43.0,24.0,0.003911093825097615,0.8900000000000006,-1.8500000000000005,0.2599999999999998,1.67,-1.4100000000000001,-0.03000000000000025,0.25
2006-06-23,1244.5,15.890000343322754,0.14504725087598844,0.025249211091079728,0.02103870498668193,0.004210506104397799,70.87000274658203,6.22599983215332,3.3424999713897705,584.7999877929688,10.270999908447266,116.26,1.2469,0.036,1.901,99.0997,4.6,84.9,1867.0,350795.0,0.96,-0.53382,202.9,205.9,4.318766066838053,2.6420737786640114,-1.676692288174042,2.63,2.59,844773.0,5007.0,9629.0,5.23,5.27,4.98,2.64,52.0,0.0,13.0,43.0,24.0,0.006585290105497021,0.8900000000000006,-1.8000000000000003,0.16999999999999993,1.67,-1.5,-0.03999999999999915,0.25
2006-06-30,1270.199951171875,13.079999923706055,0.15094887150952924,0.017108639800415038,0.022785561810000368,-0.00567692200958533,73.9800033569336,6.085000038146973,3.4625000953674316,613.5,10.90999984741211,114.51,1.2247,0.036,1.901,99.0997,4.6,84.9,1867.0,350795.0,0.97,-0.5298,202.9,205.9,4.318766066838053,2.6420737786640114,-1.676692288174042,2.63,2.61,844436.0,4924.0,8678.0,5.15,5.16,5.01,2.54,51.0,0.0,0.0,41.0,31.0,0.013102707309286496,0.8900000000000006,-1.7600000000000002,0.41999999999999993,1.67,-1.25,-0.009999999999999787,0.14000000000000057
2006-07-07,1265.47998046875,13.970000267028809,0.15416446363447456,0.0195160907460785,0.023766681847705227,-0.004250591101626726,74.08999633789062,5.5229997634887695,3.6424999237060547,632.7999877929688,11.324999809265137,113.98,1.2223,0.155,1.927,99.0489,4.7,84.7,1763.0,351916.0,0.97,-0.53047,203.5,206.3,4.145342886386905,2.6879044300647026,-1.457438456322202,2.63,2.59,851659.0,5334.0,11478.0,5.14,5.17,5.02,2.55,51.0,0.0,0.0,41.0,31.0,-0.016145405669267143,0.9100000000000001,-1.7599999999999998,0.40000000000000036,1.67,-1.2699999999999996,-0.03000000000000025,0.1200000000000001
2006-07-14,1236.199951171875,18.049999237060547,0.1440046786329892,0.03258024724578863,0.0207373474681905,0.011842899777598132,77.02999877929688,6.3470001220703125,3.8294999599456787,666.5999755859375,11.449999809265137,116.33,1.2358,0.155,1.927,99.0489,4.7,84.7,1763.0,351916.0,0.98,-0.53623,203.5,206.3,4.145342886386905,2.6879044300647026,-1.457438456322202,2.58,2.57,844391.0,5186.0,6678.0,5.07,5.08,5.06,2.5,51.0,0.0,0.0,41.0,31.0,-0.019538691250921263,0.9100000000000001,-1.65,0.3600000000000003,1.67,-1.3099999999999996,-0.009999999999999787,0.010000000000000675
2006-07-21,1240.2900390625,17.399999618530273,0.1482935457321681,0.030275998672485368,0.021990975705818632,0.008285022966666736,74.43000030517578,6.138999938964844,3.4165000915527344,619.5999755859375,10.78499984741211,116.34,1.2373,0.155,1.927,99.0489,4.7,84.7,1763.0,351916.0,0.97,-0.5463,203.5,206.3,4.145342886386905,2.6879044300647026,-1.457438456322202,2.57,2.56,849894.0,4915.0,10330.0,5.05,5.08,5.1,2.49,51.0,0.0,0.0,41.0,31.0,-0.03824752473793155,0.9100000000000001,-1.6799999999999997,0.33000000000000007,1.67,-1.3399999999999999,-0.03000000000000025,-0.04999999999999982
2006-07-28,1278.550048828125,14.329999923706055,0.1396917382766239,0.020534889781341555,0.01951378174274479,0.0010211080385967644,73.23999786376953,7.184000015258789,3.5840001106262207,634.7999877929688,11.319999694824219,114.74,1.2333,0.155,1.927,99.0489,4.7,84.7,1763.0,351916.0,0.97,-0.55971,203.5,206.3,4.145342886386905,2.6879044300647026,-1.457438456322202,2.54,2.59,841552.0,5017.0,7979.0,5.0,4.98,5.07,2.41,51.0,0.0,0.0,41.0,31.0,0.012136446869394711,0.9100000000000001,-1.69,0.34999999999999964,1.67,-1.3200000000000003,0.019999999999999574,-0.07000000000000028
2006-08-04,1279.3599853515625,14.34000015258789,0.13401378911932127,0.02056356043762207,0.017959695674117912,0.0026038647635041566,74.76000213623047,7.245999813079834,3.6624999046325684,644.0,12.4399995803833,114.21,1.2209,0.25,1.668,99.4836,4.7,82.0,1722.0,353285.0,0.98,-0.57371,203.9,206.8,3.8187372708757605,2.8344107409249197,-0.9843265299508408,2.59,2.61,850263.0,4720.0,13836.0,4.91,4.91,5.09,2.3,55.0,0.0,0.0,40.0,35.0,0.004030645152857634,0.9100000000000001,-1.44,0.33000000000000007,1.71,-1.38,0.0,-0.17999999999999972
2006-08-11,1266.739990234375,14.300000190734863,0.11689751602381825,0.02044900054550171,0.013665029252538844,0.006783971292962867,74.3499984741211,7.269000053405762,3.513000011444092,633.5,11.852999687194824,116.18,1.2388,0.25,1.668,99.4836,4.7,82.0,1722.0,353285.0,0.98,-0.58672,203.9,206.8,3.8187372708757605,2.8344107409249197,-0.9843265299508408,2.64,2.64,840006.0,4643.0,6255.0,4.97,4.96,5.07,2.33,55.0,0.0,0.0,40.0,35.0,-0.00822138713314624,0.9100000000000001,-1.4899999999999998,0.34999999999999964,1.71,-1.3600000000000003,0.009999999999999787,-0.10000000000000053
2006-08-18,1302.300048828125,11.640000343322754,0.11923353810002367,0.013548960799255383,0.014216636607849796,-0.0006676758085944132,71.13999938964844,6.730999946594238,3.450000047683716,612.0999755859375,12.010000228881836,115.79,1.2339,0.25,1.668,99.4836,4.7,82.0,1722.0,353285.0,0.97,-0.5971,203.9,206.8,3.8187372708757605,2.8344107409249197,-0.9843265299508408,2.55,2.58,842876.0,4747.0,9099.0,4.84,4.87,5.1,2.26,55.0,0.0,0.0,40.0,35.0,0.012015688628091697,0.9100000000000001,-1.4699999999999998,0.2600000000000007,1.71,-1.4499999999999993,-0.03000000000000025,-0.2599999999999998
2006-08-25,1295.0899658203125,12.3100004196167,0.106291158788436,0.015153611033096332,0.011297810436588514,0.0038558005965078183,72.51000213623047,7.1570000648498535,3.4549999237060547,622.0,12.359000205993652,117.31,1.2375,0.25,1.668,99.4836,4.7,82.0,1722.0,353285.0,0.97,-0.60385,203.9,206.8,3.8187372708757605,2.8344107409249197,-0.9843265299508408,2.5,2.55,837987.0,4997.0,7087.0,4.79,4.86,5.11,2.24,55.0,0.0,0.0,40.0,35.0,-0.010634353449437231,0.9100000000000001,-1.44,0.25,1.71,-1.46,-0.07000000000000028,-0.3200000000000003
2006-09-01,1311.010009765625,11.960000038146973,0.08674281689726228,0.01430416009124756,0.007524316283271971,0.006779843807975589,69.19000244140625,5.876999855041504,3.4749999046325684,624.4000244140625,12.970000267028809,117.21,1.2308,0.261,1.628,99.3183,4.5,85.4,1655.0,351240.0,0.98,-0.60672,202.9,207.2,2.062374245472842,2.930948832588176,0.8685745871153339,2.4,2.48,850925.0,5095.0,12426.0,4.73,4.77,5.02,2.25,53.0,0.0,0.0,46.0,27.0,-0.0031987140354375523,0.9199999999999999,-1.2299999999999995,0.3100000000000005,1.71,-1.3999999999999995,-0.03999999999999915,-0.28999999999999915
2006-09-08,1298.9200439453125,13.15999984741211,0.08089300152989519,0.017318559598388676,0.006543677696515625,0.010774881901873052,66.25,5.675000190734863,3.578000068664551,609.5999755859375,12.163000106811523,116.89,1.248,0.261,1.628,99.3183,4.5,85.4,1655.0,351240.0,0.97,-0.60679,202.9,207.2,2.062374245472842,2.930948832588176,0.8685745871153339,2.32,2.43,848594.0,4531.0,10013.0,4.78,4.8,4.93,2.35,53.0,0.0,0.0,46.0,27.0,-0.004339913047484156,0.9199999999999999,-1.2999999999999998,0.41000000000000014,1.71,-1.2999999999999998,-0.019999999999999574,-0.14999999999999947
2006-09-15,1319.6600341796875,11.760000228881836,0.07679639644426742,0.013829760538330082,0.005897686506825089,0.007932074031504994,63.33000183105469,4.98199987411499,3.316499948501587,576.4000244140625,10.760000228881836,117.72,1.258,0.261,1.628,99.3183,4.5,85.4,1655.0,351240.0,0.96,-0.60569,202.9,207.2,2.062374245472842,2.930948832588176,0.8685745871153339,2.31,2.42,840886.0,4749.0,6616.0,4.8,4.87,4.96,2.38,53.0,0.0,0.0,46.0,27.0,0.006765420961963198,0.9199999999999999,-1.3899999999999997,0.3799999999999999,1.71,-1.33,-0.07000000000000028,-0.16000000000000014
2006-09-22,1314.780029296875,12.59000015258789,0.0773700621246668,0.01585081038421631,0.005986126513174799,0.009864683871041512,60.54999923706055,4.626999855041504,3.439500093460083,589.4000244140625,11.20199966430664,116.45,1.2349,0.261,1.628,99.3183,4.5,85.4,1655.0,351240.0,0.97,-0.60513,202.9,207.2,2.062374245472842,2.930948832588176,0.8685745871153339,2.2,2.33,838192.0,6113.0,10818.0,4.6,4.67,4.93,2.27,53.0,0.0,0.0,46.0,27.0,0.0009571908461048677,0.9199999999999999,-1.19,0.41000000000000014,1.71,-1.2999999999999998,-0.07000000000000028,-0.33000000000000007
2006-09-29,1335.8499755859375,11.979999542236328,0.07072133346578718,0.014352038903198262,0.00500150700717907,0.009350531896019192,62.90999984741211,5.619999885559082,3.4590001106262207,598.5999755859375,11.449999809265137,117.99,1.2504,0.261,1.628,99.3183,4.5,85.4,1655.0,351240.0,0.97,-0.60614,202.9,207.2,2.062374245472842,2.930948832588176,0.8685745871153339,2.25,2.37,849971.0,4280.0,9399.0,4.64,4.71,4.89,2.27,53.0,0.0,0.0,46.0,27.0,0.016055401632007287,0.9199999999999999,-1.2999999999999998,0.4400000000000004,1.71,-1.2699999999999996,-0.07000000000000028,-0.25
2006-10-06,1349.5899658203125,11.5600004196167,0.07613110187604474,0.013363360970153827,0.005795944672860704,0.007567416297293123,59.7599983215332,6.427000045776367,3.383500099182129,572.4000244140625,11.085000038146973,118.89,1.2607,0.254,1.718,99.2044,4.4,93.6,1570.0,351035.0,0.97,-0.60963,201.8,207.6,1.3052208835341528,2.7722772277227747,1.467056344188622,2.18,2.33,842296.0,6650.0,8373.0,4.7,4.74,4.95,2.37,50.0,0.0,19.0,47.0,34.0,0.01154790031149296,0.9100000000000001,-1.4200000000000004,0.35999999999999943,1.6899999999999995,-1.33,-0.040000000000000036,-0.25
2006-10-13,1365.6199951171875,10.75,0.07926006069986552,0.011556249999999999,0.006282157222146366,0.005274092777853632,58.56999969482422,5.658999919891357,3.3984999656677246,588.7999877929688,11.597999572753906,119.81,1.2752,0.254,1.718,99.2044,4.4,93.6,1570.0,351035.0,0.96,-0.61564,201.8,207.6,1.3052208835341528,2.7722772277227747,1.467056344188622,2.2,2.34,859339.0,5174.0,8400.0,4.81,4.87,5.05,2.47,50.0,0.0,19.0,47.0,34.0,0.01602932295077708,0.9100000000000001,-1.5400000000000005,0.28000000000000025,1.6899999999999995,-1.4099999999999993,-0.0600000000000005,-0.2400000000000002
2006-10-20,1368.5999755859375,10.630000114440918,0.06960756240427106,0.011299690243301394,0.00484521274386449,0.006454477499436904,56.81999969482422,7.241000175476074,3.444499969482422,593.0,11.890000343322754,118.73,1.2587,0.254,1.718,99.2044,4.4,93.6,1570.0,351035.0,0.95,-0.62213,201.8,207.6,1.3052208835341528,2.7722772277227747,1.467056344188622,2.15,2.3,844200.0,4855.0,8140.0,4.79,4.87,5.09,2.49,50.0,0.0,19.0,47.0,34.0,-0.0229670420998153,0.9100000000000001,-1.5600000000000005,0.2400000000000002,1.6899999999999995,-1.4499999999999993,-0.08000000000000007,-0.2999999999999998
2006-10-27,1377.3399658203125,10.800000190734863,0.07247443278479318,0.01166400041198731,0.005252543407477504,0.0064114570045098055,60.75,7.1529998779296875,3.3910000324249268,598.2000122070312,12.015000343322754,117.61,1.2496,0.254,1.718,99.2044,4.4,93.6,1570.0,351035.0,0.95,-0.62832,201.8,207.6,1.3052208835341528,2.7722772277227747,1.467056344188622,2.16,2.31,852648.0,5178.0,7914.0,4.68,4.76,5.11,2.37,50.0,0.0,19.0,47.0,34.0,0.007706800318439584,0.9100000000000001,-1.5000000000000004,0.21999999999999975,1.6899999999999995,-1.4699999999999998,-0.08000000000000007,-0.4300000000000006
2006-11-03,1364.300048828125,11.15999984741211,0.0723959287348452,0.01245455965942383,0.005241170497380785,0.007213389162043045,59.13999938964844,7.883999824523926,3.315500020980835,626.9000244140625,12.585000038146973,118.06,1.2549,0.257,1.69,99.1627,4.5,92.1,1535.0,352116.0,0.94,-0.63194,201.5,207.8,1.9736842105263275,2.6172839506172885,0.643599740090961,2.18,2.32,855536.0,4982.0,8902.0,4.72,4.82,5.09,2.4,56.0,0.0,11.0,42.0,46.0,0.008048065778793429,0.8700000000000001,-1.4799999999999995,0.2400000000000002,1.6000000000000005,-1.3600000000000003,-0.10000000000000053,-0.3700000000000001
2006-11-10,1380.9000244140625,10.789999961853027,0.07453538666432132,0.011642409917678835,0.005555523865199888,0.006086886052478947,59.59000015258789,7.794000148773193,3.077500104904175,628.4000244140625,13.07699966430664,117.47,1.2388,0.257,1.69,99.1627,4.5,92.1,1535.0,352116.0,0.93,-0.63315,201.5,207.8,1.9736842105263275,2.6172839506172885,0.643599740090961,2.2,2.34,858630.0,5034.0,7885.0,4.59,4.73,5.1,2.25,56.0,0.0,11.0,42.0,46.0,0.01906464741442293,0.8700000000000001,-1.4499999999999997,0.1800000000000006,1.6000000000000005,-1.42,-0.14000000000000057,-0.5099999999999998
2006-11-17,1401.199951171875,10.050000190734863,0.06695276284671138,0.010100250383377078,0.004482672452807976,0.005617577930569102,55.810001373291016,8.178999900817871,3.052500009536743,621.5,12.779000282287598,117.73,1.2443,0.257,1.69,99.1627,4.5,92.1,1535.0,352116.0,0.93,-0.63169,201.5,207.8,1.9736842105263275,2.6172839506172885,0.643599740090961,2.12,2.28,855551.0,4960.0,6661.0,4.61,4.76,5.09,2.33,56.0,0.0,11.0,42.0,46.0,-0.0008039219164674236,0.8700000000000001,-1.5399999999999996,0.1900000000000004,1.6000000000000005,-1.4100000000000001,-0.14999999999999947,-0.47999999999999954
2006-11-24,1400.949951171875,10.729999542236328,0.06306647268793393,0.011513289017639181,0.003977379977297917,0.0075359090403412645,59.2400016784668,7.7179999351501465,3.1059999465942383,628.7000122070312,13.029999732971191,115.93,1.2114,0.257,1.69,99.1627,4.5,92.1,1535.0,352116.0,0.92,-0.62821,201.5,207.8,1.9736842105263275,2.6172839506172885,0.643599740090961,2.17,2.28,865126.0,4663.0,8740.0,4.55,4.73,5.04,2.27,56.0,0.0,11.0,42.0,46.0,0.010540106028704107,0.8700000000000001,-1.4499999999999997,0.22999999999999954,1.6000000000000005,-1.370000000000001,-0.1800000000000006,-0.4900000000000002
2006-12-01,1396.7099609375,11.65999984741211,0.07974527013304875,0.013595559644165043,0.006359308108592916,0.0072362515355721265,63.43000030517578,8.42199993133545,3.1470000743865967,644.7000122070312,14.005999565124512,115.33,1.1947,0.255,1.645,100.1735,4.4,91.7,1638.0,356367.0,0.94,-0.62404,201.8,208.1,2.5406504065040636,2.6134122287968298,0.07276182229276618,2.27,2.33,856671.0,5030.0,8931.0,4.43,4.52,5.03,2.1,52.0,0.0,11.0,38.0,33.0,-0.006761899915194307,0.8999999999999995,-1.3499999999999996,0.33000000000000007,1.6600000000000001,-1.33,-0.08999999999999986,-0.6000000000000005
2006-12-08,1409.8399658203125,12.069999694824219,0.0822777698844613,0.014568489263305673,0.006769631417160366,0.007798857846145307,62.029998779296875,7.560999870300293,3.1070001125335693,626.0999755859375,13.718999862670898,116.23,1.2039,0.255,1.645,100.1735,4.4,91.7,1638.0,356367.0,0.91,-0.62137,201.8,208.1,2.5406504065040636,2.6134122287968298,0.07276182229276618,2.28,2.35,862178.0,5060.0,10118.0,4.56,4.68,4.97,2.21,52.0,0.0,11.0,38.0,33.0,0.0035516938341893702,0.8999999999999995,-1.5599999999999996,0.39000000000000057,1.6600000000000001,-1.2699999999999996,-0.1200000000000001,-0.41000000000000014
2006-12-15,1427.0899658203125,10.050000190734863,0.07700178465619063,0.010100250383377078,0.0059292748402383555,0.004170975543138723,63.43000030517578,7.408999919891357,3.003999948501587,615.0,12.822999954223633,117.84,1.2207,0.255,1.645,100.1735,4.4,91.7,1638.0,356367.0,0.92,-0.62203,201.8,208.1,2.5406504065040636,2.6134122287968298,0.07276182229276618,2.25,2.31,853851.0,4740.0,5752.0,4.6,4.73,4.91,2.29,52.0,0.0,11.0,38.0,33.0,0.002156247366085143,0.8999999999999995,-1.5799999999999996,0.3799999999999999,1.6600000000000001,-1.2800000000000002,-0.13000000000000078,-0.3100000000000005
2006-12-22,1410.760009765625,11.359999656677246,0.07306170264129806,0.012904959219970714,0.005338012392845461,0.0075669468271252534,62.40999984741211,6.635000228881836,2.8299999237060547,619.0999755859375,12.508000373840332,118.9,1.2207,0.255,1.645,100.1735,4.4,91.7,1638.0,356367.0,0.91,-0.6266,201.8,208.1,2.5406504065040636,2.6134122287968298,0.07276182229276618,2.21,2.28,865010.0,6066.0,8648.0,4.63,4.71,4.99,2.35,52.0,0.0,11.0,38.0,33.0,-0.013913296712349421,0.8999999999999995,-1.6299999999999994,0.3099999999999996,1.6600000000000001,-1.3500000000000005,-0.08000000000000007,-0.3600000000000003
2006-12-29,1418.300048828125,11.5600004196167,0.0756672441687992,0.013363360970153827,0.005725531840100677,0.007637829130053149,61.04999923706055,6.298999786376953,2.8540000915527344,635.2000122070312,12.817999839782715,119.02,1.2195,0.255,1.645,100.1735,4.4,91.7,1638.0,356367.0,0.9,-0.63502,201.8,208.1,2.5406504065040636,2.6134122287968298,0.07276182229276618,2.26,2.3,869988.0,5240.0,6867.0,4.71,4.82,5.02,2.41,52.0,0.0,11.0,38.0,33.0,0.0023999619878954563,0.8999999999999995,-1.7399999999999998,0.28000000000000025,1.6600000000000001,-1.38,-0.11000000000000032,-0.3099999999999996
2007-01-05,1409.7099609375,12.140000343322754,0.07794111827368795,0.014737960833587659,0.006074817917753014,0.008663142915834645,56.310001373291016,6.184000015258789,2.5225000381469727,604.9000244140625,12.130000114440918,118.77,1.2366,0.267,1.705,99.8346,4.6,96.9,1626.0,355792.0,0.91,-0.64675,202.416,208.6,2.0756429652042385,2.657480314960625,0.5818373497563867,2.24,2.27,874626.0,5027.0,12206.0,4.65,4.76,5.05,2.38,48.0,0.0,0.0,33.0,39.0,-0.007588076476497433,0.9399999999999995,-1.8299999999999996,0.25,1.58,-1.33,-0.10999999999999943,-0.39999999999999947
2007-01-12,1430.72998046875,10.149999618530273,0.0672617796616523,0.010302249225616471,0.004524147003252662,0.005778102222363809,52.9900016784668,6.60099983215332,2.5929999351501465,625.5,12.79800033569336,120.36,1.2485,0.267,1.705,99.8346,4.6,96.9,1626.0,355792.0,0.9,-0.65971,202.416,208.6,2.0756429652042385,2.657480314960625,0.5818373497563867,2.23,2.28,854819.0,4797.0,5185.0,4.77,4.88,5.09,2.49,48.0,0.0,0.0,33.0,39.0,0.008304974192475518,0.9399999999999995,-1.96,0.20999999999999996,1.58,-1.37,-0.11000000000000032,-0.3200000000000003
2007-01-19,1430.5,10.399999618530273,0.05848422435755416,0.010815999206542982,0.0034204044987047313,0.007395594707838251,51.9900016784668,6.886000156402588,2.502000093460083,635.5,12.845000267028809,121.22,1.2479,0.267,1.705,99.8346,4.6,96.9,1626.0,355792.0,0.89,-0.67185,202.416,208.6,2.0756429652042385,2.657480314960625,0.5818373497563867,2.25,2.31,859363.0,4686.0,10161.0,4.78,4.93,5.14,2.47,48.0,0.0,0.0,33.0,39.0,-0.0037812952695230884,0.9399999999999995,-2.0599999999999996,0.16999999999999993,1.58,-1.4100000000000001,-0.14999999999999947,-0.35999999999999943
2007-01-26,1422.1800537109375,11.130000114440918,0.07220327336112568,0.012387690254745483,0.0052133126840614415,0.007174377570684042,55.41999816894531,7.175000190734863,2.621500015258789,644.5,13.3100004196167,121.53,1.2534,0.267,1.705,99.8346,4.6,96.9,1626.0,355792.0,0.88,-0.68106,202.416,208.6,2.0756429652042385,2.657480314960625,0.5818373497563867,2.36,2.4,851755.0,5112.0,6193.0,4.88,4.99,5.13,2.48,48.0,0.0,0.0,33.0,39.0,6.022537867367327e-05,0.9399999999999995,-2.17,0.17999999999999972,1.58,-1.4000000000000004,-0.11000000000000032,-0.25
2007-02-02,1448.3900146484375,10.079999923706055,0.07282440769332936,0.010160639846191408,0.005303394355884249,0.004857245490307159,59.02000045776367,7.47599983215332,2.4100000858306885,646.2000122070312,13.32699966430664,121.02,1.2476,0.357,1.64,100.7753,4.5,91.3,1598.0,356545.0,0.88,-0.68462,203.499,209.135,2.415198792148976,2.71856581532417,0.30336702317519393,2.42,2.41,865730.0,5055.0,13124.0,4.83,4.94,5.14,2.42,58.0,0.0,11.0,53.0,30.0,0.004923780248097476,0.8900000000000006,-2.05,0.16999999999999993,1.5600000000000005,-1.3900000000000006,-0.11000000000000032,-0.3099999999999996
2007-02-09,1438.06005859375,11.100000381469727,0.07230095349971878,0.012321000846862808,0.005227427876968498,0.00709357296989431,59.88999938964844,7.827000141143799,2.506500005722046,667.5,13.878999710083008,121.59,1.2484,0.357,1.64,100.7753,4.5,91.3,1598.0,356545.0,0.87,-0.68298,203.499,209.135,2.415198792148976,2.71856581532417,0.30336702317519393,2.37,2.36,855057.0,5097.0,5436.0,4.79,4.92,5.15,2.43,58.0,0.0,11.0,53.0,30.0,-0.008920458927442382,0.8900000000000006,-2.13,0.16000000000000014,1.5600000000000005,-1.4000000000000004,-0.1299999999999999,-0.3600000000000003
2007-02-16,1455.5400390625,10.020000457763672,0.07456688145070531,0.01004004091735842,0.005560219809283539,0.004479821108074881,59.38999938964844,7.502999782562256,2.6384999752044678,668.7999877929688,13.970000267028809,119.23,1.2341,0.357,1.64,100.7753,4.5,91.3,1598.0,356545.0,0.86,-0.67514,203.499,209.135,2.415198792148976,2.71856581532417,0.30336702317519393,2.32,2.33,867199.0,5014.0,8003.0,4.69,4.83,5.17,2.36,58.0,0.0,11.0,53.0,30.0,0.00614564679369119,0.8900000000000006,-2.15,0.1299999999999999,1.5600000000000005,-1.4300000000000006,-0.13999999999999968,-0.47999999999999954
2007-02-23,1451.18994140625,10.579999923706055,0.07328776782321461,0.011193639838562012,0.005371096912509411,0.005822542926052601,61.13999938964844,7.755000114440918,2.8364999294281006,683.0999755859375,14.58899974822998,121.1,1.2332,0.357,1.64,100.7753,4.5,91.3,1598.0,356545.0,0.86,-0.66261,203.499,209.135,2.415198792148976,2.71856581532417,0.30336702317519393,2.41,2.38,869235.0,4940.0,7648.0,4.68,4.82,5.18,2.3,58.0,0.0,11.0,53.0,30.0,0.0035806706009083493,0.8900000000000006,-2.17,0.1200000000000001,1.5600000000000005,-1.4400000000000004,-0.14000000000000057,-0.5
2007-03-02,1387.1700439453125,18.610000610351562,0.1304941859494123,0.03463321227172855,0.017028732566599796,0.017604479705128757,61.63999938964844,7.243000030517578,2.693000078201294,641.5,12.845000267028809,116.82,1.2173,0.509,1.629,100.9547,4.4,88.4,1596.0,359415.0,0.9,-0.64697,205.352,209.418,2.7787787787787677,2.5051395007342103,-0.27363927804455734,2.4,2.37,877409.0,4674.0,9378.0,4.52,4.56,5.12,2.15,56.0,0.0,0.0,51.0,30.0,-0.022886558529268276,0.9699999999999998,-1.6499999999999995,0.20999999999999996,1.71,-1.5,-0.040000000000000036,-0.6000000000000005
2007-03-09,1402.8399658203125,14.09000015258789,0.13546723146107417,0.019852810429992675,0.018351370799728244,0.0015014396302644312,60.04999923706055,7.083000183105469,2.7769999504089355,650.0,12.869999885559082,118.15,1.2332,0.509,1.629,100.9547,4.4,88.4,1596.0,359415.0,0.9,-0.63257,205.352,209.418,2.7787787787787677,2.5051395007342103,-0.27363927804455734,2.42,2.34,864505.0,4725.0,7064.0,4.59,4.66,5.1,2.25,56.0,0.0,0.0,51.0,30.0,0.007987008601406147,0.9699999999999998,-1.8099999999999996,0.21999999999999975,1.71,-1.4900000000000002,-0.07000000000000028,-0.5099999999999998
2007-03-16,1386.949951171875,16.790000915527344,0.1461269884575765,0.02819041307434091,0.021353096755680694,0.006837316318660216,57.11000061035156,6.923999786376953,3.008500099182129,652.5999755859375,13.126999855041504,116.77,1.2079,0.509,1.629,100.9547,4.4,88.4,1596.0,359415.0,0.93,-0.62051,205.352,209.418,2.7787787787787677,2.5051395007342103,-0.27363927804455734,2.44,2.39,876108.0,5038.0,8003.0,4.55,4.58,5.04,2.16,56.0,0.0,0.0,51.0,30.0,-0.009657704835045614,0.9699999999999998,-1.6799999999999997,0.3099999999999996,1.71,-1.4000000000000004,-0.03000000000000025,-0.4900000000000002
2007-03-23,1436.1099853515625,12.949999809265137,0.1601229113561213,0.016770249505996707,0.025639346741160283,-0.008869097235163576,62.279998779296875,7.269000053405762,3.069000005722046,656.7000122070312,13.152000427246094,117.82,1.2169,0.509,1.629,100.9547,4.4,88.4,1596.0,359415.0,0.93,-0.6123,205.352,209.418,2.7787787787787677,2.5051395007342103,-0.27363927804455734,2.49,2.43,863067.0,5408.0,5262.0,4.62,4.6,5.08,2.19,56.0,0.0,0.0,51.0,30.0,0.00653922350840282,0.9699999999999998,-1.7699999999999996,0.2599999999999998,1.71,-1.4500000000000002,0.020000000000000462,-0.45999999999999996
2007-03-30,1420.8599853515625,14.640000343322754,0.1580143913073792,0.021432961005249034,0.02496854786024156,-0.003535586854992525,65.87000274658203,7.730000019073486,3.1435000896453857,663.0,13.390000343322754,117.56,1.2126,0.509,1.629,100.9547,4.4,88.4,1596.0,359415.0,0.93,-0.6065,205.352,209.418,2.7787787787787677,2.5051395007342103,-0.27363927804455734,2.51,2.44,869803.0,4990.0,9255.0,4.65,4.58,5.04,2.21,56.0,0.0,0.0,51.0,30.0,-0.005825150198592347,0.9699999999999998,-1.7599999999999998,0.2999999999999998,1.71,-1.4100000000000001,0.07000000000000028,-0.3899999999999997
2007-04-06,1443.760009765625,13.229999542236328,0.16099206389886422,0.017503288788757346,0.025918444638415982,-0.008415155849658636,64.27999877929688,7.60699987411499,3.371000051498413,674.2000122070312,13.694000244140625,119.33,1.2215,0.511,1.653,101.6334,4.5,87.1,1470.0,358562.0,0.95,-0.60278,206.686,209.747,2.5736972704714756,2.4155273437499902,-0.15816992672148533,2.55,2.49,862319.0,4769.0,9314.0,4.76,4.75,5.05,2.27,65.0,0.0,14.0,53.0,30.0,-0.008136521062986455,0.9199999999999999,-1.8500000000000005,0.2699999999999996,1.6999999999999993,-1.4299999999999997,0.009999999999999787,-0.29000000000000004
2007-04-13,1452.8499755859375,12.199999809265137,0.12313972875810968,0.014883999534606939,0.015163392798620823,-0.0002793932640138847,63.630001068115234,7.801000118255615,3.5295000076293945,685.4000244140625,14.057999610900879,119.27,1.2154,0.511,1.653,101.6334,4.5,87.1,1470.0,358562.0,0.93,-0.59914,206.686,209.747,2.5736972704714756,2.4155273437499902,-0.15816992672148533,2.5,2.45,865441.0,4672.0,6270.0,4.76,4.76,5.02,2.31,65.0,0.0,14.0,53.0,30.0,-0.0013799200042117201,0.9199999999999999,-1.9800000000000004,0.35000000000000053,1.6999999999999993,-1.3499999999999988,0.0,-0.2599999999999998
2007-04-20,1484.3499755859375,12.069999694824219,0.1089699531123185,0.014568489263305673,0.01187445068130089,0.002694038582004782,63.380001068115234,7.38100004196167,3.6064999103546143,692.0,13.937999725341797,118.81,1.2081,0.511,1.653,101.6334,4.5,87.1,1470.0,358562.0,0.93,-0.59467,206.686,209.747,2.5736972704714756,2.4155273437499902,-0.15816992672148533,2.44,2.41,861335.0,5454.0,9728.0,4.68,4.64,4.99,2.27,65.0,0.0,14.0,53.0,30.0,-0.0037356783362614276,0.9199999999999999,-2.0100000000000002,0.3600000000000003,1.6999999999999993,-1.339999999999999,0.040000000000000036,-0.3100000000000005
2007-04-27,1494.0699462890625,12.449999809265137,0.08980837573801811,0.015500249525070196,0.008065544352701041,0.007434705172369155,66.45999908447266,7.830999851226807,3.5144999027252197,678.7000122070312,13.442999839782715,119.59,1.2081,0.511,1.653,101.6334,4.5,87.1,1470.0,358562.0,0.93,-0.58807,206.686,209.747,2.5736972704714756,2.4155273437499902,-0.15816992672148533,2.47,2.46,879686.0,6534.0,7428.0,4.71,4.67,4.95,2.25,65.0,0.0,14.0,53.0,30.0,0.008929959368659146,0.9199999999999999,-2.0600000000000005,0.41000000000000014,1.6999999999999993,-1.2899999999999991,0.040000000000000036,-0.2400000000000002
2007-05-04,1505.6199951171875,12.90999984741211,0.07748385597886286,0.01666680960601807,0.0060037479373531615,0.01066306166866491,61.93000030517578,7.938000202178955,3.750499963760376,687.2000122070312,13.414999961853027,120.16,1.2115,0.521,1.733,101.7306,4.4,88.3,1493.0,363085.0,0.94,-0.57925,207.949,210.058,2.6908641975308623,2.267770204479058,-0.42309399305180406,2.42,2.41,890857.0,14887.0,10169.0,4.65,4.68,4.9,2.24,65.0,0.0,0.0,48.0,45.0,0.002640533484919401,0.9199999999999999,-2.05,0.41999999999999993,1.6399999999999997,-1.2199999999999998,-0.02999999999999936,-0.25
2007-05-11,1505.8499755859375,12.949999809265137,0.08595465273654793,0.016770249505996707,0.007388202327060546,0.009382047178936162,62.369998931884766,7.89900016784668,3.6010000705718994,670.5999755859375,13.210000038146973,120.19,1.2188,0.521,1.733,101.7306,4.4,88.3,1493.0,363085.0,0.93,-0.57067,207.949,210.058,2.6908641975308623,2.267770204479058,-0.42309399305180406,2.38,2.37,875270.0,4914.0,9624.0,4.67,4.71,4.87,2.3,65.0,0.0,0.0,48.0,45.0,0.010247988099040262,0.9199999999999999,-2.12,0.4399999999999995,1.6399999999999997,-1.2000000000000002,-0.040000000000000036,-0.20000000000000018
2007-05-18,1522.75,12.760000228881836,0.08757863200599621,0.016281760584106447,0.007670016784041703,0.008611743800064743,64.94000244140625,7.943999767303467,3.3285000324249268,661.0,12.925999641418457,121.09,1.2267,0.521,1.733,101.7306,4.4,88.3,1493.0,363085.0,0.92,-0.56168,207.949,210.058,2.6908641975308623,2.267770204479058,-0.42309399305180406,2.37,2.35,859559.0,4451.0,7513.0,4.81,4.82,4.84,2.46,65.0,0.0,0.0,48.0,45.0,-0.0023471968733232984,0.9199999999999999,-2.24,0.5,1.6399999999999997,-1.1399999999999997,-0.010000000000000675,-0.03000000000000025
2007-05-25,1515.72998046875,13.34000015258789,0.09062882756617362,0.017795560407104498,0.008213584386019232,0.009581976021085266,65.19999694824219,7.639999866485596,3.3269999027252197,655.0999755859375,12.9350004196167,121.72,1.2281,0.521,1.733,101.7306,4.4,88.3,1493.0,363085.0,0.92,-0.5532,207.949,210.058,2.6908641975308623,2.267770204479058,-0.42309399305180406,2.37,2.37,873935.0,4913.0,9562.0,4.86,4.85,4.88,2.49,65.0,0.0,0.0,48.0,45.0,0.01467834206372598,0.9199999999999999,-2.3,0.4500000000000002,1.6399999999999997,-1.1899999999999995,0.010000000000000675,-0.019999999999999574
2007-06-01,1536.3399658203125,12.779999732971191,0.08855178930937216,0.016332839317474375,0.007841419389891437,0.008491419927582938,65.08000183105469,7.877999782562256,3.4024999141693115,671.2000122070312,13.680999755859375,122.1,1.2299,0.51,1.903,101.7893,4.6,85.3,1407.0,360234.0,0.94,-0.5468,208.352,210.392,2.687037949728932,2.181641573579407,-0.505396376149525,2.34,2.38,876986.0,5183.0,7223.0,4.95,4.97,4.79,2.57,57.0,0.0,19.0,54.0,36.0,0.008381647057596068,0.9100000000000001,-2.6899999999999995,0.5300000000000002,1.6000000000000005,-1.0700000000000003,-0.019999999999999574,0.16000000000000014
2007-06-08,1507.6700439453125,14.84000015258789,0.10725701448758004,0.02202256045288086,0.011504067156788955,0.010518493296091906,64.76000213623047,7.663000106811523,3.257999897003174,645.5,12.99899959564209,121.62,1.2345,0.51,1.903,101.7893,4.6,85.3,1407.0,360234.0,0.96,-0.54375,208.352,210.392,2.687037949728932,2.181641573579407,-0.505396376149525,2.38,2.43,872706.0,4938.0,11369.0,5.12,5.01,4.77,2.69,57.0,0.0,19.0,54.0,36.0,0.014091427079339008,0.9100000000000001,-2.59,0.5700000000000003,1.6000000000000005,-1.0300000000000002,0.11000000000000032,0.35000000000000053
2007-06-15,1532.9100341796875,13.9399995803833,0.1176455476973979,0.01943235883010866,0.013840474893020725,0.005591883937087934,68.0,7.918000221252441,3.4230000972747803,654.5,13.234000205993652,123.55,1.2428,0.51,1.903,101.7893,4.6,85.3,1407.0,360234.0,0.95,-0.54006,208.352,210.392,2.687037949728932,2.181641573579407,-0.505396376149525,2.42,2.43,864989.0,4958.0,6250.0,5.16,5.05,4.56,2.73,57.0,0.0,19.0,54.0,36.0,0.0038546051160929587,0.9100000000000001,-2.59,0.7700000000000005,1.6000000000000005,-0.8300000000000001,0.11000000000000032,0.6000000000000005
2007-06-22,1502.56005859375,15.75,0.12445343166743543,0.024806250000000002,0.01548865665380102,0.009317593346198982,69.13999938964844,7.130000114440918,3.385499954223633,653.5,13.008000373840332,124.09,1.2316,0.51,1.903,101.7893,4.6,85.3,1407.0,360234.0,0.97,-0.53467,208.352,210.392,2.687037949728932,2.181641573579407,-0.505396376149525,2.39,2.44,866089.0,5475.0,10185.0,5.14,4.92,4.73,2.7,57.0,0.0,19.0,54.0,36.0,0.01774228060160854,0.9100000000000001,-2.4099999999999997,0.6100000000000003,1.6000000000000005,-0.9900000000000002,0.21999999999999975,0.40999999999999925
2007-06-29,1503.3499755859375,16.229999542236328,0.12208625511163036,0.026341288514099143,0.01490505368718209,0.011436234826917052,70.68000030517578,6.7729997634887695,3.4535000324249268,648.0999755859375,12.352999687194824,123.39,1.224,0.51,1.903,101.7893,4.6,85.3,1407.0,360234.0,0.99,-0.52254,208.352,210.392,2.687037949728932,2.181641573579407,-0.505396376149525,2.33,2.38,865105.0,4923.0,7197.0,5.03,4.87,4.82,2.65,57.0,0.0,19.0,54.0,36.0,-0.015928321303678494,0.9100000000000001,-2.2099999999999995,0.5600000000000005,1.6000000000000005,-1.04,0.16000000000000014,0.20999999999999996
2007-07-06,1530.43994140625,14.720000267028809,0.12523612503827855,0.021667840786132823,0.01568408701460334,0.005983753771529484,72.80999755859375,6.443999767303467,3.6110000610351562,652.7000122070312,12.64799976348877,123.27,1.2181,0.499,1.809,101.6672,4.7,90.4,1361.0,361770.0,1.0,-0.4978,208.299,210.773,2.3582309582309557,2.1682016480853106,-0.19002931014564517,2.38,2.4,876611.0,4607.0,11055.0,5.19,4.99,4.95,2.79,57.0,0.0,20.0,49.0,39.0,0.013345496951826,0.9199999999999999,-2.1,0.4300000000000006,1.6500000000000004,-1.2199999999999998,0.20000000000000018,0.2400000000000002
2007-07-13,1552.5,15.149999618530273,0.13864662422510812,0.022952248844146747,0.019222886409018338,0.003729362435128409,73.93000030517578,6.6620001792907715,3.615499973297119,665.7999877929688,13.01099967956543,121.99,1.2019,0.499,1.809,101.6672,4.7,90.4,1361.0,361770.0,1.02,-0.45318,208.299,210.773,2.3582309582309557,2.1682016480853106,-0.19002931014564517,2.34,2.38,869407.0,4912.0,5211.0,5.11,4.94,4.97,2.73,57.0,0.0,20.0,49.0,39.0,0.0035183909126565247,0.9199999999999999,-1.94,0.41999999999999993,1.6500000000000004,-1.2300000000000004,0.16999999999999993,0.14000000000000057
2007-07-20,1534.0999755859375,16.950000762939453,0.1295350011838223,0.02873025258636481,0.016779316531692845,0.011950936054671964,75.56999969482422,6.446000099182129,3.753999948501587,683.9000244140625,13.3149995803833,121.15,1.1998,0.499,1.809,101.6672,4.7,90.4,1361.0,361770.0,1.08,-0.38491,208.299,210.773,2.3582309582309557,2.1682016480853106,-0.19002931014564517,2.28,2.36,872916.0,4174.0,9171.0,4.96,4.79,4.97,2.6,57.0,0.0,20.0,49.0,39.0,0.003740320942828686,0.9199999999999999,-1.63,0.3799999999999999,1.6500000000000004,-1.2700000000000005,0.16999999999999993,-0.009999999999999787
2007-07-27,1458.949951171875,24.170000076293945,0.15219356292565425,0.05841889036880493,0.02316288059600508,0.03525600977279986,77.0199966430664,6.110000133514404,3.5510001182556152,660.0,12.642999649047852,118.56,1.2073,0.499,1.809,101.6672,4.7,90.4,1361.0,361770.0,1.28,-0.29124,208.299,210.773,2.3582309582309557,2.1682016480853106,-0.19002931014564517,2.15,2.32,863890.0,5052.0,6215.0,4.8,4.56,4.85,2.48,57.0,0.0,20.0,49.0,39.0,-0.009540282335658366,0.9199999999999999,-0.7199999999999998,0.5200000000000005,1.6500000000000004,-1.13,0.2400000000000002,-0.04999999999999982
2007-08-03,1433.06005859375,25.15999984741211,0.1717985985619121,0.06330255923217773,0.029514758467837025,0.03378780076434071,75.4800033569336,6.090000152587891,3.484499931335449,672.5,13.100000381469727,118.43,1.1933,0.485,1.577,101.863,4.6,83.4,1321.0,363676.0,1.3,-0.1794,207.917,211.119,1.9700833742030355,2.0884912959380886,0.1184079217350531,2.11,2.27,870261.0,4874.0,12245.0,4.71,4.46,4.85,2.44,61.0,0.0,22.0,49.0,41.0,-0.026551558724304147,0.8600000000000003,-0.4299999999999997,0.5200000000000005,1.9800000000000004,-1.46,0.25,-0.13999999999999968
2007-08-10,1453.6400146484375,28.299999237060547,0.20666686874145812,0.08008899568176275,0.04271119463539908,0.03737780104636367,71.47000122070312,6.820000171661377,3.3945000171661377,670.2999877929688,12.824999809265137,118.0,1.1969,0.485,1.577,101.863,4.6,83.4,1321.0,363676.0,1.32,-0.05926,207.917,211.119,1.9700833742030355,2.0884912959380886,0.1184079217350531,2.07,2.25,865453.0,4998.0,5146.0,4.81,4.47,4.57,2.56,61.0,0.0,22.0,49.0,41.0,-0.008681922816128415,0.8600000000000003,-0.5499999999999998,0.9499999999999993,1.9800000000000004,-1.0300000000000011,0.33999999999999986,0.23999999999999932
2007-08-17,1445.93994140625,29.989999771118164,0.2252951255557131,0.08994000862716675,0.05075789359916453,0.03918211502800222,71.9800033569336,7.010000228881836,3.1565001010894775,656.9000244140625,11.772000312805176,113.81,1.2043,0.485,1.577,101.863,4.6,83.4,1321.0,363676.0,1.45,0.05878,207.917,211.119,1.9700833742030355,2.0884912959380886,0.1184079217350531,2.03,2.23,864931.0,4735.0,23801.0,4.68,4.18,3.76,2.45,61.0,0.0,22.0,49.0,41.0,-0.0010165943061362093,0.8600000000000003,-0.1899999999999995,1.5900000000000003,1.9800000000000004,-0.3900000000000001,0.5,0.9199999999999999
2007-08-24,1479.3699951171875,20.719999313354492,0.21935548021940157,0.04293183715454106,0.048116826702284274,-0.005184989547743213,71.08999633789062,5.5229997634887695,3.365000009536743,668.0,11.925000190734863,116.12,1.2015,0.485,1.577,101.863,4.6,83.4,1321.0,363676.0,1.44,0.15343,207.917,211.119,1.9700833742030355,2.0884912959380886,0.1184079217350531,2.03,2.23,862775.0,4842.0,8096.0,4.63,4.3,4.24,2.4,61.0,0.0,22.0,49.0,41.0,0.011108771588986526,0.8600000000000003,-0.3799999999999999,1.1100000000000003,1.9800000000000004,-0.8700000000000001,0.33000000000000007,0.3899999999999997
2007-08-31,1473.989990234375,23.3799991607666,0.24006014296230885,0.0546624360757447,0.05762887223908416,-0.002966436163339463,74.04000091552734,5.4679999351501465,3.4110000133514404,673.0,12.062999725341797,115.83,1.2071,0.485,1.577,101.863,4.6,83.4,1321.0,363676.0,1.45,0.20536,207.917,211.119,1.9700833742030355,2.0884912959380886,0.1184079217350531,1.97,2.2,872873.0,5089.0,7841.0,4.54,4.15,4.01,2.34,61.0,0.0,29.0,50.0,42.0,0.013079835955016458,0.8600000000000003,-0.1200000000000001,1.3200000000000003,1.9800000000000004,-0.6600000000000001,0.3899999999999997,0.5300000000000002
2007-09-07,1453.550048828125,26.229999542236328,0.23248672998288458,0.06880128759857179,0.05405007961813468,0.014751207980437109,76.69999694824219,5.500999927520752,3.259500026702881,700.7999877929688,12.592000007629395,113.57,1.1882,0.51,1.698,102.0894,4.7,83.4,1261.0,365178.0,1.54,0.2214,208.49,211.554,2.755051749630355,2.101351351351366,-0.6537003982789891,1.96,2.19,871156.0,4685.0,5953.0,4.38,3.9,4.07,2.19,61.0,0.0,29.0,50.0,42.0,-0.017269515037269034,0.8499999999999996,0.21000000000000085,1.2199999999999998,2.0700000000000003,-0.8500000000000005,0.48,0.3099999999999996
2007-09-14,1484.25,24.920000076293945,0.22622107373341246,0.06210064038024903,0.05117597420109804,0.010924666179150992,79.0999984741211,6.2789998054504395,3.3910000324249268,709.5999755859375,12.543999671936035,115.31,1.1914,0.51,1.698,102.0894,4.7,83.4,1261.0,365178.0,1.58,0.1978,208.49,211.554,2.755051749630355,2.101351351351366,-0.6537003982789891,2.07,2.27,886314.0,4755.0,8926.0,4.47,4.05,4.01,2.2,61.0,0.0,29.0,50.0,42.0,0.004914742439600699,0.8499999999999996,0.0600000000000005,1.0699999999999998,2.0700000000000003,-1.0000000000000004,0.41999999999999993,0.45999999999999996
2007-09-21,1525.75,19.0,0.194117725091986,0.0361,0.037681691194887845,-0.001581691194887845,81.62000274658203,6.079999923706055,3.572499990463257,731.4000244140625,13.473999977111816,115.6,1.1735,0.51,1.698,102.0894,4.7,83.4,1261.0,365178.0,1.51,0.14124,208.49,211.554,2.755051749630355,2.101351351351366,-0.6537003982789891,2.13,2.33,867732.0,5416.0,5662.0,4.64,4.06,3.74,2.31,61.0,0.0,29.0,50.0,42.0,0.013435012924184035,0.8499999999999996,-0.35999999999999943,1.0799999999999996,2.0700000000000003,-0.9900000000000007,0.5800000000000001,0.8999999999999995
2007-09-28,1526.75,18.0,0.18047147536635452,0.0324,0.03256995342090871,-0.00016995342090871113,81.66000366210938,6.869999885559082,3.630500078201294,742.7999877929688,13.793999671936035,114.97,1.1672,0.51,1.698,102.0894,4.7,83.4,1261.0,365178.0,1.48,0.07612,208.49,211.554,2.755051749630355,2.101351351351366,-0.6537003982789891,2.11,2.32,889900.0,4761.0,13425.0,4.59,3.97,3.82,2.27,61.0,0.0,29.0,50.0,42.0,0.002408109219106539,0.8499999999999996,-0.35999999999999943,0.9999999999999996,2.0700000000000003,-1.0700000000000007,0.6199999999999997,0.77
2007-10-05,1557.5899658203125,16.90999984741211,0.17151176375618737,0.02859480948394776,0.029416285106758228,-0.0008214756228104685,81.22000122070312,7.072999954223633,3.696500062942505,741.2999877929688,13.378999710083008,116.83,1.176,0.506,1.616,101.8015,4.7,80.9,1192.0,367322.0,1.45,0.01557,208.936,212.077,3.5361744301288356,2.1565510597302495,-1.379623370398586,2.14,2.31,869051.0,5430.0,12404.0,4.65,4.08,4.0,2.34,58.0,0.0,25.0,54.0,32.0,0.004251560986065238,0.8200000000000003,-0.5100000000000007,0.8299999999999996,1.9500000000000002,-1.1200000000000006,0.5700000000000003,0.6500000000000004
2007-10-12,1561.800048828125,17.729999542236328,0.13919830410608663,0.03143528837677004,0.019376167866010575,0.012059120510759462,83.69000244140625,6.973999977111816,3.630500078201294,748.7000122070312,13.803000450134277,117.5,1.1852,0.506,1.616,101.8015,4.7,80.9,1192.0,367322.0,1.4,-0.02474,208.936,212.077,3.5361744301288356,2.1565510597302495,-1.379623370398586,2.2,2.34,886363.0,4379.0,7074.0,4.7,4.23,4.2,2.36,58.0,0.0,25.0,54.0,32.0,-0.002087681646357679,0.8200000000000003,-0.7000000000000002,0.6100000000000003,1.9500000000000002,-1.3399999999999999,0.46999999999999975,0.5
2007-10-19,1500.6300048828125,22.959999084472656,0.1465218259896194,0.05271615579589853,0.02146864549133231,0.03124751030456622,88.5999984741211,7.040999889373779,3.547499895095825,764.0,13.553000450134277,115.15,1.1718,0.506,1.616,101.8015,4.7,80.9,1192.0,367322.0,1.45,-0.03161,208.936,212.077,3.5361744301288356,2.1565510597302495,-1.379623370398586,2.19,2.32,869509.0,5080.0,6969.0,4.41,3.8,3.86,2.09,58.0,0.0,25.0,54.0,32.0,-0.01590621520966562,0.8200000000000003,-0.16999999999999993,0.8499999999999996,1.9500000000000002,-1.1000000000000005,0.6100000000000003,0.5500000000000003
2007-10-26,1535.280029296875,19.559999465942383,0.1472939673914813,0.03825935791076663,0.021695512829922752,0.016563845080843877,91.86000061035156,7.2179999351501465,3.5295000076293945,783.9000244140625,14.211999893188477,114.01,1.1627,0.506,1.616,101.8015,4.7,80.9,1192.0,367322.0,1.48,-0.00103,208.936,212.077,3.5361744301288356,2.1565510597302495,-1.379623370398586,2.24,2.36,881395.0,5046.0,7035.0,4.41,3.77,3.96,2.05,58.0,0.0,25.0,54.0,32.0,-0.00020560687539276576,0.8200000000000003,-0.14000000000000057,0.6499999999999999,1.9500000000000002,-1.3000000000000003,0.6400000000000001,0.4500000000000002
2007-11-02,1509.6500244140625,23.010000228881836,0.14703723315236453,0.052946011053314215,0.021619947933102807,0.03132606312021141,95.93000030517578,8.418000221252441,3.317500114440918,805.7000122070312,14.545999526977539,114.74,1.1543,0.5,1.497,102.3446,4.7,76.1,1224.0,370776.0,1.57,0.06569,210.177,212.66,4.306203473945414,2.3387872954764077,-1.9674161784690058,2.31,2.39,883385.0,4950.0,8839.0,4.31,3.66,3.61,1.92,65.0,0.0,24.0,51.0,32.0,-0.013874647433039344,0.96,0.5,0.8800000000000003,2.25,-1.3699999999999997,0.6499999999999995,0.6999999999999997
2007-11-09,1453.699951171875,28.5,0.17673146755384778,0.08122499999999999,0.03123401162373675,0.04999098837626324,96.31999969482422,7.896999835968018,3.1424999237060547,832.5,15.49899959564209,110.9,1.1232,0.5,1.497,102.3446,4.7,76.1,1224.0,370776.0,1.72,0.16355,210.177,212.66,4.306203473945414,2.3387872954764077,-1.9674161784690058,2.37,2.41,885724.0,5119.0,8618.0,4.23,3.42,3.27,1.82,65.0,0.0,24.0,51.0,32.0,-0.03799262834519812,0.96,0.8699999999999992,1.2600000000000002,2.25,-0.9899999999999998,0.8100000000000005,0.9600000000000004
2007-11-16,1458.739990234375,25.489999771118164,0.19595131014086764,0.06497400883316042,0.0383969159459225,0.02657709288723792,95.0999984741211,8.00100040435791,3.1559998989105225,785.7000122070312,14.482999801635742,111.05,1.117,0.5,1.497,102.3446,4.7,76.1,1224.0,370776.0,1.79,0.27429,210.177,212.66,4.306203473945414,2.3387872954764077,-1.9674161784690058,2.31,2.35,889537.0,5143.0,6221.0,4.15,3.33,3.4,1.8,65.0,0.0,24.0,51.0,32.0,-0.017439342817102542,0.96,1.2199999999999998,1.15,2.25,-1.1,0.8200000000000003,0.7500000000000004
2007-11-23,1440.699951171875,25.610000610351562,0.2111997714695809,0.06558721312622075,0.0446053434688032,0.020981869657417544,98.18000030517578,7.699999809265137,2.984999895095825,824.0,14.71500015258789,108.17,1.1026,0.5,1.497,102.3446,4.7,76.1,1224.0,370776.0,1.88,0.38669,210.177,212.66,4.306203473945414,2.3387872954764077,-1.9674161784690058,2.28,2.38,891028.0,4959.0,9412.0,4.01,3.07,3.23,1.63,65.0,0.0,24.0,51.0,32.0,-0.013141820935488768,0.96,1.6499999999999995,1.1700000000000004,2.25,-1.0799999999999996,0.94,0.7799999999999998
2007-11-30,1481.1400146484375,22.8700008392334,0.24236507348314568,0.05230369383865363,0.058740828844490604,-0.006437135005836973,88.70999908447266,7.302000045776367,3.1570000648498535,782.2000122070312,13.963000297546387,111.02,1.1287,0.5,1.497,102.3446,4.7,76.1,1224.0,370776.0,1.96,0.48005,210.177,212.66,4.306203473945414,2.3387872954764077,-1.9674161784690058,2.24,2.34,879417.0,5176.0,8800.0,3.97,3.04,3.15,1.63,66.0,0.0,26.0,45.0,38.0,0.0048565574582578215,0.96,1.5999999999999996,1.38,2.25,-0.8700000000000001,0.9300000000000002,0.8200000000000003
2007-12-07,1504.6600341796875,20.850000381469727,0.23891678460449867,0.043472251590728775,0.05708122996575241,-0.013608978375023638,88.27999877929688,7.15500020980835,3.0945000648498535,794.4000244140625,14.324999809265137,111.72,1.1296,0.497,1.526,102.3803,5.0,75.5,1149.0,366569.0,2.03,0.54302,210.036,213.168,4.081268582755193,2.4353676117251366,-1.6459009710300565,2.14,2.26,882764.0,4905.0,9952.0,4.12,3.12,3.12,1.86,66.0,0.0,26.0,45.0,38.0,0.004736373938245997,1.1600000000000001,1.5300000000000002,1.2800000000000002,2.5500000000000007,-1.2700000000000005,1.0,1.0
2007-12-14,1467.949951171875,23.270000457763672,0.23552487170793623,0.05414929213043215,0.055471965193039825,-0.0013226730626076724,91.2699966430664,7.025000095367432,2.936500072479248,793.2999877929688,13.826000213623047,113.35,1.1536,0.497,1.526,102.3803,5.0,75.5,1149.0,366569.0,2.03,0.56964,210.036,213.168,4.081268582755193,2.4353676117251366,-1.6459009710300565,2.24,2.34,881750.0,4831.0,4451.0,4.24,3.31,2.88,1.9,66.0,0.0,26.0,45.0,38.0,-0.0038982195521820237,1.1600000000000001,1.4400000000000004,1.35,2.5500000000000007,-1.2000000000000006,0.9300000000000002,1.3600000000000003
2007-12-21,1484.4599609375,18.469999313354492,0.22674348319253382,0.03411408746353155,0.05141260717028286,-0.017298519706751316,93.30999755859375,7.190000057220459,3.0934998989105225,811.5999755859375,14.345999717712402,113.95,1.1566,0.497,1.526,102.3803,5.0,75.5,1149.0,366569.0,2.03,0.55926,210.036,213.168,4.081268582755193,2.4353676117251366,-1.6459009710300565,2.26,2.34,887983.0,7500.0,8685.0,4.18,3.19,3.0,1.84,66.0,0.0,26.0,45.0,38.0,0.003755250742842813,1.1600000000000001,1.58,1.2599999999999998,2.5500000000000007,-1.290000000000001,0.9899999999999998,1.1799999999999997
2007-12-28,1478.489990234375,20.739999771118164,0.20867106322674936,0.04301475905059815,0.04354361262818203,-0.0005288535775838793,96.0,7.386000156402588,3.057499885559082,839.5999755859375,14.770000457763672,112.93,1.1275,0.497,1.526,102.3803,5.0,75.5,1149.0,366569.0,2.03,0.51976,210.036,213.168,4.081268582755193,2.4353676117251366,-1.6459009710300565,2.29,2.33,890662.0,4910.0,5674.0,4.11,3.12,3.18,1.78,66.0,0.0,26.0,45.0,38.0,0.005291579442443295,1.1600000000000001,1.6300000000000008,0.9099999999999997,2.5500000000000007,-1.640000000000001,0.9900000000000002,0.9300000000000002
2008-01-04,1411.6300048828125,23.940000534057617,0.21543866795827518,0.057312362557067904,0.04641381965163595,0.010898542905431956,97.91000366210938,7.841000080108643,3.1414999961853027,863.0999755859375,15.345999717712402,108.38,1.1064,0.502,1.429,102.2448,5.0,78.4,1094.0,367368.0,2.09,0.4721,211.08,213.771,4.280294047901356,2.4789069990412305,-1.8013870488601258,2.25,2.32,922187.0,8693.0,13029.0,3.88,2.74,3.2,1.56,63.0,0.0,22.0,38.0,38.0,-0.02704387521107613,1.21,2.62,1.0099999999999998,2.8,-1.79,1.1399999999999997,0.6799999999999997
2008-01-11,1401.02001953125,23.68000030517578,0.18555317829293286,0.056074241445312506,0.03442998197460893,0.02164425947070358,92.69000244140625,8.210000038146973,3.2834999561309814,896.0999755859375,16.273000717163086,109.11,1.1026,0.502,1.429,102.2448,5.0,78.4,1094.0,367368.0,2.17,0.42736,211.08,213.771,4.280294047901356,2.4789069990412305,-1.8013870488601258,2.15,2.26,880754.0,5146.0,4149.0,3.82,2.59,3.09,1.56,63.0,0.0,22.0,38.0,38.0,-0.04744941176241883,1.21,2.9399999999999995,1.0500000000000003,2.8,-1.7499999999999996,1.23,0.73
2008-01-18,1325.18994140625,27.18000030517578,0.20705496915938984,0.07387524165893557,0.042871760253595875,0.031003481405339692,90.56999969482422,7.993000030517578,3.2244999408721924,880.7999877929688,16.13800048828125,106.82,1.101,0.502,1.429,102.2448,5.0,78.4,1094.0,367368.0,2.24,0.4037,211.08,213.771,4.280294047901356,2.4789069990412305,-1.8013870488601258,2.04,2.24,893581.0,5171.0,11626.0,3.66,2.36,2.86,1.42,63.0,0.0,22.0,38.0,38.0,-0.002552443785772164,1.21,3.3,0.6400000000000001,2.8,-2.1599999999999997,1.3000000000000003,0.8000000000000003
2008-01-25,1330.6099853515625,29.079999923706055,0.20829980263414113,0.08456463955627443,0.04338880777742215,0.04117583177885228,90.70999908447266,7.982999801635742,3.1760001182556152,910.5,16.42799949645996,107.31,1.0986,0.502,1.429,102.2448,5.0,78.4,1094.0,367368.0,2.3,0.41112,211.08,213.771,4.280294047901356,2.4789069990412305,-1.8013870488601258,2.05,2.27,877253.0,5335.0,6481.0,3.61,2.23,2.3,1.34,63.0,0.0,22.0,38.0,38.0,0.06365369662597516,1.21,3.25,0.22999999999999998,2.8,-2.57,1.38,1.31
2008-02-01,1395.4200439453125,24.020000457763672,0.22042053362931452,0.05769604219909669,0.048585211645431774,0.00911083055366492,88.95999908447266,7.739999771118164,3.260499954223633,908.7000122070312,16.823999404907227,106.3,1.0821,0.504,1.429,101.8438,4.9,70.8,1014.0,364126.0,2.3,0.4409,211.693,213.939,4.026555413048727,2.29708083295479,-1.729474580093937,2.09,2.31,900264.0,4650.0,12402.0,3.62,2.09,2.1,1.31,79.0,0.0,25.0,56.0,42.0,0.02132852624012349,1.29,3.2199999999999998,0.69,3.08,-2.39,1.5300000000000002,1.52
2008-02-08,1331.2900390625,28.010000228881836,0.23077562822850126,0.07845601128219606,0.05325739058425943,0.025198620697936637,91.7699966430664,8.300999641418457,3.5344998836517334,918.4000244140625,17.075000762939453,107.34,1.1038,0.504,1.429,101.8438,4.9,70.8,1014.0,364126.0,2.34,0.5023,211.693,213.939,4.026555413048727,2.29708083295479,-1.729474580093937,2.02,2.28,871022.0,5548.0,8999.0,3.64,1.93,2.23,1.36,79.0,0.0,25.0,56.0,42.0,-0.021032863965677162,1.29,3.51,0.6199999999999997,3.08,-2.4600000000000004,1.7100000000000002,1.4100000000000001
2008-02-15,1349.989990234375,25.020000457763672,0.23609825415006028,0.06260004229064942,0.055742385612706453,0.006857656677942962,95.5,8.65999984741211,3.5209999084472656,902.7999877929688,17.097999572753906,107.67,1.0913,0.504,1.429,101.8438,4.9,70.8,1014.0,364126.0,2.39,0.58706,211.693,213.939,4.026555413048727,2.29708083295479,-1.729474580093937,2.08,2.28,883005.0,5316.0,5583.0,3.76,1.91,2.21,1.48,79.0,0.0,25.0,56.0,42.0,9.969818801339875e-05,1.29,3.5599999999999996,0.5699999999999998,3.08,-2.5100000000000002,1.8499999999999999,1.5499999999999998
2008-02-22,1353.1099853515625,24.059999465942383,0.2218837706391094,0.05788835743011478,0.04923240767302891,0.00865594975708587,98.80999755859375,9.145999908447266,3.7869999408721924,944.7000122070312,18.024999618530273,106.98,1.0856,0.504,1.429,101.8438,4.9,70.8,1014.0,364126.0,2.42,0.68621,211.693,213.939,4.026555413048727,2.29708083295479,-1.729474580093937,2.17,2.35,878949.0,3861.0,10523.0,3.79,1.98,2.2,1.44,79.0,0.0,25.0,56.0,42.0,0.011430535058529905,1.29,3.6099999999999994,0.52,3.08,-2.56,1.81,1.5899999999999999
2008-02-29,1330.6300048828125,26.540000915527344,0.2230078185709206,0.07043716485961923,0.04973248714376065,0.020704677715858585,101.83999633789062,9.366000175476074,3.8519999980926514,972.0999755859375,19.808000564575195,104.19,1.0435,0.504,1.429,101.8438,4.9,70.8,1014.0,364126.0,2.52,0.78644,211.693,213.939,4.026555413048727,2.29708083295479,-1.729474580093937,2.3,2.43,893825.0,4740.0,8006.0,3.53,1.65,1.85,1.1,65.0,0.0,23.0,54.0,39.0,0.007888781535424567,1.29,3.9299999999999997,0.69,3.08,-2.39,1.88,1.6799999999999997
2008-03-07,1293.3699951171875,27.489999771118164,0.20239033744890567,0.07557000874160766,0.04096184869268191,0.03460816004892575,105.1500015258789,9.769000053405762,3.931999921798706,972.2000122070312,20.158000946044922,102.69,1.025,0.511,1.245,101.5336,5.1,69.5,967.0,365164.0,2.75,0.87808,213.528,214.42,3.981456231251701,2.388524386633417,-1.5929318446182839,2.37,2.55,881208.0,4867.0,10019.0,3.56,1.53,1.45,1.01,65.0,0.0,23.0,54.0,39.0,-0.019786943827102922,1.38,4.41,1.1600000000000001,3.38,-2.2199999999999998,2.0300000000000002,2.1100000000000003
2008-03-14,1288.1400146484375,31.15999984741211,0.22548954470142454,0.09709455904907228,0.05084553476965574,0.046249024279416545,110.20999908447266,9.868000030517578,3.8469998836517334,998.2000122070312,20.573999404907227,100.2,1.0072,0.511,1.245,101.5336,5.1,69.5,967.0,365164.0,2.97,0.93946,213.528,214.42,3.981456231251701,2.388524386633417,-1.5929318446182839,2.25,2.43,896565.0,5076.0,7487.0,3.44,1.47,1.18,1.01,65.0,0.0,23.0,54.0,39.0,0.0168378628583008,1.38,4.870000000000001,1.0999999999999999,3.38,-2.2800000000000002,1.97,2.26
2008-03-21,1329.510009765625,26.6200008392334,0.2569925664756362,0.07086244446807868,0.06604517922373428,0.004817265244344407,101.83999633789062,9.0649995803833,3.6110000610351562,919.5999755859375,16.80500030517578,99.4,1.0085,0.511,1.245,101.5336,5.1,69.5,967.0,365164.0,3.05,0.9642,213.528,214.42,3.981456231251701,2.388524386633417,-1.5929318446182839,2.14,2.32,888646.0,5152.0,15836.0,3.34,1.59,0.63,1.02,65.0,0.0,23.0,54.0,39.0,-0.002501070979209411,1.38,4.890000000000001,1.6399999999999997,3.38,-1.7400000000000002,1.7499999999999998,2.71
2008-03-28,1315.219970703125,25.709999084472656,0.25887494067439293,0.06610040529235849,0.06701623490917046,-0.0009158296168119695,105.62000274658203,9.800000190734863,3.8559999465942383,930.5999755859375,17.899999618530273,99.71,0.9981,0.511,1.245,101.5336,5.1,69.5,967.0,365164.0,2.99,0.94395,213.528,214.42,3.981456231251701,2.388524386633417,-1.5929318446182839,2.21,2.34,893965.0,5729.0,6014.0,3.47,1.67,1.33,1.13,65.0,0.0,23.0,54.0,39.0,-0.006704812944811141,1.38,4.48,0.81,3.38,-2.57,1.8000000000000003,2.14
2008-04-04,1370.4000244140625,22.450000762939453,0.2735192454241497,0.05040025342559821,0.07481277761739623,-0.02441252419179802,106.2300033569336,9.321999549865723,3.9784998893737793,909.0,17.722000122070312,101.75,1.0052,0.506,1.6,100.8785,5.0,62.6,1008.0,364816.0,2.89,0.89121,214.823,214.56,3.9368897748275122,2.294669292051843,-1.6422204827756692,2.18,2.32,883708.0,5158.0,12639.0,3.5,1.83,1.35,1.18,68.0,0.0,40.0,55.0,70.0,0.029503260794846074,1.42,4.08,0.6699999999999999,3.2899999999999996,-2.6199999999999997,1.67,2.15
2008-04-11,1332.8299560546875,23.459999084472656,0.2759114373258946,0.055037155704345794,0.07612712124724108,-0.021089965542895286,110.13999938964844,9.901000022888184,3.9744999408721924,923.5999755859375,17.667999267578125,101.09,1.0016,0.506,1.6,100.8785,5.0,62.6,1008.0,364816.0,2.87,0.81755,214.823,214.56,3.9368897748275122,2.294669292051843,-1.6422204827756692,2.17,2.3,893029.0,5127.0,6742.0,3.49,1.76,1.19,1.19,68.0,0.0,40.0,55.0,70.0,-0.02318175938962752,1.42,4.08,0.8999999999999999,3.2899999999999996,-2.3899999999999997,1.7300000000000002,2.3000000000000003
2008-04-18,1390.3299560546875,20.1299991607666,0.2672179436518823,0.04052168662124641,0.07140542940954053,-0.030883742788294123,116.69000244140625,10.586999893188477,3.9195001125335693,912.2000122070312,17.802000045776367,104.56,1.0253,0.506,1.6,100.8785,5.0,62.6,1008.0,364816.0,2.77,0.73526,214.823,214.56,3.9368897748275122,2.294669292051843,-1.6422204827756692,2.24,2.32,881904.0,4745.0,8244.0,3.77,2.19,1.35,1.45,68.0,0.0,40.0,55.0,70.0,0.037772648343398586,1.42,3.47,0.7499999999999998,3.2899999999999996,-2.54,1.58,2.42
2008-04-25,1397.8399658203125,19.59000015258789,0.2404122472531368,0.03837681059783936,0.05779804862930339,-0.019421238031464033,118.5199966430664,10.963000297546387,3.9595000743865967,887.2000122070312,16.84600067138672,104.17,1.0335,0.506,1.6,100.8785,5.0,62.6,1008.0,364816.0,2.67,0.64969,214.823,214.56,3.9368897748275122,2.294669292051843,-1.6422204827756692,2.31,2.31,885781.0,5437.0,10668.0,3.91,2.44,1.34,1.6,68.0,0.0,40.0,55.0,70.0,0.004524017817866858,1.42,3.1599999999999997,0.6199999999999999,3.2899999999999996,-2.67,1.4700000000000002,2.5700000000000003
2008-05-02,1413.9000244140625,18.18000030517578,0.17605216588742192,0.03305124110961915,0.030994365113652327,0.0020568759959668226,116.31999969482422,10.777000427246094,3.8580000400543213,856.0999755859375,16.381000518798828,105.33,1.0562,0.505,1.778,100.2674,5.4,59.8,995.0,368255.0,2.53,0.57459,216.632,214.936,4.17554304180352,2.3222157689781087,-1.8533272728254113,2.32,2.36,888131.0,5721.0,9128.0,3.89,2.47,1.5,1.53,65.0,0.0,25.0,58.0,54.0,-0.0021759060850901814,1.3599999999999994,2.76,0.3800000000000001,3.05,-2.67,1.42,2.39
2008-05-09,1388.280029296875,19.40999984741211,0.17580756641317888,0.03767480940765381,0.0309083004081243,0.006766508999529509,125.95999908447266,11.536999702453613,3.753499984741211,884.5,16.843000411987305,103.01,1.0432,0.505,1.778,100.2674,5.4,59.8,995.0,368255.0,2.53,0.51992,216.632,214.936,4.17554304180352,2.3222157689781087,-1.8533272728254113,2.32,2.38,889228.0,5191.0,11713.0,3.77,2.25,1.69,1.39,65.0,0.0,25.0,58.0,54.0,0.007362167767369346,1.3599999999999994,3.0200000000000005,0.30000000000000004,3.05,-2.75,1.52,2.08
2008-05-16,1425.3499755859375,16.469999313354492,0.14942535315638572,0.027126087738189742,0.02232793616591059,0.004798151572279152,126.29000091552734,11.093999862670898,3.8464999198913574,899.0,16.90399932861328,103.86,1.0448,0.505,1.778,100.2674,5.4,59.8,995.0,368255.0,2.49,0.4874,216.632,214.936,4.17554304180352,2.3222157689781087,-1.8533272728254113,2.37,2.44,880175.0,4657.0,8609.0,3.85,2.47,1.84,1.41,65.0,0.0,25.0,58.0,54.0,0.020107409239186785,1.3599999999999994,2.75,0.18999999999999995,3.05,-2.86,1.38,2.01
2008-05-23,1375.9300537109375,19.549999237060547,0.14979468921200728,0.0382202470169068,0.02243844891612185,0.01578179810078495,132.19000244140625,11.857000350952148,3.755000114440918,925.5999755859375,18.240999221801758,103.22,1.0235,0.505,1.778,100.2674,5.4,59.8,995.0,368255.0,2.52,0.4824,216.632,214.936,4.17554304180352,2.3222157689781087,-1.8533272728254113,2.42,2.49,898487.0,4399.0,11440.0,3.85,2.46,1.86,1.36,65.0,0.0,25.0,58.0,54.0,-0.03789271628318909,1.3599999999999994,2.8200000000000003,0.24999999999999978,3.05,-2.8,1.3900000000000001,1.99
2008-05-30,1400.3800048828125,17.829999923706055,0.1367244609655858,0.03179088972793579,0.018693578226329995,0.013097311501605795,127.3499984741211,11.70300006866455,3.628000020980835,887.2999877929688,16.82699966430664,105.46,1.0426,0.505,1.778,100.2674,5.4,59.8,995.0,368255.0,2.5,0.50357,216.632,214.936,4.17554304180352,2.3222157689781087,-1.8533272728254113,2.4,2.48,904054.0,4940.0,12478.0,4.06,2.66,1.89,1.58,65.0,0.0,25.0,58.0,54.0,0.0004696094481385256,1.3599999999999994,2.6900000000000004,0.17999999999999972,3.05,-2.87,1.3999999999999995,2.17
2008-06-06,1360.6800537109375,23.559999465942383,0.16694964630437667,0.055507357483520536,0.02787218440115647,0.027635173082364066,138.5399932861328,12.692999839782715,3.624000072479248,895.4000244140625,17.39699935913086,105.33,1.0237,0.509,1.601,100.0335,5.6,56.4,1180.0,368926.0,2.5,0.54915,218.815,215.424,5.0217900476117405,2.3917259211376996,-2.630064126474041,2.45,2.47,895939.0,4844.0,12099.0,3.94,2.4,1.85,1.47,60.0,0.0,32.0,57.0,48.0,-0.00931849103867003,1.3900000000000006,2.58,0.33000000000000007,2.9700000000000006,-2.6400000000000006,1.54,2.09
2008-06-13,1360.030029296875,21.219999313354492,0.17056563057718796,0.045028837085876516,0.029092634334193755,0.01593620275168276,134.86000061035156,12.625,3.5940001010894775,870.2999877929688,16.540000915527344,107.92,1.0485,0.509,1.601,100.0335,5.6,56.4,1180.0,368926.0,2.49,0.60309,218.815,215.424,5.0217900476117405,2.3917259211376996,-2.630064126474041,2.56,2.5,890610.0,4849.0,6511.0,4.27,3.05,1.99,1.77,60.0,0.0,32.0,57.0,48.0,0.00144719870706352,1.3900000000000006,2.29,0.24,2.9700000000000006,-2.7300000000000004,1.2199999999999998,2.2799999999999994
2008-06-20,1317.9300537109375,22.8700008392334,0.1704695268494925,0.05230369383865363,0.02905985958428984,0.023243834254363792,134.6199951171875,12.994000434875488,3.8320000171661377,901.2999877929688,17.386999130249023,107.42,1.0345,0.509,1.601,100.0335,5.6,56.4,1180.0,368926.0,2.54,0.6595,218.815,215.424,5.0217900476117405,2.3917259211376996,-2.630064126474041,2.53,2.44,902304.0,4926.0,11050.0,4.16,2.88,1.87,1.72,60.0,0.0,32.0,57.0,48.0,-0.00800682020859108,1.3900000000000006,2.6000000000000005,0.43999999999999995,2.9700000000000006,-2.5300000000000007,1.2800000000000002,2.29
2008-06-27,1278.3800048828125,23.440000534057617,0.1799127573006144,0.054943362503662135,0.03236860023950978,0.022574762264152358,140.2100067138672,13.197999954223633,3.884000062942505,929.2999877929688,17.6200008392334,106.28,1.0205,0.509,1.601,100.0335,5.6,56.4,1180.0,368926.0,2.68,0.71159,218.815,215.424,5.0217900476117405,2.3917259211376996,-2.630064126474041,2.62,2.51,892713.0,5070.0,7114.0,3.99,2.65,1.68,1.48,60.0,0.0,32.0,57.0,48.0,-0.028235437782724006,1.3900000000000006,3.3100000000000005,0.6900000000000002,2.9700000000000006,-2.2800000000000002,1.3400000000000003,2.3100000000000005
2008-07-04,1262.9000244140625,24.780000686645508,0.1818303632220604,0.06140484340301519,0.03306228098946641,0.02834256241354878,145.2899932861328,13.57699966430664,3.9630000591278076,931.9000244140625,18.28499984741211,106.79,1.0273,0.503,1.537,99.676,5.8,61.2,921.0,367594.0,2.79,0.74388,219.964,215.965,5.6001229002539565,2.463313612274831,-3.1368092879791254,2.72,2.57,902962.0,5042.0,14946.0,3.99,2.54,1.84,1.42,62.0,0.0,32.0,64.0,54.0,-0.038385158310128675,1.4900000000000002,3.62,0.56,3.1500000000000004,-2.5900000000000003,1.4500000000000002,2.1500000000000004
2008-07-11,1239.489990234375,27.489999771118164,0.19592699794809662,0.07557000874160766,0.03838738852495346,0.0371826202166542,145.0800018310547,11.904000282287598,3.755500078201294,959.5,18.7450008392334,106.14,1.0179,0.503,1.537,99.676,5.8,61.2,921.0,367594.0,2.88,0.75279,219.964,215.965,5.6001229002539565,2.463313612274831,-3.1368092879791254,2.6,2.48,898034.0,5180.0,7475.0,3.96,2.59,1.62,1.48,62.0,0.0,32.0,64.0,54.0,-0.03481426909388959,1.4900000000000002,3.87,0.73,3.1500000000000004,-2.4200000000000004,1.37,2.34
2008-07-18,1260.6800537109375,24.049999237060547,0.20745100278782988,0.05784024633026128,0.0430359185576762,0.014804327772585078,128.8800048828125,10.569999694824219,3.686500072479248,957.2999877929688,18.135000228881836,106.75,1.0207,0.503,1.537,99.676,5.8,61.2,921.0,367594.0,2.97,0.74289,219.964,215.965,5.6001229002539565,2.463313612274831,-3.1368092879791254,2.5,2.46,910681.0,4711.0,11690.0,4.11,2.66,1.48,1.65,62.0,0.0,32.0,64.0,54.0,0.037300105469398215,1.4900000000000002,3.66,0.7500000000000002,3.1500000000000004,-2.4000000000000004,1.4500000000000002,2.6300000000000003
2008-07-25,1257.760009765625,22.90999984741211,0.20155143101015618,0.05248680930084229,0.040622979342241745,0.011863829958600546,123.26000213623047,9.083999633789062,3.7039999961853027,926.5999755859375,17.325000762939453,107.89,1.0386,0.503,1.537,99.676,5.8,61.2,921.0,367594.0,2.96,0.71458,219.964,215.965,5.6001229002539565,2.463313612274831,-3.1368092879791254,2.24,2.34,899665.0,5419.0,6648.0,4.13,2.7,1.75,1.79,62.0,0.0,32.0,64.0,54.0,-0.008934486621515303,1.4900000000000002,3.59,0.3999999999999999,3.1500000000000004,-2.7500000000000004,1.4299999999999997,2.38
2008-08-01,1260.31005859375,22.56999969482422,0.22178860829675853,0.05094048862243653,0.04919018677021299,0.0017503018522235445,125.0999984741211,9.388999938964844,3.628499984741211,909.0,17.481000900268555,107.59,1.048,0.504,1.431,98.1111,6.1,63.0,858.0,364611.0,3.0,0.68388,219.086,216.393,5.371855115262347,2.4981171756213394,-2.873737939641008,2.17,2.34,918625.0,5094.0,16125.0,3.97,2.51,1.66,1.63,69.0,0.0,39.0,64.0,59.0,0.010140845863199077,1.5100000000000007,4.24,0.5100000000000002,3.2600000000000002,-2.75,1.4600000000000004,2.3100000000000005
2008-08-08,1296.3199462890625,20.65999984741211,0.23378739675453952,0.04268355936950683,0.05465654688126448,-0.011972987511757648,115.19999694824219,8.248000144958496,3.4005000591278076,857.7999877929688,15.303000450134277,110.09,1.0801,0.504,1.431,98.1111,6.1,63.0,858.0,364611.0,3.01,0.66822,219.086,216.393,5.371855115262347,2.4981171756213394,-2.873737939641008,2.04,2.22,901710.0,4880.0,11329.0,3.94,2.51,1.7,1.72,69.0,0.0,39.0,64.0,59.0,-0.013043311268498892,1.5100000000000007,4.25,0.4700000000000002,3.2600000000000002,-2.79,1.4300000000000002,2.24
2008-08-15,1298.199951171875,19.579999923706055,0.2311626450628497,0.038337639701232905,0.05343616847245303,-0.015098528771220122,113.7699966430664,8.092000007629395,3.3424999713897705,786.0,12.800999641418457,110.48,1.096,0.504,1.431,98.1111,6.1,63.0,858.0,364611.0,3.05,0.67599,219.086,216.393,5.371855115262347,2.4981171756213394,-2.873737939641008,1.95,2.18,914632.0,4859.0,9025.0,3.84,2.4,1.85,1.66,69.0,0.0,39.0,64.0,59.0,-0.0016940657058992503,1.5100000000000007,4.229999999999999,0.22999999999999998,3.2600000000000002,-3.0300000000000002,1.44,1.9899999999999998
2008-08-22,1292.199951171875,18.809999465942383,0.21952587145109267,0.03538160799087528,0.04819160823636166,-0.012810000245486383,114.58999633789062,7.8429999351501465,3.508500099182129,827.4000244140625,13.470000267028809,109.88,1.097,0.504,1.431,98.1111,6.1,63.0,858.0,364611.0,3.12,0.73178,219.086,216.393,5.371855115262347,2.4981171756213394,-2.873737939641008,1.94,2.18,898611.0,4765.0,11669.0,3.87,2.42,1.7,1.69,69.0,0.0,39.0,64.0,59.0,-0.003623163702366261,1.5100000000000007,4.359999999999999,0.3900000000000001,3.2600000000000002,-2.87,1.4500000000000002,2.17
2008-08-29,1282.8299560546875,20.649999618530273,0.21888023123752715,0.042642248424530044,0.04790855562659335,-0.005266307202063308,115.45999908447266,7.942999839782715,3.429500102996826,829.2999877929688,13.607000350952148,108.69,1.1019,0.504,1.431,98.1111,6.1,63.0,858.0,364611.0,3.16,0.8397,219.086,216.393,5.371855115262347,2.4981171756213394,-2.873737939641008,1.89,2.15,909982.0,4828.0,9750.0,3.83,2.36,1.72,1.68,69.0,0.0,39.0,64.0,59.0,0.015189523716075664,1.5100000000000007,4.389999999999999,0.3700000000000001,3.2600000000000002,-2.89,1.4700000000000002,2.1100000000000003
2008-09-05,1242.31005859375,23.059999465942383,0.22335117563245172,0.053176357536926296,0.04988574765639829,0.0032906098805280046,106.2300033569336,7.448999881744385,3.123500108718872,797.5999755859375,12.244999885559082,106.96,1.111,0.495,1.481,93.7895,6.1,70.3,797.0,358991.0,3.22,1.0071,218.783,216.713,4.936927430572191,2.4386208722122937,-2.4983065583598973,1.6,1.95,905253.0,4746.0,11906.0,3.66,2.23,1.68,1.71,69.0,0.0,45.0,63.0,52.0,-0.01408169421346591,1.6599999999999993,4.860000000000001,0.45999999999999996,3.6199999999999997,-3.1599999999999997,1.4300000000000002,1.9800000000000002
2008-09-12,1251.699951171875,25.65999984741211,0.23277573869423254,0.06584355921691894,0.05418454452464563,0.01165901469227331,101.18000030517578,7.366000175476074,3.2090001106262207,760.2999877929688,10.734999656677246,107.51,1.1335,0.495,1.481,93.7895,6.1,70.3,797.0,358991.0,3.44,1.22793,218.783,216.713,4.936927430572191,2.4386208722122937,-2.4983065583598973,1.5,1.95,925725.0,4723.0,9020.0,3.74,2.23,1.49,1.79,69.0,0.0,45.0,63.0,52.0,-0.016509201016632558,1.6599999999999993,4.85,0.5800000000000001,3.6199999999999997,-3.0399999999999996,1.5100000000000002,2.25
2008-09-19,1255.0799560546875,32.06999969482422,0.34006150904607835,0.10284848804260255,0.11564182993469603,-0.012793341892093482,104.55000305175781,7.531000137329102,3.184999942779541,860.5999755859375,12.425000190734863,107.18,1.1107,0.495,1.481,93.7895,6.1,70.3,797.0,358991.0,4.15,1.51145,218.783,216.713,4.936927430572191,2.4386208722122937,-2.4983065583598973,1.37,1.93,995093.0,4941.0,46998.0,3.78,2.16,0.99,1.85,69.0,0.0,45.0,63.0,52.0,0.036518950243261385,1.6599999999999993,5.520000000000001,1.28,3.6199999999999997,-2.34,1.6199999999999997,2.79
2008-09-26,1213.27001953125,34.7400016784668,0.3555391664872169,0.12068677166198759,0.12640809890642493,-0.005721327244437344,106.88999938964844,7.4720001220703125,3.0794999599456787,882.9000244140625,13.458000183105469,106.06,1.089,0.495,1.481,93.7895,6.1,70.3,797.0,358991.0,4.59,1.79275,218.783,216.713,4.936927430572191,2.4386208722122937,-2.4983065583598973,1.15,1.75,1211825.0,5088.0,104499.0,3.85,2.11,0.87,2.1,69.0,0.0,45.0,63.0,52.0,-0.03142137805171289,1.6599999999999993,6.5600000000000005,1.23,3.6199999999999997,-2.3899999999999997,1.7400000000000002,2.98
2008-10-03,1099.22998046875,45.13999938964844,0.4819162451057754,0.20376195448974613,0.2322432672968498,-0.02848131280710367,93.87999725341797,7.357999801635742,2.7049999237060547,828.9000244140625,11.270000457763672,105.76,1.1295,0.487,1.486,94.7219,6.5,57.6,736.0,346137.0,4.91,2.07329,216.573,216.788,3.655186277137501,2.2213629955157854,-1.4338232816217156,0.96,1.45,1503989.0,8629.0,167055.0,3.63,1.6,0.51,2.18,81.0,0.0,40.0,61.0,58.0,-0.0896643332135128,2.6000000000000005,8.43,1.7799999999999998,5.07,-3.2900000000000005,2.03,3.12
2008-10-10,899.219970703125,69.94999694824219,0.5412190607589018,0.4893002073059091,0.29291807172874784,0.19638213557716128,77.69999694824219,6.534999847412109,2.1565001010894775,855.4000244140625,10.545000076293945,99.44,1.1221,0.487,1.486,94.7219,6.5,57.6,736.0,346137.0,5.81,2.32481,216.573,216.788,3.655186277137501,2.2213629955157854,-1.4338232816217156,0.2,0.92,1591587.0,7910.0,119718.0,3.89,1.62,0.25,2.97,81.0,0.0,40.0,61.0,58.0,-0.0026927046800536703,2.6000000000000005,11.549999999999999,1.8800000000000001,5.07,-3.1900000000000004,2.27,3.64
2008-10-17,940.5499877929688,70.33000183105469,0.7055614169176164,0.4946309157556156,0.4978169130427945,-0.0031859972871789433,71.8499984741211,6.785999774932861,2.180999994277954,785.0999755859375,9.3100004196167,101.4,1.1339,0.487,1.486,94.7219,6.5,57.6,736.0,346137.0,5.87,2.52056,216.573,216.788,3.655186277137501,2.2213629955157854,-1.4338232816217156,0.04,1.11,1770809.0,7338.0,281034.0,3.98,1.64,0.83,2.87,81.0,0.0,40.0,61.0,58.0,-0.03638224170608055,2.6000000000000005,12.139999999999999,1.5999999999999999,5.07,-3.4700000000000006,2.34,3.15
2008-10-24,876.77001953125,79.12999725341797,0.7357676723690251,0.6261556465325936,0.541354067703333,0.08480157882926054,64.1500015258789,6.238999843597412,1.6749999523162842,729.0999755859375,9.295000076293945,92.64,1.1526,0.487,1.486,94.7219,6.5,57.6,736.0,346137.0,6.09,2.66273,216.573,216.788,3.655186277137501,2.2213629955157854,-1.4338232816217156,-0.8,0.74,1802602.0,23166.0,301260.0,3.76,1.57,0.89,3.02,81.0,0.0,40.0,61.0,58.0,-0.07202393971394838,2.6000000000000005,12.88,1.0499999999999998,5.07,-4.0200000000000005,2.1899999999999995,2.8699999999999997
2008-10-31,968.75,59.88999938964844,0.7715805811654751,0.35868120268920906,0.5953365932316523,-0.23665539054244328,67.80999755859375,6.7829999923706055,1.843999981880188,716.7999877929688,9.729999542236328,98.28,1.1669,0.487,1.486,94.7219,6.5,57.6,736.0,346137.0,6.06,2.78395,216.573,216.788,3.655186277137501,2.2213629955157854,-1.4338232816217156,-0.96,0.87,1969086.0,100736.0,260924.0,4.01,1.56,0.46,3.14,89.0,0.0,66.0,54.0,58.0,0.0899545541939096,2.6000000000000005,12.360000000000001,1.51,5.07,-3.5600000000000005,2.4499999999999997,3.55
2008-11-07,930.989990234375,56.099998474121094,0.8032513654689095,0.3147209828796389,0.6452127561276676,-0.3304917732480287,61.040000915527344,6.756999969482422,1.6924999952316284,733.2000122070312,9.963000297546387,98.15,1.1761,0.301,1.377,93.4715,6.8,55.3,626.0,332498.0,5.91,2.87675,212.425,216.947,1.0695746918073956,2.015893915169764,0.9463192233623685,-1.0,0.97,2074205.0,31800.0,493611.0,3.83,1.33,0.31,2.86,89.0,0.0,66.0,54.0,58.0,-0.059763414231717826,3.0900000000000007,12.78,1.0999999999999999,5.6800000000000015,-4.580000000000002,2.5,3.52
2008-11-14,873.2899780273438,66.30999755859375,0.7878781821965206,0.43970157762207085,0.6207520299812938,-0.1810504523592229,57.040000915527344,6.311999797821045,1.7015000581741333,742.4000244140625,9.489999771118164,96.66,1.187,0.301,1.377,93.4715,6.8,55.3,626.0,332498.0,5.88,2.95741,212.425,216.947,1.0695746918073956,2.015893915169764,0.9463192233623685,-1.1,0.85,2212852.0,61776.0,592141.0,3.72,1.22,0.15,2.87,89.0,0.0,66.0,54.0,58.0,-0.052892655170700714,3.0900000000000007,13.63,1.2599999999999998,5.6800000000000015,-4.420000000000002,2.5,3.5700000000000003
2008-11-21,800.030029296875,72.66999816894531,0.8046698525917739,0.5280928633874515,0.6474935716700672,-0.11940070828261562,49.93000030517578,6.480000019073486,1.5709999799728394,791.7000122070312,9.479999542236328,95.42,1.2237,0.301,1.377,93.4715,6.8,55.3,626.0,332498.0,6.36,3.03407,212.425,216.947,1.0695746918073956,2.015893915169764,0.9463192233623685,-1.94,0.05,2187137.0,60465.0,633849.0,3.2,1.09,0.02,3.15,89.0,0.0,66.0,54.0,58.0,-0.08551771403774733,3.0900000000000007,16.39,1.26,5.6800000000000015,-4.420000000000002,2.1100000000000003,3.18
2008-11-28,896.239990234375,55.279998779296875,0.7062977563726027,0.3055878265039064,0.49885652065697245,-0.19326869415306602,54.43000030517578,6.510000228881836,1.6234999895095825,816.2000122070312,10.1850004196167,95.46,1.2165,0.301,1.377,93.4715,6.8,55.3,626.0,332498.0,6.42,3.06102,212.425,216.947,1.0695746918073956,2.015893915169764,0.9463192233623685,-2.24,0.33,2106117.0,64531.0,577731.0,2.93,1.0,0.01,2.6,89.0,0.0,66.0,54.0,58.0,0.10233129834045376,3.0900000000000007,16.25,1.21,5.6800000000000015,-4.4700000000000015,1.9300000000000002,2.9200000000000004
2008-12-05,876.0700073242188,59.93000030517578,0.7414190967478493,0.3591604936578369,0.5497022770223968,-0.1905417833645599,40.810001373291016,5.742000102996826,1.3550000190734863,750.5,9.401000022888184,92.18,1.2238,0.211,1.214,90.8357,7.3,60.1,554.0,324767.0,6.56,3.05424,210.228,216.925,0.09141290064560437,1.7624596562335837,1.6710467555879793,-0.12,0.44,2136924.0,61049.0,633911.0,2.67,0.93,0.02,2.23,93.0,0.0,52.0,51.0,54.0,-0.009228961670846969,3.38,18.32,1.08,6.01,-4.93,1.7399999999999998,2.65
2008-12-12,879.72998046875,54.279998779296875,0.6756179312164621,0.29463182674804705,0.4564595889812121,-0.16182776223316503,46.279998779296875,5.48799991607666,1.406000018119812,818.9000244140625,10.199000358581543,91.26,1.1796,0.211,1.214,90.8357,7.3,60.1,554.0,324767.0,6.52,2.98967,210.228,216.925,0.09141290064560437,1.7624596562335837,1.6710467555879793,-0.38,0.17,2250012.0,49529.0,777875.0,2.6,0.78,0.02,2.43,93.0,0.0,52.0,51.0,54.0,0.01776784408414267,3.38,18.880000000000003,0.48,6.01,-5.529999999999999,1.82,2.58
2008-12-19,887.8800048828125,44.93000030517578,0.6494510511704382,0.2018704927423096,0.4217866678663872,-0.2199161751240776,33.869998931884766,5.334000110626221,1.3049999475479126,836.4000244140625,10.819000244140625,89.48,1.1105,0.211,1.214,90.8357,7.3,60.1,554.0,324767.0,6.3,2.86551,210.228,216.925,0.09141290064560437,1.7624596562335837,1.6710467555879793,-0.31,0.15,2254983.0,79632.0,800403.0,2.13,0.74,0.02,1.98,93.0,0.0,52.0,51.0,54.0,-0.015439381798841263,3.38,18.009999999999998,0.23,6.01,-5.779999999999999,1.39,2.11
2008-12-26,872.7999877929688,43.380001068115234,0.6233975465143676,0.18818244926696792,0.3886245010001331,-0.2004420517331652,37.709999084472656,5.826000213623047,1.2745000123977661,870.4000244140625,10.503000259399414,90.65,1.07,0.211,1.214,90.8357,7.3,60.1,554.0,324767.0,6.2,2.70624,210.228,216.925,0.09141290064560437,1.7624596562335837,1.6710467555879793,-0.28,0.13,2232311.0,125933.0,784628.0,2.16,0.89,0.03,2.03,93.0,0.0,52.0,51.0,54.0,-0.014061034666752865,3.38,17.130000000000003,0.22,6.01,-5.79,1.27,2.1300000000000003
2009-01-02,931.7999877929688,39.189998626708984,0.583726538708086,0.1535855992361452,0.3407366719921226,-0.1871510727559774,46.34000015258789,5.9710001945495605,1.444000005722046,878.7999877929688,11.46500015258789,91.12,1.0685,0.12,1.272,88.57,7.8,61.2,545.0,329787.0,6.03,2.5535,211.143,217.346,0.02984650369528552,1.6723503187990874,1.6425038151038018,-0.25,0.17,2239457.0,114229.0,847821.0,2.46,0.88,0.08,2.29,78.0,0.0,43.0,41.0,56.0,0.031229749712240233,3.0900000000000007,15.32,0.16999999999999998,5.620000000000001,-5.450000000000001,1.58,2.38
2009-01-09,890.3499755859375,42.81999969482422,0.4597409658302486,0.1833552373864746,0.2113617556625298,-0.028006518276055187,40.83000183105469,5.515999794006348,1.5455000400543213,854.2999877929688,11.295000076293945,90.25,1.1096,0.12,1.272,88.57,7.8,61.2,545.0,329787.0,5.62,2.40124,211.143,217.346,0.02984650369528552,1.6723503187990874,1.6425038151038018,-0.09,0.56,2121439.0,66137.0,877820.0,2.43,0.75,0.07,1.87,78.0,0.0,43.0,41.0,56.0,-0.006808663196917565,3.0900000000000007,14.129999999999999,0.18,5.620000000000001,-5.440000000000001,1.6800000000000002,2.3600000000000003
2009-01-16,850.1199951171875,46.11000061035156,0.3470594153890315,0.21261321562866217,0.12045023781017632,0.09216297781848586,36.5099983215332,4.801000118255615,1.5134999752044678,839.2999877929688,11.194999694824219,90.29,1.1177,0.12,1.272,88.57,7.8,61.2,545.0,329787.0,5.54,2.27775,211.143,217.346,0.02984650369528552,1.6723503187990874,1.6425038151038018,0.0,0.55,2049714.0,36826.0,847259.0,2.36,0.73,0.12,1.81,78.0,0.0,43.0,41.0,56.0,-0.06272523946408,3.0900000000000007,14.27,0.21000000000000002,5.620000000000001,-5.410000000000001,1.63,2.2399999999999998
2009-01-23,831.9500122070312,47.27000045776367,0.3564114319093279,0.22344529432769777,0.12702910879565746,0.09641618553204032,46.470001220703125,4.51800012588501,1.4574999809265137,895.2999877929688,11.932000160217285,88.72,1.1629,0.12,1.272,88.57,7.8,61.2,545.0,329787.0,5.56,2.1878,211.143,217.346,0.02984650369528552,1.6723503187990874,1.6425038151038018,0.09,0.72,2037112.0,35510.0,843051.0,2.65,0.83,0.11,1.93,78.0,0.0,43.0,41.0,56.0,-0.02493142917214053,3.0900000000000007,14.21,0.16000000000000003,5.620000000000001,-5.460000000000001,1.8199999999999998,2.54
2009-01-30,825.8800048828125,44.84000015258789,0.34419038948185277,0.2010625613684082,0.1184670242116695,0.08259553715673869,41.68000030517578,4.416999816894531,1.4620000123977661,927.2999877929688,12.5600004196167,89.83,1.1612,0.12,1.272,88.57,7.8,61.2,545.0,329787.0,5.35,2.12819,211.143,217.346,0.02984650369528552,1.6723503187990874,1.6425038151038018,0.38,1.14,1927082.0,55539.0,795229.0,2.87,0.94,0.24,1.73,78.0,0.0,43.0,41.0,56.0,-0.0075999255010824615,3.0900000000000007,13.7,0.12,5.620000000000001,-5.500000000000001,1.9300000000000002,2.63
2009-02-06,868.5999755859375,43.369998931884766,0.35182096427834597,0.18809568073516858,0.12377799090574519,0.06431768982942339,40.16999816894531,4.77400016784668,1.622499942779541,913.9000244140625,13.154999732971191,91.95,1.1694,0.111,1.277,88.031,8.3,56.3,558.0,328376.0,5.25,2.09799,212.193,217.792,0.2361910880378737,1.800980653363804,1.5647895653259303,0.7,1.23,1851437.0,41917.0,661731.0,3.05,0.99,0.28,1.82,90.0,0.0,55.0,68.0,56.0,0.025551167386020222,2.8100000000000005,13.18,0.20999999999999996,5.21,-5.0,2.0599999999999996,2.7699999999999996
2009-02-13,826.8400268554688,42.93000030517578,0.3709479951969513,0.18429849262023926,0.13760241514063742,0.04669607747960183,37.5099983215332,4.452000141143799,1.534999966621399,941.5,13.619999885559082,91.84,1.1581,0.111,1.277,88.031,8.3,56.3,558.0,328376.0,5.19,2.09855,212.193,217.792,0.2361910880378737,1.800980653363804,1.5647895653259303,0.67,1.21,1843400.0,36506.0,603078.0,2.89,0.97,0.29,1.68,90.0,0.0,55.0,68.0,56.0,-0.014404318824336494,2.8100000000000005,13.34,0.21000000000000002,5.21,-5.0,1.9200000000000002,2.6
2009-02-20,770.0499877929688,49.29999923706055,0.3691343788109191,0.24304899247741707,0.13626018962012312,0.10678880285729395,38.939998626708984,4.00600004196167,1.4140000343322754,1001.7999877929688,14.48799991607666,93.87,1.1681,0.111,1.277,88.031,8.3,56.3,558.0,328376.0,5.41,2.11525,212.193,217.792,0.2361910880378737,1.800980653363804,1.5647895653259303,0.57,1.11,1915562.0,31082.0,689085.0,2.78,0.96,0.27,1.67,90.0,0.0,55.0,68.0,56.0,-0.04944658761193269,2.8100000000000005,13.89,0.13999999999999996,5.21,-5.07,1.8199999999999998,2.51
2009-02-27,735.0900268554688,46.349998474121094,0.39019087812472164,0.21483223585510278,0.15224892137174137,0.06258331448336141,44.7599983215332,4.197999954223633,1.5260000228881836,941.5,13.085000038146973,97.74,1.1672,0.111,1.277,88.031,8.3,56.3,558.0,328376.0,5.58,2.13157,212.193,217.792,0.2361910880378737,1.800980653363804,1.5647895653259303,0.58,0.96,1916115.0,35583.0,692397.0,3.02,1.0,0.26,2.06,90.0,0.0,55.0,68.0,56.0,0.033174240791396935,2.8100000000000005,14.52,0.25,5.21,-4.96,2.02,2.76
2009-03-06,683.3800048828125,49.33000183105469,0.38019975390200805,0.24334490806518588,0.1445518528671475,0.09879305519803838,45.52000045776367,3.944999933242798,1.6805000305175781,942.0999755859375,13.322999954223633,97.88,1.1525,0.1,1.323,86.6528,8.7,57.3,513.0,322634.0,5.87,2.13564,212.709,218.253,-0.3835562549173832,1.7876130957932945,2.1711693507106777,0.37,0.81,1901317.0,52413.0,647729.0,2.83,0.91,0.21,2.02,95.0,0.0,74.0,62.0,56.0,-0.035925340367681836,2.92,15.84,0.14999999999999997,5.6,-5.449999999999999,1.92,2.62
2009-03-13,756.5499877929688,42.36000061035156,0.4232481013449449,0.17943696517089847,0.17913895529210075,0.000298009878797717,46.25,3.931999921798706,1.6584999561309814,929.7999877929688,13.229999542236328,98.04,1.188,0.1,1.323,86.6528,8.7,57.3,513.0,322634.0,6.0,2.09835,212.709,218.253,-0.3835562549173832,1.7876130957932945,2.1711693507106777,0.5,1.02,1899514.0,48896.0,628627.0,2.89,0.98,0.2,1.87,95.0,0.0,74.0,62.0,56.0,0.07672980559081692,2.92,15.219999999999999,0.25,5.6,-5.35,1.9100000000000001,2.69
2009-03-20,768.5399780273438,45.88999938964844,0.43351822863330586,0.21058920439819342,0.18793805455735926,0.02265114984083416,51.060001373291016,4.2270002365112305,1.787500023841858,955.7999877929688,13.82699966430664,96.18,1.1243,0.1,1.323,86.6528,8.7,57.3,513.0,322634.0,5.99,2.02593,212.709,218.253,-0.3835562549173832,1.7876130957932945,2.1711693507106777,0.63,1.22,2066942.0,72723.0,777925.0,2.65,0.89,0.22,1.43,95.0,0.0,74.0,62.0,56.0,0.0030314854125255523,2.92,14.919999999999998,0.020000000000000018,5.6,-5.58,1.7599999999999998,2.4299999999999997
2009-03-27,815.9400024414062,41.040000915527344,0.4637587428329526,0.1684281675146485,0.21507217155400066,-0.04664400403935215,52.380001068115234,3.63100004196167,1.8335000276565552,923.0,13.25100040435791,97.99,1.1435,0.1,1.323,86.6528,8.7,57.3,513.0,322634.0,5.96,1.92084,212.709,218.253,-0.3835562549173832,1.7876130957932945,2.1711693507106777,0.9,1.4,2071556.0,78083.0,795806.0,2.78,0.9,0.14,1.38,95.0,0.0,74.0,62.0,56.0,0.04495365090635554,2.92,13.93,0.16999999999999998,5.6,-5.43,1.88,2.6399999999999997
2009-04-03,842.5,39.70000076293945,0.4617498083383005,0.1576090060577393,0.21321288550045722,-0.05560387944271791,52.5099983215332,3.8010001182556152,1.999500036239624,895.5999755859375,12.725000381469727,99.94,1.1321,0.104,1.402,85.9344,9.0,65.1,521.0,324323.0,5.81,1.7964,213.24,218.706,-0.7368857152167174,1.93232662192393,2.6692123371406473,0.8,1.38,2078936.0,47129.0,804033.0,2.91,0.96,0.21,1.53,88.0,0.0,78.0,58.0,53.0,0.04372538859645351,3.000000000000001,13.600000000000001,0.29000000000000004,5.460000000000001,-5.170000000000001,1.9500000000000002,2.7
2009-04-10,856.5599975585938,36.529998779296875,0.4497183197359798,0.1334440810815431,0.20224656710615296,-0.06880248602460987,52.2400016784668,3.609999895095825,2.070499897003174,882.2000122070312,12.324999809265137,100.3,1.1575,0.104,1.402,85.9344,9.0,65.1,521.0,324323.0,5.63,1.65638,213.24,218.706,-0.7368857152167174,1.93232662192393,2.6692123371406473,0.82,1.34,2088573.0,35981.0,841151.0,2.96,0.96,0.18,1.62,88.0,0.0,78.0,58.0,53.0,0.023483187837340564,3.000000000000001,13.260000000000002,0.13,5.460000000000001,-5.330000000000001,2.0,2.78
2009-04-17,869.5999755859375,33.939998626708984,0.38862287617980074,0.11519235067810077,0.15102773989026072,-0.03583538921215995,50.33000183105469,3.7290000915527344,2.2114999294281006,867.4000244140625,11.78499984741211,99.21,1.1674,0.104,1.402,85.9344,9.0,65.1,521.0,324323.0,5.32,1.51459,213.24,218.706,-0.7368857152167174,1.93232662192393,2.6692123371406473,0.73,1.28,2186498.0,41866.0,837749.0,2.98,0.99,0.14,1.7,88.0,0.0,78.0,58.0,53.0,0.013138931856797821,3.000000000000001,12.120000000000001,0.06999999999999998,5.460000000000001,-5.390000000000001,1.99,2.84
2009-04-24,866.22998046875,36.81999969482422,0.37206085399982314,0.13557123775268556,0.1384292790790777,-0.002858041326392141,51.54999923706055,3.296999931335449,2.071000099182129,913.5999755859375,12.914999961853027,97.08,1.1368,0.104,1.402,85.9344,9.0,65.1,521.0,324323.0,5.16,1.37554,213.24,218.706,-0.7368857152167174,1.93232662192393,2.6692123371406473,0.73,1.5,2196812.0,65720.0,924827.0,3.03,0.99,0.1,1.53,88.0,0.0,78.0,58.0,53.0,0.038470463856035884,3.000000000000001,11.94,0.1,5.460000000000001,-5.360000000000001,2.04,2.9299999999999997
2009-05-01,877.52001953125,35.29999923706055,0.36244320241419165,0.12460899461364752,0.1313650749762547,-0.006756080362607164,53.20000076293945,3.5460000038146973,2.1015000343322754,887.5999755859375,12.479999542236328,99.24,1.1364,0.102,1.481,85.0665,9.4,68.7,556.0,327011.0,4.81,1.24053,213.856,218.904,-1.2814357989586078,1.8461309413034588,3.1275667402620666,0.79,1.41,2066712.0,84774.0,827227.0,3.21,0.92,0.16,1.8,85.0,0.0,51.0,57.0,48.0,-0.016355913232855086,2.5200000000000005,10.05,0.07,4.7700000000000005,-4.7,2.29,3.05
2009-05-08,929.22998046875,32.04999923706055,0.311734747478553,0.10272024510955816,0.09717855278551721,0.005541692324040948,58.630001068115234,4.310999870300293,2.1470000743865967,914.4000244140625,13.9350004196167,99.01,1.1202,0.102,1.481,85.0665,9.4,68.7,556.0,327011.0,4.44,1.11667,213.856,218.904,-1.2814357989586078,1.8461309413034588,3.1275667402620666,1.04,1.52,2079758.0,87083.0,777037.0,3.29,1.0,0.19,1.77,85.0,0.0,51.0,57.0,48.0,0.030393264041129076,2.5200000000000005,9.120000000000001,0.020000000000000018,4.7700000000000005,-4.75,2.29,3.1
2009-05-15,882.8800048828125,33.119998931884766,0.29496219167943494,0.1096934329248048,0.08700269452033571,0.022690738404469085,56.34000015258789,4.0980000495910645,2.0280001163482666,930.9000244140625,13.989999771118164,94.89,1.1132,0.102,1.481,85.0665,9.4,68.7,556.0,327011.0,4.42,1.01525,213.856,218.904,-1.2814357989586078,1.8461309413034588,3.1275667402620666,1.0,1.48,2196351.0,76059.0,858146.0,3.14,0.88,0.17,1.66,85.0,0.0,51.0,57.0,48.0,-0.04252801955225302,2.5200000000000005,9.620000000000001,0.06,4.7700000000000005,-4.710000000000001,2.2600000000000002,2.97
2009-05-22,887.0,32.630001068115234,0.27985294060734056,0.10647169697052013,0.07831766836657568,0.028154028603944448,61.66999816894531,3.515000104904175,2.1024999618530273,958.5,14.682999610900879,94.45,1.0847,0.102,1.481,85.0665,9.4,68.7,556.0,327011.0,4.22,0.93122,213.856,218.904,-1.2814357989586078,1.8461309413034588,3.1275667402620666,1.19,1.73,2181632.0,49838.0,934135.0,3.45,0.92,0.18,1.72,85.0,0.0,51.0,57.0,48.0,0.004575219250274746,2.5200000000000005,8.84,0.07,4.7700000000000005,-4.7,2.5300000000000002,3.27
2009-05-29,919.1400146484375,28.920000076293945,0.28849933805394823,0.08363664044128417,0.0832318680575663,0.0004047723837178746,66.30999755859375,3.8350000381469727,2.197499990463257,978.7999877929688,15.600000381469727,95.55,1.0692,0.102,1.481,85.0665,9.4,68.7,556.0,327011.0,3.94,0.87194,213.856,218.904,-1.2814357989586078,1.8461309413034588,3.1275667402620666,1.36,1.8,2080115.0,26692.0,867413.0,3.47,0.92,0.14,1.67,85.0,0.0,51.0,57.0,48.0,0.018696327442566364,2.5200000000000005,8.469999999999999,0.20999999999999996,4.7700000000000005,-4.5600000000000005,2.5500000000000003,3.33
2009-06-05,940.0900268554688,29.6200008392334,0.2607104048732484,0.08773444497161871,0.06796991520917312,0.019764529762445596,68.44000244140625,3.868000030517578,2.2809998989105225,961.7000122070312,15.37600040435791,98.18,1.0852,0.104,1.363,84.7459,9.5,70.8,601.0,332227.0,3.56,0.82481,215.693,219.112,-1.4267760436898702,1.7119726678550107,3.138748711544881,1.71,1.96,2077695.0,32573.0,853660.0,3.84,1.32,0.2,1.88,82.0,0.0,40.0,58.0,52.0,0.015543481148240447,1.8899999999999997,6.979999999999999,0.01999999999999999,3.78,-3.76,2.5199999999999996,3.6399999999999997
2009-06-12,946.2100219726562,28.149999618530273,0.24920867029101132,0.07924224785232546,0.062104961348213986,0.017137286504111476,72.04000091552734,3.8570001125335693,2.367500066757202,940.0999755859375,14.864999771118164,98.17,1.0756,0.104,1.363,84.7459,9.5,70.8,601.0,332227.0,3.38,0.78915,215.693,219.112,-1.4267760436898702,1.7119726678550107,3.138748711544881,1.67,1.9,2052297.0,31392.0,804321.0,3.81,1.3,0.19,1.91,82.0,0.0,40.0,58.0,52.0,-0.0013766023366835745,1.8899999999999997,6.6899999999999995,0.18,3.78,-3.5999999999999996,2.51,3.62
2009-06-19,921.22998046875,27.989999771118164,0.23864373531131067,0.07834400871871948,0.05695083240333491,0.021393176315384572,69.55000305175781,4.0320000648498535,2.245500087738037,935.5999755859375,14.189000129699707,96.15,1.0773,0.104,1.363,84.7459,9.5,70.8,601.0,332227.0,3.31,0.75895,215.693,219.112,-1.4267760436898702,1.7119726678550107,3.138748711544881,1.54,1.88,2072527.0,42257.0,817587.0,3.79,1.25,0.19,1.91,82.0,0.0,40.0,58.0,52.0,-0.04084787280626412,1.8899999999999997,7.029999999999999,0.07,3.78,-3.71,2.54,3.6
2009-06-26,918.9000244140625,25.93000030517578,0.23044599699298202,0.06723649158264161,0.05310535753008948,0.014131134052552133,69.16000366210938,3.9489998817443848,2.2934999465942383,940.7000122070312,14.116999626159668,95.19,1.0856,0.104,1.363,84.7459,9.5,70.8,601.0,332227.0,3.33,0.72219,215.693,219.112,-1.4267760436898702,1.7119726678550107,3.138748711544881,1.21,1.67,2025571.0,118671.0,692454.0,3.52,1.1,0.2,1.85,82.0,0.0,40.0,58.0,52.0,-0.019384016568965007,1.8899999999999997,7.369999999999999,0.04000000000000001,3.78,-3.7399999999999998,2.42,3.32
2009-07-03,896.4199829101562,27.950000762939453,0.23075298298046357,0.0781202542648316,0.05324693915438211,0.02487331511044949,66.7300033569336,3.615000009536743,2.2899999618530273,930.7000122070312,13.392999649047852,95.95,1.0863,0.102,1.386,85.7027,9.5,66.0,595.0,333670.0,3.3,0.67683,215.351,219.263,-2.097161353676058,1.5270992984974363,3.6242606521734944,1.27,1.64,2005627.0,71990.0,726671.0,3.51,0.98,0.17,1.87,81.0,0.0,43.0,58.0,57.0,-0.016025454357961655,1.6799999999999997,6.959999999999999,0.17999999999999997,3.53,-3.3499999999999996,2.53,3.34
2009-07-10,879.1300048828125,29.020000457763672,0.20777590569805104,0.08421604265686038,0.0431708269886454,0.04104521566821498,59.88999938964844,3.372999906539917,2.200500011444092,912.2000122070312,12.63700008392334,92.33,1.0856,0.102,1.386,85.7027,9.5,66.0,595.0,333670.0,3.3,0.6218,215.351,219.263,-2.097161353676058,1.5270992984974363,3.6242606521734944,1.06,1.52,1992740.0,34200.0,751528.0,3.32,0.91,0.18,1.8,81.0,0.0,43.0,58.0,57.0,-0.01799195066053849,1.6799999999999997,7.33,0.08000000000000002,3.53,-3.4499999999999997,2.4099999999999997,3.1399999999999997
2009-07-17,940.3800048828125,24.34000015258789,0.21670389680941549,0.05924356074279785,0.04696057889238579,0.012282981850412059,63.560001373291016,3.6689999103546143,2.4140000343322754,937.2000122070312,13.39799976348877,94.08,1.0766,0.102,1.386,85.7027,9.5,66.0,595.0,333670.0,3.13,0.55525,215.351,219.263,-2.097161353676058,1.5270992984974363,3.6242606521734944,1.37,1.86,2072451.0,26431.0,781790.0,3.67,1.02,0.17,1.81,81.0,0.0,43.0,58.0,57.0,0.042279784336923545,1.6799999999999997,6.85,0.04999999999999999,3.53,-3.48,2.65,3.5
2009-07-24,979.260009765625,23.09000015258789,0.22785719847551267,0.05331481070465088,0.051918902897109175,0.001395907807541709,68.05000305175781,3.694999933242798,2.5169999599456787,952.7999877929688,13.869999885559082,94.86,1.0701,0.102,1.386,85.7027,9.5,66.0,595.0,333670.0,2.98,0.48393,215.351,219.263,-2.097161353676058,1.5270992984974363,3.6242606521734944,1.39,1.89,2039001.0,73188.0,752269.0,3.7,1.05,0.18,1.81,81.0,0.0,43.0,58.0,57.0,0.0044358824122924245,1.6799999999999997,6.24,0.08000000000000002,3.53,-3.4499999999999997,2.6500000000000004,3.52
2009-07-31,987.47998046875,25.920000076293945,0.2126168934002673,0.06718464039550782,0.04520594335918063,0.021978697036327197,69.44999694824219,3.6530001163482666,2.616499900817871,953.7000122070312,13.932999610900879,94.54,1.0668,0.102,1.386,85.7027,9.5,66.0,595.0,333670.0,2.73,0.41541,215.351,219.263,-2.097161353676058,1.5270992984974363,3.6242606521734944,1.32,1.81,2000547.0,61406.0,764658.0,3.52,1.13,0.18,1.71,87.0,0.0,50.0,55.0,66.0,0.02115381273247352,1.6799999999999997,5.66,0.08000000000000002,3.53,-3.4499999999999997,2.39,3.34
2009-08-07,1010.47998046875,24.760000228881836,0.1881134996091623,0.06130576113342286,0.035386688735206305,0.02591907239821656,70.93000030517578,3.6740000247955322,2.7815001010894775,957.2999877929688,14.66100025177002,97.65,1.0826,0.106,1.314,86.6426,9.6,65.7,616.0,339586.0,2.54,0.35563,215.834,219.496,-1.4843486119606064,1.4339650543224725,2.918313666283079,1.48,2.01,1989203.0,70812.0,718021.0,3.89,1.32,0.19,1.88,87.0,0.0,50.0,55.0,66.0,0.046663054155190974,1.3200000000000003,4.98,0.07,2.99,-2.9200000000000004,2.5700000000000003,3.7
2009-08-14,1004.0900268554688,24.270000457763672,0.16958203051769224,0.058903292221984885,0.028758065074503503,0.03014522714748138,67.51000213623047,3.23799991607666,2.8340001106262207,947.0,14.71500015258789,94.64,1.0719,0.106,1.314,86.6426,9.6,65.7,616.0,339586.0,2.54,0.30674,215.834,219.496,-1.4843486119606064,1.4339650543224725,2.918313666283079,1.13,1.7,2014899.0,48217.0,746807.0,3.55,1.07,0.18,1.85,87.0,0.0,50.0,55.0,66.0,-0.017861583957881583,1.3200000000000003,5.35,0.15000000000000002,2.99,-2.8400000000000003,2.4799999999999995,3.3699999999999997
2009-08-21,1026.1300048828125,25.010000228881836,0.17976829765361527,0.06255001114486694,0.03231664084127882,0.030233370303588122,73.88999938964844,2.803999900817871,2.878999948501587,953.2000122070312,14.15999984741211,94.6,1.0613,0.106,1.314,86.6426,9.6,65.7,616.0,339586.0,2.58,0.26624,215.834,219.496,-1.4843486119606064,1.4339650543224725,2.918313666283079,1.36,1.87,2060641.0,29767.0,798188.0,3.56,1.13,0.17,1.69,87.0,0.0,50.0,55.0,66.0,0.00040751759946555666,1.3200000000000003,5.540000000000001,0.03999999999999998,2.99,-2.95,2.43,3.39
2009-08-28,1028.9300537109375,24.760000228881836,0.15323189173338414,0.06130576113342286,0.02348001264419156,0.0378257484892313,72.73999786376953,3.0329999923706055,2.9230000972747803,957.0,14.784000396728516,93.55,1.056,0.106,1.314,86.6426,9.6,65.7,616.0,339586.0,2.52,0.22964,215.834,219.496,-1.4843486119606064,1.4339650543224725,2.918313666283079,1.18,1.7,2074902.0,26273.0,842210.0,3.46,1.01,0.15,1.76,87.0,0.0,50.0,55.0,66.0,0.007124299013052671,1.3200000000000003,5.449999999999999,0.04000000000000001,2.99,-2.95,2.45,3.31
2009-09-04,1016.4000244140625,25.260000228881836,0.1631506608954393,0.06380676115631104,0.026618138150618628,0.03718862300569241,68.0199966430664,2.7279999256134033,2.8434998989105225,994.9000244140625,16.26300048828125,92.75,1.0613,0.102,1.258,87.4063,9.8,73.5,609.0,330998.0,2.53,0.19746,215.969,219.92,-1.2862059666427395,1.4798373886199645,2.766043355262704,1.24,1.75,2083720.0,35581.0,837154.0,3.45,0.94,0.14,1.7,88.0,0.0,42.0,59.0,59.0,-0.007074386894660113,1.1799999999999997,5.6899999999999995,0.03,2.9099999999999997,-2.88,2.5100000000000002,3.31
2009-09-11,1042.72998046875,24.149999618530273,0.16355581016652146,0.05832224815750124,0.026750503039227203,0.03157174511827404,69.29000091552734,2.9600000381469727,2.827500104904175,1004.9000244140625,16.676000595092773,90.3,1.0373,0.102,1.258,87.4063,9.8,73.5,609.0,330998.0,2.44,0.16446,215.969,219.92,-1.2862059666427395,1.4798373886199645,2.766043355262704,1.36,1.75,2087946.0,16798.0,859581.0,3.34,0.9,0.14,1.59,88.0,0.0,42.0,59.0,59.0,0.020930019419591682,1.1799999999999997,5.379999999999999,0.01999999999999999,2.9099999999999997,-2.8899999999999997,2.44,3.1999999999999997
2009-09-18,1068.300048828125,23.920000076293945,0.16244721005227272,0.05721664036499024,0.026389096053767217,0.03082754431122302,72.04000091552734,3.7780001163482666,2.7709999084472656,1009.2000122070312,17.042999267578125,91.31,1.0293,0.102,1.258,87.4063,9.8,73.5,609.0,330998.0,2.33,0.13167,215.969,219.92,-1.2862059666427395,1.4798373886199645,2.766043355262704,1.45,1.81,2139783.0,25346.0,867697.0,3.49,1.03,0.08,1.68,88.0,0.0,42.0,59.0,59.0,0.017512142864072322,1.1799999999999997,4.58,0.09999999999999999,2.9099999999999997,-2.8099999999999996,2.46,3.41
2009-09-25,1044.3800048828125,25.610000610351562,0.1592777948704964,0.06558721312622075,0.02536941593880793,0.04021779718741282,66.0199966430664,3.984999895095825,2.7309999465942383,990.2000122070312,16.038000106811523,89.83,1.0277,0.102,1.258,87.4063,9.8,73.5,609.0,330998.0,2.31,0.10283,215.969,219.92,-1.2862059666427395,1.4798373886199645,2.766043355262704,1.36,1.74,2158631.0,53301.0,889393.0,3.34,0.98,0.1,1.6,88.0,0.0,42.0,59.0,59.0,-0.021753651418075018,1.1799999999999997,4.49,0.12,2.9099999999999997,-2.7899999999999996,2.36,3.2399999999999998
2009-10-02,1025.2099609375,28.68000030517578,0.16216077045616467,0.08225424175048827,0.02629611547493693,0.05595812627555134,69.94999694824219,4.7179999351501465,2.6714999675750732,1003.2000122070312,16.20800018310547,89.62,1.0345,0.106,1.404,87.6419,10.0,70.6,583.0,334595.0,2.39,0.08067,216.177,220.501,-0.1828482774861251,1.7127331771131127,1.8955814545992378,1.33,1.7,2141020.0,37910.0,924381.0,3.24,0.88,0.1,1.54,80.0,0.0,37.0,68.0,56.0,-0.012786774601881266,1.1399999999999997,4.809999999999999,0.13,2.9,-2.77,2.3600000000000003,3.14
2009-10-09,1071.489990234375,23.1200008392334,0.16493287210772425,0.053453443880615306,0.027202852301702926,0.02625059157891238,71.7699966430664,4.769999980926514,2.8285000324249268,1047.800048828125,17.674999237060547,89.69,1.0316,0.106,1.404,87.6419,10.0,70.6,583.0,334595.0,2.33,0.05996,216.177,220.501,-0.1828482774861251,1.7127331771131127,1.8955814545992378,1.46,1.84,2138086.0,41579.0,958831.0,3.4,0.98,0.07,1.56,80.0,0.0,37.0,68.0,56.0,0.03078734951156011,1.1399999999999997,4.48,0.10999999999999999,2.9,-2.79,2.42,3.33
2009-10-16,1087.6800537109375,21.43000030517578,0.15378942920309974,0.04592449130798341,0.023651188534615227,0.02227330277336818,78.52999877929688,4.781000137329102,2.8375000953674316,1050.699951171875,17.405000686645508,90.73,1.0188,0.106,1.404,87.6419,10.0,70.6,583.0,334595.0,2.29,0.04303,216.177,220.501,-0.1828482774861251,1.7127331771131127,1.8955814545992378,1.57,1.98,2192787.0,23173.0,981622.0,3.43,0.97,0.07,1.45,80.0,0.0,37.0,68.0,56.0,0.0030742602480557917,1.1399999999999997,4.300000000000001,0.10999999999999999,2.9,-2.79,2.46,3.3600000000000003
2009-10-23,1079.5999755859375,22.270000457763672,0.16012193698842891,0.04959529203887942,0.0256390347049264,0.02395625733395302,80.5,4.7870001792907715,3.0239999294281006,1055.5999755859375,17.711000442504883,91.88,1.007,0.106,1.404,87.6419,10.0,70.6,583.0,334595.0,2.21,0.02981,216.177,220.501,-0.1828482774861251,1.7127331771131127,1.8955814545992378,1.56,2.0,2201119.0,83461.0,1034020.0,3.51,1.04,0.07,1.51,80.0,0.0,37.0,68.0,56.0,0.005814879995406234,1.1399999999999997,4.0600000000000005,0.07999999999999999,2.9,-2.82,2.4699999999999998,3.44
2009-10-30,1036.18994140625,30.690000534057617,0.1979236313110731,0.09418761327804567,0.0391737638313616,0.055013849446684075,77.0,5.045000076293945,2.947499990463257,1039.699951171875,16.246000289916992,90.5,1.0238,0.106,1.404,87.6419,10.0,70.6,583.0,334595.0,2.18,0.02187,216.177,220.501,-0.1828482774861251,1.7127331771131127,1.8955814545992378,1.61,2.0,2161537.0,43241.0,1085378.0,3.41,0.9,0.05,1.41,80.0,0.0,37.0,68.0,56.0,-0.0337792839466012,1.1399999999999997,4.27,0.09000000000000001,2.9,-2.81,2.5100000000000002,3.3600000000000003
2009-11-06,1069.300048828125,24.190000534057617,0.20107057159123035,0.05851561258377078,0.04042937476002409,0.018086237823746694,77.43000030517578,4.59499979019165,2.945499897003174,1095.0999755859375,17.364999771118164,89.86,1.0182,0.105,1.253,88.0221,9.9,67.4,623.0,337321.0,2.18,0.01294,216.33,220.666,1.8382958691302909,1.714243571010421,-0.12405229811986995,1.7,2.17,2165067.0,49511.0,1084635.0,3.54,0.86,0.06,1.37,82.0,0.0,36.0,61.0,60.0,0.015408182811567753,1.13,4.199999999999999,0.09,2.9200000000000004,-2.8300000000000005,2.68,3.48
2009-11-13,1093.47998046875,23.360000610351562,0.18993418262166153,0.054568962851562534,0.03607499372815867,0.018493969123403863,76.3499984741211,4.392000198364258,2.9684998989105225,1116.0999755859375,17.3700008392334,89.55,1.0141,0.105,1.253,88.0221,9.9,67.4,623.0,337321.0,2.16,0.00111,216.33,220.666,1.8382958691302909,1.714243571010421,-0.12405229811986995,1.73,2.12,2135035.0,74637.0,1035227.0,3.43,0.82,0.06,1.31,82.0,0.0,36.0,61.0,60.0,0.007194243762415436,1.13,4.119999999999999,0.12,2.9200000000000004,-2.8000000000000003,2.6100000000000003,3.37
2009-11-20,1091.3800048828125,22.190000534057617,0.1906202948450806,0.04923961237014773,0.036336096806825466,0.012903515563322261,76.72000122070312,4.423999786376953,3.1050000190734863,1146.4000244140625,18.433000564575195,88.9,1.0177,0.105,1.253,88.0221,9.9,67.4,623.0,337321.0,2.15,-0.01278,216.33,220.666,1.8382958691302909,1.714243571010421,-0.12405229811986995,1.8,2.15,2208721.0,61634.0,1101812.0,3.36,0.75,0.02,1.21,82.0,0.0,36.0,61.0,60.0,-0.011797054899554293,1.13,4.140000000000001,0.13,2.9200000000000004,-2.7900000000000005,2.61,3.34
2009-11-27,1091.489990234375,24.739999771118164,0.19444370690211218,0.06120675886749269,0.03780835515383451,0.02339840371365818,76.05000305175781,5.191999912261963,3.0934998989105225,1174.199951171875,18.302000045776367,86.87,1.0063,0.105,1.253,88.0221,9.9,67.4,623.0,337321.0,2.19,-0.03124,216.33,220.666,1.8382958691302909,1.714243571010421,-0.12405229811986995,1.74,2.06,2206359.0,25904.0,1156240.0,3.21,0.68,0.03,1.15,82.0,0.0,36.0,61.0,60.0,-0.01060547183207953,1.13,4.24,0.11000000000000001,2.9200000000000004,-2.8100000000000005,2.53,3.18
2009-12-04,1105.97998046875,21.25,0.1915577537790595,0.045156249999999995,0.036694373032878785,0.00846187696712121,75.47000122070312,4.585999965667725,3.2135000228881836,1168.800048828125,18.496000289916992,89.87,1.0136,0.101,1.272,88.3793,9.9,72.5,664.0,338736.0,2.15,-0.05568,215.949,220.881,2.721331126205828,1.8236717759594345,-0.8976593502463937,1.81,2.14,2204074.0,38243.0,1139438.0,3.48,0.84,0.06,1.34,82.0,0.0,31.0,55.0,71.0,-0.003495931527377854,1.1100000000000003,3.6500000000000004,0.12,2.7800000000000002,-2.66,2.64,3.42
2009-12-11,1106.4100341796875,21.59000015258789,0.16595002657569527,0.046612810658874515,0.027539411320473967,0.01907339933840055,69.87000274658203,5.163000106811523,3.109999895095825,1119.4000244140625,17.083999633789062,89.23,1.0356,0.101,1.272,88.3793,9.9,72.5,664.0,338736.0,2.08,-0.08637,215.949,220.881,2.721331126205828,1.8236717759594345,-0.8976593502463937,1.79,2.14,2186383.0,31793.0,1126508.0,3.55,0.83,0.03,1.41,82.0,0.0,31.0,55.0,71.0,-0.01601776133834461,1.1100000000000003,3.5,0.14,2.7800000000000002,-2.64,2.7199999999999998,3.52
2009-12-18,1102.469970703125,21.68000030517578,0.13864968650993306,0.0470022413232422,0.019223735569302715,0.027778505753939482,73.36000061035156,5.7820000648498535,3.121000051498413,1110.800048828125,17.30500030517578,90.47,1.0452,0.101,1.272,88.3793,9.9,72.5,664.0,338736.0,1.99,-0.11879,215.949,220.881,2.721331126205828,1.8236717759594345,-0.8976593502463937,1.92,2.24,2235763.0,76741.0,1096672.0,3.55,0.82,0.05,1.31,82.0,0.0,31.0,55.0,71.0,0.007662236463543396,1.1100000000000003,3.25,0.13,2.7800000000000002,-2.6500000000000004,2.73,3.5
2009-12-25,1126.47998046875,19.469999313354492,0.12737005888282707,0.03790808732620243,0.016223131899814835,0.021684955426387598,78.05000305175781,5.64300012588501,3.2709999084472656,1104.0999755859375,17.42300033569336,91.69,1.0369,0.101,1.272,88.3793,9.9,72.5,664.0,338736.0,1.94,-0.14942,215.949,220.881,2.721331126205828,1.8236717759594345,-0.8976593502463937,2.05,2.32,2235803.0,94951.0,1106147.0,3.82,1.0,0.05,1.5,82.0,0.0,31.0,55.0,71.0,0.015805761882030568,1.1100000000000003,2.95,0.13,2.7800000000000002,-2.6500000000000004,2.82,3.77
2010-01-01,1115.0999755859375,21.68000030517578,0.11961379509371933,0.0470022413232422,0.014307459976722276,0.03269478134651992,79.36000061035156,5.572000026702881,3.327500104904175,1095.199951171875,16.82200050354004,93.08,1.0358,0.096,1.308,89.3426,9.8,74.4,636.0,339093.0,1.9,-0.17439,216.687,220.633,2.6257086429576137,1.5123351706495702,-1.1133734723080435,2.13,2.37,2234067.0,118523.0,1066737.0,3.85,1.14,0.06,1.48,77.0,0.0,36.0,46.0,69.0,0.00017352691753543502,0.9900000000000002,2.6599999999999997,0.12,2.52,-2.4,2.71,3.79
2010-01-08,1144.97998046875,18.1299991607666,0.11483015782256659,0.03286968695693977,0.01318596514555555,0.019683721811384225,82.75,5.749000072479248,3.388000011444092,1138.199951171875,18.45800018310547,92.7,1.0296,0.096,1.308,89.3426,9.8,74.4,636.0,339093.0,1.78,-0.19459,216.687,220.633,2.6257086429576137,1.5123351706495702,-1.1133734723080435,2.18,2.42,2235304.0,178343.0,994051.0,3.83,0.96,0.05,1.41,77.0,0.0,36.0,46.0,69.0,0.03527513312627728,0.9900000000000002,2.2899999999999996,0.13,2.52,-2.39,2.87,3.7800000000000002
2010-01-15,1136.030029296875,17.90999984741211,0.1080364670187781,0.03207680945343017,0.011671878205899528,0.020404931247530643,78.0,5.690999984741211,3.3550000190734863,1130.0999755859375,18.410999298095703,90.79,1.0264,0.096,1.308,89.3426,9.8,74.4,636.0,339093.0,1.77,-0.20407,216.687,220.633,2.6257086429576137,1.5123351706495702,-1.1133734723080435,2.1,2.36,2291700.0,136382.0,1059208.0,3.7,0.89,0.06,1.34,77.0,0.0,36.0,46.0,69.0,-0.02663033542201491,0.9900000000000002,2.3699999999999997,0.08000000000000002,2.52,-2.44,2.81,3.64
2010-01-22,1091.760009765625,27.309999465942383,0.1408633841125682,0.07458360708297732,0.019842492983644936,0.05474111409933238,74.54000091552734,5.818999767303467,3.3385000228881836,1089.199951171875,16.917999267578125,90.07,1.04,0.096,1.308,89.3426,9.8,74.4,636.0,339093.0,1.8,-0.20286,216.687,220.633,2.6257086429576137,1.5123351706495702,-1.1133734723080435,1.95,2.31,2251806.0,143908.0,1078881.0,3.62,0.84,0.06,1.31,77.0,0.0,36.0,46.0,69.0,-0.02461064138953069,0.9900000000000002,2.6300000000000003,0.010000000000000009,2.52,-2.51,2.7800000000000002,3.56
2010-01-29,1073.8699951171875,24.6200008392334,0.14478740744981836,0.06061444413238533,0.020963393356039715,0.03965105077634561,72.88999938964844,5.13100004196167,3.0460000038146973,1083.0,16.183000564575195,90.38,1.0557,0.096,1.308,89.3426,9.8,74.4,636.0,339093.0,1.83,-0.19873,216.687,220.633,2.6257086429576137,1.5123351706495702,-1.1133734723080435,1.91,2.33,2246886.0,135038.0,1104555.0,3.63,0.82,0.08,1.3,77.0,0.0,36.0,46.0,69.0,-0.013916872877800598,0.9900000000000002,2.73,-0.009999999999999995,2.52,-2.53,2.81,3.55
2010-02-05,1066.18994140625,26.110000610351562,0.17384451376575955,0.0681732131872559,0.03022191496645336,0.03795129822080254,71.19000244140625,5.514999866485596,2.8540000915527344,1052.199951171875,14.822999954223633,89.25,1.0779,0.101,1.295,89.6779,9.8,73.6,650.0,339580.0,1.88,-0.1951,216.741,220.731,2.143331778145363,1.3494526888039982,-0.793879089341365,1.89,2.27,2249319.0,109506.0,1126672.0,3.59,0.77,0.1,1.32,98.0,0.0,40.0,71.0,56.0,0.011790322592764763,0.9900000000000002,3.1199999999999997,0.04000000000000001,2.65,-2.61,2.82,3.4899999999999998
2010-02-12,1075.510009765625,22.729999542236328,0.1816707684630564,0.05166528791900637,0.03300426811395745,0.018661019805048917,74.12999725341797,5.4679999351501465,3.0789999961853027,1089.5,15.449000358581543,90.0,1.0767,0.101,1.295,89.6779,9.8,73.6,650.0,339580.0,1.91,-0.19837,216.741,220.731,2.143331778145363,1.3494526888039982,-0.793879089341365,1.96,2.23,2256679.0,79862.0,1154075.0,3.69,0.84,0.1,1.46,98.0,0.0,40.0,71.0,56.0,0.009150974125251269,0.9900000000000002,3.3400000000000003,0.06,2.65,-2.59,2.85,3.59
2010-02-19,1109.1700439453125,20.020000457763672,0.18332137603954474,0.04008004183288577,0.03360672691303217,0.006473314919853604,79.80999755859375,5.044000148773193,3.3570001125335693,1121.300048828125,16.413000106811523,91.94,1.0824,0.101,1.295,89.6779,9.8,73.6,650.0,339580.0,1.86,-0.21539,216.741,220.731,2.143331778145363,1.3494526888039982,-0.793879089341365,1.97,2.26,2277574.0,46480.0,1200695.0,3.78,0.95,0.11,1.52,98.0,0.0,40.0,71.0,56.0,0.00844405787255353,0.9900000000000002,2.8699999999999997,0.0,2.65,-2.65,2.83,3.67
2010-02-26,1104.489990234375,19.5,0.184275958535209,0.038025,0.03395762889407007,0.004067371105929932,79.66000366210938,4.813000202178955,3.2685000896453857,1118.300048828125,16.5,88.84,1.0711,0.101,1.295,89.6779,9.8,73.6,650.0,339580.0,1.84,-0.244,216.741,220.731,2.143331778145363,1.3494526888039982,-0.793879089341365,1.83,2.13,2286127.0,32891.0,1227597.0,3.61,0.81,0.13,1.48,98.0,0.0,40.0,71.0,56.0,0.004843545768456138,0.9900000000000002,2.97,0.04999999999999999,2.65,-2.6,2.8,3.48
2010-03-05,1138.699951171875,17.420000076293945,0.17431523032228402,0.03034564026580811,0.030385799522310925,-4.015925650281693e-05,81.5,4.5929999351501465,3.4024999141693115,1134.800048828125,17.36199951171875,90.32,1.0751,0.097,1.361,90.2928,9.9,73.6,687.0,346974.0,1.8,-0.2836,217.631,220.783,2.3139594469439473,1.1592051426555505,-1.1547543042883968,1.89,2.21,2280147.0,38894.0,1196337.0,3.69,0.91,0.15,1.48,93.0,0.0,32.0,64.0,51.0,0.01539755513843281,1.0,2.64,0.010000000000000009,2.5399999999999996,-2.5299999999999994,2.78,3.54
2010-03-12,1149.989990234375,17.579999923706055,0.1540154385716538,0.03090563973175049,0.023720755318418867,0.007184884413331621,81.23999786376953,4.400000095367432,3.369499921798706,1101.5,17.02400016784668,90.46,1.0599,0.097,1.361,90.2928,9.9,73.6,687.0,346974.0,1.74,-0.32963,217.631,220.783,2.3139594469439473,1.1592051426555505,-1.1547543042883968,1.93,2.26,2282474.0,36142.0,1175338.0,3.71,0.97,0.15,1.45,93.0,0.0,32.0,64.0,51.0,0.017660786678306655,1.0,2.3800000000000003,0.04000000000000001,2.5399999999999996,-2.4999999999999996,2.74,3.56
2010-03-19,1159.9000244140625,16.969999313354492,0.1027900891953282,0.028798087669525192,0.010565802436783527,0.018232285232741667,80.68000030517578,4.169000148773193,3.364500045776367,1107.4000244140625,17.017000198364258,90.5,1.0615,0.097,1.361,90.2928,9.9,73.6,687.0,346974.0,1.68,-0.37514,217.631,220.783,2.3139594469439473,1.1592051426555505,-1.1547543042883968,1.86,2.2,2307997.0,52167.0,1124978.0,3.7,1.02,0.16,1.5,93.0,0.0,32.0,64.0,51.0,-0.010130031871976364,1.0,2.2500000000000004,0.04000000000000001,2.5399999999999996,-2.4999999999999996,2.68,3.54
2010-03-26,1166.5899658203125,17.770000457763672,0.09418084653780541,0.03157729162689211,0.008870031854577654,0.022707259772314456,80.0,3.871999979019165,3.3929998874664307,1104.199951171875,16.893999099731445,92.56,1.0662,0.097,1.361,90.2928,9.9,73.6,687.0,346974.0,1.63,-0.41573,217.631,220.783,2.3139594469439473,1.1592051426555505,-1.1547543042883968,1.86,2.24,2313149.0,67603.0,1127725.0,3.86,1.04,0.14,1.62,93.0,0.0,32.0,64.0,51.0,0.01580532692976148,1.0,2.07,0.12,2.5399999999999996,-2.4199999999999995,2.82,3.7199999999999998
2010-04-02,1178.0999755859375,17.469999313354492,0.08373588627202731,0.030520087600860644,0.007011698649761892,0.023508388951098753,84.87000274658203,4.085999965667725,3.5769999027252197,1125.0999755859375,17.875999450683594,94.51,1.0632,0.093,1.286,90.5991,9.9,72.2,637.0,349869.0,1.61,-0.444,218.009,220.822,2.2364471956480836,0.9675088932173947,-1.2689383024306888,1.86,2.27,2307150.0,35896.0,1124679.0,3.96,1.11,0.16,1.69,82.0,0.0,32.0,60.0,50.0,0.000812510448432965,0.96,1.9700000000000002,0.03,2.4,-2.37,2.8499999999999996,3.8
2010-04-09,1194.3699951171875,16.139999389648438,0.07394240064823067,0.026049958029785193,0.005467478613623463,0.02058247941616173,84.91999816894531,4.070000171661377,3.5845000743865967,1161.0999755859375,18.34000015258789,93.28,1.0672,0.093,1.286,90.5991,9.9,72.2,637.0,349869.0,1.57,-0.45564,218.009,220.822,2.2364471956480836,0.9675088932173947,-1.2689383024306888,1.97,2.34,2307575.0,19091.0,1111072.0,3.9,1.08,0.16,1.56,82.0,0.0,32.0,60.0,50.0,0.020863759819918615,0.96,1.8299999999999996,0.07999999999999999,2.4,-2.32,2.82,3.7399999999999998
2010-04-16,1192.1300048828125,18.360000610351562,0.0927266263971655,0.03370896224121098,0.00859822724299951,0.025110734998211467,83.23999786376953,4.039000034332275,3.5114998817443848,1136.300048828125,17.66900062561035,92.03,1.0624,0.093,1.286,90.5991,9.9,72.2,637.0,349869.0,1.53,-0.4444,218.009,220.822,2.2364471956480836,0.9675088932173947,-1.2689383024306888,1.9,2.33,2339345.0,11666.0,1093863.0,3.79,0.98,0.16,1.46,82.0,0.0,32.0,60.0,50.0,0.010043490539004257,0.96,1.7200000000000002,0.09,2.4,-2.31,2.81,3.63
2010-04-23,1217.280029296875,16.6200008392334,0.08891361503104156,0.027622442789611887,0.00790563093788826,0.019716811851723626,85.12000274658203,4.256999969482422,3.5114998817443848,1153.0999755859375,18.18899917602539,94.18,1.0743,0.093,1.286,90.5991,9.9,72.2,637.0,349869.0,1.51,-0.40887,218.009,220.822,2.2364471956480836,0.9675088932173947,-1.2689383024306888,1.99,2.37,2337556.0,46088.0,1067938.0,3.84,1.1,0.16,1.47,82.0,0.0,32.0,60.0,50.0,0.021979296671835142,0.96,1.5900000000000003,0.1,2.4,-2.3,2.7399999999999998,3.6799999999999997
2010-04-30,1186.68994140625,22.049999237060547,0.13114294482129588,0.04862024663543707,0.017198471976401456,0.03142177465903562,86.1500015258789,3.9200000762939453,3.3375000953674316,1180.0999755859375,18.611000061035156,94.24,1.0767,0.093,1.286,90.5991,9.9,72.2,637.0,349869.0,1.55,-0.34994,218.009,220.822,2.2364471956480836,0.9675088932173947,-1.2689383024306888,2.01,2.4,2330472.0,57162.0,1053074.0,3.69,0.97,0.16,1.29,76.0,0.0,32.0,61.0,50.0,-0.017133167080037648,0.96,1.7600000000000002,0.07999999999999999,2.4,-2.32,2.7199999999999998,3.53
2010-05-07,1110.8800048828125,40.95000076293945,0.18388942584699575,0.1676902562484742,0.03381532093833775,0.13387493531013644,75.11000061035156,4.014999866485596,3.13100004196167,1210.0,18.429000854492188,91.67,1.1085,0.091,1.257,91.823,9.6,73.6,575.0,346858.0,1.84,-0.27327,218.178,220.962,2.0209860840939786,0.9401381427474931,-1.0808479413464855,1.75,2.15,2326164.0,76667.0,1021581.0,3.45,0.83,0.13,1.3,76.0,0.0,32.0,61.0,50.0,-0.040454809110022825,1.0899999999999999,3.05,0.12,2.63,-2.51,2.62,3.3200000000000003
2010-05-14,1135.6800537109375,31.239999771118164,0.23555614000280936,0.0975937585699463,0.055486695093023126,0.042107063476923175,71.61000061035156,4.311999797821045,3.122999906539917,1227.4000244140625,19.20199966430664,91.94,1.1304,0.091,1.257,91.823,9.6,73.6,575.0,346858.0,1.79,-0.19701,218.178,220.962,2.0209860840939786,0.9401381427474931,-1.0808479413464855,1.83,2.18,2336103.0,34305.0,1064462.0,3.44,0.79,0.16,1.26,76.0,0.0,32.0,61.0,50.0,0.005872301198770542,1.0899999999999999,2.91,0.11000000000000001,2.63,-2.52,2.65,3.28
2010-05-21,1087.68994140625,40.099998474121094,0.26395374836539814,0.16080098776245141,0.06967158127614392,0.09112940648630749,70.04000091552734,4.034999847412109,3.051500082015991,1175.699951171875,17.631000518798828,90.21,1.1485,0.091,1.257,91.823,9.6,73.6,575.0,346858.0,1.97,-0.12405,218.178,220.962,2.0209860840939786,0.9401381427474931,-1.0808479413464855,1.61,1.87,2350890.0,21159.0,1092540.0,3.2,0.76,0.17,1.33,76.0,0.0,32.0,61.0,50.0,-0.010115238005223771,1.0899999999999999,3.5999999999999996,0.11000000000000001,2.63,-2.52,2.4400000000000004,3.0300000000000002
2010-05-28,1089.4100341796875,32.06999969482422,0.28042925290489645,0.10284848804260255,0.07864056588479837,0.02420792215780418,73.97000122070312,4.341000080108643,3.0969998836517334,1212.199951171875,18.410999298095703,90.81,1.1534,0.091,1.257,91.823,9.6,73.6,575.0,346858.0,2.02,-0.06949,218.178,220.962,2.0209860840939786,0.9401381427474931,-1.0808479413464855,1.69,1.99,2334041.0,26077.0,1084219.0,3.31,0.76,0.16,1.32,76.0,0.0,32.0,61.0,50.0,0.007838330242670777,1.0899999999999999,3.4800000000000004,0.13999999999999999,2.63,-2.4899999999999998,2.55,3.15
2010-06-04,1064.8800048828125,35.47999954223633,0.3075952245023879,0.125883036751709,0.09461482213667442,0.03126821461503458,71.51000213623047,4.796999931335449,2.8125,1216.199951171875,17.290000915527344,91.83,1.1614,0.095,1.08,91.9928,9.4,76.0,587.0,346516.0,2.08,-0.0384,217.965,221.194,1.053348972845658,0.9501989849939774,-0.10314998785168061,1.66,1.94,2336216.0,33135.0,1067106.0,3.2,0.72,0.14,1.26,70.0,0.0,33.0,67.0,53.0,-0.01730714041202138,1.3500000000000005,3.9399999999999995,0.15999999999999998,3.0300000000000002,-2.87,2.4800000000000004,3.06
2010-06-11,1091.5999755859375,28.790000915527344,0.3155271850294967,0.08288641527160652,0.09955740449263827,-0.016670989221031746,73.77999877929688,4.781000137329102,2.8994998931884766,1228.9000244140625,18.222000122070312,91.72,1.1521,0.095,1.08,91.9928,9.4,76.0,587.0,346516.0,2.13,-0.02925,217.965,221.194,1.053348972845658,0.9501989849939774,-0.10314998785168061,1.65,1.95,2331529.0,32796.0,1060078.0,3.24,0.75,0.08,1.29,70.0,0.0,33.0,67.0,53.0,0.006449534212746414,1.3500000000000005,4.069999999999999,0.21999999999999997,3.0300000000000002,-2.8100000000000005,2.49,3.16
2010-06-18,1117.510009765625,23.950000762939453,0.297371722978864,0.05736025365448003,0.08842994162741823,-0.031069687972938194,77.18000030517578,4.997000217437744,2.88100004196167,1257.199951171875,19.174999237060547,90.79,1.1107,0.095,1.08,91.9928,9.4,76.0,587.0,346516.0,2.08,-0.04367,217.965,221.194,1.053348972845658,0.9501989849939774,-0.10314998785168061,1.69,1.99,2344316.0,29199.0,1066441.0,3.24,0.74,0.11,1.25,70.0,0.0,33.0,67.0,53.0,-0.0009325018608348223,1.3500000000000005,3.62,0.23000000000000004,3.0300000000000002,-2.8000000000000003,2.5,3.1300000000000003
2010-06-25,1076.760009765625,28.530000686645508,0.26612217413194583,0.0813960939179993,0.0708210115647137,0.010575082353285609,78.86000061035156,4.861000061035156,3.0929999351501465,1255.800048828125,19.104999542236328,89.35,1.0937,0.095,1.08,91.9928,9.4,76.0,587.0,346516.0,2.07,-0.07095,217.965,221.194,1.053348972845658,0.9501989849939774,-0.10314998785168061,1.61,1.91,2344497.0,45852.0,1060334.0,3.12,0.65,0.13,1.21,70.0,0.0,33.0,67.0,53.0,-0.007660733409786163,1.3500000000000005,3.7,0.15999999999999998,3.0300000000000002,-2.87,2.47,2.99
2010-07-02,1022.5800170898438,30.1200008392334,0.2503181350509275,0.09072144505554205,0.06265916873537437,0.02806227632016768,72.13999938964844,4.686999797821045,2.9040000438690186,1207.4000244140625,17.697999954223633,87.69,1.0635,0.094,1.075,92.3421,9.4,67.8,579.0,347612.0,2.08,-0.10537,218.011,221.363,1.2351927783014638,0.9577539302116689,-0.2774388480897949,1.48,1.73,2330851.0,40112.0,1043380.0,3.0,0.63,0.17,1.27,70.0,0.0,32.0,59.0,58.0,-0.04095401278011321,1.29,4.12,0.11000000000000001,3.0,-2.89,2.37,2.83
2010-07-09,1077.9599609375,24.979999542236328,0.26328163694902074,0.06240003771301272,0.06931722035455597,-0.00691718264154325,76.08999633789062,4.4019999504089355,3.0445001125335693,1209.5999755859375,18.05299949645996,88.48,1.0577,0.094,1.075,92.3421,9.4,67.8,579.0,347612.0,2.04,-0.14699,218.011,221.363,1.2351927783014638,0.9577539302116689,-0.2774388480897949,1.47,1.81,2332017.0,25984.0,1047031.0,3.07,0.63,0.16,1.26,70.0,0.0,32.0,59.0,58.0,0.01819407862211101,1.29,3.87,0.1,3.0,-2.9,2.44,2.9099999999999997
2010-07-16,1064.8800048828125,26.25,0.244163520423938,0.06890625,0.05961582470581078,0.00929042529418922,76.01000213623047,4.519000053405762,2.9235000610351562,1188.0,17.773000717163086,86.4,1.0522,0.094,1.075,92.3421,9.4,67.8,579.0,347612.0,1.98,-0.18733,218.011,221.363,1.2351927783014638,0.9577539302116689,-0.2774388480897949,1.36,1.71,2340717.0,18262.0,1058516.0,2.96,0.61,0.15,1.25,70.0,0.0,32.0,59.0,58.0,-0.01125048629191457,1.29,3.76,0.13999999999999999,3.0,-2.86,2.35,2.81
2010-07-23,1102.6600341796875,23.469999313354492,0.21613596106730526,0.05508408677688603,0.046714753666487696,0.008369333110398336,78.9800033569336,4.579999923706055,3.184999942779541,1187.699951171875,18.09600067138672,87.31,1.0529,0.094,1.075,92.3421,9.4,67.8,579.0,347612.0,1.93,-0.2206,218.011,221.363,1.2351927783014638,0.9577539302116689,-0.2774388480897949,1.39,1.78,2332322.0,51307.0,1036195.0,3.02,0.6,0.16,1.24,70.0,0.0,32.0,59.0,58.0,0.035599657713836365,1.29,3.58,0.07999999999999999,3.0,-2.92,2.42,2.86
2010-07-30,1101.5999755859375,23.5,0.20853396458612403,0.055224999999999996,0.04348641438600683,0.011738585613993165,78.94999694824219,4.922999858856201,3.306999921798706,1181.699951171875,17.98699951171875,86.43,1.041,0.094,1.075,92.3421,9.4,67.8,579.0,347612.0,1.88,-0.24518,218.011,221.363,1.2351927783014638,0.9577539302116689,-0.2774388480897949,1.43,1.8,2325298.0,41603.0,1045219.0,2.94,0.55,0.15,1.14,70.0,0.0,32.0,59.0,58.0,0.002147777214480377,1.29,3.5600000000000005,0.1,3.0,-2.9,2.3899999999999997,2.79
2010-08-06,1121.6400146484375,21.739999771118164,0.20678016288329706,0.04726275900482179,0.042758035762042866,0.004504723242778924,80.69999694824219,4.4670000076293945,3.3394999504089355,1203.4000244140625,18.458999633789062,85.25,1.0365,0.095,1.023,92.6805,9.5,68.9,580.0,349188.0,1.87,-0.25961,218.312,221.509,1.1481045618392027,0.9171009950067255,-0.23100356683247725,1.46,1.82,2326479.0,27377.0,1052386.0,2.86,0.5,0.15,1.04,68.0,0.0,34.0,51.0,57.0,-0.003515137162039217,1.17,3.87,0.07,2.96,-2.89,2.36,2.71
2010-08-13,1079.25,26.239999771118164,0.202360142908325,0.06885375879882814,0.040949627437877716,0.027904131360950428,75.38999938964844,4.328000068664551,3.251499891281128,1214.9000244140625,18.097000122070312,86.2,1.0526,0.095,1.023,92.6805,9.5,68.9,580.0,349188.0,1.9,-0.26463,218.312,221.509,1.1481045618392027,0.9171009950067255,-0.23100356683247725,1.34,1.68,2327533.0,36113.0,1045180.0,2.68,0.54,0.15,1.0,68.0,0.0,34.0,51.0,57.0,-0.030344822657280147,1.17,4.17,0.13000000000000003,2.96,-2.83,2.14,2.5300000000000002
2010-08-20,1071.68994140625,25.489999771118164,0.1888694226965226,0.06497400883316042,0.03567165882971773,0.02930235000344269,73.45999908447266,4.117000102996826,3.2909998893737793,1227.199951171875,17.98200035095215,85.63,1.0372,0.095,1.023,92.6805,9.5,68.9,580.0,349188.0,1.88,-0.26612,218.312,221.509,1.1481045618392027,0.9171009950067255,-0.23100356683247725,1.24,1.57,2313662.0,28343.0,1041298.0,2.62,0.49,0.15,1.05,68.0,0.0,34.0,51.0,57.0,0.002945809434412065,1.17,4.1,0.06,2.96,-2.9,2.13,2.47
2010-08-27,1064.5899658203125,24.450000762939453,0.1765537449857252,0.05978025373077398,0.03117122486848449,0.02860902886228949,75.16999816894531,3.6510000228881836,3.364000082015991,1236.0,19.038999557495117,85.1,1.0268,0.095,1.023,92.6805,9.5,68.9,580.0,349188.0,1.91,-0.26832,218.312,221.509,1.1481045618392027,0.9171009950067255,-0.23100356683247725,1.27,1.61,2301015.0,18823.0,1049221.0,2.66,0.56,0.15,1.05,68.0,0.0,34.0,51.0,57.0,-0.013715987101149185,1.17,4.109999999999999,0.06,2.96,-2.9,2.1,2.5100000000000002
2010-09-03,1104.510009765625,21.309999465942383,0.18674408374633591,0.04541160772384647,0.034873352814258525,0.010538254909587944,74.5999984741211,3.938999891281128,3.493499994277954,1249.199951171875,19.915000915527344,84.45,1.0174,0.091,0.898,92.9537,9.5,68.2,563.0,352179.0,1.91,-0.27557,218.439,221.711,1.143682658159273,0.8143870498363182,-0.3292956083229548,1.25,1.62,2301996.0,23113.0,1034529.0,2.72,0.52,0.14,1.1,63.0,0.0,31.0,49.0,55.0,0.025161412308569053,1.13,3.97,0.07999999999999999,3.0100000000000002,-2.93,2.2,2.58
2010-09-10,1109.550048828125,21.989999771118164,0.18740951721234989,0.048356008993377685,0.035122327141766066,0.013233681851611619,76.44999694824219,3.882999897003174,3.3970000743865967,1244.5,19.802000045776367,84.13,1.0175,0.091,0.898,92.9537,9.5,68.2,563.0,352179.0,1.87,-0.29022,218.439,221.711,1.143682658159273,0.8143870498363182,-0.3292956083229548,1.34,1.79,2305802.0,23062.0,1031310.0,2.81,0.58,0.14,1.02,63.0,0.0,31.0,49.0,55.0,-0.004512917878221797,1.13,3.72,0.09999999999999998,3.0100000000000002,-2.91,2.23,2.67
2010-09-17,1125.5899658203125,22.010000228881836,0.1779543592236174,0.04844401100753784,0.031667753966688264,0.016776257040849576,73.66000366210938,4.02400016784668,3.5134999752044678,1275.5999755859375,20.790000915527344,85.77,1.0092,0.091,0.898,92.9537,9.5,68.2,563.0,352179.0,1.84,-0.30932,218.439,221.711,1.143682658159273,0.8143870498363182,-0.3292956083229548,1.25,1.75,2296079.0,22341.0,1026976.0,2.75,0.48,0.16,1.0,63.0,0.0,31.0,49.0,55.0,0.011516812441295432,1.13,3.5900000000000003,0.06,3.0100000000000002,-2.95,2.27,2.59
2010-09-24,1148.6700439453125,21.709999084472656,0.1712049064158754,0.04713240602478035,0.029311119980868657,0.017821286043911696,76.48999786376953,3.88100004196167,3.6135001182556152,1296.0,21.382999420166016,84.24,0.9828,0.091,0.898,92.9537,9.5,68.2,563.0,352179.0,1.84,-0.33111,218.439,221.711,1.143682658159273,0.8143870498363182,-0.3292956083229548,1.31,1.81,2307171.0,77377.0,975434.0,2.62,0.45,0.15,0.81,63.0,0.0,31.0,49.0,55.0,0.00011134523126443696,1.13,3.6700000000000004,0.13000000000000003,3.0100000000000002,-2.8800000000000003,2.17,2.47
2010-10-01,1146.239990234375,22.5,0.16108174450203402,0.050625,0.025947328411818568,0.024677671588181436,81.58000183105469,3.796999931335449,3.683500051498413,1316.0999755859375,22.03700065612793,83.3,0.9761,0.091,0.903,92.6903,9.4,67.7,558.0,356215.0,1.84,-0.35503,218.711,221.83,1.1721876055269531,0.6027183550187942,-0.5694692505081589,1.33,1.79,2298691.0,57576.0,995183.0,2.54,0.42,0.16,0.75,61.0,1.0,25.0,54.0,54.0,0.0021991836665373,1.04,3.6799999999999997,0.07,3.1799999999999997,-3.11,2.12,2.38
2010-10-08,1165.1500244140625,20.709999084472656,0.16035464298071947,0.04289040620788582,0.025713611525474005,0.017176794682411813,82.66000366210938,3.6510000228881836,3.7664999961853027,1344.199951171875,23.086999893188477,81.86,0.9609,0.091,0.903,92.6903,9.4,67.7,558.0,356215.0,1.81,-0.37869,218.711,221.83,1.1721876055269531,0.6027183550187942,-0.5694692505081589,1.48,1.96,2308092.0,58125.0,985331.0,2.41,0.35,0.12,0.45,61.0,1.0,25.0,54.0,54.0,0.013729082183094505,1.04,3.58,0.14,3.1799999999999997,-3.0399999999999996,2.06,2.29
2010-10-15,1176.18994140625,19.030000686645508,0.12542975325239045,0.03621409261337285,0.015732623000955553,0.020481469612417296,81.25,3.5350000858306885,3.8345000743865967,1371.0999755859375,24.27199935913086,81.32,0.9562,0.091,0.903,92.6903,9.4,67.7,558.0,356215.0,1.82,-0.40035,218.711,221.83,1.1721876055269531,0.6027183550187942,-0.5694692505081589,1.58,2.09,2309885.0,22780.0,1022210.0,2.59,0.37,0.14,0.5,61.0,1.0,25.0,54.0,54.0,-0.0021251090893717644,1.04,3.41,0.09999999999999998,3.1799999999999997,-3.0799999999999996,2.2199999999999998,2.4499999999999997
2010-10-22,1183.0799560546875,18.780000686645508,0.1284582104680011,0.03526884257904057,0.016501511836641267,0.0187673307423993,81.69000244140625,3.3320000171661377,3.7915000915527344,1324.4000244140625,23.125,81.48,0.9792,0.091,0.903,92.6903,9.4,67.7,558.0,356215.0,1.81,-0.41778,218.711,221.83,1.1721876055269531,0.6027183550187942,-0.5694692505081589,1.56,2.09,2305227.0,49934.0,983140.0,2.59,0.35,0.13,0.5,61.0,1.0,25.0,54.0,54.0,0.001438586455482079,1.04,3.42,0.1,3.1799999999999997,-3.0799999999999996,2.2399999999999998,2.46
2010-10-29,1183.260009765625,21.200000762939453,0.12610265526007977,0.04494400323486334,0.015901879663642524,0.029042123571220817,81.43000030517578,4.038000106811523,3.7320001125335693,1357.0999755859375,24.559999465942383,80.48,0.985,0.091,0.903,92.6903,9.4,67.7,558.0,356215.0,1.77,-0.43144,218.711,221.83,1.1721876055269531,0.6027183550187942,-0.5694692505081589,1.48,2.13,2295392.0,37919.0,1003206.0,2.63,0.34,0.12,0.5,61.0,1.0,25.0,54.0,54.0,0.006039808178168367,1.04,3.2800000000000002,0.13,3.1799999999999997,-3.05,2.29,2.51
2010-11-05,1225.8499755859375,18.260000228881836,0.11258788517954274,0.03334276083587647,0.0126760318892019,0.02066672894667457,86.8499984741211,3.937000036239624,3.944000005722046,1397.300048828125,26.743999481201172,81.35,0.958,0.091,1.161,92.7709,9.8,71.6,560.0,359450.0,1.76,-0.44055,218.803,222.149,1.1431609115702734,0.672056411046551,-0.47110450052372244,1.57,2.1,2300353.0,34276.0,992204.0,2.58,0.38,0.13,0.48,54.0,0.0,26.0,49.0,47.0,0.033697558758454926,1.0499999999999998,3.0300000000000002,0.10999999999999999,3.16,-3.0500000000000003,2.2,2.45
2010-11-12,1199.2099609375,20.610000610351562,0.12112690631869032,0.042477212515869174,0.01467172743433678,0.027805485081532393,84.87999725341797,3.7990000247955322,3.8884999752044678,1365.4000244140625,25.937999725341797,82.44,0.9758,0.091,1.161,92.7709,9.8,71.6,560.0,359450.0,1.76,-0.44398,218.803,222.149,1.1431609115702734,0.672056411046551,-0.47110450052372244,1.57,2.05,2312768.0,21585.0,993685.0,2.76,0.51,0.13,0.71,54.0,0.0,26.0,49.0,47.0,-0.004023531298831779,1.0499999999999998,2.99,0.07999999999999999,3.16,-3.08,2.25,2.63
2010-11-19,1199.72998046875,18.040000915527344,0.12166027450810898,0.03254416330322274,0.014801222393388432,0.017742940909834307,81.51000213623047,4.164000034332275,3.8329999446868896,1352.199951171875,27.174999237060547,83.49,0.9979,0.091,1.161,92.7709,9.8,71.6,560.0,359450.0,1.75,-0.44615,218.803,222.149,1.1431609115702734,0.672056411046551,-0.47110450052372244,1.59,2.11,2314757.0,21787.0,983736.0,2.88,0.52,0.14,0.77,54.0,0.0,26.0,49.0,47.0,0.0032276030356780763,1.0499999999999998,3.05,0.10999999999999999,3.16,-3.0500000000000003,2.36,2.7399999999999998
2010-11-26,1189.4000244140625,22.219999313354492,0.1361404187114118,0.049372836948547404,0.018534213606918527,0.030838623341628877,83.76000213623047,4.39900016784668,3.750999927520752,1362.300048828125,26.69499969482422,84.08,1.0016,0.091,1.161,92.7709,9.8,71.6,560.0,359450.0,1.76,-0.44867,218.803,222.149,1.1431609115702734,0.672056411046551,-0.47110450052372244,1.6,2.12,2346001.0,29391.0,1011124.0,2.87,0.51,0.16,0.75,54.0,0.0,26.0,49.0,47.0,0.00032964500629165984,1.0499999999999998,3.1800000000000006,0.06,3.16,-3.1,2.3600000000000003,2.71
2010-12-03,1224.7099609375,18.010000228881836,0.14239596482909236,0.03243601082443238,0.02027661079960811,0.012159400024824268,89.19000244140625,4.348999977111816,3.994999885559082,1405.4000244140625,29.240999221801758,82.73,0.9764,0.087,1.133,93.6787,9.3,74.5,632.0,361979.0,1.79,-0.4545,219.179,222.343,1.4957235273143077,0.6618948664665503,-0.8338286608477574,1.62,2.17,2346920.0,35378.0,1003827.0,3.03,0.49,0.14,0.86,49.0,0.0,18.0,49.0,55.0,0.02897831784749235,1.08,2.63,0.06999999999999998,2.8099999999999996,-2.7399999999999998,2.54,2.8899999999999997
2010-12-10,1240.4000244140625,17.610000610351562,0.14300788430964054,0.031011212149658237,0.020451254974719533,0.010559957174938704,87.79000091552734,4.416999816894531,4.105000019073486,1384.300048828125,28.576000213623047,83.87,0.9796,0.087,1.133,93.6787,9.3,74.5,632.0,361979.0,1.71,-0.46622,219.179,222.343,1.4957235273143077,0.6618948664665503,-0.8338286608477574,1.65,2.16,2382294.0,21184.0,1050689.0,3.32,0.64,0.13,1.16,49.0,0.0,18.0,49.0,55.0,0.008214092436358364,1.08,2.25,0.07999999999999999,2.8099999999999996,-2.7299999999999995,2.6799999999999997,3.19
2010-12-17,1243.9100341796875,16.110000610351562,0.1331963807654193,0.025953211966552772,0.017741275849006557,0.008211936117546215,88.0199966430664,4.065999984741211,4.1529998779296875,1378.5999755859375,29.113000869750977,84.15,0.9707,0.087,1.133,93.6787,9.3,74.5,632.0,361979.0,1.69,-0.48145,219.179,222.343,1.4957235273143077,0.6618948664665503,-0.8338286608477574,1.75,2.28,2385754.0,30093.0,1053748.0,3.33,0.61,0.11,1.05,49.0,0.0,18.0,49.0,55.0,-0.012358196470728297,1.08,2.25,0.13,2.8099999999999996,-2.6799999999999997,2.72,3.22
2010-12-24,1256.77001953125,16.469999313354492,0.13097206152707624,0.027126087738189742,0.017153680900652245,0.009972406837537497,91.51000213623047,4.083000183105469,4.251999855041504,1380.0,29.309999465942383,82.97,0.962,0.087,1.133,93.6787,9.3,74.5,632.0,361979.0,1.66,-0.50077,219.179,222.343,1.4957235273143077,0.6618948664665503,-0.8338286608477574,1.83,2.33,2427921.0,91479.0,1013048.0,3.41,0.67,0.14,1.08,49.0,0.0,18.0,49.0,55.0,0.010888909703474928,1.08,2.08,0.06999999999999998,2.8099999999999996,-2.7399999999999998,2.74,3.27
2010-12-31,1257.6400146484375,17.75,0.11192948995257401,0.03150625,0.012528210721043367,0.01897803927895663,91.37999725341797,4.40500020980835,4.439499855041504,1421.0999755859375,30.90999984741211,81.67,0.9369,0.087,1.133,93.6787,9.3,74.5,632.0,361979.0,1.66,-0.52186,219.179,222.343,1.4957235273143077,0.6618948664665503,-0.8338286608477574,1.83,2.3,2420570.0,87472.0,1027089.0,3.3,0.61,0.12,1.0,42.0,0.0,21.0,40.0,57.0,0.006025820501729322,1.08,2.12,0.09,2.8099999999999996,-2.7199999999999998,2.69,3.1799999999999997
2011-01-07,1271.5,17.139999389648438,0.09127694112599763,0.029377957907714886,0.008331479981318838,0.021046477926396048,88.02999877929688,4.421999931335449,4.272500038146973,1368.5,28.660999298095703,83.04,0.965,0.085,1.213,93.4814,9.1,74.2,576.0,364394.0,1.63,-0.54349,220.223,222.803,1.631846857448771,0.9835337415527112,-0.6483131158960598,1.91,2.36,2436064.0,115386.0,1001783.0,3.34,0.6,0.14,0.98,42.0,0.0,21.0,40.0,57.0,0.0039203885616196175,1.0499999999999998,1.8400000000000003,0.09999999999999998,2.6999999999999997,-2.5999999999999996,2.7399999999999998,3.1999999999999997
2011-01-14,1293.239990234375,15.460000038146973,0.05937724482657907,0.023901160117950442,0.003525657203195511,0.02037550291475493,91.54000091552734,4.480000019073486,4.403500080108643,1360.4000244140625,28.30900001525879,82.99,0.9657,0.085,1.213,93.4814,9.1,74.2,576.0,364394.0,1.63,-0.56372,220.223,222.803,1.631846857448771,0.9835337415527112,-0.6483131158960598,1.93,2.35,2468131.0,89107.0,1066028.0,3.35,0.59,0.15,1.0,42.0,0.0,21.0,40.0,57.0,0.013323180077899528,1.0499999999999998,1.73,0.09,2.6999999999999997,-2.61,2.7600000000000002,3.2
2011-01-21,1283.3499755859375,18.469999313354492,0.0685313619574317,0.03411408746353155,0.0046965475717405175,0.02941753989179103,89.11000061035156,4.736000061035156,4.300000190734863,1341.0,27.416000366210938,82.63,0.959,0.085,1.213,93.4814,9.1,74.2,576.0,364394.0,1.6,-0.58106,220.223,222.803,1.631846857448771,0.9835337415527112,-0.6483131158960598,1.92,2.24,2425164.0,58958.0,1071206.0,3.44,0.63,0.16,1.2,42.0,0.0,21.0,40.0,57.0,-0.01717629007008144,1.0499999999999998,1.6599999999999997,0.09,2.6999999999999997,-2.61,2.81,3.28
2011-01-28,1276.3399658203125,20.040000915527344,0.08706531357274114,0.04016016366943368,0.0075803688275197425,0.03257979484191394,89.33999633789062,4.322999954223633,4.365499973297119,1340.699951171875,27.93400001525879,82.03,0.9429,0.085,1.213,93.4814,9.1,74.2,576.0,364394.0,1.6,-0.59304,220.223,222.803,1.631846857448771,0.9835337415527112,-0.6483131158960598,1.93,2.27,2443527.0,91704.0,1078051.0,3.36,0.54,0.15,1.09,42.0,0.0,21.0,40.0,57.0,0.013908499351832656,1.0499999999999998,1.6400000000000001,0.09,2.6999999999999997,-2.61,2.82,3.21
2011-02-04,1310.8699951171875,15.930000305175781,0.09840126203707636,0.02537649097229005,0.009682808370489364,0.015693682601800686,89.02999877929688,4.309999942779541,4.571000099182129,1348.300048828125,29.06399917602539,81.99,0.9557,0.093,1.241,93.1102,9.0,77.5,542.0,367475.0,1.55,-0.59797,221.309,223.213,2.1075846286581656,1.124445592146106,-0.9831390365120596,1.99,2.38,2469419.0,97314.0,1087983.0,3.68,0.77,0.15,1.3,57.0,0.0,29.0,61.0,55.0,0.020198636692672592,0.9300000000000006,1.0999999999999996,0.12000000000000002,2.5700000000000003,-2.45,2.91,3.5300000000000002
2011-02-11,1329.1500244140625,15.6899995803833,0.10019975492878266,0.02461760868324282,0.010039990887788106,0.014577617795454714,85.58000183105469,3.9100000858306885,4.531000137329102,1359.9000244140625,29.992000579833984,83.52,0.9755,0.093,1.241,93.1102,9.0,77.5,542.0,367475.0,1.5,-0.59633,221.309,223.213,2.1075846286581656,1.124445592146106,-0.9831390365120596,1.88,2.28,2500481.0,81217.0,1152388.0,3.64,0.85,0.12,1.36,57.0,0.0,29.0,61.0,55.0,0.011919987532275668,0.9300000000000006,1.0099999999999998,0.15000000000000002,2.5700000000000003,-2.4200000000000004,2.79,3.52
2011-02-18,1343.010009765625,16.43000030517578,0.0965996434252991,0.026994491002807628,0.009331491109894932,0.017662999892912694,86.19999694824219,3.875999927520752,4.478499889373779,1388.199951171875,32.29800033569336,83.22,0.9483,0.093,1.241,93.1102,9.0,77.5,542.0,367475.0,1.48,-0.58695,221.309,223.213,2.1075846286581656,1.124445592146106,-0.9831390365120596,2.04,2.34,2508868.0,46423.0,1224078.0,3.59,0.78,0.1,1.25,57.0,0.0,29.0,61.0,55.0,0.006381940763351857,0.9300000000000006,0.9500000000000002,0.07999999999999999,2.5700000000000003,-2.49,2.8099999999999996,3.4899999999999998
2011-02-25,1319.8800048828125,19.219999313354492,0.11878889800730016,0.03694083736053471,0.014110802289788761,0.02283003507074595,97.87999725341797,4.005000114440918,4.435999870300293,1408.699951171875,32.89799880981445,81.76,0.9282,0.093,1.241,93.1102,9.0,77.5,542.0,367475.0,1.51,-0.57206,221.309,223.213,2.1075846286581656,1.124445592146106,-0.9831390365120596,2.17,2.4,2533221.0,40558.0,1265869.0,3.42,0.72,0.13,1.02,57.0,0.0,29.0,61.0,55.0,-0.01024572559679345,0.9300000000000006,1.1399999999999997,0.1,2.5700000000000003,-2.47,2.7,3.29
2011-03-04,1321.1500244140625,19.059999465942383,0.13446930596088197,0.036328357964172386,0.018081994245601286,0.0182463637185711,104.41999816894531,3.809000015258789,4.4720001220703125,1428.199951171875,35.31700134277344,82.35,0.9263,0.085,1.214,94.0788,9.0,67.5,583.0,370775.0,1.49,-0.5585,223.467,223.454,2.6816032642408505,1.2097851736773357,-1.4718180905635148,2.24,2.49,2545119.0,47058.0,1292382.0,3.49,0.68,0.12,1.0,59.0,0.0,30.0,71.0,58.0,-0.012631649666548173,0.9000000000000004,1.2800000000000002,0.11000000000000001,2.62,-2.5100000000000002,2.81,3.37
2011-03-11,1304.280029296875,20.079999923706055,0.15072912999321425,0.04032063969360351,0.02271927062851128,0.017601369065092232,101.16000366210938,3.8889999389648438,4.195000171661377,1421.5,35.93299865722656,81.77,0.9276,0.085,1.214,94.0788,9.0,67.5,583.0,370775.0,1.51,-0.54804,223.467,223.454,2.6816032642408505,1.2097851736773357,-1.4718180905635148,2.17,2.44,2577076.0,35841.0,1358776.0,3.4,0.64,0.08,0.96,59.0,0.0,30.0,71.0,58.0,-0.019935108061253908,0.9000000000000004,1.4699999999999998,0.16999999999999998,2.62,-2.45,2.76,3.32
2011-03-18,1279.2099609375,24.440000534057617,0.1525067017022684,0.05973136261047367,0.023258294064104675,0.03647306854636899,101.06999969482422,4.168000221252441,4.329500198364258,1415.9000244140625,35.060001373291016,81.14,0.9025,0.085,1.214,94.0788,9.0,67.5,583.0,370775.0,1.55,-0.54258,223.467,223.454,2.6816032642408505,1.2097851736773357,-1.4718180905635148,2.18,2.43,2583046.0,42088.0,1395330.0,3.28,0.61,0.07,0.85,59.0,0.0,30.0,71.0,58.0,0.010934321984009085,0.9000000000000004,1.6099999999999994,0.18,2.62,-2.44,2.67,3.21
2011-03-25,1313.800048828125,17.90999984741211,0.16029233280805485,0.03207680945343017,0.02569363195704822,0.006383177496381953,105.4000015258789,4.4029998779296875,4.4085001945495605,1426.0999755859375,37.05799865722656,81.12,0.9143,0.085,1.214,94.0788,9.0,67.5,583.0,370775.0,1.5,-0.5475,223.467,223.454,2.6816032642408505,1.2097851736773357,-1.4718180905635148,2.19,2.44,2601341.0,87280.0,1391980.0,3.46,0.79,0.09,1.02,59.0,0.0,30.0,71.0,58.0,0.011409335979245611,0.9000000000000004,1.38,0.13,2.62,-2.49,2.67,3.37
2011-04-01,1332.4100341796875,17.399999618530273,0.16122978040966637,0.030275998672485368,0.025995042090949237,0.004280956581536131,107.94000244140625,4.361999988555908,4.251500129699707,1428.0999755859375,37.73699951171875,84.05,0.9243,0.062,1.215,93.7749,9.1,69.8,581.0,372820.0,1.5,-0.55818,224.906,223.727,3.1636308592764673,1.3155392125784537,-1.8480916466980135,2.25,2.52,2622523.0,58515.0,1450291.0,3.46,0.8,0.07,0.94,51.0,0.0,26.0,92.0,53.0,-0.002674165243949254,0.8599999999999994,1.2599999999999998,0.13,2.5599999999999996,-2.4299999999999997,2.66,3.39
2011-04-08,1328.1700439453125,17.8700008392334,0.14537420174711135,0.03193369299942024,0.021133658533609833,0.010800034465810408,112.79000091552734,4.040999889373779,4.494999885559082,1473.4000244140625,40.599998474121094,84.99,0.9105,0.062,1.215,93.7749,9.1,69.8,581.0,372820.0,1.45,-0.5724,224.906,223.727,3.1636308592764673,1.3155392125784537,-1.8480916466980135,2.38,2.64,2648676.0,54802.0,1472385.0,3.59,0.83,0.04,0.95,51.0,0.0,26.0,92.0,53.0,-0.006090294652404331,0.8599999999999994,1.0700000000000003,0.13,2.5599999999999996,-2.4299999999999997,2.76,3.55
2011-04-15,1319.6800537109375,15.319999694824219,0.1280223877412713,0.023470239064941414,0.016389731762976416,0.007080507301964998,109.66000366210938,4.203999996185303,4.252999782562256,1485.300048828125,42.566001892089844,83.13,0.8935,0.062,1.215,93.7749,9.1,69.8,581.0,372820.0,1.46,-0.58571,224.906,223.727,3.1636308592764673,1.3155392125784537,-1.8480916466980135,2.23,2.61,2665408.0,25419.0,1522249.0,3.43,0.71,0.07,0.82,51.0,0.0,26.0,92.0,53.0,-0.027516752768169377,0.8599999999999994,1.2199999999999998,0.13,2.5599999999999996,-2.4299999999999997,2.72,3.3600000000000003
2011-04-22,1337.3800048828125,14.6899995803833,0.12158526150004217,0.021579608767166154,0.014782975814033638,0.006796632953132516,112.29000091552734,4.4120001792907715,4.3979997634887695,1503.199951171875,46.0620002746582,81.92,0.8865,0.062,1.215,93.7749,9.1,69.8,581.0,372820.0,1.46,-0.59518,224.906,223.727,3.1636308592764673,1.3155392125784537,-1.8480916466980135,2.29,2.59,2685782.0,73268.0,1486650.0,3.42,0.68,0.06,0.83,51.0,0.0,26.0,92.0,53.0,0.011546444684603935,0.8599999999999994,1.1900000000000004,0.16,2.5599999999999996,-2.3999999999999995,2.7399999999999998,3.36
2011-04-29,1363.6099853515625,14.75,0.09045235984086655,0.021756249999999998,0.008181629400781609,0.01357462059921839,113.93000030517578,4.697999954223633,4.165500164031982,1556.0,48.58399963378906,81.31,0.8666,0.062,1.215,93.7749,9.1,69.8,581.0,372820.0,1.46,-0.59888,224.906,223.727,3.1636308592764673,1.3155392125784537,-1.8480916466980135,2.45,2.57,2690985.0,104152.0,1471501.0,3.32,0.61,0.04,0.75,51.0,0.0,26.0,92.0,53.0,-0.007994998899864436,0.8599999999999994,1.25,0.19,2.5599999999999996,-2.3699999999999997,2.71,3.28
2011-05-06,1340.199951171875,18.399999618530273,0.08798794834171761,0.03385599859619143,0.007741879053384766,0.026114119542806662,97.18000030517578,4.235000133514404,3.9635000228881836,1491.199951171875,35.28300094604492,80.51,0.8732,0.069,1.118,93.888,9.0,74.3,618.0,372505.0,1.48,-0.59574,225.964,224.175,3.568645784634561,1.4540961794335727,-2.1145496052009882,2.25,2.48,2718757.0,115026.0,1467320.0,3.19,0.57,0.02,0.71,54.0,0.0,29.0,93.0,65.0,-0.029628655995480296,0.8200000000000003,1.6399999999999997,0.12000000000000001,2.6100000000000003,-2.49,2.62,3.17
2011-05-13,1337.77001953125,17.06999969482422,0.0973552999128588,0.029138488958129895,0.009478054421122683,0.019660434537007214,99.6500015258789,4.245999813079834,3.9749999046325684,1493.4000244140625,35.01100158691406,80.76,0.8907,0.069,1.118,93.888,9.0,74.3,618.0,372505.0,1.49,-0.58648,225.964,224.175,3.568645784634561,1.4540961794335727,-2.1145496052009882,2.15,2.39,2744498.0,99593.0,1517084.0,3.18,0.57,0.03,0.79,54.0,0.0,29.0,93.0,65.0,-0.028123085378709632,0.8200000000000003,1.63,0.13,2.6100000000000003,-2.4800000000000004,2.6100000000000003,3.1500000000000004
2011-05-20,1333.27001953125,17.43000030517578,0.10387358813491533,0.030380491063842777,0.010789722312022023,0.019590768751820753,99.48999786376953,4.230000019073486,4.11899995803833,1508.800048828125,35.082000732421875,81.64,0.8776,0.069,1.118,93.888,9.0,74.3,618.0,372505.0,1.5,-0.57422,225.964,224.175,3.568645784634561,1.4540961794335727,-2.1145496052009882,2.07,2.3,2758009.0,91448.0,1547236.0,3.15,0.55,0.05,0.85,54.0,0.0,29.0,93.0,65.0,-0.007616002891585186,0.8200000000000003,1.6500000000000004,0.13,2.6100000000000003,-2.4800000000000004,2.5999999999999996,3.1
2011-05-27,1331.0999755859375,15.979999542236328,0.10784322708623183,0.025536038536987327,0.011630161628372566,0.01390587690861476,100.58999633789062,4.51800012588501,4.179500102996826,1536.300048828125,37.856998443603516,80.75,0.852,0.069,1.118,93.888,9.0,74.3,618.0,372505.0,1.54,-0.5605,225.964,224.175,3.568645784634561,1.4540961794335727,-2.1145496052009882,2.03,2.28,2774996.0,84259.0,1571447.0,3.07,0.48,0.05,0.79,54.0,0.0,29.0,93.0,65.0,0.016860049854878618,0.8200000000000003,1.8399999999999999,0.06999999999999999,2.6100000000000003,-2.5400000000000005,2.59,3.02
2011-06-03,1300.1600341796875,17.950000762939453,0.12205958099213263,0.032220252738952695,0.014898541311974985,0.01732171142697771,100.22000122070312,4.706999778747559,4.130000114440918,1541.699951171875,36.1870002746582,80.38,0.8352,0.069,1.084,94.172,9.1,71.5,636.0,375587.0,1.6,-0.5472,225.722,224.697,3.558828252242341,1.5836776766096738,-1.975150575632667,2.03,2.24,2788723.0,65992.0,1599810.0,2.99,0.42,0.04,0.75,46.0,0.0,24.0,100.0,63.0,-0.010376399052766327,0.7599999999999998,2.24,0.15,2.75,-2.6,2.5700000000000003,2.95
2011-06-10,1270.97998046875,18.860000610351562,0.1252028934626678,0.035569962302246134,0.015675764531424143,0.019894197770821992,99.29000091552734,4.756999969482422,4.052000045776367,1528.5999755859375,36.32600021362305,80.26,0.8419,0.069,1.084,94.172,9.1,71.5,636.0,375587.0,1.62,-0.53493,225.722,224.697,3.558828252242341,1.5836776766096738,-1.975150575632667,1.99,2.2,2811206.0,38188.0,1630850.0,2.99,0.41,0.05,0.79,46.0,0.0,24.0,100.0,63.0,-0.014557609587120119,0.7599999999999998,2.4299999999999997,0.11,2.75,-2.64,2.58,2.9400000000000004
2011-06-17,1271.5,21.850000381469727,0.13851134475960566,0.047742251667022714,0.01918539262711434,0.028556859039908376,93.01000213623047,4.324999809265137,4.103000164031982,1538.5999755859375,35.73899841308594,80.1,0.8462,0.069,1.084,94.172,9.1,71.5,636.0,375587.0,1.66,-0.5261,225.722,224.697,3.558828252242341,1.5836776766096738,-1.975150575632667,1.9,2.19,2827549.0,41336.0,1650065.0,2.94,0.38,0.04,0.75,46.0,0.0,24.0,100.0,63.0,-0.013436654174463047,0.7599999999999998,2.6399999999999997,0.13999999999999999,2.75,-2.61,2.56,2.9
2011-06-24,1268.449951171875,21.100000381469727,0.14166460387996013,0.04452100160980226,0.020068859992466017,0.024452141617336245,91.16000366210938,4.229000091552734,4.098499774932861,1500.5,34.64099884033203,80.32,0.8373,0.069,1.084,94.172,9.1,71.5,636.0,375587.0,1.7,-0.51897,225.722,224.697,3.558828252242341,1.5836776766096738,-1.975150575632667,1.79,2.24,2856403.0,122935.0,1590364.0,2.88,0.35,0.02,0.64,46.0,0.0,24.0,100.0,63.0,0.01288466381646029,0.7599999999999998,2.8,0.12000000000000001,2.75,-2.63,2.53,2.86
2011-07-01,1339.6700439453125,15.869999885559082,0.15796502524335188,0.02518568963676453,0.024952949200132794,0.00023274043663173635,94.94000244140625,4.310999870300293,4.291999816894531,1482.300048828125,33.694000244140625,80.81,0.8479,0.073,1.075,94.636,9.0,63.7,621.0,375442.0,1.61,-0.51186,225.922,225.218,3.6287159822210757,1.741483445742964,-1.8872325364781117,2.05,2.45,2865251.0,107983.0,1617276.0,3.22,0.5,0.02,0.77,44.0,0.0,24.0,99.0,70.0,0.03013276322942378,0.8300000000000001,2.34,0.13,2.76,-2.63,2.72,3.2
2011-07-08,1343.800048828125,15.949999809265137,0.15618122333743706,0.02544024939155579,0.024392574523178393,0.0010476748683773962,96.19999694824219,4.204999923706055,4.402500152587891,1541.199951171875,36.5359992980957,80.64,0.8376,0.073,1.075,94.636,9.0,63.7,621.0,375442.0,1.62,-0.49967,225.922,225.218,3.6287159822210757,1.741483445742964,-1.8872325364781117,2.01,2.34,2870103.0,76560.0,1650630.0,3.03,0.4,0.03,0.69,44.0,0.0,24.0,99.0,70.0,0.005316636080279065,0.8300000000000001,2.3899999999999997,0.09,2.76,-2.67,2.63,3.0
2011-07-15,1316.1400146484375,19.530000686645508,0.1497292105281314,0.0381420926820374,0.022418836485377496,0.015723256196659905,97.23999786376953,4.546000003814697,4.40500020980835,1589.800048828125,39.0629997253418,79.03,0.8158,0.073,1.075,94.636,9.0,63.7,621.0,375442.0,1.67,-0.47713,225.922,225.218,3.6287159822210757,1.741483445742964,-1.8872325364781117,1.98,2.33,2878074.0,50339.0,1679080.0,2.94,0.37,0.02,0.61,44.0,0.0,24.0,99.0,70.0,-0.009647822917947524,0.8300000000000001,2.51,0.13,2.76,-2.63,2.57,2.92
2011-07-22,1345.02001953125,17.520000457763672,0.15445023975752353,0.030695041604003923,0.023854876561156504,0.006840165042847419,99.87000274658203,4.39900016784668,4.4045000076293945,1601.300048828125,40.112998962402344,78.44,0.8166,0.073,1.075,94.636,9.0,63.7,621.0,375442.0,1.66,-0.4428,225.922,225.218,3.6287159822210757,1.741483445742964,-1.8872325364781117,2.03,2.38,2871301.0,90719.0,1636929.0,2.99,0.4,0.05,0.61,44.0,0.0,24.0,99.0,70.0,0.01020914501060847,0.8300000000000001,2.3499999999999996,0.09000000000000001,2.76,-2.67,2.5900000000000003,2.9400000000000004
2011-07-29,1292.280029296875,25.25,0.15167461500249035,0.06375625,0.023005188836153673,0.04075106116384633,95.69999694824219,4.144999980926514,4.473999977111816,1628.300048828125,40.09199905395508,77.18,0.7881,0.073,1.075,94.636,9.0,63.7,621.0,375442.0,1.65,-0.39393,225.922,225.218,3.6287159822210757,1.741483445742964,-1.8872325364781117,2.07,2.44,2863576.0,77019.0,1652667.0,2.82,0.36,0.1,0.38,44.0,0.0,24.0,99.0,70.0,-0.012573038899579798,0.8300000000000001,2.51,0.07,2.76,-2.69,2.46,2.7199999999999998
2011-08-05,1199.3800048828125,32.0,0.2157030218757729,0.1024,0.04652779364634016,0.055872206353659845,86.87999725341797,3.940999984741211,4.11299991607666,1648.800048828125,38.196998596191406,78.48,0.76,0.081,1.023,95.2749,9.0,55.8,647.0,375860.0,1.74,-0.33022,226.545,225.862,3.7712081791197782,1.9651571719433658,-1.8060510071764124,1.82,2.26,2867215.0,56911.0,1624803.0,2.58,0.28,0.01,0.32,47.0,0.0,37.0,86.0,71.0,-0.0450055541609422,0.9900000000000002,3.9400000000000004,0.13999999999999999,3.0600000000000005,-2.9200000000000004,2.3,2.5700000000000003
2011-08-12,1178.81005859375,36.36000061035156,0.36741058233050733,0.1322049644384766,0.1349905360084425,-0.0027855715699658945,85.37999725341797,4.059999942779541,4.009500026702881,1740.199951171875,39.10100173950195,76.79,0.7711,0.081,1.023,95.2749,9.0,55.8,647.0,375860.0,2.08,-0.25887,226.545,225.862,3.7712081791197782,1.9651571719433658,-1.8060510071764124,1.84,2.26,2872423.0,23425.0,1649269.0,2.24,0.2,0.02,-0.02,47.0,0.0,37.0,86.0,71.0,-0.007087238457008501,0.9900000000000002,5.0,0.15000000000000002,3.0600000000000005,-2.9100000000000006,2.04,2.22
2011-08-19,1123.530029296875,43.04999923706055,0.3888775450850284,0.1853302434310914,0.1512257450713583,0.03410449835973309,82.26000213623047,3.940000057220459,3.9825000762939453,1848.9000244140625,42.428001403808594,76.46,0.7856,0.081,1.023,95.2749,9.0,55.8,647.0,375860.0,2.17,-0.19569,226.545,225.862,3.7712081791197782,1.9651571719433658,-1.8060510071764124,1.7,2.05,2857906.0,20172.0,1621140.0,2.07,0.2,0.02,0.02,47.0,0.0,37.0,86.0,71.0,-0.06482613602015082,0.9900000000000002,5.0,0.12000000000000001,3.0600000000000005,-2.9400000000000004,1.8699999999999999,2.05
2011-08-26,1176.800048828125,35.59000015258789,0.4105085454831207,0.12666481108612063,0.1685172659146674,-0.04185245482854677,85.37000274658203,3.930999994277954,4.098999977111816,1794.0999755859375,40.946998596191406,76.62,0.8055,0.081,1.023,95.2749,9.0,55.8,647.0,375860.0,2.27,-0.13749,226.545,225.862,3.7712081791197782,1.9651571719433658,-1.8060510071764124,1.64,2.04,2859433.0,20782.0,1605613.0,2.19,0.2,0.01,0.15,47.0,0.0,37.0,86.0,71.0,0.028120226380914753,0.9900000000000002,5.2,0.09000000000000001,3.0600000000000005,-2.9700000000000006,1.99,2.18
2011-09-02,1173.969970703125,33.91999816894531,0.4198819240247997,0.11505662757812535,0.17630083012276765,-0.0612442025446423,86.44999694824219,3.871999979019165,4.10699987411499,1873.699951171875,43.02000045776367,76.79,0.7862,0.08,0.975,95.1961,9.0,59.5,610.0,380042.0,2.21,-0.09495,226.889,226.118,3.868356841040299,1.9877227562006272,-1.8806340848396719,1.72,2.02,2853888.0,20320.0,1611435.0,2.02,0.2,0.02,0.0,50.0,0.0,31.0,94.0,100.0,-0.010725392538332008,1.1799999999999997,5.35,0.14,3.2899999999999996,-3.1499999999999995,1.82,2.0
2011-09-09,1154.22998046875,38.52000045776367,0.4337332050662061,0.14837904352661133,0.1881244931770036,-0.039745449650392284,87.23999786376953,3.9149999618530273,3.987499952316284,1856.4000244140625,41.573001861572266,77.31,0.884,0.08,0.975,95.1961,9.0,59.5,610.0,380042.0,2.27,-0.06314,226.889,226.118,3.868356841040299,1.9877227562006272,-1.8806340848396719,1.65,1.96,2858660.0,20192.0,1615771.0,1.93,0.17,0.01,-0.03,50.0,0.0,31.0,94.0,100.0,-0.005422579675840625,1.1799999999999997,5.529999999999999,0.16,3.2899999999999996,-3.1299999999999994,1.76,1.92
2011-09-16,1216.010009765625,30.979999542236328,0.41265551142692036,0.09597603716369632,0.1702845711110132,-0.07430853394731687,87.95999908447266,3.809000015258789,3.9200000762939453,1812.0999755859375,40.78099822998047,76.89,0.8753,0.08,0.975,95.1961,9.0,59.5,610.0,380042.0,2.32,-0.04529,226.889,226.118,3.868356841040299,1.9877227562006272,-1.8806340848396719,1.69,1.95,2863540.0,13766.0,1617860.0,2.08,0.18,0.01,0.13,50.0,0.0,31.0,94.0,100.0,0.016791038326923115,1.1799999999999997,5.48,0.09000000000000001,3.2899999999999996,-3.1999999999999997,1.9000000000000001,2.0700000000000003
2011-09-23,1136.4300537109375,41.25,0.3043258244356643,0.17015624999999998,0.09261420741844677,0.07754204258155321,79.8499984741211,3.7009999752044678,3.2720000743865967,1637.5,30.051000595092773,76.3,0.9035,0.08,0.975,95.1961,9.0,59.5,610.0,380042.0,2.55,-0.03638,226.889,226.118,3.868356841040299,1.9877227562006272,-1.8806340848396719,1.48,1.74,2857747.0,64915.0,1567602.0,1.84,0.23,0.01,0.1,50.0,0.0,31.0,94.0,100.0,-0.0550511545329313,1.1799999999999997,6.029999999999999,0.13999999999999999,3.2899999999999996,-3.1499999999999995,1.61,1.83
2011-09-30,1131.4200439453125,42.959999084472656,0.29191115045277677,0.18455615213378915,0.08521211975866368,0.09934403237512547,79.19999694824219,3.6659998893737793,3.1449999809265137,1620.4000244140625,30.041000366210938,77.04,0.9048,0.08,0.975,95.1961,9.0,59.5,610.0,380042.0,2.57,-0.0387,226.889,226.118,3.868356841040299,1.9877227562006272,-1.8806340848396719,1.5,1.75,2850921.0,55718.0,1576801.0,1.92,0.25,0.02,0.17,44.0,0.0,28.0,96.0,72.0,-0.017568417589651848,1.1799999999999997,6.43,0.12000000000000001,3.2899999999999996,-3.1699999999999995,1.67,1.9
2011-10-07,1155.4599609375,36.20000076293945,0.2957281636792633,0.1310440055236817,0.08745514679310915,0.043588858730572555,82.9800033569336,3.4809999465942383,3.2664999961853027,1634.5,30.95800018310547,76.77,0.9151,0.081,1.038,95.8568,8.8,60.8,671.0,382207.0,2.65,-0.0504,226.421,226.506,3.5251999213574026,2.1079204796465634,-1.4172794417108392,1.63,1.94,2859701.0,43655.0,1604285.0,2.1,0.3,0.01,0.16,44.0,0.0,28.0,96.0,72.0,0.030604725707948217,1.3900000000000001,6.4,0.13999999999999999,3.22,-3.08,1.8,2.0900000000000003
2011-10-14,1224.5799560546875,28.239999771118164,0.30072589551980733,0.0797497587072754,0.09043606423619008,-0.010686305528914683,86.80000305175781,3.703000068664551,3.4049999713897705,1681.800048828125,32.13999938964844,77.36,0.8934,0.081,1.038,95.8568,8.8,60.8,671.0,382207.0,2.51,-0.07178,226.421,226.506,3.5251999213574026,2.1079204796465634,-1.4172794417108392,1.66,1.98,2860822.0,21906.0,1624516.0,2.26,0.28,0.02,0.28,44.0,0.0,28.0,96.0,72.0,0.04447399284650459,1.3900000000000001,5.74,0.12000000000000001,3.22,-3.1,1.9799999999999998,2.2399999999999998
2011-10-21,1238.25,31.31999969482422,0.28301147221460465,0.09809423808837892,0.08009549340507795,0.01799874468330097,87.4000015258789,3.628999948501587,3.2190001010894775,1635.0999755859375,31.17300033569336,76.1,0.8852,0.081,1.038,95.8568,8.8,60.8,671.0,382207.0,2.38,-0.08982,226.421,226.506,3.5251999213574026,2.1079204796465634,-1.4172794417108392,1.74,2.0,2852390.0,43403.0,1600008.0,2.23,0.3,0.02,0.23,44.0,0.0,28.0,96.0,72.0,-0.004120758966137544,1.3900000000000001,5.3100000000000005,0.11,3.22,-3.1100000000000003,1.93,2.21
2011-10-28,1285.0899658203125,24.530000686645508,0.30159974095951386,0.060172093368682913,0.09096240374684586,-0.030790310378162947,93.31999969482422,3.9230000972747803,3.7019999027252197,1746.199951171875,35.27000045776367,75.72,0.8625,0.081,1.038,95.8568,8.8,60.8,671.0,382207.0,2.17,-0.10383,226.421,226.506,3.5251999213574026,2.1079204796465634,-1.4172794417108392,1.93,2.15,2845685.0,64369.0,1568317.0,2.34,0.28,0.01,0.19,44.0,0.0,28.0,96.0,72.0,0.03721885783719747,1.3900000000000001,4.699999999999999,0.09000000000000001,3.22,-3.1300000000000003,2.0599999999999996,2.33
2011-11-04,1253.22998046875,30.15999984741211,0.2983861497877793,0.09096255907958986,0.08903429438517504,0.0019282646944148163,94.26000213623047,3.7829999923706055,3.562999963760376,1755.300048828125,34.06999969482422,78.17,0.888,0.077,1.062,95.8485,8.6,63.7,706.0,383422.0,2.28,-0.1054,226.23,226.899,3.3943775908008567,2.138204538395394,-1.2561730524054626,1.93,2.12,2822034.0,57775.0,1571930.0,2.06,0.22,0.01,-0.06,47.0,0.0,29.0,86.0,65.0,-0.011185728130720978,1.2699999999999996,5.25,0.16999999999999998,3.13,-2.96,1.84,2.0500000000000003
2011-11-11,1263.8499755859375,30.040000915527344,0.3004540313193607,0.09024016550048836,0.0902726249360554,-3.245943556703934e-05,98.98999786376953,3.5840001106262207,3.4619998931884766,1787.5,34.67100143432617,77.58,0.9058,0.077,1.062,95.8485,8.6,63.7,706.0,383422.0,2.37,-0.09818,226.23,226.899,3.3943775908008567,2.138204538395394,-1.2561730524054626,1.88,2.08,2839786.0,37029.0,1568521.0,2.04,0.24,0.01,-0.04,47.0,0.0,29.0,86.0,65.0,-0.010286943630185341,1.2699999999999996,5.45,0.13999999999999999,3.13,-2.9899999999999998,1.8,2.0300000000000002
2011-11-18,1215.6500244140625,32.0,0.2851423699404885,0.1024,0.08130617113527841,0.021093828864721595,97.41000366210938,3.315999984741211,3.4019999504089355,1724.699951171875,32.41299819946289,76.93,0.9159,0.077,1.062,95.8485,8.6,63.7,706.0,383422.0,2.49,-0.08581,226.23,226.899,3.3943775908008567,2.138204538395394,-1.2561730524054626,1.64,1.96,2831576.0,29786.0,1583716.0,2.01,0.29,0.01,0.05,47.0,0.0,29.0,86.0,65.0,-0.023216509944595714,1.2699999999999996,5.6000000000000005,0.12000000000000001,3.13,-3.01,1.7199999999999998,1.9999999999999998
2011-11-25,1158.6700439453125,34.470001220703125,0.280308535400196,0.11881809841552747,0.07857287501820294,0.04024522339732453,96.7699966430664,3.5420000553131104,3.2679998874664307,1685.5,31.011999130249023,77.66,0.9289,0.077,1.062,95.8485,8.6,63.7,706.0,383422.0,2.65,-0.07309,226.23,226.899,3.3943775908008567,2.138204538395394,-1.2561730524054626,1.64,1.92,2821980.0,44347.0,1505201.0,1.97,0.28,0.02,0.05,47.0,0.0,29.0,86.0,65.0,-0.0234761554572079,1.2699999999999996,5.99,0.09,3.13,-3.04,1.69,1.95
2011-12-02,1244.280029296875,27.520000457763672,0.3011779537970768,0.07573504251953127,0.09070815985339412,-0.014973117333862848,100.95999908447266,3.5840001106262207,3.572499990463257,1747.0,32.62099838256836,77.88,0.9219,0.078,0.971,96.3571,8.5,69.9,697.0,383985.0,2.6,-0.07148,225.672,227.405,2.9624188448710953,2.276662633858506,-0.6857562110125892,1.76,2.05,2814235.0,43770.0,1520197.0,2.05,0.25,0.02,0.0,42.0,0.0,33.0,76.0,68.0,0.0356523212017598,1.3199999999999998,5.67,0.11,3.27,-3.16,1.7999999999999998,2.03
2011-12-09,1255.18994140625,26.3799991607666,0.28149184926552906,0.06959043557220468,0.07923766120292733,-0.00964722563072265,99.41000366210938,3.316999912261963,3.546999931335449,1712.800048828125,32.17300033569336,77.58,0.9243,0.078,0.971,96.3571,8.5,69.9,697.0,383985.0,2.59,-0.07767,225.672,227.405,2.9624188448710953,2.276662633858506,-0.6857562110125892,1.64,2.02,2820691.0,28282.0,1546608.0,2.07,0.22,0.01,0.05,42.0,0.0,33.0,76.0,68.0,-0.001501325359325901,1.3199999999999998,5.550000000000001,0.13999999999999999,3.27,-3.13,1.8499999999999999,2.06
2011-12-16,1219.6600341796875,24.290000915527344,0.25562755100194084,0.05900041444763192,0.06534544483124986,-0.0063450303836179445,93.52999877929688,3.127000093460083,3.3239998817443848,1595.5999755859375,29.614999771118164,77.65,0.9372,0.078,0.971,96.3571,8.5,69.9,697.0,383985.0,2.62,-0.09144,225.672,227.405,2.9624188448710953,2.276662633858506,-0.6857562110125892,1.58,1.91,2902488.0,21484.0,1601495.0,1.86,0.24,0.0,-0.05,42.0,0.0,33.0,76.0,68.0,-0.03364191355491856,1.3199999999999998,5.67,0.16,3.27,-3.11,1.62,1.86
2011-12-23,1265.3299560546875,20.729999542236328,0.24684597720139198,0.04297328810211183,0.06093293646051013,-0.0179596483583983,99.68000030517578,3.114000082015991,3.4635000228881836,1604.699951171875,29.04599952697754,78.13,0.9379,0.078,0.971,96.3571,8.5,69.9,697.0,383985.0,2.6,-0.11578,225.672,227.405,2.9624188448710953,2.276662633858506,-0.6857562110125892,1.68,2.07,2916085.0,112404.0,1509961.0,2.03,0.28,0.01,-0.04,42.0,0.0,33.0,76.0,68.0,0.003020862444788275,1.3199999999999998,5.390000000000001,0.12000000000000001,3.27,-3.15,1.7499999999999998,2.02
2011-12-30,1257.5999755859375,23.399999618530273,0.23836089484036704,0.05475599821472169,0.056815916189100514,-0.002059917974378822,98.83000183105469,2.989000082015991,3.43149995803833,1565.800048828125,27.875,76.98,0.9374,0.078,0.971,96.3571,8.5,69.9,697.0,383985.0,2.56,-0.14979,225.672,227.405,2.9624188448710953,2.276662633858506,-0.6857562110125892,1.59,1.96,2926095.0,98652.0,1534135.0,1.89,0.25,0.02,-0.07,42.0,0.0,33.0,76.0,68.0,-0.007936858161304258,1.3199999999999998,5.4,0.13,3.27,-3.14,1.64,1.8699999999999999
2012-01-06,1277.81005859375,20.6299991607666,0.22762779632210386,0.04255968653732307,0.0518144136584572,-0.009254727121134135,101.55999755859375,3.062000036239624,3.430999994277954,1616.0999755859375,28.652999877929688,77.06,0.9555,0.08,0.959,96.9318,8.3,75.0,712.0,387531.0,2.51,-0.19102,226.665,227.877,2.9252167121508466,2.2773481506083826,-0.647868561542464,1.71,2.09,2917689.0,87058.0,1564841.0,1.98,0.25,0.02,-0.11,38.0,0.0,23.0,64.0,78.0,0.03440814251314239,1.3800000000000003,5.03,0.12000000000000001,3.2600000000000007,-3.1400000000000006,1.73,1.96
2012-01-13,1289.0899658203125,20.90999984741211,0.16349948831094954,0.04372280936187744,0.026732082677942325,0.016990726683935115,98.69999694824219,2.6700000762939453,3.631999969482422,1630.4000244140625,29.493000030517578,76.9,0.9534,0.08,0.959,96.9318,8.3,75.0,712.0,387531.0,2.48,-0.23714,226.665,227.877,2.9252167121508466,2.2773481506083826,-0.647868561542464,1.69,2.03,2899149.0,78263.0,1572456.0,1.89,0.24,0.03,-0.14,38.0,0.0,23.0,64.0,78.0,0.013982633070158753,1.3800000000000003,5.05,0.12,3.2600000000000007,-3.1400000000000006,1.65,1.8599999999999999
2012-01-20,1315.3800048828125,18.280000686645508,0.16406319996365656,0.03341584251037603,0.02691673358231476,0.006499108928061267,98.45999908447266,2.3429999351501465,3.740999937057495,1663.699951171875,31.64699935913086,76.97,0.9327,0.08,0.959,96.9318,8.3,75.0,712.0,387531.0,2.38,-0.28301,226.665,227.877,2.9252167121508466,2.2773481506083826,-0.647868561542464,1.76,2.04,2919423.0,78069.0,1593378.0,2.05,0.26,0.05,0.01,38.0,0.0,23.0,64.0,78.0,0.01752564614129441,1.3800000000000003,4.720000000000001,0.06999999999999999,3.2600000000000007,-3.190000000000001,1.7899999999999998,1.9999999999999998
2012-01-27,1316.3299560546875,18.530000686645508,0.13386380654852886,0.034336092544708305,0.017919518703661957,0.016416573841046347,99.55999755859375,2.677999973297119,3.883500099182129,1731.800048828125,33.74700164794922,76.68,0.9142,0.08,0.959,96.9318,8.3,75.0,712.0,387531.0,2.28,-0.32452,226.665,227.877,2.9252167121508466,2.2773481506083826,-0.647868561542464,1.88,2.11,2919545.0,111236.0,1529646.0,1.93,0.22,0.06,-0.18,38.0,0.0,23.0,64.0,78.0,0.006977081496895021,1.3800000000000003,4.6000000000000005,0.09,3.2600000000000007,-3.170000000000001,1.71,1.8699999999999999
2012-02-03,1344.9000244140625,17.100000381469727,0.10039645125661044,0.02924100130462648,0.010079447424920956,0.01916155387970552,97.83999633789062,2.499000072479248,3.8970000743865967,1737.9000244140625,33.724998474121094,76.54,0.9208,0.085,0.962,97.2435,8.3,75.3,738.0,392310.0,2.2,-0.35706,227.663,228.034,2.871098780438208,2.1598204405657295,-0.7112783398724787,1.88,2.18,2924947.0,117554.0,1572710.0,1.97,0.23,0.08,-0.21,49.0,0.0,36.0,93.0,72.0,0.01764247570600186,1.2899999999999996,4.45,0.06999999999999999,3.17,-3.1,1.74,1.89
2012-02-10,1342.6400146484375,20.790000915527344,0.0909099096784392,0.043222413806762776,0.008264611677741973,0.034957802129020804,98.66999816894531,2.4769999980926514,3.859499931335449,1723.300048828125,33.57600021362305,77.57,0.9176,0.085,0.962,97.2435,8.3,75.3,738.0,392310.0,2.15,-0.38087,227.663,228.034,2.871098780438208,2.1598204405657295,-0.7112783398724787,1.88,2.2,2928275.0,87962.0,1600651.0,1.96,0.27,0.09,-0.24,49.0,0.0,36.0,93.0,72.0,-0.0015096180870797968,1.2899999999999996,4.38,0.07,3.17,-3.1,1.69,1.8699999999999999
2012-02-17,1361.22998046875,17.780000686645508,0.084686532481168,0.031612842441711475,0.007171808783683923,0.02444103365802755,103.23999786376953,2.684000015258789,3.7049999237060547,1724.5,33.20000076293945,79.33,0.918,0.085,0.962,97.2435,8.3,75.3,738.0,392310.0,2.12,-0.39652,227.663,228.034,2.871098780438208,2.1598204405657295,-0.7112783398724787,1.93,2.24,2937893.0,58049.0,1634172.0,2.01,0.29,0.09,-0.23,49.0,0.0,36.0,93.0,72.0,0.003943161134163153,1.2899999999999996,4.23,0.03,3.17,-3.14,1.7199999999999998,1.9199999999999997
2012-02-24,1365.739990234375,17.309999465942383,0.0828325469838069,0.029963608151092558,0.006861230839824578,0.02310237731126798,109.7699966430664,2.549999952316284,3.862499952316284,1775.0999755859375,35.332000732421875,80.88,0.8949,0.085,0.962,97.2435,8.3,75.3,738.0,392310.0,2.08,-0.40856,227.663,228.034,2.871098780438208,2.1598204405657295,-0.7112783398724787,2.03,2.27,2932813.0,55795.0,1621626.0,1.98,0.31,0.1,-0.29,49.0,0.0,36.0,93.0,72.0,0.004865645643083413,1.2899999999999996,4.04,0.01999999999999999,3.17,-3.15,1.67,1.88
2012-03-02,1369.6300048828125,17.290000915527344,0.07962288333338796,0.029894413165893634,0.00633980355032231,0.023554609615571324,106.69999694824219,2.4839999675750732,3.8954999446868896,1708.800048828125,34.48099899291992,81.56,0.9134,0.084,0.966,96.74,8.2,76.2,806.0,393698.0,2.0,-0.41948,229.392,228.478,2.651398193021781,2.2483374654291177,-0.4030607275926634,1.95,2.23,2925722.0,39475.0,1607919.0,1.99,0.28,0.07,-0.24,47.0,0.0,36.0,89.0,63.0,-0.0011361357921024773,1.2400000000000002,3.8,0.13,3.0600000000000005,-2.9300000000000006,1.71,1.92
2012-03-09,1370.8699951171875,17.110000610351562,0.09489400725545685,0.02927521208862308,0.009004872612998698,0.020270339475624382,107.4000015258789,2.3239998817443848,3.8524999618530273,1710.9000244140625,34.17499923706055,82.59,0.92,0.084,0.966,96.74,8.2,76.2,806.0,393698.0,2.01,-0.42766,229.392,228.478,2.651398193021781,2.2483374654291177,-0.4030607275926634,2.07,2.28,2884747.0,36963.0,1591922.0,2.04,0.33,0.09,-0.24,47.0,0.0,36.0,89.0,63.0,-0.00821428548635339,1.2400000000000002,3.92,0.11000000000000001,3.0600000000000005,-2.9500000000000006,1.71,1.95
2012-03-16,1404.1700439453125,14.470000267028809,0.10415696044289745,0.020938090772781384,0.010848672408703304,0.01008941836407808,107.05999755859375,2.3259999752044678,3.874000072479248,1655.5,32.573001861572266,83.34,0.916,0.084,0.966,96.74,8.2,76.2,806.0,393698.0,1.91,-0.43512,229.392,228.478,2.651398193021781,2.2483374654291177,-0.4030607275926634,2.12,2.4,2893560.0,41816.0,1579394.0,2.31,0.37,0.09,-0.09,47.0,0.0,36.0,89.0,63.0,0.018190471122328855,1.2400000000000002,3.6900000000000004,0.11000000000000001,3.0600000000000005,-2.9500000000000006,1.94,2.22
2012-03-23,1397.1099853515625,14.819999694824219,0.10177644600170961,0.02196323909545899,0.010358444960738912,0.011604794134720079,106.87000274658203,2.2750000953674316,3.809499979019165,1662.300048828125,32.24800109863281,82.35,0.9085,0.084,0.966,96.74,8.2,76.2,806.0,393698.0,1.91,-0.43875,229.392,228.478,2.651398193021781,2.2483374654291177,-0.4030607275926634,2.04,2.36,2892646.0,102488.0,1523382.0,2.25,0.37,0.08,-0.11,47.0,0.0,36.0,89.0,63.0,-0.006176455261680092,1.2400000000000002,3.76,0.06999999999999999,3.0600000000000005,-2.9900000000000007,1.88,2.17
2012-03-30,1408.469970703125,15.5,0.10120378645735248,0.024025,0.0102422063933054,0.0137827936066946,103.0199966430664,2.125999927520752,3.8239998817443848,1669.300048828125,32.46900177001953,82.41,0.9026,0.084,0.966,96.74,8.2,76.2,806.0,393698.0,1.92,-0.43667,229.392,228.478,2.651398193021781,2.2483374654291177,-0.4030607275926634,2.02,2.32,2878137.0,84043.0,1526338.0,2.23,0.33,0.07,-0.09,47.0,0.0,36.0,89.0,63.0,-0.012679889612209635,1.2400000000000002,3.7800000000000002,0.1,3.0600000000000005,-2.9600000000000004,1.9,2.16
2012-04-06,1398.0799560546875,16.700000762939453,0.10807166755223387,0.027889002548217835,0.011679485327520557,0.01620951722069728,103.30999755859375,2.0889999866485596,3.7915000915527344,1628.5,31.715999603271484,81.56,0.9176,0.075,0.914,97.4359,8.2,76.4,732.0,392073.0,1.96,-0.42909,230.085,228.905,2.3027398112989372,2.314427851801515,0.011688040502577657,1.85,2.23,2865478.0,54899.0,1548610.0,2.07,0.32,0.07,-0.16,41.0,0.0,26.0,85.0,53.0,-0.007564212631060885,1.2300000000000004,4.0,0.13,3.1400000000000006,-3.0100000000000007,1.7499999999999998,1.9999999999999998
2012-04-13,1370.260009765625,19.549999237060547,0.1355987329857712,0.0382202470169068,0.01838701638734647,0.01983323062956033,102.83000183105469,1.9809999465942383,3.622999906539917,1659.0999755859375,31.3799991607666,80.99,0.9189,0.075,0.914,97.4359,8.2,76.4,732.0,392073.0,2.02,-0.41635,230.085,228.905,2.3027398112989372,2.314427851801515,0.011688040502577657,1.91,2.27,2867200.0,45289.0,1550552.0,2.02,0.27,0.09,-0.25,41.0,0.0,26.0,85.0,53.0,-0.0002196285128012558,1.2300000000000004,4.21,0.12,3.1400000000000006,-3.0200000000000005,1.75,1.93
2012-04-20,1378.530029296875,17.440000534057617,0.13166134707088073,0.030415361862793,0.017334710312518913,0.013080651550274085,103.05000305175781,1.9270000457763672,3.696000099182129,1642.0999755859375,31.643999099731445,81.6,0.9095,0.075,0.914,97.4359,8.2,76.4,732.0,392073.0,2.02,-0.40071,230.085,228.905,2.3027398112989372,2.314427851801515,0.011688040502577657,1.96,2.23,2875470.0,53427.0,1562988.0,1.99,0.29,0.08,-0.24,41.0,0.0,26.0,85.0,53.0,-0.016343166338307864,1.2300000000000004,4.09,0.12000000000000001,3.1400000000000006,-3.0200000000000005,1.7,1.91
2012-04-27,1403.3599853515625,16.31999969482422,0.12995118278079953,0.02663423900390626,0.01688730990612877,0.009746929097777492,104.93000030517578,2.186000108718872,3.819999933242798,1664.0,31.347000122070312,80.48,0.9066,0.075,0.914,97.4359,8.2,76.4,732.0,392073.0,2.02,-0.37973,230.085,228.905,2.3027398112989372,2.314427851801515,0.011688040502577657,2.06,2.26,2866561.0,78498.0,1539135.0,1.96,0.26,0.09,-0.3,41.0,0.0,26.0,85.0,53.0,0.014094123593870224,1.2300000000000004,3.9699999999999998,0.1,3.1400000000000006,-3.0400000000000005,1.7,1.8699999999999999
2012-05-04,1369.0999755859375,19.15999984741211,0.1391766018455032,0.03671055941528321,0.019370126501261728,0.01734043291402148,98.48999786376953,2.2790000438690186,3.7239999771118164,1644.699951171875,30.3799991607666,79.84,0.9176,0.084,0.846,97.6609,8.2,79.3,796.0,391376.0,2.0,-0.35374,229.815,229.224,1.704253774937592,2.252258280361308,0.5480045054237159,1.93,2.21,2864280.0,120748.0,1492460.0,1.91,0.27,0.07,-0.3,42.0,0.0,30.0,83.0,72.0,-0.022620774542738992,1.2700000000000005,4.140000000000001,0.10999999999999999,3.2700000000000005,-3.1600000000000006,1.64,1.8399999999999999
2012-05-11,1353.3900146484375,19.889999389648438,0.13320424997884509,0.03956120757202153,0.01774337221242665,0.02181783535959488,96.12999725341797,2.509000062942505,3.6484999656677246,1583.5999755859375,28.857999801635742,79.86,0.9283,0.084,0.846,97.6609,8.2,79.3,796.0,391376.0,2.04,-0.32235,229.815,229.224,1.704253774937592,2.252258280361308,0.5480045054237159,1.91,2.12,2864150.0,113232.0,1497049.0,1.84,0.27,0.1,-0.28,42.0,0.0,30.0,83.0,72.0,-0.019775052046698605,1.2700000000000005,4.22,0.09,3.2700000000000005,-3.1800000000000006,1.57,1.74
2012-05-18,1295.219970703125,25.100000381469727,0.13707869002539957,0.06300100191497805,0.018790567259079582,0.04421043465589847,91.4800033569336,2.742000102996826,3.4695000648498535,1591.5999755859375,28.694000244140625,79.14,0.9442,0.084,0.846,97.6609,8.2,79.3,796.0,391376.0,2.23,-0.28917,229.815,229.224,1.704253774937592,2.252258280361308,0.5480045054237159,1.85,2.1,2850984.0,99876.0,1501657.0,1.71,0.32,0.08,-0.39,42.0,0.0,30.0,83.0,72.0,-0.0366824774588516,1.2700000000000005,4.72,0.13,3.2700000000000005,-3.1400000000000006,1.39,1.63
2012-05-25,1317.8199462890625,21.760000228881836,0.12302752389326486,0.04734976099609376,0.015135771635307858,0.0322139893607859,90.86000061035156,2.568000078201294,3.447999954223633,1568.800048828125,28.3700008392334,79.64,0.9592,0.084,0.846,97.6609,8.2,79.3,796.0,391376.0,2.24,-0.26265,229.815,229.224,1.704253774937592,2.252258280361308,0.5480045054237159,1.78,2.13,2859495.0,90083.0,1513160.0,1.75,0.3,0.09,-0.38,42.0,0.0,30.0,83.0,72.0,0.013150891485735745,1.2700000000000005,4.83,0.11000000000000001,3.2700000000000005,-3.1600000000000006,1.45,1.66
2012-06-01,1278.0400390625,26.65999984741211,0.14065536002288373,0.07107555918640136,0.01978393030316704,0.051291628883234325,83.2300033569336,2.3259999752044678,3.309999942779541,1620.5,28.496999740600586,78.21,0.9671,0.076,0.789,97.6663,8.2,73.2,794.0,387901.0,2.33,-0.24376,229.478,229.623,1.6639937622385137,2.192285611289857,0.5282918490513433,1.65,2.06,2842654.0,67804.0,1522910.0,1.47,0.25,0.07,-0.59,42.0,0.0,28.0,86.0,64.0,-0.018571363634063937,1.3799999999999994,5.54,0.15,3.3999999999999995,-3.2499999999999996,1.22,1.4
2012-06-08,1325.6600341796875,21.229999542236328,0.15219855683619468,0.045071288056335465,0.023164400703020383,0.021906887353315082,84.0999984741211,2.2990000247955322,3.2834999561309814,1590.0999755859375,28.461000442504883,79.47,0.962,0.076,0.789,97.6663,8.2,73.2,794.0,387901.0,2.26,-0.23648,229.478,229.623,1.6639937622385137,2.192285611289857,0.5282918490513433,1.79,2.15,2852018.0,60763.0,1527474.0,1.65,0.28,0.09,-0.5,42.0,0.0,28.0,86.0,64.0,0.010830329314689857,1.3799999999999994,5.33,0.13,3.3999999999999995,-3.2699999999999996,1.3699999999999999,1.5599999999999998
2012-06-15,1342.8399658203125,21.110000610351562,0.1659979796111311,0.044563212576904335,0.0275553292349775,0.017007883341926835,84.02999877929688,2.4670000076293945,3.384999990463257,1627.0,28.733999252319336,78.65,0.9506,0.076,0.789,97.6663,8.2,73.2,794.0,387901.0,2.24,-0.24195,229.478,229.623,1.6639937622385137,2.192285611289857,0.5282918490513433,1.86,2.14,2869071.0,41885.0,1549830.0,1.6,0.29,0.09,-0.54,42.0,0.0,28.0,86.0,64.0,-0.004223235576587436,1.3799999999999994,5.22,0.11000000000000001,3.3999999999999995,-3.2899999999999996,1.31,1.51
2012-06-22,1335.02001953125,18.110000610351562,0.17506540137374496,0.03279721221069339,0.030647894758150423,0.0021493174525429697,79.76000213623047,2.625,3.305000066757202,1566.0,26.656999588012695,80.52,0.9572,0.076,0.789,97.6663,8.2,73.2,794.0,387901.0,2.17,-0.25729,229.478,229.623,1.6639937622385137,2.192285611289857,0.5282918490513433,1.74,2.11,2870846.0,114746.0,1496509.0,1.69,0.31,0.09,-0.42,42.0,0.0,28.0,86.0,64.0,-0.001029464298383835,1.3799999999999994,4.8999999999999995,0.13,3.3999999999999995,-3.2699999999999996,1.38,1.5999999999999999
2012-06-29,1362.1600341796875,17.079999923706055,0.18708112449941108,0.029172639739379884,0.03499934714396415,-0.005826707404584269,84.95999908447266,2.8239998817443848,3.490000009536743,1603.5,27.579999923706055,79.81,0.9485,0.076,0.789,97.6663,8.2,73.2,794.0,387901.0,2.15,-0.27663,229.478,229.623,1.6639937622385137,2.192285611289857,0.5282918490513433,1.72,2.13,2863547.0,129149.0,1461231.0,1.67,0.33,0.09,-0.46,42.0,0.0,28.0,86.0,64.0,0.0036085815874149496,1.3799999999999994,4.74,0.19000000000000003,3.3999999999999995,-3.2099999999999995,1.3399999999999999,1.5799999999999998
2012-07-06,1354.6800537109375,17.100000381469727,0.18434340220748544,0.02924100130462648,0.03398248993743075,-0.004741488632804269,84.44999694824219,2.7760000228881836,3.4045000076293945,1578.4000244140625,26.888999938964844,79.61,0.9777,0.084,0.78,97.8713,8.2,72.3,849.0,389686.0,2.11,-0.29965,229.104,229.97,1.4084507042253502,2.109955687378462,0.7015049831531117,1.76,2.1,2865858.0,100829.0,1500156.0,1.57,0.27,0.08,-0.53,42.0,0.0,30.0,79.0,72.0,-0.0022661523361297378,1.4700000000000002,4.91,0.12000000000000001,3.34,-3.2199999999999998,1.3,1.49
2012-07-13,1356.780029296875,16.739999771118164,0.18443331632225002,0.028022759233703617,0.03401564816962314,-0.005992888935919521,87.0999984741211,2.874000072479248,3.500499963760376,1591.5999755859375,27.3439998626709,79.2,0.9817,0.084,0.78,97.8713,8.2,72.3,849.0,389686.0,2.07,-0.32333,229.104,229.97,1.4084507042253502,2.109955687378462,0.7015049831531117,1.78,2.11,2866279.0,86400.0,1514001.0,1.52,0.25,0.1,-0.59,42.0,0.0,30.0,79.0,72.0,-0.015152142093850518,1.4700000000000002,4.88,0.10999999999999999,3.34,-3.23,1.27,1.42
2012-07-20,1362.6600341796875,16.270000457763672,0.16016268354053034,0.026471291489563013,0.02565208519890407,0.0008192062906589442,91.44000244140625,3.0810000896453857,3.448499917984009,1582.5,27.27899932861328,78.49,0.9863,0.084,0.78,97.8713,8.2,72.3,849.0,389686.0,1.99,-0.34714,229.104,229.97,1.4084507042253502,2.109955687378462,0.7015049831531117,1.77,2.16,2855807.0,63021.0,1543311.0,1.49,0.22,0.09,-0.67,42.0,0.0,30.0,79.0,72.0,0.007924146740063698,1.4700000000000002,4.75,0.11000000000000001,3.34,-3.23,1.27,1.4
2012-07-27,1385.969970703125,16.700000762939453,0.16671927542123283,0.027889002548217835,0.027795316796980888,9.368575123694725e-05,90.12999725341797,3.009999990463257,3.4260001182556152,1617.9000244140625,27.47800064086914,78.55,0.9709,0.084,0.78,97.8713,8.2,72.3,849.0,389686.0,1.95,-0.36849,229.104,229.97,1.4084507042253502,2.109955687378462,0.7015049831531117,1.79,2.19,2846757.0,45537.0,1551501.0,1.58,0.25,0.11,-0.61,42.0,0.0,30.0,79.0,72.0,0.0003387652066015878,1.4700000000000002,4.6899999999999995,0.12000000000000001,3.34,-3.2199999999999998,1.33,1.47
2012-08-03,1390.989990234375,15.640000343322754,0.15892509173173464,0.024460961073913587,0.025257184781940268,-0.0007962237080266811,91.4000015258789,2.877000093460083,3.371000051498413,1606.0,27.790000915527344,78.6,0.9697,0.086,0.8,97.4525,8.1,74.3,840.0,394524.0,1.92,-0.38987,230.379,230.233,1.692378997550148,1.9352524993137443,0.24287350176359634,1.87,2.26,2851118.0,42102.0,1561819.0,1.6,0.24,0.09,-0.66,44.0,0.0,29.0,77.0,75.0,0.008097893069348938,1.4300000000000002,4.33,0.12,3.2300000000000004,-3.1100000000000003,1.36,1.51
2012-08-10,1405.8699951171875,14.739999771118164,0.14734891698734812,0.021726759325256355,0.021711703337344405,1.5055987911950092e-05,92.87000274658203,2.7699999809265137,3.4089999198913574,1619.699951171875,28.05500030517578,78.24,0.9764,0.086,0.8,97.4525,8.1,74.3,840.0,394524.0,1.87,-0.40901,230.379,230.233,1.692378997550148,1.9352524993137443,0.24287350176359634,1.9,2.25,2856181.0,35622.0,1553199.0,1.65,0.27,0.1,-0.6,44.0,0.0,29.0,77.0,75.0,0.01923632943123928,1.4300000000000002,4.300000000000001,0.12,3.2300000000000004,-3.1100000000000003,1.38,1.5499999999999998
2012-08-17,1418.1600341796875,13.449999809265137,0.1260335132753434,0.018090249486923223,0.015884446468526162,0.002205803018397061,96.01000213623047,2.7190001010894775,3.421999931335449,1616.300048828125,27.9950008392334,79.5,0.9752,0.086,0.8,97.4525,8.1,74.3,840.0,394524.0,1.85,-0.42718,230.379,230.233,1.692378997550148,1.9352524993137443,0.24287350176359634,1.86,2.24,2833317.0,28398.0,1555394.0,1.81,0.29,0.09,-0.43,44.0,0.0,29.0,77.0,75.0,0.01536349944152223,1.4300000000000002,4.21,0.14,3.2300000000000004,-3.0900000000000003,1.52,1.72
2012-08-24,1411.1300048828125,15.180000305175781,0.11805553745078176,0.02304324092651368,0.013937109922792935,0.009106131003720746,96.1500015258789,2.7019999027252197,3.48799991607666,1669.800048828125,30.606000900268555,78.65,0.9581,0.086,0.8,97.4525,8.1,74.3,840.0,394524.0,1.84,-0.44522,230.379,230.233,1.692378997550148,1.9352524993137443,0.24287350176359634,1.94,2.28,2825661.0,24038.0,1511753.0,1.68,0.28,0.1,-0.6,44.0,0.0,29.0,77.0,75.0,-0.0017261407961641035,1.4300000000000002,4.19,0.07999999999999999,3.2300000000000004,-3.1500000000000004,1.4,1.5799999999999998
2012-08-31,1406.5799560546875,17.469999313354492,0.11403716280032075,0.030520087600860644,0.013004474499546859,0.017515613101313783,96.47000122070312,2.7990000247955322,3.4539999961853027,1684.5999755859375,31.3700008392334,78.3,0.9546,0.086,0.8,97.4525,8.1,74.3,840.0,394524.0,1.86,-0.46255,230.379,230.233,1.692378997550148,1.9352524993137443,0.24287350176359634,1.95,2.25,2812806.0,25194.0,1502317.0,1.57,0.22,0.09,-0.68,42.0,0.0,27.0,78.0,71.0,-5.336165132459802e-05,1.4300000000000002,4.300000000000001,0.1,3.2300000000000004,-3.1300000000000003,1.35,1.48
2012-09-07,1437.9200439453125,14.380000114440918,0.11119742308883881,0.020678440329132085,0.012364866901598224,0.008313573427533862,96.41999816894531,2.681999921798706,3.6559998989105225,1737.5,33.632999420166016,78.14,0.9452,0.085,0.757,97.381,7.8,78.3,930.0,397681.0,1.81,-0.48094,231.407,230.659,1.9912820806649911,2.0082434834909124,0.01696140282592129,2.03,2.35,2822169.0,30048.0,1518165.0,1.67,0.25,0.11,-0.68,42.0,0.0,27.0,78.0,71.0,0.015457192209987316,1.3499999999999996,4.0200000000000005,0.09999999999999999,3.12,-3.02,1.42,1.5599999999999998
2012-09-14,1465.77001953125,14.510000228881836,0.1040306101286726,0.021054010664215094,0.010822367843743878,0.010231642820471216,99.0,2.943000078201294,3.8515000343322754,1769.800048828125,34.60300064086914,78.22,0.925,0.085,0.757,97.381,7.8,78.3,930.0,397681.0,1.7,-0.50009,231.407,230.659,1.9912820806649911,2.0082434834909124,0.01696140282592129,2.39,2.64,2823448.0,47019.0,1505899.0,1.88,0.27,0.11,-0.76,42.0,0.0,27.0,78.0,71.0,0.028030035586019537,1.3499999999999996,3.58,0.08,3.12,-3.04,1.6099999999999999,1.7699999999999998
2012-09-21,1460.1500244140625,13.979999542236328,0.09258661346419333,0.019544038720092798,0.008572280992767946,0.010971757727324852,92.88999938964844,2.884999990463257,3.803499937057495,1775.5,34.56700134277344,78.17,0.9327,0.085,0.757,97.381,7.8,78.3,930.0,397681.0,1.67,-0.51624,231.407,230.659,1.9912820806649911,2.0082434834909124,0.01696140282592129,2.18,2.48,2821574.0,64716.0,1453315.0,1.77,0.27,0.11,-0.71,42.0,0.0,27.0,78.0,71.0,-0.021503638450476092,1.3499999999999996,3.7,0.09000000000000001,3.12,-3.0300000000000002,1.5,1.66
2012-09-28,1440.6700439453125,15.729999542236328,0.10354565412359941,0.02474328855987551,0.01072170248788408,0.01402158607199143,92.19000244140625,3.319999933242798,3.7730000019073486,1771.0999755859375,34.516998291015625,77.92,0.94,0.085,0.757,97.381,7.8,78.3,930.0,397681.0,1.68,-0.5293,231.407,230.659,1.9912820806649911,2.0082434834909124,0.01696140282592129,2.11,2.42,2804457.0,73239.0,1424890.0,1.65,0.23,0.1,-0.77,42.0,0.0,27.0,78.0,71.0,-0.018050094358482482,1.3499999999999996,4.0,0.07999999999999999,3.12,-3.04,1.42,1.5499999999999998
2012-10-05,1460.9300537109375,14.329999923706055,0.1011921250389066,0.020534889781341555,0.010239846169889707,0.010295043611451848,89.87999725341797,3.3959999084472656,3.7860000133514404,1778.5999755859375,34.51599884033203,78.66,0.9284,0.085,0.76,97.7193,7.8,82.6,887.0,397494.0,1.62,-0.54028,231.317,231.024,2.1623435988711304,1.9946491483669337,-0.16769445050419662,2.28,2.57,2808512.0,83297.0,1446881.0,1.75,0.27,0.11,-0.82,40.0,0.0,28.0,84.0,68.0,-0.004907884726548833,1.1099999999999999,3.8,0.09999999999999999,2.83,-2.73,1.48,1.64
2012-10-12,1428.5899658203125,16.139999389648438,0.10523345908858829,0.026049958029785193,0.011074080911749586,0.014975877118035608,91.86000061035156,3.6110000610351562,3.7144999504089355,1758.0,33.632999420166016,78.31,0.9334,0.085,0.76,97.7193,7.8,82.6,887.0,397494.0,1.58,-0.54723,231.317,231.024,2.1623435988711304,1.9946491483669337,-0.16769445050419662,2.15,2.47,2811623.0,65845.0,1469565.0,1.69,0.27,0.11,-0.78,40.0,0.0,28.0,84.0,68.0,-0.006762841022424157,1.1099999999999999,3.8099999999999996,0.06999999999999999,2.83,-2.7600000000000002,1.42,1.5799999999999998
2012-10-19,1433.18994140625,17.059999465942383,0.10651829214287882,0.02910435817779544,0.01134614656103568,0.017758211616759757,90.05000305175781,3.617000102996826,3.6484999656677246,1722.800048828125,32.073001861572266,79.26,0.9286,0.085,0.76,97.7193,7.8,82.6,887.0,397494.0,1.47,-0.55136,231.317,231.024,2.1623435988711304,1.9946491483669337,-0.16769445050419662,2.19,2.5,2846920.0,58473.0,1483095.0,1.79,0.3,0.1,-0.71,40.0,0.0,28.0,84.0,68.0,0.0018677014510741037,1.1099999999999999,3.5599999999999996,0.10999999999999999,2.83,-2.72,1.49,1.69
2012-10-26,1411.93994140625,17.809999465942383,0.10043220689664516,0.0317196080976868,0.010086628182130538,0.02163297991555626,86.27999877929688,3.4000000953674316,3.563499927520752,1710.9000244140625,32.01100158691406,79.63,0.9348,0.085,0.76,97.7193,7.8,82.6,887.0,397494.0,1.49,-0.55121,231.317,231.024,2.1623435988711304,1.9946491483669337,-0.16769445050419662,2.08,2.47,2840964.0,62738.0,1477350.0,1.78,0.3,0.12,-0.69,40.0,0.0,28.0,84.0,68.0,-0.007734880419492255,1.1099999999999999,3.66,0.04000000000000001,2.83,-2.79,1.48,1.6600000000000001
2012-11-02,1414.199951171875,17.59000015258789,0.10895425536573496,0.030940810536804197,0.011871029762301784,0.019069780774502415,84.86000061035156,3.553999900817871,3.4830000400543213,1674.0999755859375,30.834999084472656,80.53,0.9396,0.086,0.713,98.0777,7.7,82.7,917.0,399708.0,1.5,-0.54998,230.221,231.33,1.764133846085847,1.9528512686261434,0.18871742254029655,2.12,2.48,2823137.0,53905.0,1494414.0,1.75,0.28,0.09,-0.73,38.0,1.0,26.0,77.0,59.0,0.01014563218115283,1.0099999999999998,3.89,0.07,2.86,-2.79,1.47,1.66
2012-11-09,1379.8499755859375,18.610000610351562,0.13178342863736223,0.03463321227172855,0.01736687206341874,0.017266340208309812,86.06999969482422,3.503000020980835,3.44950008392334,1730.300048828125,32.59000015258789,79.46,0.9483,0.086,0.713,98.0777,7.7,82.7,917.0,399708.0,1.57,-0.54818,230.221,231.33,1.764133846085847,1.9528512686261434,0.18871742254029655,2.05,2.44,2830791.0,28002.0,1509945.0,1.61,0.27,0.09,-0.83,38.0,1.0,26.0,77.0,59.0,0.006670097646817252,1.0099999999999998,4.119999999999999,0.09,2.86,-2.77,1.34,1.52
2012-11-16,1359.8800048828125,16.40999984741211,0.13215135164686134,0.02692880949920655,0.017463979742092402,0.009464829757114147,86.66999816894531,3.7899999618530273,3.4535000324249268,1714.300048828125,32.361000061035156,81.28,0.9472,0.086,0.713,98.0777,7.7,82.7,917.0,399708.0,1.62,-0.5477,230.221,231.33,1.764133846085847,1.9528512686261434,0.18871742254029655,2.01,2.39,2877244.0,38664.0,1483331.0,1.58,0.24,0.06,-0.81,38.0,1.0,26.0,77.0,59.0,-0.008158529222361599,1.0099999999999998,4.33,0.15,2.86,-2.71,1.34,1.52
2012-11-23,1409.1500244140625,15.140000343322754,0.1482987336701216,0.02292196103958131,0.021992514408161662,0.0009294466314196496,88.27999877929688,3.9010000228881836,3.5274999141693115,1751.300048828125,34.111000061035156,82.34,0.9296,0.086,0.713,98.0777,7.7,82.7,917.0,399708.0,1.61,-0.55142,230.221,231.33,1.764133846085847,1.9528512686261434,0.18871742254029655,2.06,2.42,2871161.0,24433.0,1503622.0,1.7,0.29,0.1,-0.72,38.0,1.0,26.0,77.0,59.0,0.020819934268704838,1.0099999999999998,4.0600000000000005,0.10999999999999999,2.86,-2.75,1.41,1.5999999999999999
2012-11-30,1416.1800537109375,15.869999885559082,0.1449609479971426,0.02518568963676453,0.02101367644423028,0.004172013192534251,88.91000366210938,3.561000108718872,3.629499912261963,1710.9000244140625,33.20399856567383,82.54,0.9264,0.086,0.713,98.0777,7.7,82.7,917.0,399708.0,1.6,-0.55708,230.221,231.33,1.764133846085847,1.9528512686261434,0.18871742254029655,2.01,2.41,2851362.0,27904.0,1485795.0,1.62,0.25,0.08,-0.79,41.0,0.0,28.0,63.0,61.0,-0.013171775880273778,1.0099999999999998,4.0,0.13,2.86,-2.73,1.37,1.54
2012-12-07,1418.0699462890625,15.899999618530273,0.1310241481082613,0.02528099878692628,0.01716732738749559,0.00811367139943069,85.93000030517578,3.5510001182556152,3.6475000381469727,1704.0,33.053001403808594,82.37,0.9333,0.082,0.781,98.3101,7.9,72.9,941.0,401093.0,1.59,-0.56557,229.601,231.725,1.741022368747558,1.8996943778720743,0.1586720091245164,2.1,2.5,2859807.0,33997.0,1526122.0,1.64,0.25,0.09,-0.86,41.0,0.0,28.0,63.0,61.0,-0.004421984348656964,0.98,3.7,0.11000000000000001,2.91,-2.8000000000000003,1.39,1.5499999999999998
2012-12-14,1413.5799560546875,17.0,0.1297020099080722,0.028900000000000006,0.01682261137419366,0.012077388625806346,86.7300033569336,3.313999891281128,3.6649999618530273,1695.800048828125,32.222999572753906,83.52,0.9196,0.082,0.781,98.3101,7.9,72.9,941.0,401093.0,1.57,-0.57695,229.601,231.725,1.741022368747558,1.8996943778720743,0.1586720091245164,2.11,2.46,2917260.0,38980.0,1520217.0,1.72,0.24,0.04,-0.74,41.0,0.0,28.0,63.0,61.0,0.0038872904531277457,0.98,3.5600000000000005,0.16,2.91,-2.75,1.48,1.68
2012-12-21,1430.1500244140625,17.84000015258789,0.11255008885589234,0.03182656054443359,0.01266752250146926,0.01915903804296433,88.66000366210938,3.4509999752044678,3.555500030517578,1659.0999755859375,30.142000198364258,84.1,0.9172,0.082,0.781,98.3101,7.9,72.9,941.0,401093.0,1.53,-0.58933,229.601,231.725,1.741022368747558,1.8996943778720743,0.1586720091245164,2.1,2.48,2920231.0,54986.0,1517220.0,1.77,0.26,0.06,-0.71,41.0,0.0,28.0,63.0,61.0,0.01834681849143623,0.98,3.54,0.13,2.91,-2.7800000000000002,1.51,1.71
2012-12-28,1402.4300537109375,22.719999313354492,0.11055521804505887,0.051619836879882856,0.01222245623699051,0.039397380642892346,90.80000305175781,3.4690001010894775,3.577500104904175,1654.9000244140625,29.920000076293945,86.12,0.913,0.082,0.781,98.3101,7.9,72.9,941.0,401093.0,1.53,-0.60139,229.601,231.725,1.741022368747558,1.8996943778720743,0.1586720091245164,2.06,2.46,2907300.0,55563.0,1503482.0,1.73,0.27,0.01,-0.73,41.0,0.0,28.0,63.0,61.0,0.0037465009794596486,0.98,3.58,0.16999999999999998,2.91,-2.74,1.46,1.72
2013-01-04,1466.469970703125,13.829999923706055,0.12748218305414072,0.01912688978897095,0.016251706996249442,0.002875182792721507,93.08999633789062,3.2869999408721924,3.678499937057495,1648.0999755859375,29.895999908447266,88.14,0.9262,0.083,0.775,98.3342,8.0,73.8,940.0,404434.0,1.46,-0.61587,230.28,232.229,1.5948646681225531,1.9098022178631435,0.3149375497405904,2.13,2.48,2917189.0,71564.0,1503866.0,1.93,0.27,0.07,-0.55,35.0,0.0,21.0,56.0,64.0,0.011622779145295414,0.9300000000000006,3.13,0.09,2.8200000000000003,-2.7300000000000004,1.66,1.8599999999999999
2013-01-11,1472.050048828125,13.359999656677246,0.12255792506496704,0.017848959082641613,0.015020444996230077,0.0028285140864115366,93.55999755859375,3.3269999027252197,3.6394999027252197,1660.0,30.367000579833984,89.22,0.912,0.083,0.775,98.3342,8.0,73.8,940.0,404434.0,1.45,-0.62853,230.28,232.229,1.5948646681225531,1.9098022178631435,0.3149375497405904,2.18,2.52,2928728.0,59644.0,1543024.0,1.89,0.26,0.07,-0.63,35.0,0.0,21.0,56.0,64.0,-0.0023566660451572,0.9300000000000006,3.0199999999999996,0.07,2.8200000000000003,-2.7500000000000004,1.63,1.8199999999999998
2013-01-18,1485.97998046875,12.460000038146973,0.12140008232711931,0.015525160095062258,0.014737979989031346,0.0007871801060309117,95.55999755859375,3.565999984741211,3.6635000705718994,1686.5999755859375,31.902000427246094,89.9,0.9346,0.083,0.775,98.3342,8.0,73.8,940.0,404434.0,1.47,-0.63803,230.28,232.229,1.5948646681225531,1.9098022178631435,0.3149375497405904,2.2,2.53,2963812.0,54020.0,1584948.0,1.87,0.26,0.08,-0.66,35.0,0.0,21.0,56.0,64.0,0.0005792766022140548,0.9300000000000006,2.9799999999999995,0.09999999999999999,2.8200000000000003,-2.72,1.61,1.79
2013-01-25,1502.9599609375,12.890000343322754,0.12122602772691163,0.016615210885086076,0.014695749798445948,0.0019194610866401281,95.87999725341797,3.444000005722046,3.6394999027252197,1656.4000244140625,31.18000030517578,91.04,0.9252,0.083,0.775,98.3342,8.0,73.8,940.0,404434.0,1.45,-0.64477,230.28,232.229,1.5948646681225531,1.9098022178631435,0.3149375497405904,2.21,2.54,3011697.0,72207.0,1586337.0,1.98,0.28,0.08,-0.56,35.0,0.0,21.0,56.0,64.0,0.00031498928140279506,0.9300000000000006,2.8200000000000003,0.08,2.8200000000000003,-2.74,1.7,1.9
2013-02-01,1513.1700439453125,12.899999618530273,0.11551981315536511,0.01664099901580812,0.013344827231450465,0.003296171784357654,97.7699966430664,3.3010001182556152,3.7755000591278076,1669.4000244140625,31.941999435424805,92.54,0.903,0.08,0.669,98.7941,7.7,77.6,980.0,409118.0,1.47,-0.64832,232.166,232.569,1.9779235097490577,1.9887385214485631,0.010815011699505384,2.34,2.59,3008704.0,71127.0,1632732.0,2.04,0.27,0.06,-0.55,43.0,1.0,30.0,83.0,59.0,-0.0072848945680018175,0.9499999999999997,2.9600000000000004,0.08000000000000002,2.8699999999999997,-2.7899999999999996,1.77,1.98
2013-02-08,1517.9300537109375,13.020000457763672,0.11514259581145177,0.016952041192016622,0.01325781737019935,0.003694223821817272,95.72000122070312,3.2720000743865967,3.753499984741211,1666.0,31.424999237060547,92.72,0.9183,0.08,0.669,98.7941,7.7,77.6,980.0,409118.0,1.49,-0.64964,232.166,232.569,1.9779235097490577,1.9887385214485631,0.010815011699505384,2.21,2.56,3014975.0,64279.0,1654331.0,1.99,0.25,0.07,-0.57,43.0,1.0,30.0,83.0,59.0,-0.0007714089159723456,0.9499999999999997,3.1,0.07,2.8699999999999997,-2.8,1.74,1.92
2013-02-15,1519.7900390625,12.460000038146973,0.07121279293479005,0.015525160095062258,0.005071261877573284,0.010453898217488974,95.86000061035156,3.1530001163482666,3.7309999465942383,1608.800048828125,29.839000701904297,93.64,0.9226,0.08,0.669,98.7941,7.7,77.6,980.0,409118.0,1.47,-0.65103,232.166,232.569,1.9779235097490577,1.9887385214485631,0.010815011699505384,2.19,2.54,3074225.0,34908.0,1683304.0,2.01,0.29,0.1,-0.53,43.0,1.0,30.0,83.0,59.0,0.0012456661467053671,0.9499999999999997,2.98,0.07,2.8699999999999997,-2.8,1.7199999999999998,1.9099999999999997
2013-02-22,1515.5999755859375,14.170000076293945,0.0868575801909646,0.020078890216217043,0.007544239236629845,0.012534650979587197,93.12999725341797,3.2909998893737793,3.5299999713897705,1572.4000244140625,28.45599937438965,93.35,0.9314,0.08,0.669,98.7941,7.7,77.6,980.0,409118.0,1.47,-0.65204,232.166,232.569,1.9779235097490577,1.9887385214485631,0.010815011699505384,2.2,2.54,3095150.0,24877.0,1667383.0,1.97,0.27,0.13,-0.57,43.0,1.0,30.0,83.0,59.0,-0.019536661830390566,0.9499999999999997,2.9899999999999998,0.06,2.8699999999999997,-2.8099999999999996,1.7,1.8399999999999999
2013-03-01,1518.199951171875,15.359999656677246,0.10899897583429784,0.02359295894531251,0.011880776732925844,0.011712182212386665,90.68000030517578,3.4560000896453857,3.4814999103546143,1571.9000244140625,28.451000213623047,93.38,0.9448,0.08,0.492,99.1921,7.5,78.6,936.0,406223.0,1.49,-0.65251,232.773,232.794,1.4738962125967703,1.8890221377988237,0.4151259252020534,2.2,2.53,3090600.0,43012.0,1683532.0,1.86,0.25,0.11,-0.67,41.0,1.0,26.0,79.0,56.0,-0.002647847000843899,0.9199999999999995,3.04,0.06000000000000001,2.8899999999999997,-2.8299999999999996,1.61,1.75
2013-03-08,1551.1800537109375,12.59000015258789,0.11123083590543742,0.01585081038421631,0.012372298856222347,0.0034785115279939646,91.94999694824219,3.628999948501587,3.491499900817871,1576.5999755859375,28.909000396728516,96.0,0.9535,0.08,0.492,99.1921,7.5,78.6,936.0,406223.0,1.45,-0.6548,232.773,232.794,1.4738962125967703,1.8890221377988237,0.4151259252020534,2.18,2.56,3108805.0,36793.0,1748067.0,2.06,0.27,0.1,-0.5,41.0,1.0,26.0,79.0,56.0,0.011523139148938173,0.9199999999999995,2.8,0.07999999999999999,2.8899999999999997,-2.8099999999999996,1.79,1.96
2013-03-15,1560.699951171875,11.300000190734863,0.1096961492711786,0.012769000431060794,0.012033245164924697,0.0007357552661360969,93.44999694824219,3.871999979019165,3.507999897003174,1592.5,28.816999435424805,95.26,0.9396,0.08,0.492,99.1921,7.5,78.6,936.0,406223.0,1.45,-0.65767,232.773,232.794,1.4738962125967703,1.8890221377988237,0.4151259252020534,2.3,2.56,3165396.0,43000.0,1760956.0,2.01,0.25,0.09,-0.55,41.0,1.0,26.0,79.0,56.0,0.0005164377171375332,0.9199999999999995,2.76,0.07,2.8899999999999997,-2.82,1.7599999999999998,1.9199999999999997
2013-03-22,1556.8900146484375,13.569999694824219,0.10481028934705962,0.01841448917175294,0.010985196753014358,0.0074292924187385825,93.70999908447266,3.927000045776367,3.4539999961853027,1606.199951171875,28.666000366210938,94.48,0.9402,0.08,0.492,99.1921,7.5,78.6,936.0,406223.0,1.48,-0.66067,232.773,232.794,1.4738962125967703,1.8890221377988237,0.4151259252020534,2.23,2.53,3206888.0,71366.0,1753364.0,1.93,0.26,0.07,-0.6,41.0,1.0,26.0,79.0,56.0,-0.017785774161569456,0.9199999999999995,2.8200000000000003,0.04999999999999999,2.8899999999999997,-2.84,1.67,1.8599999999999999
2013-03-29,1569.18994140625,12.699999809265137,0.10692901152154562,0.01612899951553345,0.011433813504974836,0.004695186010558615,97.2300033569336,4.02400016784668,3.3949999809265137,1594.800048828125,28.29199981689453,94.16,0.949,0.08,0.492,99.1921,7.5,78.6,936.0,406223.0,1.5,-0.66532,232.773,232.794,1.4738962125967703,1.8890221377988237,0.4151259252020534,2.24,2.51,3202256.0,68019.0,1776369.0,1.87,0.25,0.07,-0.64,41.0,1.0,26.0,79.0,56.0,-0.015234689432784533,0.9199999999999995,2.84,0.039999999999999994,2.8899999999999997,-2.8499999999999996,1.62,1.8
2013-04-05,1553.280029296875,13.920000076293945,0.10444618926769923,0.019376640212402343,0.01090900645254405,0.008467633759858293,92.69999694824219,4.125,3.3399999141693115,1575.4000244140625,27.201000213623047,96.86,0.9324,0.07,0.589,99.1065,7.6,76.4,1012.0,404231.0,1.51,-0.67247,232.531,232.832,1.063085381489448,1.715558856294086,0.6524734748046379,2.1,2.46,3215432.0,76144.0,1801101.0,1.72,0.24,0.07,-0.74,41.0,0.0,25.0,77.0,54.0,-0.023534228342178366,0.8599999999999999,3.1900000000000004,0.04999999999999999,2.83,-2.7800000000000002,1.48,1.65
2013-04-12,1588.8499755859375,12.0600004196167,0.08441567925601047,0.014544361012115497,0.007126006904253636,0.00741835410786186,91.29000091552734,4.2220001220703125,3.3489999771118164,1501.0,26.32200050354004,98.98,0.929,0.07,0.589,99.1065,7.6,76.4,1012.0,404231.0,1.48,-0.68283,232.531,232.832,1.063085381489448,1.715558856294086,0.6524734748046379,2.11,2.43,3227762.0,58767.0,1843724.0,1.75,0.22,0.06,-0.68,41.0,0.0,25.0,77.0,54.0,-0.00600957171521414,0.8599999999999999,2.99,0.06,2.83,-2.77,1.53,1.69
2013-04-19,1555.25,14.970000267028809,0.12663977664267187,0.022410090799484257,0.01603763302810582,0.006372457771378438,88.01000213623047,4.4079999923706055,3.1514999866485596,1395.300048828125,22.954999923706055,99.28,0.9324,0.07,0.589,99.1065,7.6,76.4,1012.0,404231.0,1.49,-0.69348,232.531,232.832,1.063085381489448,1.715558856294086,0.6524734748046379,2.04,2.32,3295109.0,82572.0,1855933.0,1.73,0.24,0.05,-0.59,41.0,0.0,25.0,77.0,54.0,-0.03369635717221153,0.8599999999999999,3.0200000000000005,0.06999999999999999,2.83,-2.7600000000000002,1.49,1.68
2013-04-26,1582.239990234375,13.609999656677246,0.12922910021296086,0.018523209065475475,0.01670016034185148,0.0018230487236239948,93.0,4.151000022888184,3.184999942779541,1453.5999755859375,23.757999420166016,97.84,0.9414,0.07,0.589,99.1065,7.6,76.4,1012.0,404231.0,1.47,-0.70558,232.531,232.832,1.063085381489448,1.715558856294086,0.6524734748046379,2.11,2.38,3318649.0,128700.0,1818122.0,1.7,0.22,0.05,-0.68,41.0,0.0,25.0,77.0,54.0,0.025065924444435263,0.8599999999999999,2.84,0.06999999999999999,2.83,-2.7600000000000002,1.48,1.65
2013-05-03,1614.4200439453125,12.850000381469727,0.13358050635046478,0.01651225098037721,0.017843751676846563,-0.0013315006964693538,95.61000061035156,4.040999889373779,3.313499927520752,1464.300048828125,23.975000381469727,99.1,0.934,0.07,0.879,99.1839,7.5,84.5,1003.0,406677.0,1.45,-0.71527,232.945,232.996,1.3619650588516885,1.6455519491850756,0.28358689033338713,2.03,2.31,3317194.0,157054.0,1831841.0,1.78,0.22,0.05,-0.53,39.0,1.0,26.0,79.0,55.0,0.02214829652476924,0.8400000000000003,2.4000000000000004,0.08,2.8000000000000007,-2.7200000000000006,1.56,1.73
2013-05-10,1633.699951171875,12.59000015258789,0.1319361906256432,0.01585081038421631,0.017407158396806063,-0.0015563480125897512,96.04000091552734,3.9100000858306885,3.3559999465942383,1436.800048828125,23.631999969482422,101.74,0.9594,0.07,0.879,99.1839,7.5,84.5,1003.0,406677.0,1.43,-0.72017,232.945,232.996,1.3619650588516885,1.6455519491850756,0.28358689033338713,2.05,2.35,3324615.0,144071.0,1853217.0,1.9,0.26,0.04,-0.45,39.0,1.0,26.0,79.0,55.0,0.023862475545119482,0.8400000000000003,2.3000000000000007,0.07999999999999999,2.8000000000000007,-2.7200000000000006,1.64,1.8599999999999999
2013-05-17,1667.469970703125,12.449999809265137,0.13029504239117382,0.015500249525070196,0.016976798071717782,-0.001476548546647586,96.0199966430664,4.054999828338623,3.321000099182129,1364.9000244140625,22.339000701904297,102.98,0.9731,0.07,0.879,99.1839,7.5,84.5,1003.0,406677.0,1.42,-0.7179,232.945,232.996,1.3619650588516885,1.6455519491850756,0.28358689033338713,1.98,2.26,3354269.0,89999.0,1917007.0,1.95,0.26,0.04,-0.31,39.0,1.0,26.0,79.0,55.0,0.005124569276647138,0.8400000000000003,2.4400000000000004,0.07999999999999999,2.8000000000000007,-2.7200000000000006,1.69,1.91
2013-05-24,1649.5999755859375,13.989999771118164,0.1297187312714101,0.019572009359588628,0.016826949242664306,0.0027450601169243215,94.1500015258789,4.236999988555908,3.2915000915527344,1386.800048828125,22.48200035095215,100.98,0.9621,0.07,0.879,99.1839,7.5,84.5,1003.0,406677.0,1.42,-0.7084,232.945,232.996,1.3619650588516885,1.6455519491850756,0.28358689033338713,1.93,2.27,3398713.0,33233.0,1961690.0,2.01,0.26,0.04,-0.26,39.0,1.0,26.0,79.0,55.0,0.0022433921872161804,0.8400000000000003,2.5200000000000005,0.060000000000000005,2.8000000000000007,-2.7400000000000007,1.7499999999999998,1.9699999999999998
2013-05-31,1630.739990234375,16.299999237060547,0.10186113601450367,0.026568997512817442,0.010375691030165215,0.01619330648265223,91.97000122070312,3.9839999675750732,3.2890000343322754,1392.5999755859375,22.22800064086914,100.83,0.9583,0.07,0.879,99.1839,7.5,84.5,1003.0,406677.0,1.47,-0.69234,232.945,232.996,1.3619650588516885,1.6455519491850756,0.28358689033338713,1.87,2.21,3385128.0,13502.0,1979200.0,2.16,0.3,0.04,-0.05,38.0,0.0,24.0,79.0,58.0,0.02487833096234393,0.8400000000000003,2.6900000000000004,0.060000000000000005,2.8000000000000007,-2.7400000000000007,1.86,2.12
2013-06-07,1643.3800048828125,15.140000343322754,0.11512440185112692,0.02292196103958131,0.013253627901579756,0.009668333138001556,96.02999877929688,3.828000068664551,3.2660000324249268,1383.0,21.73699951171875,97.2,0.9342,0.07,0.822,99.3897,7.5,84.1,942.0,407921.0,1.54,-0.67297,233.504,233.35,1.7544165453768912,1.6230952474272975,-0.13132129794959368,1.89,2.14,3400183.0,30230.0,2018582.0,2.17,0.32,0.04,0.03,38.0,0.0,24.0,79.0,58.0,-0.004704047475666698,0.9200000000000008,2.59,0.060000000000000005,2.8900000000000006,-2.8300000000000005,1.8499999999999999,2.13
2013-06-14,1626.72998046875,17.149999618530273,0.12320574825163766,0.02941224869155885,0.015179656402245917,0.014232592289312933,97.8499984741211,3.7330000400543213,3.2044999599456787,1387.300048828125,21.952999114990234,94.34,0.9222,0.07,0.822,99.3897,7.5,84.1,942.0,407921.0,1.57,-0.65422,233.504,233.35,1.7544165453768912,1.6230952474272975,-0.13132129794959368,1.82,2.05,3410842.0,43056.0,2031047.0,2.14,0.29,0.05,0.09,38.0,0.0,24.0,79.0,58.0,-0.01284650733749948,0.9200000000000008,2.74,0.039999999999999994,2.8900000000000006,-2.8500000000000005,1.85,2.0900000000000003
2013-06-21,1592.4300537109375,18.899999618530273,0.14831842585887176,0.03572099855804444,0.02199835544925364,0.013722643108790802,93.69000244140625,3.7709999084472656,3.0964999198913574,1291.5999755859375,19.95800018310547,97.48,0.9354,0.07,0.822,99.3897,7.5,84.1,942.0,407921.0,1.66,-0.63876,233.504,233.35,1.7544165453768912,1.6230952474272975,-0.13132129794959368,1.66,1.93,3470530.0,79129.0,1994315.0,2.52,0.38,0.05,0.59,38.0,0.0,24.0,79.0,58.0,0.004993933134109119,0.9200000000000008,2.79,0.06999999999999999,2.8900000000000006,-2.8200000000000007,2.14,2.47
2013-06-28,1606.280029296875,16.860000610351562,0.1542154530317786,0.02842596205810551,0.023782405953796715,0.004643556104308794,96.55999755859375,3.565000057220459,3.05049991607666,1223.800048828125,19.451000213623047,99.21,0.945,0.07,0.822,99.3897,7.5,84.1,942.0,407921.0,1.67,-0.63143,233.504,233.35,1.7544165453768912,1.6230952474272975,-0.13132129794959368,1.76,1.99,3478672.0,97212.0,1981754.0,2.52,0.36,0.04,0.53,38.0,0.0,24.0,79.0,58.0,-0.007002272704382288,0.9200000000000008,2.8600000000000003,0.07999999999999999,2.8900000000000006,-2.8100000000000005,2.16,2.48
2013-07-05,1631.8900146484375,14.890000343322754,0.15346154607149082,0.022171211022415174,0.023550446122652297,-0.0013792351002371236,103.22000122070312,3.617000102996826,3.0799999237060547,1212.9000244140625,18.72599983215332,100.94,0.9624,0.07,0.79,99.0814,7.3,85.1,997.0,410268.0,1.64,-0.63162,233.596,233.88,1.9606816118443948,1.7002217680567089,-0.26045984378768594,1.87,2.07,3492742.0,118745.0,2023336.0,2.73,0.4,0.04,0.66,36.0,0.0,25.0,72.0,59.0,0.017256569044144854,0.9800000000000004,2.46,0.07,2.74,-2.6700000000000004,2.33,2.69
2013-07-12,1680.18994140625,13.84000015258789,0.15783451024968706,0.019154560422363288,0.02491173262575857,-0.005757172203395281,105.94999694824219,3.6440000534057617,3.1705000400543213,1277.800048828125,19.77899932861328,99.39,0.9468,0.07,0.79,99.0814,7.3,85.1,997.0,410268.0,1.6,-0.6389,233.596,233.88,1.9606816118443948,1.7002217680567089,-0.26045984378768594,1.84,2.06,3504095.0,88690.0,2070591.0,2.61,0.37,0.04,0.55,36.0,0.0,25.0,72.0,59.0,-0.010276777222657445,0.9800000000000004,2.2199999999999998,0.07,2.74,-2.6700000000000004,2.2399999999999998,2.57
2013-07-19,1692.0899658203125,12.539999961853027,0.14229253715621235,0.01572515990432739,0.02024716613035207,-0.00452200622602468,108.05000305175781,3.7890000343322754,3.1500000953674316,1293.300048828125,19.447999954223633,100.3,0.9401,0.07,0.79,99.0814,7.3,85.1,997.0,410268.0,1.54,-0.65088,233.596,233.88,1.9606816118443948,1.7002217680567089,-0.26045984378768594,1.91,2.21,3537861.0,70158.0,2092289.0,2.5,0.32,0.03,0.29,36.0,0.0,25.0,72.0,59.0,-0.0047442777905686295,0.9800000000000004,1.9799999999999995,0.07,2.74,-2.6700000000000004,2.18,2.47
2013-07-26,1691.6500244140625,12.720000267028809,0.12604825749657078,0.016179840679321295,0.015888163217921813,0.0002916774613994817,104.69999694824219,3.555000066757202,3.1089999675750732,1321.699951171875,19.764999389648438,98.24,0.9289,0.07,0.79,99.0814,7.3,85.1,997.0,410268.0,1.53,-0.66245,233.596,233.88,1.9606816118443948,1.7002217680567089,-0.26045984378768594,1.83,2.15,3574574.0,58403.0,2094920.0,2.58,0.31,0.03,0.43,36.0,0.0,25.0,72.0,59.0,-0.0037947460401613524,0.9800000000000004,2.13,0.07,2.74,-2.6700000000000004,2.27,2.5500000000000003
2013-08-02,1709.6700439453125,11.979999542236328,0.08686359379168923,0.014352038903198262,0.007545283926407592,0.00680675497679067,106.94000244140625,3.3469998836517334,3.1695001125335693,1310.5999755859375,19.902999877929688,99.04,0.9293,0.07,0.708,99.6543,7.2,82.1,964.0,409691.0,1.53,-0.67061,233.877,234.336,1.518367559543199,1.782107690904433,0.2637401313612342,1.91,2.21,3571797.0,60063.0,2154522.0,2.63,0.3,0.04,0.42,39.0,2.0,32.0,76.0,69.0,0.009301859856571726,0.8799999999999999,2.0,0.049999999999999996,2.6799999999999997,-2.63,2.33,2.59
2013-08-09,1691.4200439453125,13.40999984741211,0.07670503527196106,0.01798280959075928,0.005883662436072789,0.01209914715468649,105.97000122070312,3.2300000190734863,3.308500051498413,1312.9000244140625,20.39900016784668,96.24,0.9221,0.07,0.708,99.6543,7.2,82.1,964.0,409691.0,1.53,-0.67456,233.877,234.336,1.518367559543199,1.782107690904433,0.2637401313612342,1.91,2.24,3585359.0,60845.0,2171441.0,2.57,0.32,0.05,0.33,39.0,2.0,32.0,76.0,69.0,-0.0004429654855058942,0.8799999999999999,2.0599999999999996,0.05,2.6799999999999997,-2.63,2.25,2.52
2013-08-16,1655.8299560546875,14.369999885559082,0.08579383240706721,0.020649689671096802,0.007360581679091936,0.013289107992004865,107.45999908447266,3.368000030517578,3.364500045776367,1371.699951171875,23.316999435424805,97.6,0.9269,0.07,0.708,99.6543,7.2,82.1,964.0,409691.0,1.53,-0.6739,233.877,234.336,1.518367559543199,1.782107690904433,0.2637401313612342,1.79,2.16,3646323.0,64121.0,2175545.0,2.84,0.36,0.05,0.68,39.0,2.0,32.0,76.0,69.0,0.017449252903114644,0.8799999999999999,1.96,0.039999999999999994,2.6799999999999997,-2.6399999999999997,2.48,2.79
2013-08-23,1663.5,13.979999542236328,0.08089198111018933,0.019544038720092798,0.0065435126079312275,0.01300052611216157,106.41999816894531,3.484999895095825,3.3519999980926514,1395.699951171875,23.732999801635742,98.57,0.9207,0.07,0.708,99.6543,7.2,82.1,964.0,409691.0,1.54,-0.6701,233.877,234.336,1.518367559543199,1.782107690904433,0.2637401313612342,1.82,2.13,3645668.0,51174.0,2193671.0,2.82,0.4,0.03,0.69,39.0,2.0,32.0,76.0,69.0,0.003218039507572342,0.8799999999999999,2.01,0.05,2.6799999999999997,-2.63,2.42,2.79
2013-08-30,1632.969970703125,17.010000228881836,0.09118945969420451,0.02893401077865601,0.00831551755932095,0.02061849321933506,107.6500015258789,3.5810000896453857,3.2249999046325684,1396.0999755859375,23.46299934387207,98.22,0.9313,0.07,0.708,99.6543,7.2,82.1,964.0,409691.0,1.55,-0.66629,233.877,234.336,1.518367559543199,1.782107690904433,0.2637401313612342,1.78,2.1,3644456.0,37298.0,2222481.0,2.78,0.39,0.03,0.68,39.0,2.0,32.0,76.0,69.0,-0.005752645608765242,0.8799999999999999,2.0199999999999996,0.05,2.6799999999999997,-2.63,2.3899999999999997,2.75
2013-09-06,1655.1700439453125,15.850000381469727,0.09505845591823416,0.025122251209259046,0.009036110041558866,0.01608614116770018,110.52999877929688,3.5299999713897705,3.257999897003174,1386.699951171875,23.841999053955078,99.04,0.9385,0.07,0.669,100.161,7.2,77.5,1004.0,410044.0,1.54,-0.66465,234.149,234.7,1.184925261552161,1.7519368418314363,0.5670115802792752,1.71,2.07,3654182.0,32432.0,2266587.0,2.94,0.46,0.02,0.87,38.0,3.0,24.0,80.0,64.0,0.010251700810727016,0.8300000000000001,1.8199999999999998,0.06999999999999999,2.6599999999999997,-2.59,2.48,2.92
2013-09-13,1687.989990234375,14.15999984741211,0.09600929482325701,0.020050559567871093,0.009217784692459086,0.010832774875412007,108.20999908447266,3.677000045776367,3.2070000171661377,1308.4000244140625,21.670000076293945,99.38,0.9319,0.07,0.669,100.161,7.2,77.5,1004.0,410044.0,1.54,-0.66656,234.149,234.7,1.184925261552161,1.7519368418314363,0.5670115802792752,1.75,2.1,3662035.0,38551.0,2265831.0,2.9,0.45,0.01,0.8,38.0,3.0,24.0,80.0,64.0,0.005129180140560408,0.8300000000000001,1.7899999999999996,0.07,2.6599999999999997,-2.59,2.4499999999999997,2.89
2013-09-20,1709.9100341796875,13.119999885559082,0.10413967890960729,0.017213439699707036,0.010845072723396106,0.00636836697631093,104.68000030517578,3.687000036239624,3.327500104904175,1332.5,21.875999450683594,99.38,0.9104,0.07,0.669,100.161,7.2,77.5,1004.0,410044.0,1.52,-0.6713,234.149,234.7,1.184925261552161,1.7519368418314363,0.5670115802792752,1.85,2.23,3722192.0,48099.0,2293383.0,2.75,0.34,0.01,0.52,38.0,3.0,24.0,80.0,64.0,-5.529686389745339e-05,0.8300000000000001,1.73,0.060000000000000005,2.6599999999999997,-2.5999999999999996,2.41,2.74
2013-09-27,1691.75,15.460000038146973,0.09545736039649302,0.023901160117950442,0.009112107653865956,0.014789052464084487,102.87000274658203,3.5889999866485596,3.325500011444092,1338.4000244140625,21.783000946044922,98.3,0.905,0.07,0.669,100.161,7.2,77.5,1004.0,410044.0,1.53,-0.67864,234.149,234.7,1.184925261552161,1.7519368418314363,0.5670115802792752,1.76,2.18,3734018.0,44991.0,2278603.0,2.64,0.34,0.02,0.46,38.0,3.0,24.0,80.0,64.0,0.004642702471955307,0.8300000000000001,1.94,0.06999999999999999,2.6599999999999997,-2.59,2.3000000000000003,2.62
2013-10-04,1690.5,16.739999771118164,0.09819730888810543,0.028022759233703617,0.009642711472865991,0.018380047760837626,103.83999633789062,3.50600004196167,3.2934999465942383,1309.699951171875,21.704999923706055,97.2,0.9052,0.07,0.59,100.082,7.2,73.2,1044.0,411399.0,1.54,-0.68821,233.546,234.921,0.9636127046434018,1.686837731144819,0.7232250265014173,1.79,2.2,3747387.0,37961.0,2311359.0,2.66,0.33,0.03,0.46,37.0,4.0,27.0,80.0,57.0,0.0028821556874117546,0.7799999999999994,2.08,0.06,2.6899999999999995,-2.6299999999999994,2.33,2.6300000000000003
2013-10-11,1703.199951171875,15.720000267028809,0.11440230300579023,0.02471184083953858,0.013087886933028639,0.011623953906509941,102.0199966430664,3.7760000228881836,3.265000104904175,1268.0,21.21500015258789,98.42,0.9103,0.07,0.59,100.082,7.2,73.2,1044.0,411399.0,1.5,-0.70038,233.546,234.921,0.9636127046434018,1.686837731144819,0.7232250265014173,1.79,2.2,3758663.0,28728.0,2359390.0,2.7,0.35,0.08,0.5,37.0,4.0,27.0,80.0,57.0,-0.00895115260982952,0.7799999999999994,2.0,0.08,2.6899999999999995,-2.6099999999999994,2.35,2.62
2013-10-18,1744.5,13.039999961853027,0.12202434818114222,0.017004159900512694,0.014889941549032625,0.0021142183514800683,100.80999755859375,3.7639999389648438,3.2929999828338623,1314.4000244140625,21.868999481201172,97.77,0.9013,0.07,0.59,100.082,7.2,73.2,1044.0,411399.0,1.46,-0.71423,233.546,234.921,0.9636127046434018,1.686837731144819,0.7232250265014173,1.78,2.18,3813599.0,35301.0,2370944.0,2.6,0.33,0.04,0.42,37.0,4.0,27.0,80.0,57.0,0.00580811619083536,0.7799999999999994,1.8399999999999999,0.13999999999999999,2.6899999999999995,-2.5499999999999994,2.27,2.56
2013-10-25,1759.77001953125,13.09000015258789,0.11982287340379003,0.017134810399475103,0.014357520990740691,0.0027772894087344114,97.8499984741211,3.7070000171661377,3.265500068664551,1352.4000244140625,22.60300064086914,97.46,0.8939,0.07,0.59,100.082,7.2,73.2,1044.0,411399.0,1.45,-0.72797,233.546,234.921,0.9636127046434018,1.686837731144819,0.7232250265014173,1.77,2.19,3839033.0,44193.0,2357446.0,2.53,0.32,0.04,0.34,37.0,4.0,27.0,80.0,57.0,-0.002143179454248651,0.7799999999999994,1.7999999999999998,0.030000000000000006,2.6899999999999995,-2.6599999999999997,2.21,2.4899999999999998
2013-11-01,1761.6400146484375,13.279999732971191,0.11447293427182688,0.017635839290771494,0.013104052680801996,0.004531786609969498,94.61000061035156,3.513000011444092,3.2934999465942383,1313.0999755859375,21.804000854492188,98.78,0.9124,0.07,0.605,100.3158,6.9,75.1,1029.0,412561.0,1.44,-0.73986,233.069,235.359,1.2370722045339066,1.7416677473738762,0.5045955428399695,1.7,2.15,3843396.0,31806.0,2424917.0,2.65,0.33,0.04,0.5,36.0,3.0,25.0,75.0,56.0,-0.007991799229465654,0.75,1.5899999999999994,0.019999999999999997,2.6599999999999997,-2.6399999999999997,2.32,2.61
2013-11-08,1770.6099853515625,12.899999618530273,0.12491647614238419,0.01664099901580812,0.015604126011830838,0.001036873003977281,94.5999984741211,3.559000015258789,3.253000020980835,1284.5,21.30699920654297,99.03,0.922,0.07,0.605,100.3158,6.9,75.1,1029.0,412561.0,1.46,-0.75044,233.069,235.359,1.2370722045339066,1.7416677473738762,0.5045955428399695,1.77,2.18,3851623.0,34358.0,2440588.0,2.77,0.32,0.06,0.59,36.0,3.0,25.0,75.0,56.0,0.00611046482456031,0.75,1.6599999999999997,0.0,2.6599999999999997,-2.6599999999999997,2.45,2.71
2013-11-15,1798.1800537109375,12.1899995803833,0.11860194238323515,0.014859608976974506,0.014066420737076231,0.0007931882398982751,93.83999633789062,3.6600000858306885,3.1730000972747803,1287.300048828125,20.716999053955078,100.17,0.9152,0.07,0.605,100.3158,6.9,75.1,1029.0,412561.0,1.45,-0.7593,233.069,235.359,1.2370722045339066,1.7416677473738762,0.5045955428399695,1.8,2.18,3907424.0,45639.0,2449114.0,2.71,0.31,0.08,0.53,36.0,3.0,25.0,75.0,56.0,-0.00046876112977163945,0.75,1.6599999999999997,0.020000000000000004,2.6599999999999997,-2.6399999999999997,2.4,2.63
2013-11-22,1804.760009765625,12.260000228881836,0.09425311395533137,0.015030760561218267,0.00888364949027668,0.006147111070941586,94.83999633789062,3.7679998874664307,3.2265000343322754,1244.0,19.856000900268555,101.29,0.9072,0.07,0.605,100.3158,6.9,75.1,1029.0,412561.0,1.42,-0.766,233.069,235.359,1.2370722045339066,1.7416677473738762,0.5045955428399695,1.76,2.19,3906620.0,49446.0,2473552.0,2.75,0.31,0.07,0.56,36.0,3.0,25.0,75.0,56.0,0.005098199157377599,0.75,1.5799999999999996,0.01999999999999999,2.6599999999999997,-2.6399999999999997,2.44,2.68
2013-11-29,1805.81005859375,13.699999809265137,0.08263207867151877,0.01876899947738648,0.006828060425576067,0.011940939051810411,92.72000122070312,3.9539999961853027,3.2304999828338623,1250.5999755859375,19.981000900268555,102.45,0.9047,0.07,0.605,100.3158,6.9,75.1,1029.0,412561.0,1.41,-0.77127,233.069,235.359,1.2370722045339066,1.7416677473738762,0.5045955428399695,1.69,2.15,3925876.0,53744.0,2466785.0,2.75,0.28,0.06,0.6,36.0,3.0,25.0,75.0,56.0,0.006234101697907797,0.75,1.5100000000000002,0.04000000000000001,2.6599999999999997,-2.6199999999999997,2.4699999999999998,2.69
2013-12-06,1805.0899658203125,13.789999961853027,0.08680569717121306,0.01901640989479065,0.007535229061380347,0.011481180833410303,97.6500015258789,4.113999843597412,3.2695000171661377,1230.300048828125,19.46500015258789,102.88,0.8939,0.07,0.688,100.5175,6.7,82.5,1005.0,414812.0,1.39,-0.77496,233.049,235.759,1.501735619618394,1.7408566188369834,0.23912099921858943,1.65,2.11,3932626.0,37947.0,2492609.0,2.88,0.3,0.06,0.77,34.0,3.0,19.0,65.0,57.0,-0.005669377575669543,0.7599999999999998,1.23,0.03,2.48,-2.45,2.58,2.82
2013-12-13,1775.3199462890625,15.760000228881836,0.09131432277091983,0.024837760721435547,0.008338305543111728,0.016499455178323817,96.5999984741211,4.35099983215332,3.3519999980926514,1235.699951171875,19.55900001525879,103.28,0.8904,0.07,0.688,100.5175,6.7,82.5,1005.0,414812.0,1.35,-0.77795,233.049,235.759,1.501735619618394,1.7408566188369834,0.23912099921858943,1.66,2.16,3993955.0,28992.0,2524024.0,2.88,0.34,0.07,0.72,34.0,3.0,19.0,65.0,57.0,0.010965710436398343,0.7599999999999998,1.2200000000000002,0.009999999999999995,2.48,-2.47,2.54,2.81
2013-12-20,1818.3199462890625,13.789999961853027,0.09471488497275589,0.01901640989479065,0.00897090943540238,0.01004550045938827,99.31999969482422,4.418000221252441,3.3480000495910645,1205.0999755859375,19.417999267578125,104.07,0.8952,0.07,0.688,100.5175,6.7,82.5,1005.0,414812.0,1.3,-0.77974,233.049,235.759,1.501735619618394,1.7408566188369834,0.23912099921858943,1.64,2.16,4008062.0,70572.0,2521300.0,2.89,0.37,0.07,0.73,34.0,3.0,19.0,65.0,57.0,0.007571478766529527,0.7599999999999998,1.1400000000000001,0.03,2.48,-2.45,2.52,2.8200000000000003
2013-12-27,1841.4000244140625,12.460000038146973,0.08643368633569597,0.015525160095062258,0.007470782133577476,0.008054377961484782,100.31999969482422,4.4070000648498535,3.4700000286102295,1216.0999755859375,20.01300048828125,105.05,0.8893,0.07,0.688,100.5175,6.7,82.5,1005.0,414812.0,1.29,-0.78054,233.049,235.759,1.501735619618394,1.7408566188369834,0.23912099921858943,1.68,2.22,4032575.0,99122.0,2474155.0,3.02,0.4,0.07,0.8,34.0,3.0,19.0,65.0,57.0,0.010431139039700351,0.7599999999999998,1.06,0.01999999999999999,2.48,-2.46,2.62,2.95
2014-01-03,1831.3699951171875,13.760000228881836,0.08903973019980302,0.018933760629882817,0.007928073554053713,0.011005687075829104,93.95999908447266,4.303999900817871,3.4059998989105225,1238.4000244140625,20.18199920654297,104.46,0.9044,0.07,0.614,100.1599,6.6,81.2,976.0,411561.0,1.27,-0.77819,233.916,235.961,1.5789473684210575,1.6070344358370292,0.028087067415971667,1.69,2.26,4023640.0,105104.0,2374633.0,3.01,0.41,0.07,0.75,38.0,1.0,19.0,55.0,58.0,0.0037380455792953944,0.7000000000000002,1.12,0.01999999999999999,2.3300000000000005,-2.3100000000000005,2.5999999999999996,2.94
2014-01-10,1842.3699951171875,12.140000343322754,0.08642246942275895,0.014737960833587659,0.007468843221127707,0.007269117612459952,92.72000122070312,4.052999973297119,3.38700008392334,1246.699951171875,20.201000213623047,104.06,0.9032,0.07,0.614,100.1599,6.6,81.2,976.0,411561.0,1.25,-0.77545,233.916,235.961,1.5789473684210575,1.6070344358370292,0.028087067415971667,1.75,2.29,4028185.0,119258.0,2453039.0,2.88,0.39,0.05,0.59,38.0,1.0,19.0,55.0,58.0,-0.015486557526816382,0.7000000000000002,1.0900000000000003,0.039999999999999994,2.3300000000000005,-2.2900000000000005,2.4899999999999998,2.83
2014-01-17,1838.699951171875,12.4399995803833,0.09985243807349171,0.015475358955993671,0.009970509389220499,0.005504849566773173,94.37000274658203,4.326000213623047,3.378499984741211,1251.699951171875,20.267000198364258,104.32,0.91,0.07,0.614,100.1599,6.6,81.2,976.0,411561.0,1.23,-0.77135,233.916,235.961,1.5789473684210575,1.6070344358370292,0.028087067415971667,1.72,2.26,4071528.0,80022.0,2527883.0,2.84,0.4,0.05,0.58,38.0,1.0,19.0,55.0,58.0,-0.0005636730650619239,0.7000000000000002,1.02,0.05,2.3300000000000005,-2.2800000000000007,2.44,2.79
2014-01-24,1790.2900390625,18.139999389648438,0.11578151703363218,0.03290595778564456,0.01340535968660926,0.0195005980990353,96.63999938964844,5.182000160217285,3.303999900817871,1264.5,19.743000030517578,102.41,0.8949,0.07,0.614,100.1599,6.6,81.2,976.0,411561.0,1.27,-0.76719,233.916,235.961,1.5789473684210575,1.6070344358370292,0.028087067415971667,1.68,2.14,4097914.0,77798.0,2522890.0,2.75,0.37,0.04,0.61,38.0,1.0,19.0,55.0,58.0,-0.01746185152864488,0.7000000000000002,1.2200000000000002,0.049999999999999996,2.3300000000000005,-2.2800000000000007,2.38,2.71
2014-01-31,1782.5899658203125,18.40999984741211,0.12101683433942857,0.03389280943817139,0.014645074193536698,0.019247735244634693,97.48999786376953,4.942999839782715,3.2204999923706055,1240.0999755859375,19.104999542236328,102.28,0.9052,0.07,0.614,100.1599,6.6,81.2,976.0,411561.0,1.3,-0.76465,233.916,235.961,1.5789473684210575,1.6070344358370292,0.028087067415971667,1.72,2.14,4102138.0,89337.0,2519198.0,2.67,0.34,0.02,0.53,41.0,3.0,24.0,82.0,55.0,-0.00981865091156949,0.7000000000000002,1.35,0.06,2.3300000000000005,-2.2700000000000005,2.33,2.65
2014-02-07,1797.02001953125,15.289999961853027,0.14021083637269768,0.023378409883346555,0.019659078636331404,0.0037193312470151507,99.87999725341797,4.775000095367432,3.2709999084472656,1263.300048828125,19.920000076293945,102.32,0.8992,0.08,0.586,100.9168,6.7,81.6,1039.0,416736.0,1.29,-0.76531,234.781,236.185,1.1263492501055294,1.5548073904948723,0.4284581403893428,1.77,2.18,4109285.0,80081.0,2542276.0,2.71,0.3,0.08,0.53,41.0,3.0,24.0,82.0,55.0,0.009912102299164838,0.6499999999999995,1.4900000000000002,0.020000000000000004,2.3899999999999997,-2.3699999999999997,2.41,2.63
2014-02-14,1838.6300048828125,13.569999694824219,0.14253497091049872,0.01841448917175294,0.020316217932456714,-0.0019017287607037726,100.30000305175781,5.214000225067139,3.320499897003174,1319.0,21.410999298095703,101.82,0.8928,0.08,0.586,100.9168,6.7,81.6,1039.0,416736.0,1.25,-0.76911,234.781,236.185,1.1263492501055294,1.5548073904948723,0.4284581403893428,1.67,2.16,4119474.0,36410.0,2589669.0,2.75,0.32,0.02,0.59,41.0,3.0,24.0,82.0,55.0,-0.007841777814146557,0.6499999999999995,1.3200000000000003,0.09,2.3899999999999997,-2.3,2.43,2.73
2014-02-21,1836.25,14.680000305175781,0.1437858247471338,0.021550240895996102,0.020674363398213477,0.0008758774977826247,102.19999694824219,6.135000228881836,3.3359999656677246,1323.9000244140625,21.777000427246094,102.71,0.8888,0.08,0.586,100.9168,6.7,81.6,1039.0,416736.0,1.24,-0.77345,234.781,236.185,1.1263492501055294,1.5548073904948723,0.4284581403893428,1.74,2.12,4149224.0,41184.0,2616352.0,2.73,0.33,0.05,0.61,41.0,3.0,24.0,82.0,55.0,-0.0043908673601176975,0.6499999999999995,1.19,0.06,2.3899999999999997,-2.3299999999999996,2.4,2.68
2014-02-28,1859.449951171875,14.0,0.1364313174227248,0.019600000000000003,0.01861350437370029,0.000986495626299714,102.58999633789062,4.609000205993652,3.2385001182556152,1321.4000244140625,21.20400047302246,102.08,0.881,0.08,0.586,100.9168,6.7,81.6,1039.0,416736.0,1.22,-0.77766,234.781,236.185,1.1263492501055294,1.5548073904948723,0.4284581403893428,1.79,2.17,4159972.0,46704.0,2599898.0,2.66,0.33,0.05,0.49,46.0,2.0,22.0,73.0,51.0,0.00671235161902565,0.6499999999999995,1.1,0.039999999999999994,2.3899999999999997,-2.3499999999999996,2.33,2.6100000000000003
2014-03-07,1878.0400390625,14.109999656677246,0.14144183155179993,0.019909209031143203,0.020005791712727747,-9.658268158454358e-05,102.58000183105469,4.618000030517578,3.1565001010894775,1338.0999755859375,20.89699935913086,103.38,0.8785,0.07,0.605,101.8942,6.7,80.0,1067.0,421230.0,1.21,-0.78062,236.293,236.625,1.51220287576308,1.6456609706435588,0.13345809488047866,1.83,2.23,4171762.0,45394.0,2629608.0,2.8,0.38,0.06,0.57,46.0,2.0,22.0,73.0,51.0,0.01425892485843172,0.6799999999999997,1.0699999999999998,0.04000000000000001,2.3399999999999994,-2.2999999999999994,2.42,2.7399999999999998
2014-03-14,1841.1300048828125,17.81999969482422,0.12294239064176121,0.031755238912353524,0.015114831416711414,0.01664040749564211,98.88999938964844,4.425000190734863,3.013000011444092,1379.0,21.384000778198242,101.46,0.8712,0.07,0.605,101.8942,6.7,80.0,1067.0,421230.0,1.25,-0.78108,236.293,236.625,1.51220287576308,1.6456609706435588,0.13345809488047866,1.74,2.17,4181361.0,56141.0,2652021.0,2.65,0.36,0.05,0.48,46.0,2.0,22.0,73.0,51.0,-0.02442982607198685,0.6799999999999997,1.2399999999999998,0.05,2.3399999999999994,-2.2899999999999996,2.29,2.6
2014-03-21,1866.52001953125,15.0,0.09821028317376362,0.0225,0.009645259721070838,0.012854740278929161,99.45999908447266,4.313000202178955,2.99399995803833,1336.0,20.285999298095703,102.38,0.8836,0.07,0.605,101.8942,6.7,80.0,1067.0,421230.0,1.2,-0.78017,236.293,236.625,1.51220287576308,1.6456609706435588,0.13345809488047866,1.79,2.14,4222081.0,88345.0,2644893.0,2.75,0.45,0.06,0.61,46.0,2.0,22.0,73.0,51.0,0.014866594874915373,0.6799999999999997,1.0399999999999996,0.04000000000000001,2.3399999999999994,-2.2999999999999994,2.3,2.69
2014-03-28,1857.6199951171875,14.40999984741211,0.09206434705018837,0.0207648095602417,0.00847584399777753,0.01228896556246417,101.66999816894531,4.485000133514404,3.059000015258789,1293.800048828125,19.77199935913086,102.92,0.8869,0.07,0.605,101.8942,6.7,80.0,1067.0,421230.0,1.17,-0.77738,236.293,236.625,1.51220287576308,1.6456609706435588,0.13345809488047866,1.72,2.13,4226971.0,102040.0,2612237.0,2.73,0.45,0.04,0.6,46.0,2.0,22.0,73.0,51.0,-0.008289570187027955,0.6799999999999997,1.0099999999999998,0.060000000000000005,2.3399999999999994,-2.2799999999999994,2.28,2.69
2014-04-04,1865.0899658203125,13.960000038146973,0.09987360184367701,0.019488160106506346,0.009974736345229324,0.009513423761277022,101.13999938964844,4.439000129699707,3.0429999828338623,1303.199951171875,19.927000045776367,103.39,0.8918,0.06,0.61,101.9928,6.2,84.1,1090.0,425546.0,1.16,-0.77546,237.072,237.072,1.9528578985167577,1.8210555250137483,-0.13180237350300938,1.71,2.13,4236441.0,96163.0,2581373.0,2.74,0.43,0.03,0.61,39.0,3.0,21.0,72.0,49.0,0.00044606810243615503,0.6600000000000001,0.9700000000000002,0.07,2.1900000000000004,-2.1200000000000006,2.31,2.7100000000000004
2014-04-11,1815.68994140625,17.030000686645508,0.12679778767185396,0.029002092338714647,0.01607767895847656,0.012924413380238087,103.73999786376953,4.619999885559082,3.065999984741211,1318.699951171875,19.933000564575195,101.56,0.8748,0.06,0.61,101.9928,6.2,84.1,1090.0,425546.0,1.16,-0.7729,237.072,237.072,1.9528578985167577,1.8210555250137483,-0.13180237350300938,1.64,2.13,4244188.0,62436.0,2684341.0,2.63,0.37,0.04,0.5,39.0,3.0,21.0,72.0,49.0,-0.01649188634123503,0.6600000000000001,1.1099999999999999,0.060000000000000005,2.1900000000000004,-2.1300000000000003,2.26,2.59
2014-04-18,1864.8499755859375,13.359999656677246,0.12518224818935733,0.017848959082641613,0.015670595261741856,0.002178363820899757,104.30000305175781,4.741000175476074,3.069499969482422,1293.4000244140625,19.586000442504883,102.43,0.8832,0.06,0.61,101.9928,6.2,84.1,1090.0,425546.0,1.14,-0.77104,237.072,237.072,1.9528578985167577,1.8210555250137483,-0.13180237350300938,1.95,2.21,4283967.0,65457.0,2724744.0,2.73,0.43,0.03,0.52,39.0,3.0,21.0,72.0,49.0,0.013036448541031104,0.6600000000000001,0.9700000000000002,0.07,2.1900000000000004,-2.1200000000000006,2.3,2.7
2014-04-25,1863.4000244140625,14.0600004196167,0.12302264608007918,0.01976836117996218,0.015134571448544422,0.004633789731417757,100.5999984741211,4.646999835968018,3.127000093460083,1300.699951171875,19.684999465942383,102.12,0.8809,0.06,0.61,101.9928,6.2,84.1,1090.0,425546.0,1.14,-0.77041,237.072,237.072,1.9528578985167577,1.8210555250137483,-0.13180237350300938,1.96,2.2,4296339.0,111394.0,2641132.0,2.68,0.43,0.03,0.48,39.0,3.0,21.0,72.0,49.0,-0.013939987553159469,0.6600000000000001,0.98,0.04000000000000001,2.1900000000000004,-2.1500000000000004,2.25,2.6500000000000004
2014-05-02,1881.1400146484375,12.90999984741211,0.11650787958976823,0.01666680960601807,0.013574086006503932,0.0030927235995141383,99.76000213623047,4.673999786376953,3.0815000534057617,1302.5999755859375,19.492000579833984,102.34,0.8789,0.07,0.566,102.3836,6.3,81.9,1018.0,426253.0,1.14,-0.77171,237.9,237.529,2.1271115499366777,1.9455269618362525,-0.18158458810042521,1.95,2.19,4296049.0,84126.0,2609418.0,2.6,0.42,0.02,0.41,39.0,4.0,22.0,81.0,52.0,0.008923113056734728,0.5999999999999996,1.17,0.06999999999999999,2.1999999999999997,-2.13,2.18,2.58
2014-05-09,1878.47998046875,12.920000076293945,0.11681958451294581,0.016692640197143553,0.01364681532577729,0.003045824871366263,99.98999786376953,4.531000137329102,3.1005001068115234,1287.300048828125,19.07699966430664,101.74,0.886,0.07,0.566,102.3836,6.3,81.9,1018.0,426253.0,1.13,-0.77465,237.9,237.529,2.1271115499366777,1.9455269618362525,-0.18158458810042521,1.92,2.18,4303143.0,91397.0,2597621.0,2.62,0.4,0.03,0.44,39.0,4.0,22.0,81.0,52.0,-0.0014343243931846938,0.5999999999999996,1.1800000000000002,0.07,2.1999999999999997,-2.13,2.22,2.5900000000000003
2014-05-16,1877.8599853515625,12.4399995803833,0.11984433631907232,0.015475358955993671,0.014362664947758917,0.001112694008234754,102.0199966430664,4.413000106811523,3.1610000133514404,1293.300048828125,19.29199981689453,101.5,0.891,0.07,0.566,102.3836,6.3,81.9,1018.0,426253.0,1.13,-0.77884,237.9,237.529,2.1271115499366777,1.9455269618362525,-0.18158458810042521,1.94,2.18,4336649.0,71250.0,2630836.0,2.52,0.38,0.03,0.34,39.0,4.0,22.0,81.0,52.0,0.0010601124230020058,0.5999999999999996,1.21,0.07,2.1999999999999997,-2.13,2.14,2.49
2014-05-23,1900.530029296875,11.359999656677246,0.08858974049113122,0.012904959219970714,0.007848142120285975,0.0050568170996847395,104.3499984741211,4.40500020980835,3.180000066757202,1291.5999755859375,19.38800048828125,101.88,0.8958,0.07,0.566,102.3836,6.3,81.9,1018.0,426253.0,1.13,-0.78503,237.9,237.529,2.1271115499366777,1.9455269618362525,-0.18158458810042521,1.97,2.22,4327560.0,37745.0,2657729.0,2.54,0.37,0.04,0.32,39.0,4.0,22.0,81.0,52.0,0.011867085640700678,0.5999999999999996,1.2199999999999998,0.049999999999999996,2.1999999999999997,-2.15,2.17,2.5
2014-05-30,1923.5699462890625,11.399999618530273,0.07622511714100606,0.012995999130249038,0.0058102684831600965,0.007185730647088942,102.70999908447266,4.541999816894531,3.135999917984009,1245.5999755859375,18.652999877929688,101.77,0.8944,0.07,0.566,102.3836,6.3,81.9,1018.0,426253.0,1.11,-0.79083,237.9,237.529,2.1271115499366777,1.9455269618362525,-0.18158458810042521,1.93,2.22,4322654.0,33573.0,2629199.0,2.48,0.37,0.04,0.26,39.0,4.0,22.0,81.0,52.0,-0.006947129356415466,0.5999999999999996,1.19,0.060000000000000005,2.1999999999999997,-2.1399999999999997,2.11,2.44
2014-06-06,1949.43994140625,10.729999542236328,0.07716206695827407,0.011513289017639181,0.005953984577273172,0.0055593044403660094,102.66000366210938,4.710000038146973,3.052999973297119,1252.0999755859375,18.96299934387207,102.5,0.8938,0.07,0.536,102.735,6.1,82.5,1010.0,427305.0,1.1,-0.7942,238.343,237.837,2.0723413731670526,1.9228626526676562,-0.14947872049939637,1.93,2.2,4330917.0,33895.0,2679071.0,2.6,0.41,0.04,0.4,39.0,3.0,23.0,78.0,55.0,0.011011992130796289,0.5499999999999998,0.9299999999999997,0.049999999999999996,2.1999999999999997,-2.15,2.19,2.56
2014-06-13,1936.1600341796875,12.180000305175781,0.07639025846308718,0.014835240743408211,0.005835471588057263,0.008999769155350949,106.91000366210938,4.738999843597412,3.0304999351501465,1273.699951171875,19.636999130249023,102.06,0.9008,0.07,0.536,102.735,6.1,82.5,1010.0,427305.0,1.09,-0.79443,238.343,237.837,2.0723413731670526,1.9228626526676562,-0.14947872049939637,1.93,2.19,4340904.0,46921.0,2709510.0,2.6,0.45,0.04,0.41,39.0,3.0,23.0,78.0,55.0,0.004803666435790369,0.5499999999999998,0.8700000000000001,0.060000000000000005,2.1999999999999997,-2.1399999999999997,2.15,2.56
2014-06-20,1962.8699951171875,10.850000381469727,0.0708012005627735,0.011772250827789321,0.005012810001130079,0.006759440826659242,107.26000213623047,4.531000137329102,3.117500066757202,1316.199951171875,20.941999435424805,102.14,0.896,0.07,0.536,102.735,6.1,82.5,1010.0,427305.0,1.08,-0.79111,238.343,237.837,2.0723413731670526,1.9228626526676562,-0.14947872049939637,2.02,2.28,4368168.0,84475.0,2703925.0,2.63,0.5,0.02,0.35,39.0,3.0,23.0,78.0,55.0,-0.009223939196927617,0.5499999999999998,0.7599999999999998,0.08,2.1999999999999997,-2.1199999999999997,2.13,2.61
2014-06-27,1960.9599609375,11.260000228881836,0.06160774241317773,0.0126787605154419,0.003795513925248458,0.008883246590193442,105.73999786376953,4.408999919891357,3.1489999294281006,1319.0,21.07699966430664,101.39,0.8919,0.07,0.536,102.735,6.1,82.5,1010.0,427305.0,1.08,-0.7842,238.343,237.837,2.0723413731670526,1.9228626526676562,-0.14947872049939637,2.03,2.27,4368348.0,107244.0,2640303.0,2.54,0.45,0.03,0.27,39.0,3.0,23.0,78.0,55.0,-0.0033363759283261034,0.5499999999999998,0.8799999999999999,0.07,2.1999999999999997,-2.13,2.09,2.5100000000000002
2014-07-04,1985.43994140625,10.319999694824219,0.05626877108536269,0.010650239370117196,0.0031661745994569484,0.007484064770660248,104.05999755859375,4.406000137329102,3.265000104904175,1320.4000244140625,21.089000701904297,102.19,0.8934,0.07,0.527,102.9632,6.2,81.8,1076.0,428079.0,1.08,-0.7743,238.25,238.195,1.9923286357643066,1.8449632290063356,-0.14736540675797105,2.03,2.28,4377031.0,100085.0,2578697.0,2.65,0.52,0.01,0.37,39.0,2.0,24.0,74.0,57.0,0.013077691416992776,0.5700000000000003,0.8999999999999999,0.09000000000000001,2.1900000000000004,-2.1000000000000005,2.13,2.64
2014-07-11,1967.5699462890625,12.079999923706055,0.062251698006956846,0.014592639815673828,0.003875273904749355,0.010717365910924473,100.83000183105469,4.145999908447266,3.258500099182129,1337.0,21.410999298095703,101.33,0.8926,0.07,0.527,102.9632,6.2,81.8,1076.0,428079.0,1.08,-0.76289,238.25,238.195,1.9923286357643066,1.8449632290063356,-0.14736540675797105,1.99,2.28,4383401.0,63826.0,2622832.0,2.53,0.48,0.02,0.25,39.0,2.0,24.0,74.0,57.0,-0.01154405515914873,0.5700000000000003,1.0699999999999998,0.06999999999999999,2.1900000000000004,-2.1200000000000006,2.05,2.51
2014-07-18,1978.219970703125,12.0600004196167,0.07767174292270221,0.014544361012115497,0.0060328996486503405,0.008511461363465155,103.12999725341797,3.9509999752044678,3.1740000247955322,1309.199951171875,20.83799934387207,101.37,0.8989,0.07,0.527,102.9632,6.2,81.8,1076.0,428079.0,1.09,-0.75087,238.25,238.195,1.9923286357643066,1.8449632290063356,-0.14736540675797105,1.96,2.24,4398201.0,59384.0,2639685.0,2.5,0.51,0.02,0.26,39.0,2.0,24.0,74.0,57.0,0.008972795684079122,0.5700000000000003,1.2399999999999998,0.09,2.1900000000000004,-2.1000000000000005,1.99,2.48
2014-07-25,1978.3399658203125,12.6899995803833,0.07563247813899326,0.016103608935012836,0.005720271749445294,0.010383337185567543,102.08999633789062,3.7809998989105225,3.2269999980926514,1303.0999755859375,20.58799934387207,101.81,0.9045,0.07,0.527,102.9632,6.2,81.8,1076.0,428079.0,1.09,-0.74035,238.25,238.195,1.9923286357643066,1.8449632290063356,-0.14736540675797105,1.95,2.28,4410746.0,64138.0,2792302.0,2.48,0.53,0.03,0.2,39.0,2.0,24.0,74.0,57.0,0.003020018918822457,0.5700000000000003,1.21,0.08,2.1900000000000004,-2.1100000000000003,1.95,2.45
2014-08-01,1925.1500244140625,17.030000686645508,0.09457020990566535,0.029002092338714647,0.008943524601601605,0.020058567737113044,97.87999725341797,3.7980000972747803,3.2065000534057617,1293.5999755859375,20.332000732421875,102.45,0.9048,0.07,0.488,102.7688,6.1,82.5,1047.0,431379.0,1.12,-0.73187,237.852,238.405,1.6996113341628316,1.73639560289498,0.03678426873214846,1.92,2.27,4406637.0,62335.0,2809004.0,2.52,0.47,0.03,0.25,41.0,2.0,22.0,72.0,61.0,-0.006895266298741227,0.6100000000000003,1.83,0.06,2.2700000000000005,-2.2100000000000004,2.05,2.49
2014-08-08,1931.5899658203125,15.770000457763672,0.10515228832100879,0.02486929144378664,0.01105700373914456,0.01381228770464208,97.6500015258789,3.9619998931884766,3.1659998893737793,1308.9000244140625,19.902000427246094,101.91,0.905,0.07,0.488,102.7688,6.1,82.5,1047.0,431379.0,1.14,-0.72692,237.852,238.405,1.6996113341628316,1.73639560289498,0.03678426873214846,1.86,2.25,4410111.0,71513.0,2789330.0,2.44,0.45,0.03,0.19,41.0,2.0,22.0,72.0,61.0,0.0058233805352885986,0.6100000000000003,1.7800000000000002,0.07,2.2700000000000005,-2.2000000000000006,1.99,2.41
2014-08-15,1955.06005859375,13.149999618530273,0.10487351868468152,0.017292248996734632,0.010998454921306244,0.006293794075428388,97.3499984741211,3.7760000228881836,3.0969998836517334,1304.5,19.489999771118164,102.19,0.9026,0.07,0.488,102.7688,6.1,82.5,1047.0,431379.0,1.14,-0.72637,237.852,238.405,1.6996113341628316,1.73639560289498,0.03678426873214846,1.83,2.18,4431923.0,78066.0,2786792.0,2.34,0.42,0.03,0.16,41.0,2.0,22.0,72.0,61.0,-0.007217309927200674,0.6100000000000003,1.5500000000000003,0.08,2.2700000000000005,-2.1900000000000004,1.92,2.31
2014-08-22,1988.4000244140625,11.470000267028809,0.10544384660638653,0.013156090612564094,0.011118404787151173,0.002037685825412921,93.6500015258789,3.8399999141693115,3.1989998817443848,1278.5999755859375,19.361000061035156,103.97,0.9142,0.07,0.488,102.7688,6.1,82.5,1047.0,431379.0,1.12,-0.72608,237.852,238.405,1.6996113341628316,1.73639560289498,0.03678426873214846,1.79,2.14,4412924.0,42803.0,2790174.0,2.4,0.53,0.03,0.26,41.0,2.0,22.0,72.0,61.0,0.0059353808966940615,0.6100000000000003,1.37,0.07,2.2700000000000005,-2.2000000000000006,1.8699999999999999,2.37
2014-08-29,2003.3699951171875,12.09000015258789,0.09437475625833763,0.014616810368957522,0.008906594618820637,0.005710215750136884,95.95999908447266,4.065000057220459,3.134999990463257,1285.800048828125,19.398000717163086,104.0,0.9174,0.07,0.488,102.7688,6.1,82.5,1047.0,431379.0,1.12,-0.72366,237.852,238.405,1.6996113341628316,1.73639560289498,0.03678426873214846,1.76,2.12,4413736.0,40217.0,2778794.0,2.35,0.48,0.03,0.23,41.0,2.0,22.0,72.0,61.0,-0.006576300536970707,0.6100000000000003,1.38,0.08,2.2700000000000005,-2.1900000000000004,1.87,2.3200000000000003
2014-09-05,2007.7099609375,12.09000015258789,0.09422827756714341,0.014616810368957522,0.008878968293270622,0.005737842075686899,93.29000091552734,3.7929999828338623,3.1579999923706055,1265.800048828125,19.082000732421875,104.94,0.9306,0.07,0.497,103.0641,5.9,84.6,1077.0,430189.0,1.12,-0.71782,238.031,238.786,1.657918675715031,1.7409458883681284,0.08302721265309732,1.77,2.15,4415587.0,42868.0,2777409.0,2.46,0.52,0.03,0.31,37.0,3.0,21.0,68.0,57.0,-0.007158161589772227,0.6899999999999995,1.4000000000000004,0.06,2.27,-2.21,1.94,2.43
2014-09-12,1985.5400390625,13.3100004196167,0.07508628750206563,0.01771561111701967,0.005637950570842857,0.012077660546176814,92.2699966430664,3.8570001125335693,3.1019999980926514,1229.9000244140625,18.54599952697754,107.24,0.9337,0.07,0.497,103.0641,5.9,84.6,1077.0,430189.0,1.14,-0.70716,238.031,238.786,1.657918675715031,1.7409458883681284,0.08302721265309732,1.75,2.13,4421408.0,39081.0,2787045.0,2.62,0.58,0.02,0.49,37.0,3.0,21.0,68.0,57.0,0.0031171786130819914,0.6899999999999995,1.5000000000000004,0.08,2.27,-2.19,2.04,2.6
2014-09-19,2010.4000244140625,12.109999656677246,0.06480278001641272,0.014665209168472302,0.00419940029785558,0.010465808870616721,92.41000366210938,3.8369998931884766,3.0885000228881836,1215.300048828125,17.7810001373291,108.96,0.9404,0.07,0.497,103.0641,5.9,84.6,1077.0,430189.0,1.13,-0.69209,238.031,238.786,1.657918675715031,1.7409458883681284,0.08302721265309732,1.56,2.03,4449588.0,66417.0,2797996.0,2.59,0.59,0.02,0.56,37.0,3.0,21.0,68.0,57.0,-0.005717539893058602,0.6899999999999995,1.4400000000000004,0.08,2.27,-2.19,2.0,2.57
2014-09-26,1982.8499755859375,14.850000381469727,0.08632227415145048,0.022052251132965106,0.007451535014678176,0.01460071611828693,93.54000091552734,3.9839999675750732,3.0290000438690186,1214.0999755859375,17.476999282836914,109.32,0.9513,0.07,0.497,103.0641,5.9,84.6,1077.0,430189.0,1.17,-0.67478,238.031,238.786,1.657918675715031,1.7409458883681284,0.08302721265309732,1.59,1.97,4459050.0,114828.0,2732580.0,2.54,0.59,0.01,0.57,37.0,3.0,21.0,68.0,57.0,-0.003264529166018715,0.6899999999999995,1.8700000000000006,0.09000000000000001,2.27,-2.18,1.9500000000000002,2.5300000000000002
2014-10-03,1967.9000244140625,14.550000190734863,0.09609201316340871,0.021170250555038454,0.009233674993796712,0.011936575561241742,89.73999786376953,4.039000034332275,2.994499921798706,1192.199951171875,16.780000686645508,109.7,0.967,0.06,0.465,103.0764,5.7,86.9,1094.0,431903.0,1.21,-0.65853,237.433,239.191,1.664340215632043,1.817632310436279,0.153292094804236,1.56,1.93,4450260.0,119237.0,2705717.0,2.45,0.57,0.01,0.52,38.0,3.0,19.0,78.0,49.0,-0.026082627121544855,0.7700000000000005,1.9900000000000002,0.1,2.3900000000000006,-2.2900000000000005,1.8800000000000003,2.4400000000000004
2014-10-10,1906.1300048828125,21.239999771118164,0.1340530920681271,0.04511375902770997,0.017970231493025762,0.027143527534684207,85.81999969482422,3.8589999675750732,3.0320000648498535,1221.0,17.25200080871582,107.83,0.9568,0.06,0.465,103.0764,5.7,86.9,1094.0,431903.0,1.23,-0.64672,237.433,239.191,1.664340215632043,1.817632310436279,0.153292094804236,1.52,1.96,4455403.0,96461.0,2749347.0,2.31,0.45,0.01,0.35,38.0,3.0,19.0,78.0,49.0,-0.03901207123133458,0.7700000000000005,2.3600000000000003,0.09000000000000001,2.3900000000000006,-2.3000000000000007,1.86,2.3000000000000003
2014-10-17,1886.760009765625,21.989999771118164,0.14680031811659827,0.048356008993377685,0.02155033339913445,0.026805675594243236,82.75,3.7660000324249268,3.000999927520752,1238.300048828125,17.281999588012695,106.72,0.9468,0.06,0.465,103.0764,5.7,86.9,1094.0,431903.0,1.28,-0.63875,237.433,239.191,1.664340215632043,1.817632310436279,0.153292094804236,1.43,1.92,4474360.0,79790.0,2793290.0,2.22,0.39,0.02,0.3,38.0,3.0,19.0,78.0,49.0,0.014332304291219566,0.7700000000000005,2.38,0.09999999999999999,2.3900000000000006,-2.2900000000000005,1.83,2.2
2014-10-24,1964.5799560546875,16.110000610351562,0.16711264028550324,0.025953211966552772,0.027926634543192,-0.0019734225766392284,81.01000213623047,3.622999906539917,3.0510001182556152,1231.199951171875,17.13599967956543,108.06,0.9514,0.06,0.465,103.0764,5.7,86.9,1094.0,431903.0,1.27,-0.63999,237.433,239.191,1.664340215632043,1.817632310436279,0.153292094804236,1.46,1.9,4481616.0,123514.0,2688613.0,2.29,0.41,0.01,0.39,38.0,3.0,19.0,78.0,49.0,-0.00492751787927892,0.7700000000000005,2.08,0.1,2.3900000000000006,-2.2900000000000005,1.8800000000000001,2.2800000000000002
2014-10-31,2018.050048828125,14.029999732971191,0.17326768858935773,0.019684089250717168,0.030021691909098647,-0.010337602658381479,80.54000091552734,3.872999906539917,3.061000108718872,1171.0999755859375,16.07699966430664,112.09,0.9623,0.06,0.465,103.0764,5.7,86.9,1094.0,431903.0,1.27,-0.64514,237.433,239.191,1.664340215632043,1.817632310436279,0.153292094804236,1.53,1.92,4486754.0,118424.0,2629809.0,2.35,0.5,0.01,0.43,36.0,5.0,18.0,72.0,47.0,0.00040644799545175303,0.7700000000000005,2.0,0.060000000000000005,2.3900000000000006,-2.3300000000000005,1.85,2.3400000000000003
2014-11-07,2031.9200439453125,13.119999885559082,0.1612519073356499,0.017213439699707036,0.02600217761938502,-0.008788737919677984,78.6500015258789,4.4120001792907715,3.052500009536743,1169.5999755859375,15.699000358581543,114.73,0.9684,0.06,0.42,103.7126,5.8,88.8,1059.0,433113.0,1.3,-0.65228,236.151,239.458,1.3223551823708934,1.7415947552462452,0.41923957287535174,1.59,1.94,4486585.0,111382.0,2561062.0,2.32,0.51,0.03,0.38,36.0,5.0,18.0,72.0,47.0,-0.004364114162334583,0.8700000000000001,2.0300000000000002,0.03,2.46,-2.43,1.8099999999999998,2.29
2014-11-14,2039.8199462890625,13.3100004196167,0.152173091673086,0.01771561111701967,0.02315664982934543,-0.00544103871232576,75.81999969482422,4.019999980926514,3.058000087738037,1185.0,16.309999465942383,116.52,0.9616,0.06,0.42,103.7126,5.8,88.8,1059.0,433113.0,1.32,-0.65727,236.151,239.458,1.3223551823708934,1.7415947552462452,0.41923957287535174,1.45,1.89,4488895.0,107205.0,2568099.0,2.32,0.54,0.02,0.43,36.0,5.0,18.0,72.0,47.0,0.013699078444030881,0.8700000000000001,2.0999999999999996,0.06999999999999999,2.46,-2.39,1.7799999999999998,2.3
2014-11-21,2063.5,12.899999618530273,0.11245234459582203,0.01664099901580812,0.012645529805097503,0.003995469210710615,76.51000213623047,4.265999794006348,3.0350000858306885,1197.5,16.391000747680664,117.74,0.9696,0.06,0.42,103.7126,5.8,88.8,1059.0,433113.0,1.34,-0.65663,236.151,239.458,1.3223551823708934,1.7415947552462452,0.41923957287535174,1.44,1.86,4492759.0,95281.0,2520171.0,2.31,0.53,0.01,0.45,36.0,5.0,18.0,72.0,47.0,-0.0008930725282302685,0.8700000000000001,2.21,0.11,2.46,-2.35,1.78,2.3000000000000003
2014-11-28,2067.56005859375,13.329999923706055,0.09236468319657613,0.01776888979660034,0.008531234702003874,0.009237655094596467,66.1500015258789,4.0879998207092285,2.859999895095825,1175.199951171875,15.48900032043457,118.7,0.9658,0.06,0.42,103.7126,5.8,88.8,1059.0,433113.0,1.34,-0.65011,236.151,239.458,1.3223551823708934,1.7415947552462452,0.41923957287535174,1.39,1.79,4485931.0,79769.0,2486574.0,2.18,0.47,0.02,0.39,36.0,5.0,18.0,72.0,47.0,-0.02865780188920719,0.8700000000000001,2.3099999999999996,0.08,2.46,-2.38,1.7100000000000002,2.16
2014-12-05,2075.3701171875,11.890000343322754,0.06570187557282271,0.014137210816421521,0.004316736453786678,0.009820474362634843,65.83999633789062,3.802000045776367,2.92549991607666,1190.0999755859375,16.195999145507812,121.38,0.9772,0.07,0.33,103.7044,5.6,93.6,1072.0,430110.0,1.37,-0.63709,234.812,239.584,0.7564932696557447,1.6224195046636636,0.8659262350079189,1.35,1.75,4486190.0,87426.0,2449444.0,2.31,0.65,0.02,0.56,36.0,5.0,18.0,61.0,48.0,0.0031672483088868537,0.9500000000000002,2.5599999999999996,0.09999999999999999,2.5300000000000002,-2.43,1.6600000000000001,2.29
2014-12-12,2002.3299560546875,21.079999923706055,0.09338206147757112,0.04443663967834473,0.008720209405800873,0.035716430272543856,57.810001373291016,3.7950000762939453,2.946500062942505,1222.0,17.018999099731445,118.22,0.962,0.07,0.33,103.7044,5.6,93.6,1072.0,430110.0,1.45,-0.61713,234.812,239.584,0.7564932696557447,1.6224195046636636,0.8659262350079189,1.2,1.64,4488865.0,60092.0,2433138.0,2.1,0.56,0.02,0.46,36.0,5.0,18.0,61.0,48.0,-0.029533271953768647,0.9500000000000002,3.26,0.09999999999999999,2.5300000000000002,-2.43,1.54,2.08
2014-12-19,2070.64990234375,16.489999771118164,0.12863364585288053,0.027192009245147707,0.01654661484540429,0.010645394399743418,56.52000045776367,3.4639999866485596,2.9079999923706055,1195.9000244140625,15.991000175476074,119.56,0.9832,0.07,0.33,103.7044,5.6,93.6,1072.0,430110.0,1.46,-0.59412,234.812,239.584,0.7564932696557447,1.6224195046636636,0.8659262350079189,1.27,1.68,4502247.0,114776.0,2786907.0,2.17,0.67,0.04,0.49,36.0,5.0,18.0,61.0,48.0,0.015369757058104248,0.9500000000000002,2.88,0.13,2.5300000000000002,-2.4000000000000004,1.5,2.13
2014-12-26,2088.77001953125,14.5,0.12897052654900892,0.021025,0.016633396718328617,0.0043916032816713815,54.72999954223633,3.006999969482422,2.8355000019073486,1195.300048828125,16.11199951171875,120.45,0.9865,0.07,0.33,103.7044,5.6,93.6,1072.0,430110.0,1.43,-0.57215,234.812,239.584,0.7564932696557447,1.6224195046636636,0.8659262350079189,1.26,1.67,4509462.0,175093.0,2681801.0,2.25,0.73,0.01,0.58,36.0,5.0,18.0,61.0,48.0,-0.0006344418028389302,0.9500000000000002,2.7199999999999998,0.16,2.5300000000000002,-2.37,1.52,2.24
2015-01-02,2058.199951171875,17.790000915527344,0.1331101282427966,0.03164841325744637,0.01771830624081376,0.013930107016632609,52.689998626708984,3.003000020980835,2.8385000228881836,1186.0,15.734000205993652,120.2,1.0004,0.07,0.275,102.8905,5.7,98.1,1049.0,428208.0,1.45,-0.54968,233.707,239.811,-0.08934831306964819,1.631625565241701,1.7209738783113493,1.3,1.71,4497660.0,192063.0,2574784.0,2.12,0.66,0.02,0.41,36.0,5.0,18.0,53.0,56.0,0.004850831366897641,0.9900000000000002,3.2,0.15000000000000002,2.5700000000000003,-2.4200000000000004,1.46,2.1
2015-01-09,2044.81005859375,17.549999237060547,0.15961626965172765,0.030800247322082572,0.025477353537533033,0.005322893784549539,48.36000061035156,2.946000099182129,2.7904999256134033,1216.0,16.38599967956543,118.66,1.0151,0.07,0.275,102.8905,5.7,98.1,1049.0,428208.0,1.48,-0.53135,233.707,239.811,-0.08934831306964819,1.631625565241701,1.7209738783113493,1.2,1.62,4499524.0,176817.0,2600598.0,1.98,0.59,0.02,0.36,36.0,5.0,18.0,53.0,56.0,-0.029222090348549168,0.9900000000000002,3.3200000000000003,0.06999999999999999,2.5700000000000003,-2.5000000000000004,1.3900000000000001,1.96
2015-01-16,2019.4200439453125,20.950000762939453,0.16588519837159071,0.04389025319671636,0.027517899038782004,0.01637235415793436,48.689998626708984,3.127000093460083,2.6540000438690186,1276.9000244140625,17.73900032043457,117.45,0.8488,0.07,0.275,102.8905,5.7,98.1,1049.0,428208.0,1.53,-0.51676,233.707,239.811,-0.08934831306964819,1.631625565241701,1.7209738783113493,1.19,1.6,4516077.0,158268.0,2753903.0,1.83,0.49,0.03,0.23,36.0,5.0,18.0,53.0,56.0,-0.027789364064373746,0.9900000000000002,3.54,0.09,2.5700000000000003,-2.4800000000000004,1.34,1.8
2015-01-23,2051.820068359375,16.65999984741211,0.17233210480379732,0.027755559491577153,0.029698354346106983,-0.00194279485452983,45.59000015258789,2.9860000610351562,2.5374999046325684,1292.5999755859375,18.284000396728516,117.8,0.876,0.07,0.275,102.8905,5.7,98.1,1049.0,428208.0,1.5,-0.50835,233.707,239.811,-0.08934831306964819,1.631625565241701,1.7209738783113493,1.21,1.6,4512936.0,170152.0,2722392.0,1.81,0.52,0.02,0.21,36.0,5.0,18.0,53.0,56.0,0.008843950598666828,0.9900000000000002,3.42,0.09999999999999999,2.5700000000000003,-2.47,1.29,1.79
2015-01-30,1994.989990234375,20.969999313354492,0.17125962984571397,0.04397408712020879,0.029329860814890963,0.014644226305317826,48.2400016784668,2.690999984741211,2.5280001163482666,1278.5,17.191999435424805,117.44,0.921,0.07,0.275,102.8905,5.7,98.1,1049.0,428208.0,1.52,-0.50494,233.707,239.811,-0.08934831306964819,1.631625565241701,1.7209738783113493,1.29,1.65,4500064.0,201192.0,2665153.0,1.68,0.47,0.02,0.03,36.0,5.0,18.0,53.0,56.0,0.0020276800491387803,0.9900000000000002,3.49,0.11,2.5700000000000003,-2.4600000000000004,1.21,1.66
2015-02-06,2055.469970703125,17.290000915527344,0.15797089630539138,0.029894413165893634,0.024954804079528714,0.00493960908636492,51.689998626708984,2.5789999961853027,2.6029999256134033,1233.9000244140625,16.67799949645996,119.16,0.9228,0.08,0.33,102.2335,5.5,95.4,1127.0,427119.0,1.46,-0.50637,234.722,240.172,-0.025129801815304553,1.6880834938713285,1.713213295686633,1.36,1.71,4500348.0,167272.0,2684263.0,1.95,0.65,0.02,0.24,42.0,6.0,21.0,83.0,47.0,0.04420785285638629,0.8999999999999999,2.8000000000000003,0.11,2.53,-2.42,1.2999999999999998,1.93
2015-02-13,2096.989990234375,14.6899995803833,0.16044824986351838,0.021579608767166154,0.025743640884266027,-0.004164032117099873,52.779998779296875,2.803999900817871,2.6135001182556152,1226.5,17.277999877929688,118.7,0.9308,0.08,0.33,102.2335,5.5,95.4,1127.0,427119.0,1.43,-0.51101,234.722,240.172,-0.025129801815304553,1.6880834938713285,1.713213295686633,1.32,1.68,4501685.0,158907.0,2536607.0,2.02,0.66,0.01,0.34,42.0,6.0,21.0,83.0,47.0,0.027714730736922766,0.8999999999999999,2.73,0.11,2.53,-2.42,1.3599999999999999,2.0100000000000002
2015-02-20,2110.300048828125,14.300000190734863,0.14457550926095183,0.02044900054550171,0.02090207787806357,-0.00045307733256185964,50.34000015258789,2.9509999752044678,2.6105000972747803,1204.4000244140625,16.26300048828125,118.68,0.9419,0.08,0.33,102.2335,5.5,95.4,1127.0,427119.0,1.38,-0.51779,234.722,240.172,-0.025129801815304553,1.6880834938713285,1.713213295686633,1.37,1.75,4496851.0,118836.0,2457419.0,2.13,0.67,0.02,0.38,42.0,6.0,21.0,83.0,47.0,-0.006973787554686769,0.8999999999999999,2.5500000000000003,0.12000000000000001,2.53,-2.4099999999999997,1.46,2.11
2015-02-27,2104.5,13.34000015258789,0.129147907961246,0.017795560407104498,0.016679182130766468,0.00111637827633803,49.7599983215332,2.7339999675750732,2.7160000801086426,1212.5999755859375,16.51300048828125,119.72,0.9513,0.08,0.33,102.2335,5.5,95.4,1127.0,427119.0,1.38,-0.5249,234.722,240.172,-0.025129801815304553,1.6880834938713285,1.713213295686633,1.49,1.83,4486725.0,68114.0,2328963.0,2.0,0.63,0.02,0.17,42.0,6.0,21.0,83.0,47.0,-0.0055822402506231494,0.8999999999999999,2.4499999999999997,0.09999999999999999,2.53,-2.4299999999999997,1.37,1.98
2015-03-06,2071.260009765625,15.199999809265137,0.1233661437949668,0.023103999420166017,0.015219205434840425,0.007884793985325591,49.61000061035156,2.8389999866485596,2.628999948501587,1164.0999755859375,15.784000396728516,120.93,0.9846,0.07,0.4,101.8914,5.4,93.0,1072.0,433647.0,1.29,-0.52995,236.119,240.755,-0.07363739086643228,1.7453777073428434,1.8190150982092756,1.55,1.83,4487583.0,49803.0,2522095.0,2.24,0.73,0.01,0.41,41.0,4.0,20.0,78.0,43.0,0.010173363237345894,0.8999999999999999,2.38,0.09000000000000001,2.5,-2.41,1.5100000000000002,2.2300000000000004
2015-03-13,2053.39990234375,16.0,0.12353310966481137,0.0256,0.015260429183458313,0.010339570816541688,44.84000015258789,2.7269999980926514,2.678499937057495,1152.5999755859375,15.47700023651123,121.17,1.0047,0.07,0.4,101.8914,5.4,93.0,1072.0,433647.0,1.34,-0.53371,236.119,240.755,-0.07363739086643228,1.7453777073428434,1.8190150982092756,1.4,1.69,4489279.0,39431.0,2688257.0,2.13,0.68,0.03,0.44,41.0,4.0,20.0,78.0,43.0,-0.010686516987788478,0.8999999999999999,2.6399999999999997,0.11000000000000001,2.5,-2.39,1.4499999999999997,2.1
2015-03-20,2108.10009765625,13.020000457763672,0.11515875054330603,0.016952041192016622,0.013261537826695386,0.0036905033653212363,45.720001220703125,2.7860000133514404,2.7750000953674316,1184.800048828125,16.867000579833984,120.28,0.9766,0.07,0.4,101.8914,5.4,93.0,1072.0,433647.0,1.38,-0.53694,236.119,240.755,-0.07363739086643228,1.7453777073428434,1.8190150982092756,1.5,1.76,4495888.0,60686.0,2782935.0,1.93,0.6,0.01,0.17,41.0,4.0,20.0,78.0,43.0,-0.014698375883242184,0.8999999999999999,2.7699999999999996,0.13,2.5,-2.37,1.33,1.92
2015-03-27,2061.02001953125,15.069999694824219,0.11675819096052754,0.022710489080200204,0.013632475156375015,0.00907801392382519,48.869998931884766,2.5899999141693115,2.7750000953674316,1199.800048828125,17.052000045776367,119.15,0.9586,0.07,0.4,101.8914,5.4,93.0,1072.0,433647.0,1.38,-0.53874,236.119,240.755,-0.07363739086643228,1.7453777073428434,1.8190150982092756,1.54,1.76,4480603.0,85907.0,2706627.0,1.95,0.58,0.04,0.19,41.0,4.0,20.0,78.0,43.0,-0.003742519109532976,0.8999999999999999,2.7199999999999998,0.060000000000000005,2.5,-2.44,1.37,1.91
2015-04-03,2066.9599609375,14.670000076293945,0.1251131788684839,0.02152089022384644,0.015653307526577242,0.005867582697269197,49.13999938964844,2.7130000591278076,2.747999906539917,1200.9000244140625,16.68600082397461,118.96,0.9504,0.06,0.34,101.3355,5.4,95.9,1166.0,434470.0,1.36,-0.54035,236.599,241.346,-0.1995174461766891,1.802827832894649,2.002345279071338,1.58,1.83,4481799.0,75467.0,2667344.0,1.85,0.49,0.02,0.02,41.0,3.0,21.0,78.0,44.0,0.004303255995363593,0.9600000000000004,2.8800000000000003,0.09,2.5400000000000005,-2.4500000000000006,1.36,1.83
2015-04-10,2102.06005859375,12.579999923706055,0.1271921201163733,0.015825639808044432,0.01617783541969793,-0.0003521956116534983,51.63999938964844,2.510999917984009,2.750499963760376,1204.5999755859375,16.3700008392334,120.29,0.9807,0.06,0.34,101.3355,5.4,95.9,1166.0,434470.0,1.32,-0.54236,236.599,241.346,-0.1995174461766891,1.802827832894649,2.002345279071338,1.56,1.82,4483419.0,55206.0,2744497.0,1.96,0.57,0.02,0.14,41.0,3.0,21.0,78.0,44.0,0.003885459858969263,0.9600000000000004,2.6599999999999997,0.09,2.5400000000000005,-2.4500000000000006,1.3900000000000001,1.94
2015-04-17,2081.179931640625,13.890000343322754,0.13023554299865903,0.01929321095375062,0.016961296660155563,0.0023319142935950554,55.7400016784668,2.634000062942505,2.7834999561309814,1202.9000244140625,16.22100067138672,119.02,0.9528,0.06,0.34,101.3355,5.4,95.9,1166.0,434470.0,1.33,-0.54368,236.599,241.346,-0.1995174461766891,1.802827832894649,2.002345279071338,1.65,1.89,4485366.0,50447.0,2793314.0,1.87,0.51,0.01,-0.02,41.0,3.0,21.0,78.0,44.0,0.0049010941915552655,0.9600000000000004,2.72,0.09000000000000001,2.5400000000000005,-2.4500000000000006,1.36,1.86
2015-04-24,2117.68994140625,12.289999961853027,0.10971050434144934,0.015104409906234743,0.012036394762855175,0.0030680151433795672,57.150001525878906,2.5309998989105225,2.752000093460083,1175.199951171875,15.630999565124512,118.98,0.9533,0.06,0.34,101.3355,5.4,95.9,1166.0,434470.0,1.32,-0.54564,236.599,241.346,-0.1995174461766891,1.802827832894649,2.002345279071338,1.71,1.89,4489695.0,150028.0,2679047.0,1.93,0.54,0.03,0.04,41.0,3.0,21.0,78.0,44.0,0.002941311661291449,0.9600000000000004,2.6199999999999997,0.06,2.5400000000000005,-2.4800000000000004,1.39,1.9
2015-05-01,2108.2900390625,12.699999809265137,0.10482680274437996,0.01612899951553345,0.010988658573609145,0.005140340941924306,59.150001525878906,2.7760000228881836,2.93149995803833,1174.5,16.111000061035156,120.21,0.934,0.07,0.39,100.8883,5.6,90.7,1272.0,437865.0,1.33,-0.54655,237.805,241.688,-0.039932744850779134,1.7509440952473199,1.790876840098099,1.72,1.94,4471499.0,219702.0,2593777.0,2.12,0.6,0.01,0.18,39.0,3.0,20.0,77.0,45.0,0.01799980784063619,0.9099999999999997,2.33,0.09000000000000001,2.6899999999999995,-2.5999999999999996,1.52,2.1100000000000003
2015-05-08,2116.10009765625,12.859999656677246,0.10467040217395294,0.016537959116973887,0.010955893091257054,0.005582066025716833,59.38999938964844,2.880000114440918,2.930999994277954,1189.0999755859375,16.441999435424805,119.78,0.9274,0.07,0.39,100.8883,5.6,90.7,1272.0,437865.0,1.34,-0.54645,237.805,241.688,-0.039932744850779134,1.7509440952473199,1.790876840098099,1.66,1.88,4472703.0,227506.0,2595402.0,2.16,0.59,0.01,0.28,39.0,3.0,20.0,77.0,45.0,5.218865415157481e-06,0.9099999999999997,2.33,0.13999999999999999,2.6899999999999995,-2.5499999999999994,1.5700000000000003,2.1500000000000004
2015-05-15,2122.72998046875,12.380000114440918,0.10019671803727172,0.015326440283355716,0.010039382305440532,0.005287057977915184,59.689998626708984,3.0160000324249268,2.9489998817443848,1225.5,17.545000076293945,119.36,0.9174,0.07,0.39,100.8883,5.6,90.7,1272.0,437865.0,1.33,-0.54686,237.805,241.688,-0.039932744850779134,1.7509440952473199,1.790876840098099,1.62,1.83,4501188.0,216211.0,2619317.0,2.14,0.55,0.02,0.31,39.0,3.0,20.0,77.0,45.0,-0.009974956856003839,0.9099999999999997,2.3499999999999996,0.08,2.6899999999999995,-2.6099999999999994,1.59,2.12
2015-05-22,2126.06005859375,12.130000114440918,0.09750643247121865,0.01471369027763367,0.009507504373264322,0.005206185904369347,59.720001220703125,2.88700008392334,2.8334999084472656,1204.300048828125,17.030000686645508,121.45,0.9428,0.07,0.39,100.8883,5.6,90.7,1272.0,437865.0,1.34,-0.54744,237.805,241.688,-0.039932744850779134,1.7509440952473199,1.790876840098099,1.65,1.87,4480384.0,181641.0,2635118.0,2.21,0.64,0.02,0.34,39.0,3.0,20.0,77.0,45.0,-0.0016307747156279657,0.9099999999999997,2.2699999999999996,0.12000000000000001,2.6899999999999995,-2.5699999999999994,1.5699999999999998,2.19
2015-05-29,2107.389892578125,13.84000015258789,0.10544184875956716,0.019154560422363288,0.011117983469835436,0.008036576952527852,60.29999923706055,2.6419999599456787,2.759500026702881,1189.4000244140625,16.68400001525879,123.98,0.9404,0.07,0.39,100.8883,5.6,90.7,1272.0,437865.0,1.37,-0.54725,237.805,241.688,-0.039932744850779134,1.7509440952473199,1.790876840098099,1.57,1.8,4463981.0,175577.0,2510791.0,2.12,0.61,0.01,0.32,39.0,3.0,20.0,77.0,45.0,-0.008895277098527258,0.9099999999999997,2.3199999999999994,0.09000000000000001,2.6899999999999995,-2.5999999999999996,1.5100000000000002,2.1100000000000003
2015-06-05,2092.830078125,14.210000038146973,0.09846981323111996,0.020192410108413696,0.009696304117771648,0.010496105990642048,59.130001068115234,2.5899999141693115,2.7219998836517334,1167.800048828125,15.970999717712402,125.58,0.9436,0.07,0.455,100.571,5.3,96.1,1379.0,437951.0,1.38,-0.5466,238.638,242.064,0.12377120368545214,1.7772676244655061,1.653496420780054,1.64,1.86,4465360.0,185794.0,2444765.0,2.41,0.73,0.03,0.55,38.0,5.0,20.0,74.0,47.0,0.021351667189059897,0.9399999999999995,2.1999999999999997,0.08,2.77,-2.69,1.6800000000000002,2.3800000000000003
2015-06-12,2094.110107421875,13.779999732971191,0.10248286059323068,0.018988839264068608,0.010502736715371554,0.008486102548697054,59.959999084472656,2.75,2.69950008392334,1178.800048828125,15.817999839782715,123.23,0.926,0.07,0.455,100.571,5.3,96.1,1379.0,437951.0,1.4,-0.5455,238.638,242.064,0.12377120368545214,1.7772676244655061,1.653496420780054,1.64,1.84,4468005.0,178468.0,2654281.0,2.39,0.74,0.02,0.55,38.0,5.0,20.0,74.0,47.0,-0.0021443811381565148,0.9399999999999995,2.27,0.11,2.77,-2.66,1.6500000000000001,2.37
2015-06-19,2109.989990234375,13.960000038146973,0.0971407858697092,0.019488160106506346,0.009436332279384695,0.010051827827121652,59.61000061035156,2.815999984741211,2.5920000076293945,1201.5,16.104000091552734,122.7,0.9206,0.07,0.455,100.571,5.3,96.1,1379.0,437951.0,1.44,-0.54281,238.638,242.064,0.12377120368545214,1.7772676244655061,1.653496420780054,1.63,1.86,4487817.0,207648.0,2621304.0,2.26,0.65,0.01,0.4,38.0,5.0,20.0,74.0,47.0,-0.01692573430808072,0.9399999999999995,2.3700000000000006,0.12000000000000001,2.77,-2.65,1.6099999999999999,2.25
2015-06-26,2101.489990234375,14.020000457763672,0.08639748968400832,0.019656041283569355,0.007464526223698324,0.012191515059871032,59.630001068115234,2.7730000019073486,2.6449999809265137,1172.9000244140625,15.734999656677246,123.92,0.9351,0.07,0.455,100.571,5.3,96.1,1379.0,437951.0,1.43,-0.54013,238.638,242.064,0.12377120368545214,1.7772676244655061,1.653496420780054,1.66,1.92,4495055.0,239498.0,2530324.0,2.49,0.72,0.01,0.57,38.0,5.0,20.0,74.0,47.0,0.004776331377399561,0.9399999999999995,2.2900000000000005,0.18,2.77,-2.59,1.7700000000000002,2.4800000000000004
2015-07-03,2076.780029296875,16.790000915527344,0.10759179846043068,0.02819041307434091,0.011575995095949934,0.016614417978390975,56.93000030517578,2.822000026702881,2.634500026702881,1163.0,15.536999702453613,123.14,0.9436,0.07,0.41,101.2228,5.2,93.1,1140.0,441942.0,1.46,-0.53501,238.654,242.565,0.1695697796432194,1.8346312894897077,1.6650615098464883,1.62,1.91,4479130.0,227457.0,2457406.0,2.4,0.64,0.01,0.49,40.0,7.0,22.0,67.0,49.0,-0.01085291193045479,1.0499999999999998,2.5900000000000003,0.11,2.8800000000000003,-2.7700000000000005,1.7599999999999998,2.39
2015-07-10,2076.6201171875,16.829999923706055,0.11874706481817152,0.02832488974319458,0.014100865402931028,0.014224024340263553,52.7400016784668,2.7699999809265137,2.5455000400543213,1157.699951171875,15.468000411987305,122.75,0.9411,0.07,0.41,101.2228,5.2,93.1,1140.0,441942.0,1.49,-0.53002,238.654,242.565,0.1695697796432194,1.8346312894897077,1.6650615098464883,1.58,1.87,4481289.0,182596.0,2555100.0,2.42,0.65,0.01,0.55,40.0,7.0,22.0,67.0,49.0,-0.02018517368998777,1.0499999999999998,2.65,0.11,2.8800000000000003,-2.7700000000000005,1.77,2.41
2015-07-17,2126.639892578125,11.949999809265137,0.12196371433373968,0.014280249544143682,0.014875147614082056,-0.0005948980699383745,50.88999938964844,2.869999885559082,2.504499912261963,1131.800048828125,14.819999694824219,124.0,0.9608,0.07,0.41,101.2228,5.2,93.1,1140.0,441942.0,1.5,-0.52458,238.654,242.565,0.1695697796432194,1.8346312894897077,1.6650615098464883,1.5,1.83,4493605.0,176411.0,2620137.0,2.34,0.68,0.03,0.51,40.0,7.0,22.0,67.0,49.0,-0.0005611005916723588,1.0499999999999998,2.6300000000000003,0.1,2.8800000000000003,-2.7800000000000002,1.6599999999999997,2.31
2015-07-24,2079.64990234375,13.739999771118164,0.12134285024634384,0.01887875937103272,0.014724087305906627,0.004154672065126094,48.13999938964844,2.7760000228881836,2.381500005722046,1085.5999755859375,14.47700023651123,123.74,0.962,0.07,0.41,101.2228,5.2,93.1,1140.0,441942.0,1.54,-0.51488,238.654,242.565,0.1695697796432194,1.8346312894897077,1.6650615098464883,1.4,1.76,4500503.0,194772.0,2631543.0,2.27,0.7,0.04,0.51,40.0,7.0,22.0,67.0,49.0,-0.009160203555858892,1.0499999999999998,3.0000000000000004,0.15,2.8800000000000003,-2.7300000000000004,1.57,2.23
2015-07-31,2103.840087890625,12.119999885559082,0.12289825190090578,0.014689439722595217,0.015103980320298492,-0.00041454059770327546,47.119998931884766,2.7160000801086426,2.367500066757202,1094.9000244140625,14.746000289916992,123.94,0.9636,0.07,0.41,101.2228,5.2,93.1,1140.0,441942.0,1.58,-0.50023,238.654,242.565,0.1695697796432194,1.8346312894897077,1.6650615098464883,1.36,1.74,4485480.0,196825.0,2624646.0,2.2,0.67,0.08,0.46,42.0,7.0,22.0,67.0,53.0,-0.013370458520810683,1.0499999999999998,3.0400000000000005,0.03,2.8800000000000003,-2.8500000000000005,1.5300000000000002,2.12
2015-08-07,2077.570068359375,13.390000343322754,0.1214715756754558,0.017929210919418345,0.014755343697077985,0.00317386722234036,43.869998931884766,2.7980000972747803,2.3415000438690186,1094.0999755859375,14.815999984741211,124.27,0.9824,0.08,0.38,101.0367,5.1,91.9,1165.0,441849.0,1.6,-0.4814,238.316,242.817,0.1950792930057288,1.8506323273421277,1.6555530343363989,1.28,1.66,4486329.0,203501.0,2598529.0,2.18,0.73,0.06,0.52,42.0,7.0,22.0,67.0,53.0,-0.012454458257036503,1.1500000000000004,3.3499999999999996,0.07,3.0200000000000005,-2.9500000000000006,1.4500000000000002,2.12
2015-08-14,2091.5400390625,12.829999923706055,0.11314671110018304,0.016460889804229734,0.012802178232788284,0.00365871157144145,42.5,2.8010001182556152,2.364000082015991,1112.9000244140625,15.210000038146973,124.27,0.978,0.08,0.38,101.0367,5.1,91.9,1165.0,441849.0,1.64,-0.45996,238.316,242.817,0.1950792930057288,1.8506323273421277,1.6555530343363989,1.25,1.62,4489250.0,196323.0,2558957.0,2.2,0.73,0.09,0.58,42.0,7.0,22.0,67.0,53.0,0.0022809858879572573,1.1500000000000004,3.3499999999999996,0.09,3.0200000000000005,-2.9300000000000006,1.4700000000000002,2.1100000000000003
2015-08-21,1970.8900146484375,28.030000686645508,0.14738820861232077,0.07856809384933476,0.021723284037948987,0.056844809811385774,40.45000076293945,2.6760001182556152,2.306999921798706,1159.5999755859375,15.300999641418457,122.11,0.9488,0.08,0.38,101.0367,5.1,91.9,1165.0,441849.0,1.69,-0.43751,238.316,242.817,0.1950792930057288,1.8506323273421277,1.6555530343363989,1.13,1.53,4487208.0,177883.0,2528568.0,2.05,0.64,0.03,0.52,42.0,7.0,22.0,67.0,53.0,-0.027495662391278028,1.1500000000000004,3.6900000000000004,0.19,3.0200000000000005,-2.8300000000000005,1.4099999999999997,2.02
2015-08-28,1988.8699951171875,26.049999237060547,0.22986023709988035,0.0678602460250855,0.05283572859961321,0.01502451742547229,45.220001220703125,2.7149999141693115,2.3464999198913574,1133.0999755859375,14.53499984741211,121.32,0.9622,0.08,0.38,101.0367,5.1,91.9,1165.0,441849.0,1.69,-0.41725,238.316,242.817,0.1950792930057288,1.8506323273421277,1.6555530343363989,1.22,1.61,4475105.0,128581.0,2682256.0,2.19,0.72,0.06,0.58,42.0,7.0,22.0,67.0,53.0,0.029625232433747,1.1500000000000004,3.55,0.2,3.0200000000000005,-2.8200000000000003,1.47,2.13
2015-09-04,1921.219970703125,27.799999237060547,0.25338891927803836,0.0772839957580567,0.06420594441289224,0.01307805134516446,46.04999923706055,2.6549999713897705,2.319499969482422,1120.5999755859375,14.543999671936035,119.05,0.9754,0.07,0.35,100.7547,5.0,87.2,1144.0,439867.0,1.68,-0.40421,237.945,243.316,-0.03612974780596856,1.8970961446650891,1.9332258924710577,1.14,1.51,4475886.0,120354.0,2682003.0,2.13,0.71,0.02,0.62,45.0,7.0,24.0,67.0,55.0,0.0081879855100071,1.2699999999999996,3.5700000000000003,0.18000000000000002,3.17,-2.9899999999999998,1.42,2.11
2015-09-11,1961.050048828125,23.200000762939453,0.2643470645269173,0.05382400354003913,0.06987937052399819,-0.01605536698395906,44.630001068115234,2.693000078201294,2.4619998931884766,1103.5,14.489999771118164,120.66,0.9735,0.07,0.35,100.7547,5.0,87.2,1144.0,439867.0,1.67,-0.39844,237.945,243.316,-0.03612974780596856,1.8970961446650891,1.9332258924710577,1.21,1.59,4478213.0,85792.0,2731228.0,2.2,0.71,0.04,0.61,45.0,7.0,24.0,67.0,55.0,-0.0005840229452424364,1.2699999999999996,3.45,0.21,3.17,-2.96,1.4900000000000002,2.16
2015-09-18,1958.030029296875,22.280000686645508,0.2722064544978897,0.04963984305969243,0.0740963538703117,-0.024456510810619274,44.68000030517578,2.6050000190734863,2.3970000743865967,1138.0999755859375,15.154000282287598,119.85,0.9614,0.07,0.35,100.7547,5.0,87.2,1144.0,439867.0,1.66,-0.39858,237.945,243.316,-0.03612974780596856,1.8970961446650891,1.9332258924710577,1.19,1.55,4487809.0,117411.0,2696511.0,2.13,0.69,0.0,0.58,45.0,7.0,24.0,67.0,55.0,-0.020237421692841893,1.2699999999999996,3.63,0.27,3.17,-2.9,1.44,2.13
2015-09-25,1931.3399658203125,23.6200008392334,0.27000159643898947,0.055790443964538645,0.07290086207960293,-0.017110418115064287,45.70000076293945,2.563999891281128,2.2915000915527344,1146.0,15.105999946594238,120.74,0.976,0.07,0.35,100.7547,5.0,87.2,1144.0,439867.0,1.7,-0.40434,237.945,243.316,-0.03612974780596856,1.8970961446650891,1.9332258924710577,1.11,1.46,4497484.0,153512.0,2622865.0,2.17,0.7,0.0,0.71,45.0,7.0,24.0,67.0,55.0,-0.0003326374267552303,1.2699999999999996,3.9800000000000004,0.21000000000000002,3.17,-2.96,1.47,2.17
2015-10-02,1951.3599853515625,20.940000534057617,0.282575644714878,0.04384836223663333,0.07984899498602896,-0.03600063274939563,45.540000915527344,2.4509999752044678,2.3294999599456787,1137.0999755859375,15.256999969482422,119.42,0.9684,0.08,0.3,100.2675,5.0,90.0,1160.0,438693.0,1.8,-0.41412,237.838,243.768,0.17057443573555986,1.9135335359607986,1.7429591002252387,1.15,1.48,4484111.0,145165.0,2514321.0,1.99,0.58,0.0,0.51,41.0,7.0,19.0,78.0,47.0,-0.0006954223667923198,1.3899999999999997,4.76,0.18,3.27,-3.09,1.4100000000000001,1.99
2015-10-09,2014.8900146484375,17.079999923706055,0.2049311699569643,0.029172639739379884,0.04199678441993019,-0.012824144680550306,49.630001068115234,2.502000093460083,2.4170000553131104,1156.300048828125,15.809000015258789,120.3,0.9615,0.08,0.3,100.2675,5.0,90.0,1160.0,438693.0,1.73,-0.42987,237.838,243.768,0.17057443573555986,1.9135335359607986,1.7429591002252387,1.22,1.54,4486185.0,83381.0,2632633.0,2.12,0.65,0.01,0.58,41.0,7.0,19.0,78.0,47.0,0.031639529726472514,1.3899999999999997,4.0600000000000005,0.19,3.27,-3.08,1.4700000000000002,2.1100000000000003
2015-10-16,2033.1099853515625,15.050000190734863,0.18145280053206134,0.022650250574111942,0.03292511882092804,-0.010274868246816095,47.2599983215332,2.430000066757202,2.4070000648498535,1183.5999755859375,16.101999282836914,119.6,0.9536,0.08,0.3,100.2675,5.0,90.0,1160.0,438693.0,1.72,-0.44441,237.838,243.768,0.17057443573555986,1.9135335359607986,1.7429591002252387,1.18,1.48,4504704.0,66439.0,2697180.0,2.04,0.61,0.01,0.56,41.0,7.0,19.0,78.0,47.0,-0.011718875150315961,1.3899999999999997,4.109999999999999,0.16,3.27,-3.11,1.4300000000000002,2.0300000000000002
2015-10-23,2075.14990234375,14.460000038146973,0.16336833267236442,0.020909160110321044,0.026689212120148333,-0.005780052009827289,44.599998474121094,2.2860000133514404,2.3499999046325684,1163.300048828125,15.817999839782715,121.2,0.9769,0.08,0.3,100.2675,5.0,90.0,1160.0,438693.0,1.67,-0.45739,237.838,243.768,0.17057443573555986,1.9135335359607986,1.7429591002252387,1.19,1.51,4501372.0,60403.0,2693306.0,2.09,0.66,0.01,0.58,41.0,7.0,19.0,78.0,47.0,0.01797389524723984,1.3899999999999997,3.9,0.16999999999999998,3.27,-3.1,1.4299999999999997,2.08
2015-10-30,2079.360107421875,15.069999694824219,0.15326068544515273,0.022710489080200204,0.02348883770311805,-0.0007783486229178439,46.59000015258789,2.321000099182129,2.313499927520752,1141.5,15.565999984741211,120.7,0.9858,0.08,0.3,100.2675,5.0,90.0,1160.0,438693.0,1.65,-0.46667,237.838,243.768,0.17057443573555986,1.9135335359607986,1.7429591002252387,1.2,1.53,4489339.0,47100.0,2657762.0,2.16,0.75,0.08,0.63,41.0,7.0,19.0,78.0,47.0,0.003395362035992037,1.3899999999999997,3.81,0.11,3.27,-3.16,1.4100000000000001,2.08
2015-11-06,2099.199951171875,14.329999923706055,0.14922651746463308,0.020534889781341555,0.022268553514622442,-0.0017336637332808873,44.290000915527344,2.371000051498413,2.241499900817871,1087.5999755859375,14.696000099182129,123.2,1.0048,0.08,0.3,99.5298,5.1,91.3,1244.0,440303.0,1.61,-0.47028,237.336,244.241,0.5017975786678841,1.9974275238246353,1.4956299451567512,1.25,1.59,4489702.0,29795.0,2642566.0,2.34,0.9,0.08,0.75,44.0,8.0,19.0,67.0,47.0,0.028673902656748483,1.4000000000000004,3.5600000000000005,0.11,3.2,-3.0900000000000003,1.44,2.26
2015-11-13,2023.0400390625,20.079999923706055,0.13003714521424176,0.04032063969360351,0.0169096591354698,0.023410980558133714,40.7400016784668,2.3610000610351562,2.1700000762939453,1080.800048828125,14.20300006866455,122.93,1.0088,0.08,0.3,99.5298,5.1,91.3,1244.0,440303.0,1.63,-0.46679,237.336,244.241,0.5017975786678841,1.9974275238246353,1.4956299451567512,1.21,1.52,4492012.0,107125.0,2655976.0,2.28,0.86,0.14,0.76,44.0,8.0,19.0,67.0,47.0,-0.020529025583910197,1.4000000000000004,3.9800000000000004,0.03,3.2,-3.1700000000000004,1.42,2.1399999999999997
2015-11-20,2089.169921875,15.470000267028809,0.13037190339907573,0.02393209082618714,0.016996833195897933,0.0069352576302892065,40.38999938964844,2.1449999809265137,2.053999900817871,1076.4000244140625,14.105999946594238,122.8,1.0183,0.08,0.3,99.5298,5.1,91.3,1244.0,440303.0,1.62,-0.45749,237.336,244.241,0.5017975786678841,1.9974275238246353,1.4956299451567512,1.31,1.6,4486721.0,133021.0,2634137.0,2.26,0.93,0.12,0.66,44.0,8.0,19.0,67.0,47.0,0.0072847743008184924,1.4000000000000004,4.0600000000000005,0.13,3.2,-3.0700000000000003,1.3299999999999996,2.1399999999999997
2015-11-27,2090.110107421875,15.119999885559082,0.12083278013642855,0.022861439653930667,0.014600560755498482,0.008260878898432186,41.709999084472656,2.2119998931884766,2.05049991607666,1056.199951171875,14.008000373840332,122.84,1.0305,0.08,0.3,99.5298,5.1,91.3,1244.0,440303.0,1.63,-0.44366,237.336,244.241,0.5017975786678841,1.9974275238246353,1.4956299451567512,1.31,1.6,4477088.0,163491.0,2553608.0,2.22,0.92,0.18,0.62,44.0,8.0,19.0,67.0,47.0,-0.003163177223026281,1.4000000000000004,4.12,0.06,3.2,-3.14,1.3000000000000003,2.04
2015-12-04,2091.68994140625,14.8100004196167,0.13992360480794533,0.021933611242904678,0.019578615182450063,0.002354996060454615,39.970001220703125,2.186000108718872,2.0739998817443848,1084.5,14.505000114440918,123.1,0.9986,0.07,0.27,99.0417,5.0,92.6,1211.0,442149.0,1.62,-0.42513,236.525,244.547,0.7295197860415881,2.0715072792840905,1.3419874932425024,1.3,1.6,4478069.0,212756.0,2518901.0,2.28,0.96,0.23,0.68,38.0,11.0,18.0,55.0,47.0,-0.004874356245627043,1.4899999999999998,4.13,0.09,3.2199999999999998,-3.13,1.3199999999999998,2.05
2015-12-11,2012.3699951171875,24.389999389648438,0.14710733622523542,0.05948720702270511,0.02164056837128446,0.03784663865142065,35.619998931884766,1.9900000095367432,2.1080000400543213,1076.9000244140625,13.859000205993652,120.94,0.9828,0.07,0.27,99.0417,5.0,92.6,1211.0,442149.0,1.71,-0.40305,236.525,244.547,0.7295197860415881,2.0715072792840905,1.3419874932425024,1.17,1.46,4480436.0,186624.0,2523870.0,2.13,0.88,0.23,0.67,38.0,11.0,18.0,55.0,47.0,-0.028177063454547516,1.4899999999999998,4.859999999999999,0.15,3.2199999999999998,-3.07,1.25,1.9
2015-12-18,2005.550048828125,20.700000762939453,0.16615166052352126,0.04284900315856939,0.027606374294723453,0.015242628863845937,34.72999954223633,1.7669999599456787,2.1029999256134033,1066.199951171875,14.079999923706055,121.2,0.994,0.07,0.27,99.0417,5.0,92.6,1211.0,442149.0,1.74,-0.38149,236.525,244.547,0.7295197860415881,2.0715072792840905,1.3419874932425024,1.21,1.46,4489593.0,196343.0,2535562.0,2.19,0.97,0.19,0.73,38.0,11.0,18.0,55.0,47.0,-0.02562537251745941,1.4899999999999998,4.96,0.24,3.2199999999999998,-2.9799999999999995,1.22,2.0
2015-12-25,2060.989990234375,15.739999771118164,0.17258115919527253,0.02477475927947998,0.029784256509184003,-0.005009497229704021,38.099998474121094,2.0290000438690186,2.1115000247955322,1077.199951171875,14.369000434875488,120.32,0.9872,0.07,0.27,99.0417,5.0,92.6,1211.0,442149.0,1.74,-0.3614,236.525,244.547,0.7295197860415881,2.0715072792840905,1.3419874932425024,1.23,1.52,4496523.0,267608.0,2408573.0,2.25,1.03,0.2,0.73,38.0,11.0,18.0,55.0,47.0,0.005165213581215317,1.4899999999999998,4.81,0.24,3.2199999999999998,-2.9799999999999995,1.22,2.05
2016-01-01,2043.93994140625,18.209999084472656,0.16521032013506623,0.0331604066656495,0.02729444987913107,0.005865956786518429,37.040000915527344,2.3369998931884766,2.125499963760376,1060.300048828125,13.774999618530273,120.27,1.0017,0.07,0.095,99.5607,4.8,92.0,1171.0,439466.0,1.73,-0.34373,236.916,244.955,1.3730868138309926,2.145022538582464,0.7719357247514713,1.31,1.54,4486587.0,290467.0,2306241.0,2.27,1.06,0.16,0.73,38.0,10.0,15.0,45.0,53.0,-0.005119317354980687,1.4500000000000002,4.86,0.26,3.3600000000000003,-3.1000000000000005,1.21,2.11
2016-01-08,1922.030029296875,27.010000228881836,0.18037494647264635,0.07295401123641969,0.03253512131501003,0.040418889921409656,33.15999984741211,2.4719998836517334,2.0164999961853027,1097.800048828125,13.907999992370605,117.74,0.9972,0.07,0.095,99.5607,4.8,92.0,1171.0,439466.0,1.77,-0.32817,236.916,244.955,1.3730868138309926,2.145022538582464,0.7719357247514713,1.23,1.48,4486606.0,333220.0,2121654.0,2.13,0.94,0.2,0.65,38.0,10.0,15.0,45.0,53.0,-0.039660710220032896,1.4500000000000002,5.140000000000001,0.25,3.3600000000000003,-3.1100000000000003,1.19,1.93
2016-01-15,1880.3299560546875,27.020000457763672,0.20491238356904082,0.0730080424737549,0.04198908493994571,0.031018957533809198,29.420000076293945,2.0999999046325684,1.9394999742507935,1091.5,13.883999824523926,116.78,0.9984,0.07,0.095,99.5607,4.8,92.0,1171.0,439466.0,1.89,-0.3146,236.916,244.955,1.3730868138309926,2.145022538582464,0.7719357247514713,1.12,1.36,4501695.0,302983.0,2421899.0,2.03,0.85,0.24,0.67,38.0,10.0,15.0,45.0,53.0,-0.021364157832698107,1.4500000000000002,5.8,0.26,3.3600000000000003,-3.1000000000000005,1.1799999999999997,1.7899999999999998
2016-01-22,1906.9000244140625,22.34000015258789,0.20458919806907727,0.0499075606817627,0.04185673996654813,0.008050820715214568,32.189998626708984,2.1389999389648438,1.9984999895095825,1097.199951171875,14.043000221252441,118.37,1.0148,0.07,0.095,99.5607,4.8,92.0,1171.0,439466.0,1.96,-0.30441,236.916,244.955,1.3730868138309926,2.145022538582464,0.7719357247514713,1.15,1.35,4488840.0,285318.0,2454769.0,2.07,0.88,0.31,0.72,38.0,10.0,15.0,45.0,53.0,-0.0018680102718006512,1.4500000000000002,5.78,0.19,3.3600000000000003,-3.1700000000000004,1.19,1.7599999999999998
2016-01-29,1940.239990234375,20.200000762939453,0.21950242682080742,0.04080400308227544,0.04818131538022392,-0.007377312297948475,33.619998931884766,2.2980000972747803,2.063999891281128,1116.4000244140625,14.229000091552734,121.05,1.0226,0.07,0.095,99.5607,4.8,92.0,1171.0,439466.0,2.02,-0.29777,236.916,244.955,1.3730868138309926,2.145022538582464,0.7719357247514713,1.19,1.41,4482349.0,341996.0,2395752.0,1.94,0.76,0.33,0.53,38.0,10.0,15.0,45.0,53.0,0.006590763381502105,1.4500000000000002,5.65,0.14,3.3600000000000003,-3.22,1.18,1.6099999999999999
2016-02-05,1880.050048828125,23.3799991607666,0.21361154174927516,0.0546624360757447,0.045629890768502324,0.009032545307242373,30.889999389648438,2.062999963760376,2.1005001068115234,1157.800048828125,14.763999938964844,116.99,0.9938,0.03,-0.065,99.0445,4.9,91.7,1172.0,443117.0,2.09,-0.29415,237.111,245.51,1.0177997801654737,2.222573822094165,1.2047740419286912,1.07,1.33,4483495.0,350858.0,2374971.0,1.86,0.74,0.3,0.53,43.0,10.0,19.0,58.0,51.0,-0.01134907083773218,1.38,6.319999999999999,0.15000000000000002,3.5599999999999996,-3.4099999999999997,1.12,1.56
2016-02-12,1864.780029296875,25.399999618530273,0.21932769899017435,0.0645159980621338,0.04810463954432453,0.016411358517809276,29.440000534057617,1.965999960899353,2.0269999504089355,1239.0999755859375,15.78499984741211,112.96,0.9768,0.03,-0.065,99.0445,4.9,91.7,1172.0,443117.0,2.2,-0.2943,237.111,245.51,1.0177997801654737,2.222573822094165,1.2047740419286912,1.03,1.25,4486278.0,317303.0,2441826.0,1.74,0.71,0.3,0.49,43.0,10.0,19.0,58.0,51.0,-0.007020553036457987,1.38,6.86,0.15000000000000002,3.5599999999999996,-3.4099999999999997,1.03,1.44
2016-02-19,1917.780029296875,20.530000686645508,0.22610268434238467,0.0421480928193665,0.051122423866832044,-0.00897433104746554,29.639999389648438,1.8040000200271606,2.075500011444092,1230.4000244140625,15.368000030517578,112.42,0.9893,0.03,-0.065,99.0445,4.9,91.7,1172.0,443117.0,2.15,-0.30283,237.111,245.51,1.0177997801654737,2.222573822094165,1.2047740419286912,1.06,1.26,4483629.0,266760.0,2478361.0,1.76,0.76,0.31,0.5,43.0,10.0,19.0,58.0,51.0,0.012260207202395252,1.38,6.45,0.18,3.5599999999999996,-3.3799999999999994,1.0,1.45
2016-02-26,1948.050048828125,19.809999465942383,0.20881447831643887,0.039243607884063746,0.04360348635456652,-0.004359878470502773,32.779998779296875,1.7910000085830688,2.118000030517578,1219.800048828125,14.689000129699707,113.78,0.9967,0.03,-0.065,99.0445,4.9,91.7,1172.0,443117.0,2.11,-0.31566,237.111,245.51,1.0177997801654737,2.222573822094165,1.2047740419286912,1.2,1.41,4489796.0,237950.0,2421445.0,1.76,0.8,0.33,0.35,43.0,10.0,19.0,58.0,51.0,0.011699174975310072,1.38,6.02,0.13,3.5599999999999996,-3.4299999999999997,0.96,1.43
2016-03-04,1999.989990234375,16.860000610351562,0.20082684018688876,0.02842596205810551,0.04033141973945016,-0.011905457681344652,35.91999816894531,1.6660000085830688,2.2709999084472656,1269.9000244140625,15.680999755859375,113.91,0.9926,-0.003,-0.05,98.3096,5.0,91.0,1118.0,441856.0,1.95,-0.33124,238.132,245.913,0.8525362211427412,2.142426948557663,1.2898907274149218,1.36,1.51,4478485.0,237207.0,2481508.0,1.88,0.88,0.29,0.37,52.0,7.0,21.0,54.0,54.0,0.022868938308249362,1.31,5.19,0.18999999999999995,3.24,-3.0500000000000003,0.9999999999999999,1.5899999999999999
2016-03-11,2022.18994140625,16.5,0.1880529696948259,0.027225000000000003,0.03536391941104311,-0.008138919411043107,38.5,1.8220000267028809,2.2385001182556152,1258.699951171875,15.607000350952148,113.66,0.9813,-0.003,-0.05,98.3096,5.0,91.0,1118.0,441856.0,1.85,-0.34677,238.132,245.913,0.8525362211427412,2.142426948557663,1.2898907274149218,1.41,1.54,4481083.0,211443.0,2515893.0,1.98,0.97,0.33,0.44,52.0,7.0,21.0,54.0,54.0,-0.002946936618734167,1.31,4.930000000000001,0.15999999999999998,3.24,-3.08,1.01,1.65
2016-03-18,2049.580078125,14.020000457763672,0.16614198595928514,0.019656041283569355,0.027603159498495303,-0.007947118214925948,39.439998626708984,1.906999945640564,2.2795000076293945,1253.800048828125,15.805999755859375,111.38,0.9682,-0.003,-0.05,98.3096,5.0,91.0,1118.0,441856.0,1.76,-0.36077,238.132,245.913,0.8525362211427412,2.142426948557663,1.2898907274149218,1.47,1.61,4486333.0,235634.0,2499512.0,1.88,0.84,0.3,0.27,52.0,7.0,21.0,54.0,54.0,0.021370778532666373,1.31,4.82,0.14,3.24,-3.1,1.04,1.5799999999999998
2016-03-25,2035.93994140625,14.739999771118164,0.14801347726757072,0.021726759325256355,0.021907989452837673,-0.000181230127581318,39.459999084472656,1.805999994277954,2.2244999408721924,1221.4000244140625,15.190999984741211,113.05,0.978,-0.003,-0.05,98.3096,5.0,91.0,1118.0,441856.0,1.73,-0.37028,238.132,245.913,0.8525362211427412,2.142426948557663,1.2898907274149218,1.42,1.57,4492857.0,296956.0,2422534.0,1.91,0.89,0.3,0.34,52.0,7.0,21.0,54.0,54.0,-0.015846982725584047,1.31,5.04,0.17000000000000004,3.24,-3.0700000000000003,1.02,1.6099999999999999
2016-04-01,2072.780029296875,13.100000381469727,0.12065223891382279,0.017161000999450695,0.014556962754918175,0.0026040382445325205,36.790000915527344,1.9559999704360962,2.1610000133514404,1222.199951171875,15.041999816894531,112.06,0.9588,-0.036,-0.085,98.6421,5.1,89.0,1160.0,444254.0,1.69,-0.37709,239.261,246.551,1.125110418894426,2.156654761214183,1.0315443423197568,1.49,1.62,4482840.0,284660.0,2408417.0,1.79,0.76,0.23,0.17,42.0,5.0,21.0,52.0,51.0,-0.006710629498521895,1.17,5.24,0.24999999999999997,2.98,-2.73,1.03,1.56
2016-04-08,2047.5999755859375,15.359999656677246,0.12032800216552128,0.02359295894531251,0.014478828105145693,0.009114130840166816,39.720001220703125,1.9900000095367432,2.0864999294281006,1242.5,15.381999969482422,108.36,0.9536,-0.036,-0.085,98.6421,5.1,89.0,1160.0,444254.0,1.7,-0.38073,239.261,246.551,1.125110418894426,2.156654761214183,1.0315443423197568,1.43,1.58,4484069.0,264323.0,2391977.0,1.72,0.7,0.23,0.14,42.0,5.0,21.0,52.0,51.0,-0.009483088596553927,1.17,5.220000000000001,0.27,2.98,-2.71,1.02,1.49
2016-04-15,2080.72998046875,13.619999885559082,0.10326305906897339,0.018550439688262938,0.010663259368282286,0.007887180319980652,40.36000061035156,1.9019999504089355,2.1519999504089355,1233.0999755859375,16.30900001525879,108.76,0.967,-0.036,-0.085,98.6421,5.1,89.0,1160.0,444254.0,1.64,-0.38345,239.261,246.551,1.125110418894426,2.156654761214183,1.0315443423197568,1.42,1.56,4499729.0,239635.0,2496830.0,1.76,0.74,0.22,0.2,42.0,5.0,21.0,52.0,51.0,0.02296508608927339,1.17,4.8100000000000005,0.22,2.98,-2.76,1.02,1.54
2016-04-22,2091.580078125,13.220000267028809,0.09864788977881181,0.017476840706024177,0.009731406157812603,0.007745434548211574,43.72999954223633,2.140000104904175,2.2690000534057617,1228.699951171875,16.895999908447266,111.5,0.9774,-0.036,-0.085,98.6421,5.1,89.0,1160.0,444254.0,1.55,-0.38519,239.261,246.551,1.125110418894426,2.156654761214183,1.0315443423197568,1.56,1.64,4490131.0,268785.0,2470250.0,1.89,0.84,0.23,0.25,42.0,5.0,21.0,52.0,51.0,0.024240018331012747,1.17,4.48,0.26,2.98,-2.7199999999999998,1.0499999999999998,1.66
2016-04-29,2065.300048828125,15.699999809265137,0.09208440368694908,0.024648999401092532,0.008479537402381,0.016169461998711533,45.91999816894531,2.177999973297119,2.2790000438690186,1289.199951171875,17.788999557495117,106.9,0.9598,-0.036,-0.085,98.6421,5.1,89.0,1160.0,444254.0,1.52,-0.3851,239.261,246.551,1.125110418894426,2.156654761214183,1.0315443423197568,1.6,1.71,4474665.0,346166.0,2374158.0,1.83,0.77,0.22,0.12,42.0,5.0,21.0,52.0,51.0,-0.007179699531979648,1.17,4.43,0.22,2.98,-2.76,1.06,1.61
2016-05-06,2057.139892578125,14.720000267028809,0.09762792177782281,0.021667840786132823,0.00953121111065669,0.012136629675476133,44.65999984741211,2.1010000705718994,2.1510000228881836,1292.9000244140625,17.506999969482422,106.66,0.9697,-0.059,-0.12,98.4184,4.8,94.7,1205.0,445490.0,1.56,-0.38354,240.229,247.137,1.019322554193569,2.2545595974976074,1.2352370433040383,1.51,1.61,4477270.0,336357.0,2361000.0,1.79,0.74,0.19,0.18,44.0,8.0,21.0,49.0,53.0,-0.016981559019877634,1.0299999999999998,4.67,0.3,2.8699999999999997,-2.57,1.05,1.6
2016-05-13,2046.6099853515625,15.039999961853027,0.10522379550692045,0.022620159885253902,0.011072047140882212,0.01154811274437169,46.209999084472656,2.0959999561309814,2.075000047683716,1271.9000244140625,17.114999771118164,109.14,0.9756,-0.059,-0.12,98.4184,4.8,94.7,1205.0,445490.0,1.57,-0.38162,240.229,247.137,1.019322554193569,2.2545595974976074,1.2352370433040383,1.52,1.58,4478411.0,315369.0,2401680.0,1.71,0.76,0.29,0.13,44.0,8.0,21.0,49.0,53.0,-0.011308230691517984,1.0299999999999998,4.6,0.18,2.8699999999999997,-2.6899999999999995,0.95,1.42
2016-05-20,2052.320068359375,15.199999809265137,0.09940865775873717,0.023103999420166017,0.009882081237393736,0.01322191818277228,47.75,2.062000036239624,2.058500051498413,1252.4000244140625,16.518999099731445,110.52,0.992,-0.059,-0.12,98.4184,4.8,94.7,1205.0,445490.0,1.56,-0.37854,240.229,247.137,1.019322554193569,2.2545595974976074,1.2352370433040383,1.51,1.56,4473741.0,295339.0,2416214.0,1.85,0.89,0.33,0.29,44.0,8.0,21.0,49.0,53.0,0.019353969899063832,1.0299999999999998,4.41,0.16999999999999998,2.8699999999999997,-2.6999999999999997,0.9600000000000001,1.52
2016-05-27,2099.06005859375,13.119999885559082,0.10167667403831393,0.017213439699707036,0.010338146043493542,0.006875293656213494,49.33000183105469,2.1689999103546143,2.114000082015991,1213.800048828125,16.246000289916992,109.86,0.9916,-0.059,-0.12,98.4184,4.8,94.7,1205.0,445490.0,1.54,-0.37396,240.229,247.137,1.019322554193569,2.2545595974976074,1.2352370433040383,1.51,1.58,4461111.0,268619.0,2332537.0,1.85,0.9,0.32,0.27,44.0,8.0,21.0,49.0,53.0,0.005208251797650016,1.0299999999999998,4.27,0.15000000000000002,2.8699999999999997,-2.7199999999999998,0.9500000000000001,1.53
2016-06-03,2099.1298828125,13.470000267028809,0.09913169343434981,0.01814409071937562,0.009827092643161913,0.008316998076213706,48.619998931884766,2.3980000019073486,2.111999988555908,1240.0999755859375,16.34600067138672,106.88,0.9781,-0.055,-0.23,98.8833,4.9,93.5,1208.0,450237.0,1.56,-0.36772,241.018,247.54,0.9973264945230875,2.2622116465067066,1.264885151983619,1.45,1.52,4461393.0,267948.0,2393953.0,1.71,0.78,0.3,0.19,46.0,12.0,24.0,51.0,58.0,-0.019853107127089542,1.0300000000000002,4.45,0.24000000000000005,2.8900000000000006,-2.6500000000000004,0.9299999999999999,1.41
2016-06-10,2096.070068359375,17.030000686645508,0.10027143532645652,0.029002092338714647,0.010054360742427753,0.018947731596286894,49.06999969482422,2.555999994277954,2.0315001010894775,1273.4000244140625,17.315000534057617,107.06,0.9632,-0.055,-0.23,98.8833,4.9,93.5,1208.0,450237.0,1.56,-0.36074,241.018,247.54,0.9973264945230875,2.2622116465067066,1.264885151983619,1.49,1.52,4463542.0,236351.0,2429639.0,1.64,0.73,0.26,0.12,46.0,12.0,24.0,51.0,58.0,-0.00438155585935555,1.0300000000000002,4.340000000000001,0.2,2.8900000000000006,-2.6900000000000004,0.9099999999999999,1.38
2016-06-17,2071.219970703125,19.40999984741211,0.09563798239969505,0.03767480940765381,0.00914662367748438,0.02852818573016943,47.97999954223633,2.622999906539917,2.052500009536743,1292.5,17.399999618530273,104.2,0.961,-0.055,-0.23,98.8833,4.9,93.5,1208.0,450237.0,1.6,-0.35291,241.018,247.54,0.9973264945230875,2.2622116465067066,1.264885151983619,1.43,1.42,4472817.0,231257.0,2449153.0,1.62,0.7,0.27,0.2,46.0,12.0,24.0,51.0,58.0,-0.0025895943464941213,1.0300000000000002,4.57,0.22999999999999998,2.8900000000000006,-2.6600000000000006,0.9200000000000002,1.35
2016-06-24,2037.4100341796875,25.760000228881836,0.14294360589503358,0.06635776117919923,0.02043287446627468,0.04592488671292455,47.63999938964844,2.6619999408721924,2.111999988555908,1320.0,17.78499984741211,102.26,0.9702,-0.055,-0.23,98.8833,4.9,93.5,1208.0,450237.0,1.61,-0.34777,241.018,247.54,0.9973264945230875,2.2622116465067066,1.264885151983619,1.36,1.42,4482009.0,316838.0,2361897.0,1.57,0.64,0.27,0.15,46.0,12.0,24.0,51.0,58.0,-0.012522752460516262,1.0300000000000002,4.69,0.24,2.8900000000000006,-2.6500000000000004,0.93,1.3
2016-07-01,2102.949951171875,14.770000457763672,0.16596705841352577,0.021815291352233906,0.027545064478438675,-0.005729773126204769,48.9900016784668,2.986999988555908,2.2149999141693115,1336.699951171875,19.54400062561035,102.55,0.973,-0.043,-0.195,98.9992,4.8,90.0,1198.0,449789.0,1.61,-0.34463,240.628,247.829,0.8271388704987004,2.1701399624842965,1.3430010919855961,1.43,1.43,4466482.0,337093.0,2256344.0,1.46,0.59,0.28,0.03,42.0,13.0,20.0,45.0,63.0,-0.01139194045927949,0.94,4.62,0.18,2.7199999999999998,-2.5399999999999996,0.87,1.18
2016-07-08,2129.89990234375,13.199999809265137,0.16730858096454904,0.017423999496459966,0.02799216126437106,-0.010568161767911095,45.40999984741211,2.8010001182556152,2.118499994277954,1356.5999755859375,20.058000564575195,100.65,0.9843,-0.043,-0.195,98.9992,4.8,90.0,1198.0,449789.0,1.57,-0.34572,240.628,247.829,0.8271388704987004,2.1701399624842965,1.3430010919855961,1.39,1.43,4470605.0,303297.0,2253410.0,1.37,0.61,0.28,-0.06,42.0,13.0,20.0,45.0,63.0,-0.0016913470474290513,0.94,4.38,0.18,2.7199999999999998,-2.5399999999999996,0.7600000000000001,1.09
2016-07-15,2161.739990234375,12.670000076293945,0.16856078820701037,0.016052890193328857,0.028412739320968605,-0.012359849127639749,45.95000076293945,2.75600004196167,2.2304999828338623,1326.5,20.125,105.64,0.9834,-0.043,-0.195,98.9992,4.8,90.0,1198.0,449789.0,1.49,-0.34981,240.628,247.829,0.8271388704987004,2.1701399624842965,1.3430010919855961,1.44,1.49,4472202.0,316064.0,2310766.0,1.6,0.71,0.32,0.11,42.0,13.0,20.0,45.0,63.0,0.024200655502993294,0.94,3.92,0.15000000000000002,2.7199999999999998,-2.57,0.8900000000000001,1.28
2016-07-22,2175.030029296875,12.020000457763672,0.16880280617196178,0.014448041100463887,0.028494387371528897,-0.01404634627106501,44.189998626708984,2.7769999504089355,2.2339999675750732,1323.0999755859375,19.656999588012695,106.22,0.9888,-0.043,-0.195,98.9992,4.8,90.0,1198.0,449789.0,1.47,-0.35407,240.628,247.829,0.8271388704987004,2.1701399624842965,1.3430010919855961,1.36,1.51,4480973.0,329150.0,2327654.0,1.57,0.71,0.33,0.06,42.0,13.0,20.0,45.0,63.0,-0.006052774192056336,0.94,3.8899999999999997,0.14999999999999997,2.7199999999999998,-2.57,0.8600000000000001,1.24
2016-07-29,2173.60009765625,11.869999885559082,0.16374205355200763,0.014089689728317263,0.026811460101428534,-0.012721770373111271,41.599998474121094,2.875999927520752,2.2204999923706055,1349.0,20.312000274658203,102.32,0.969,-0.043,-0.195,98.9992,4.8,90.0,1198.0,449789.0,1.5,-0.35838,240.628,247.829,0.8271388704987004,2.1701399624842965,1.3430010919855961,1.31,1.49,4464498.0,325499.0,2322008.0,1.46,0.67,0.28,-0.03,42.0,13.0,20.0,45.0,63.0,0.007122025781517069,0.94,4.11,0.16999999999999998,2.7199999999999998,-2.55,0.7899999999999999,1.18
2016-08-05,2182.8701171875,11.390000343322754,0.16180879981406923,0.012973210782089245,0.02618208769726953,-0.013208876915180285,41.79999923706055,2.7720000743865967,2.1530001163482666,1336.4000244140625,19.780000686645508,101.74,0.9796,-0.043,-0.07,98.85,4.9,89.8,1201.0,449946.0,1.49,-0.36065,240.849,248.423,1.0628745027610353,2.3087345614186683,1.245860058657633,1.33,1.5,4466793.0,298813.0,2332761.0,1.59,0.72,0.28,0.09,41.0,11.0,21.0,40.0,60.0,0.015502220322574829,0.9200000000000004,3.9,0.20999999999999996,2.68,-2.47,0.8700000000000001,1.31
2016-08-12,2184.050048828125,11.550000190734863,0.07090964396236042,0.013340250440597537,0.005028177606868718,0.008312072833728819,44.4900016784668,2.5859999656677246,2.140500068664551,1335.800048828125,19.672000885009766,101.01,0.9738,-0.043,-0.07,98.85,4.9,89.8,1201.0,449946.0,1.45,-0.36091,240.849,248.423,1.0628745027610353,2.3087345614186683,1.245860058657633,1.29,1.44,4468929.0,259832.0,2395226.0,1.51,0.71,0.29,0.07,41.0,11.0,21.0,40.0,60.0,0.00028403033816963097,0.9200000000000004,3.78,0.19999999999999996,2.68,-2.4800000000000004,0.8,1.22
2016-08-19,2183.8701171875,11.34000015258789,0.055106113907143185,0.012859560346069339,0.0030366837899470397,0.009822876556122299,48.52000045776367,2.5840001106262207,2.1665000915527344,1340.4000244140625,19.301000595092773,100.24,0.9594,-0.043,-0.07,98.85,4.9,89.8,1201.0,449946.0,1.4,-0.35859,240.849,248.423,1.0628745027610353,2.3087345614186683,1.245860058657633,1.34,1.48,4466476.0,260810.0,2328544.0,1.58,0.76,0.3,0.1,41.0,11.0,21.0,40.0,60.0,0.014118408160686952,0.9200000000000004,3.5900000000000003,0.2,2.68,-2.48,0.8200000000000001,1.28
2016-08-26,2169.0400390625,13.649999618530273,0.05250744844234521,0.01863224895858766,0.0027570321419255403,0.01587521681666212,47.63999938964844,2.871000051498413,2.075000047683716,1321.5,18.645000457763672,101.2,0.9718,-0.043,-0.07,98.85,4.9,89.8,1201.0,449946.0,1.38,-0.35348,240.849,248.423,1.0628745027610353,2.3087345614186683,1.245860058657633,1.31,1.47,4473840.0,254376.0,2358138.0,1.62,0.84,0.34,0.15,41.0,11.0,21.0,40.0,60.0,0.012353980531873827,0.9200000000000004,3.48,0.18,2.68,-2.5,0.7800000000000001,1.28
2016-09-02,2179.97998046875,11.979999542236328,0.052078001553551065,0.014352038903198262,0.002712118245811667,0.011639920657386595,44.439998626708984,2.7920000553131104,2.071500062942505,1322.0999755859375,19.275999069213867,104.18,0.9804,-0.052,-0.085,98.7457,5.0,91.2,1303.0,453056.0,1.39,-0.34645,241.428,248.842,1.4637836474815646,2.271120682569183,0.8073370350876186,1.28,1.47,4457907.0,274195.0,2337960.0,1.6,0.8,0.33,0.13,43.0,11.0,20.0,48.0,54.0,0.0014641002017770077,0.8999999999999995,3.46,0.2,2.6799999999999997,-2.4799999999999995,0.8,1.27
2016-09-09,2127.81005859375,17.5,0.08923850216721885,0.030624999999999996,0.007963510269048723,0.02266148973095127,45.880001068115234,2.796999931335449,2.0885000228881836,1330.0999755859375,19.281999588012695,102.86,0.977,-0.052,-0.085,98.7457,5.0,91.2,1303.0,453056.0,1.4,-0.34055,241.428,248.842,1.4637836474815646,2.271120682569183,0.8073370350876186,1.32,1.5,4459394.0,236154.0,2373809.0,1.67,0.79,0.35,0.17,43.0,11.0,20.0,48.0,54.0,0.0034801598042140114,0.8999999999999995,3.4699999999999998,0.16999999999999998,2.6799999999999997,-2.51,0.8799999999999999,1.3199999999999998
2016-09-16,2139.159912109375,15.369999885559082,0.11113360102889314,0.023623689648208622,0.012350677277649198,0.011273012370559424,43.029998779296875,2.947999954223633,2.1514999866485596,1305.800048828125,18.7810001373291,102.36,0.9794,-0.052,-0.085,98.7457,5.0,91.2,1303.0,453056.0,1.43,-0.33616,241.428,248.842,1.4637836474815646,2.271120682569183,0.8073370350876186,1.34,1.51,4481635.0,243082.0,2368491.0,1.7,0.77,0.3,0.19,43.0,11.0,20.0,48.0,54.0,-0.018553729307228945,0.8999999999999995,3.6399999999999997,0.25000000000000006,2.6799999999999997,-2.4299999999999997,0.9299999999999999,1.4
2016-09-23,2164.68994140625,12.289999961853027,0.11458120763045251,0.015104409906234743,0.013128853142052869,0.001975556764181874,44.47999954223633,2.9549999237060547,2.192500114440918,1337.199951171875,19.732999801635742,101.04,0.9702,-0.052,-0.085,98.7457,5.0,91.2,1303.0,453056.0,1.41,-0.33494,241.428,248.842,1.4637836474815646,2.271120682569183,0.8073370350876186,1.42,1.57,4473032.0,340448.0,2244467.0,1.62,0.77,0.18,0.05,43.0,11.0,20.0,48.0,54.0,-0.00847786019964795,0.8999999999999995,3.4699999999999998,0.36000000000000004,2.6799999999999997,-2.32,0.8500000000000001,1.4400000000000002
2016-09-30,2168.27001953125,13.289999961853027,0.12362805324944046,0.017662409898605347,0.015283895550246484,0.0023785143483588626,48.2400016784668,2.9059998989105225,2.2019999027252197,1313.300048828125,19.138999938964844,101.21,0.9694,-0.052,-0.085,98.7457,5.0,91.2,1303.0,453056.0,1.43,-0.3381,241.428,248.842,1.4637836474815646,2.271120682569183,0.8073370350876186,1.45,1.6,4452002.0,351700.0,2131792.0,1.6,0.77,0.29,0.0,45.0,15.0,18.0,51.0,54.0,0.03011246125276072,0.8999999999999995,3.34,0.24,2.6799999999999997,-2.4399999999999995,0.8300000000000001,1.31
2016-10-07,2153.739990234375,13.479999542236328,0.12463904405505673,0.018171038765869164,0.015534891302958372,0.0026361474629107914,49.810001373291016,3.193000078201294,2.1565001010894775,1248.9000244140625,17.323999404907227,103.42,0.9806,-0.037,-0.05,98.7611,4.9,87.2,1254.0,453847.0,1.38,-0.34526,241.729,249.142,1.6359875209176034,2.2045551507991146,0.5685676298815112,1.5,1.63,4459407.0,347760.0,1999935.0,1.73,0.83,0.33,0.1,45.0,15.0,18.0,51.0,54.0,0.01570548477245115,0.8700000000000001,3.0,0.22000000000000003,2.62,-2.4,0.9,1.4
2016-10-14,2132.97998046875,16.1200008392334,0.12949348109984585,0.025985442705688543,0.016768561647356135,0.009216881058332408,50.349998474121094,3.2850000858306885,2.1034998893737793,1253.0999755859375,17.39299964904785,104.1,0.9902,-0.037,-0.05,98.7611,4.9,87.2,1254.0,453847.0,1.36,-0.35442,241.729,249.142,1.6359875209176034,2.2045551507991146,0.5685676298815112,1.53,1.67,4457698.0,356185.0,2129766.0,1.8,0.84,0.32,0.13,45.0,15.0,18.0,51.0,54.0,-0.0032639664079830615,0.8700000000000001,2.96,0.24000000000000005,2.62,-2.38,0.9600000000000001,1.48
2016-10-21,2141.159912109375,13.34000015258789,0.10809238396439219,0.017795560407104498,0.01168396347110559,0.006111596935998907,50.849998474121094,2.993000030517578,2.0834999084472656,1265.9000244140625,17.447999954223633,103.96,0.9951,-0.037,-0.05,98.7611,4.9,87.2,1254.0,453847.0,1.35,-0.36569,241.729,249.142,1.6359875209176034,2.2045551507991146,0.5685676298815112,1.56,1.67,4467382.0,391988.0,2147216.0,1.74,0.84,0.34,0.07,45.0,15.0,18.0,51.0,54.0,0.005587588294970303,0.8700000000000001,2.8600000000000003,0.2,2.62,-2.42,0.9,1.4
2016-10-28,2126.409912109375,16.190000534057617,0.08604134326291249,0.02621161172927859,0.007403112750486336,0.018808498978792255,48.70000076293945,3.1050000190734863,2.188499927520752,1275.5,17.761999130249023,105.4,0.9932,-0.037,-0.05,98.7611,4.9,87.2,1254.0,453847.0,1.37,-0.37875,241.729,249.142,1.6359875209176034,2.2045551507991146,0.5685676298815112,1.6,1.73,4454326.0,429027.0,2061583.0,1.86,0.86,0.3,0.13,45.0,15.0,18.0,51.0,54.0,-0.002005463161230144,0.8700000000000001,3.0,0.31,2.62,-2.31,1.0,1.56
2016-11-04,2085.179931640625,22.510000228881836,0.07937708462558674,0.050670011030426024,0.006300721563657558,0.04436928946676846,44.06999969482422,2.7669999599456787,2.260999917984009,1303.300048828125,18.341999053955078,103.02,0.9682,-0.049,0.02,98.3491,4.7,93.8,1230.0,453892.0,1.41,-0.3909,241.353,249.481,1.6925371625037933,2.1454219398053587,0.4528847773015654,1.52,1.68,4453087.0,417665.0,2107987.0,1.79,0.8,0.38,0.11,44.0,17.0,17.0,46.0,54.0,0.00015392670352324875,0.8500000000000001,3.06,0.17000000000000004,2.57,-2.4,0.99,1.4100000000000001
2016-11-11,2164.449951171875,14.170000076293945,0.09784931527507239,0.020078890216217043,0.009574488499800514,0.010504401716416529,44.65999984741211,2.631999969482422,2.549499988555908,1265.5,18.715999603271484,106.56,0.9878,-0.049,0.02,98.3491,4.7,93.8,1230.0,453892.0,1.36,-0.40494,241.353,249.481,1.6925371625037933,2.1454219398053587,0.4528847773015654,1.7,1.88,4455087.0,376217.0,2175670.0,2.15,0.92,0.48,0.27,44.0,17.0,17.0,46.0,54.0,0.05037065420925516,0.8500000000000001,2.8299999999999996,0.09999999999999998,2.57,-2.4699999999999998,1.23,1.67
2016-11-18,2181.89990234375,12.850000381469727,0.09853262710034283,0.01651225098037721,0.009708678603295214,0.006803572377081995,45.689998626708984,2.8429999351501465,2.4639999866485596,1208.5,16.613000869750977,110.51,1.0094,-0.049,0.02,98.3491,4.7,93.8,1230.0,453892.0,1.36,-0.41779,241.353,249.481,1.6925371625037933,2.1454219398053587,0.4528847773015654,1.74,1.9,4453633.0,400625.0,2167766.0,2.34,1.07,0.44,0.44,44.0,17.0,17.0,46.0,54.0,0.01639591163928955,0.8500000000000001,2.6999999999999997,0.21000000000000002,2.57,-2.36,1.2699999999999998,1.9
2016-11-25,2213.35009765625,12.34000015258789,0.09151155450368406,0.015227560376586916,0.00837436460768074,0.006853195768906176,46.060001373291016,3.0850000381469727,2.6670000553131104,1178.199951171875,16.464000701904297,113.17,1.0136,-0.049,0.02,98.3491,4.7,93.8,1230.0,453892.0,1.36,-0.42909,241.353,249.481,1.6925371625037933,2.1454219398053587,0.4528847773015654,1.74,1.89,4465782.0,399665.0,2130901.0,2.36,1.12,0.49,0.47,44.0,17.0,17.0,46.0,54.0,0.009546982401405614,0.8500000000000001,2.4999999999999996,0.19000000000000006,2.57,-2.38,1.2399999999999998,1.8699999999999999
2016-12-02,2191.949951171875,14.119999885559082,0.09261406768438674,0.01993743967681885,0.008577365533048168,0.01136007414377068,51.68000030517578,3.436000108718872,2.615000009536743,1175.0999755859375,16.753000259399414,113.76,1.011,-0.044,0.04,99.0214,4.7,98.2,1248.0,459305.0,1.35,-0.43897,241.432,249.92,2.074622132966919,2.197123661300271,0.12250152833335193,1.76,1.91,4446307.0,409360.0,2096684.0,2.4,1.11,0.49,0.49,41.0,16.0,18.0,44.0,54.0,0.012465238129406956,0.7700000000000005,2.1499999999999995,0.21999999999999997,2.34,-2.12,1.2899999999999998,1.91
2016-12-09,2259.530029296875,11.75,0.09784551106846162,0.013806249999999999,0.009573744036248446,0.0042325059637515535,51.5,3.746000051498413,2.6419999599456787,1159.4000244140625,16.89699935913086,115.17,1.0184,-0.044,0.04,99.0214,4.7,98.2,1248.0,459305.0,1.33,-0.44779,241.432,249.92,2.074622132966919,2.197123661300271,0.12250152833335193,1.83,1.96,4448618.0,343355.0,2143979.0,2.47,1.15,0.54,0.51,41.0,16.0,18.0,44.0,54.0,0.012645569660732454,0.7700000000000005,1.79,0.19999999999999996,2.34,-2.1399999999999997,1.3200000000000003,1.9300000000000002
2016-12-16,2258.070068359375,12.199999809265137,0.09411519941997103,0.014883999534606939,0.008857670761860914,0.006026328772746024,51.900001525878906,3.4149999618530273,2.561000108718872,1135.300048828125,16.152999877929688,117.74,1.0258,-0.044,0.04,99.0214,4.7,98.2,1248.0,459305.0,1.3,-0.45467,241.432,249.92,2.074622132966919,2.197123661300271,0.12250152833335193,1.75,1.86,4470973.0,324525.0,2138296.0,2.6,1.28,0.51,0.74,41.0,16.0,18.0,44.0,54.0,-0.021988580731863754,0.7700000000000005,1.7199999999999998,0.26,2.34,-2.08,1.32,2.09
2016-12-23,2263.7900390625,11.4399995803833,0.06988291294289246,0.013087359039917009,0.004883621521383887,0.008203737518533122,53.02000045776367,3.6619999408721924,2.4725000858306885,1131.9000244140625,15.704000473022461,117.22,1.0268,-0.044,0.04,99.0214,4.7,98.2,1248.0,459305.0,1.29,-0.46047,241.432,249.92,2.074622132966919,2.197123661300271,0.12250152833335193,1.84,1.97,4469089.0,388497.0,2023009.0,2.55,1.22,0.52,0.58,41.0,16.0,18.0,44.0,54.0,0.0017561227446697782,0.7700000000000005,1.67,0.28,2.34,-2.0599999999999996,1.3299999999999998,2.03
2016-12-30,2238.830078125,14.039999961853027,0.0743376962756653,0.019712159892883302,0.0055260930875730635,0.01418606680531024,53.720001220703125,3.7239999771118164,2.497499942779541,1150.0,15.935999870300293,116.78,1.016,-0.044,0.04,99.0214,4.7,98.2,1248.0,459305.0,1.29,-0.46683,241.432,249.92,2.074622132966919,2.197123661300271,0.12250152833335193,1.84,1.95,4451451.0,380679.0,1952555.0,2.45,1.2,0.51,0.5,41.0,16.0,18.0,44.0,54.0,-0.007760587355250648,0.7700000000000005,1.7199999999999998,0.29000000000000004,2.34,-2.05,1.2500000000000002,1.9400000000000002
2017-01-06,2276.97998046875,11.319999694824219,0.07545424900981289,0.012814239309082041,0.005693343693634849,0.007120895615447192,53.9900016784668,3.2850000858306885,2.5380001068115234,1171.9000244140625,16.465999603271484,116.85,1.015,-0.045,0.085,98.7611,4.7,98.5,1303.0,464412.0,1.28,-0.47252,242.839,250.467,2.5000422090529995,2.2502092221020176,-0.24983298695098188,1.84,1.96,4453101.0,387989.0,1845396.0,2.42,1.22,0.53,0.46,41.0,15.0,20.0,35.0,65.0,0.002265657363358523,0.7400000000000002,1.5499999999999998,0.18999999999999995,2.23,-2.04,1.2,1.89
2017-01-13,2274.639892578125,11.229999542236328,0.07395623749783013,0.012611288971862814,0.005469525064835456,0.007141763907027358,52.369998931884766,3.4189999103546143,2.680500030517578,1195.300048828125,16.719999313354492,115.03,1.0098,-0.045,0.085,98.7611,4.7,98.5,1303.0,464412.0,1.28,-0.47829,242.839,250.467,2.5000422090529995,2.2502092221020176,-0.24983298695098188,1.85,1.99,4452509.0,372492.0,2068178.0,2.4,1.21,0.53,0.41,41.0,15.0,20.0,35.0,65.0,0.0058126373966932805,0.7400000000000002,1.5899999999999994,0.29999999999999993,2.23,-1.9300000000000002,1.19,1.8699999999999999
2017-01-20,2271.31005859375,11.539999961853027,0.07358073026011143,0.013317159911956786,0.005414123865611278,0.00790303604634551,52.41999816894531,3.2039999961853027,2.617000102996826,1204.300048828125,16.996999740600586,115.3,1.0094,-0.045,0.085,98.7611,4.7,98.5,1303.0,464412.0,1.28,-0.48309,242.839,250.467,2.5000422090529995,2.2502092221020176,-0.24983298695098188,1.92,2.04,4460758.0,366090.0,2148195.0,2.48,1.2,0.5,0.44,41.0,15.0,20.0,35.0,65.0,-0.003071396216705565,0.7400000000000002,1.5899999999999994,0.33999999999999997,2.23,-1.8900000000000001,1.28,1.98
2017-01-27,2294.68994140625,10.579999923706055,0.06615097309305684,0.011193639838562012,0.004375951241158331,0.006817688597403681,53.16999816894531,3.3910000324249268,2.680000066757202,1188.0999755859375,17.100000381469727,115.16,0.9992,-0.045,0.085,98.7611,4.7,98.5,1303.0,464412.0,1.26,-0.48675,242.839,250.467,2.5000422090529995,2.2502092221020176,-0.24983298695098188,1.96,2.08,4452838.0,390842.0,2116497.0,2.49,1.22,0.52,0.41,41.0,15.0,20.0,35.0,65.0,0.019884637960213704,0.7400000000000002,1.5,0.30000000000000004,2.23,-1.93,1.2700000000000002,1.9700000000000002
2017-02-03,2297.419921875,10.970000267028809,0.06530301920912782,0.012034090585861211,0.004264484317827716,0.007769606268033495,53.83000183105469,3.062999963760376,2.609499931335449,1218.5,17.452999114990234,112.42,0.991,-0.038,0.05,98.3646,4.6,96.3,1234.0,464284.0,1.27,-0.48909,243.603,250.998,2.7379581714893186,2.2353468290497336,-0.502611342439585,1.91,2.05,4453881.0,374841.0,2155126.0,2.49,1.21,0.51,0.44,58.0,16.0,21.0,55.0,59.0,-0.02255402677746406,0.6899999999999995,1.44,0.28,2.2199999999999998,-1.9399999999999997,1.2800000000000002,1.9800000000000002
2017-02-10,2316.10009765625,10.850000381469727,0.06122053488805552,0.011772250827789321,0.003747953891979623,0.008024296935809697,53.86000061035156,3.0339999198913574,2.76200008392334,1234.4000244140625,17.91200065612793,113.22,1.0028,-0.038,0.05,98.3646,4.6,96.3,1234.0,464284.0,1.27,-0.49034,243.603,250.998,2.7379581714893186,2.2353468290497336,-0.502611342439585,1.87,2.01,4456236.0,305735.0,2220721.0,2.41,1.2,0.55,0.4,58.0,16.0,21.0,55.0,59.0,-0.000989735972119302,0.6899999999999995,1.48,0.25,2.2199999999999998,-1.9699999999999998,1.2100000000000002,1.86
2017-02-17,2351.159912109375,11.489999771118164,0.05613463732067531,0.013202009474029547,0.003151097507123753,0.010050911966905794,53.400001525878906,2.8340001106262207,2.7054998874664307,1237.5999755859375,18.018999099731445,112.86,1.0022,-0.038,0.05,98.3646,4.6,96.3,1234.0,464284.0,1.24,-0.48973,243.603,250.998,2.7379581714893186,2.2353468290497336,-0.502611342439585,1.85,2.01,4454676.0,309919.0,2246912.0,2.42,1.21,0.53,0.41,58.0,16.0,21.0,55.0,59.0,-0.005453057276031476,0.6899999999999995,1.44,0.18999999999999995,2.2199999999999998,-2.03,1.21,1.89
2017-02-24,2367.340087890625,11.470000267028809,0.055883726406446545,0.013156090612564094,0.0031229908770705707,0.010033099735493524,53.9900016784668,2.627000093460083,2.680000066757202,1256.9000244140625,18.334999084472656,112.26,1.0055,-0.038,0.05,98.3646,4.6,96.3,1234.0,464284.0,1.23,-0.48757,243.603,250.998,2.7379581714893186,2.2353468290497336,-0.502611342439585,1.9,2.0,4468702.0,258292.0,2239022.0,2.31,1.12,0.52,0.31,58.0,16.0,21.0,55.0,59.0,-0.023543309824139547,0.6899999999999995,1.42,0.26,2.2199999999999998,-1.9599999999999997,1.19,1.79
2017-03-03,2383.1201171875,10.960000038146973,0.06706394052639593,0.012012160083618162,0.00449757211892797,0.007514587964690192,53.33000183105469,2.8269999027252197,2.687000036239624,1225.5,17.69700050354004,114.6,1.0118,-0.042,0.065,99.0137,4.4,96.9,1272.0,463674.0,1.18,-0.48562,243.801,250.944,2.3806124334402767,2.045845481938735,-0.3347669515015417,1.92,2.04,4458018.0,175496.0,2261623.0,2.49,1.32,0.71,0.45,54.0,14.0,22.0,53.0,57.0,0.005519519552369326,0.6699999999999999,1.12,-0.039999999999999925,2.1999999999999997,-2.2399999999999998,1.1700000000000002,1.7800000000000002
2017-03-10,2372.60009765625,11.65999984741211,0.06461277613938123,0.013595559644165043,0.0041748108404377916,0.009420748803727251,48.4900016784668,3.007999897003174,2.5864999294281006,1200.699951171875,16.882999420166016,115.02,1.0104,-0.042,0.065,99.0137,4.4,96.9,1272.0,463674.0,1.21,-0.48304,243.801,250.944,2.3806124334402767,2.045845481938735,-0.3347669515015417,1.9,2.01,4459840.0,88220.0,2343906.0,2.58,1.36,0.75,0.57,54.0,14.0,22.0,53.0,57.0,-0.004918852066471876,0.6699999999999999,1.4100000000000001,0.24,2.1999999999999997,-1.9599999999999997,1.22,1.83
2017-03-17,2378.25,11.279999732971191,0.06622019434005866,0.012723839397583014,0.0043851141384351365,0.008338725259147878,48.779998779296875,2.947999954223633,2.679500102996826,1229.800048828125,17.378999710083008,112.67,0.9978,-0.042,0.065,99.0137,4.4,96.9,1272.0,463674.0,1.22,-0.48069,243.801,250.944,2.3806124334402767,2.045845481938735,-0.3347669515015417,1.89,2.01,4469577.0,38579.0,2360216.0,2.5,1.33,0.73,0.49,54.0,14.0,22.0,53.0,57.0,3.0841088886438776e-05,0.6699999999999999,1.4300000000000002,0.17000000000000004,2.1999999999999997,-2.03,1.17,1.77
2017-03-24,2343.97998046875,12.960000038146973,0.07398483806317997,0.016796160098876956,0.005473756263234964,0.011322403835641991,47.970001220703125,3.0759999752044678,2.623500108718872,1248.199951171875,17.719999313354492,111.03,0.991,-0.042,0.065,99.0137,4.4,96.9,1272.0,463674.0,1.23,-0.47919,243.801,250.944,2.3806124334402767,2.045845481938735,-0.3347669515015417,1.73,1.98,4478236.0,70827.0,2311413.0,2.4,1.26,0.78,0.42,54.0,14.0,22.0,53.0,57.0,-0.016219492085318254,0.6699999999999999,1.5900000000000003,0.14,2.1999999999999997,-2.0599999999999996,1.14,1.6199999999999999
2017-03-31,2362.719970703125,12.369999885559082,0.07357917390132306,0.015301689716873172,0.00541389483200114,0.009887794884872032,50.599998474121094,3.190000057220459,2.6465001106262207,1247.300048828125,18.235000610351562,111.41,0.9998,-0.042,0.065,99.0137,4.4,96.9,1272.0,463674.0,1.24,-0.48055,243.801,250.944,2.3806124334402767,2.045845481938735,-0.3347669515015417,1.77,1.97,4469618.0,65187.0,2308932.0,2.4,1.27,0.76,0.43,53.0,19.0,19.0,53.0,53.0,0.01662720077720955,0.6699999999999999,1.44,0.20999999999999996,2.1999999999999997,-1.9899999999999998,1.13,1.64
2017-04-07,2355.5400390625,12.869999885559082,0.0720661333457163,0.016563689705429083,0.005193527575402562,0.01137016213002652,52.2400016784668,3.260999917984009,2.6449999809265137,1254.300048828125,18.1299991607666,110.76,1.0066,-0.054,0.015,100.0224,4.4,97.0,1251.0,465276.0,1.23,-0.48388,244.524,251.227,2.199689878417299,1.8965650108902388,-0.30312486752706036,1.7,1.94,4474634.0,89210.0,2233858.0,2.38,1.29,0.82,0.44,53.0,19.0,19.0,53.0,53.0,-0.0032739102739099595,0.7000000000000002,1.56,0.08999999999999997,2.2700000000000005,-2.1800000000000006,1.0899999999999999,1.56
2017-04-14,2328.949951171875,15.960000038146973,0.06029946867496029,0.02547216012176514,0.0036360259224825172,0.021836134199282622,53.18000030517578,3.2269999980926514,2.569499969482422,1285.9000244140625,18.48900032043457,108.63,1.0038,-0.054,0.015,100.0224,4.4,97.0,1251.0,465276.0,1.25,-0.48961,244.524,251.227,2.199689878417299,1.8965650108902388,-0.30312486752706036,1.74,1.92,4484492.0,122218.0,2358407.0,2.24,1.21,0.81,0.32,53.0,19.0,19.0,53.0,53.0,-0.018204412090932598,0.7000000000000002,1.7300000000000004,0.10999999999999999,2.2700000000000005,-2.1600000000000006,1.0300000000000002,1.4300000000000002
2017-04-21,2348.68994140625,14.630000114440918,0.06970790756927484,0.02140369033485413,0.0048591923776865635,0.016544497957167566,49.619998931884766,3.1010000705718994,2.5364999771118164,1287.4000244140625,17.829999923706055,109.08,0.9987,-0.054,0.015,100.0224,4.4,97.0,1251.0,465276.0,1.25,-0.49738,244.524,251.227,2.199689878417299,1.8965650108902388,-0.30312486752706036,1.79,1.84,4479270.0,164543.0,2343340.0,2.24,1.2,0.79,0.4,53.0,19.0,19.0,53.0,53.0,0.010461892590162059,0.7000000000000002,1.6700000000000004,0.15000000000000002,2.2700000000000005,-2.1200000000000006,1.0400000000000003,1.4500000000000002
2017-04-28,2384.199951171875,10.819999694824219,0.07361291979654484,0.011707239339599619,0.005418861960972543,0.006288377378627075,49.33000183105469,3.2760000228881836,2.5964999198913574,1266.0999755859375,17.19099998474121,111.44,0.9944,-0.054,0.015,100.0224,4.4,97.0,1251.0,465276.0,1.22,-0.50753,244.524,251.227,2.199689878417299,1.8965650108902388,-0.30312486752706036,1.81,1.92,4470142.0,234219.0,2239041.0,2.29,1.28,0.8,0.37,53.0,19.0,19.0,53.0,53.0,0.0059764866414541516,0.7000000000000002,1.4500000000000002,0.12,2.2700000000000005,-2.1500000000000004,1.01,1.49
2017-05-05,2399.2900390625,10.569999694824219,0.06346106464746809,0.011172489354858407,0.004027306726190124,0.007145182628668283,46.220001220703125,3.2660000324249268,2.5195000171661377,1224.800048828125,16.21500015258789,112.63,0.9876,-0.053,0.04,100.1408,4.4,97.1,1208.0,462754.0,1.21,-0.51769,244.733,251.43,1.8748777208413614,1.7370931912259246,-0.13778452961543675,1.75,1.86,4471246.0,244655.0,2173987.0,2.36,1.32,0.9,0.5,51.0,22.0,19.0,50.0,56.0,0.00310634450012115,0.6999999999999997,1.52,0.050000000000000044,2.25,-2.2,1.0399999999999998,1.46
2017-05-12,2390.89990234375,10.399999618530273,0.060607208486797765,0.010815999206542982,0.003673233720562171,0.007142765485980812,47.84000015258789,3.4240000247955322,2.5179998874664307,1226.199951171875,16.34600067138672,113.3,1.0008,-0.053,0.04,100.1408,4.4,97.1,1208.0,462754.0,1.18,-0.52769,244.733,251.43,1.8748777208413614,1.7370931912259246,-0.13778452961543675,1.75,1.84,4473459.0,199013.0,2232191.0,2.33,1.29,0.88,0.49,51.0,22.0,19.0,50.0,56.0,0.000688928648300946,0.6999999999999997,1.4700000000000002,0.07999999999999996,2.25,-2.17,1.04,1.4500000000000002
2017-05-19,2381.72998046875,12.039999961853027,0.08440649094411344,0.01449615990814209,0.007124455713498705,0.007371704194643386,50.33000183105469,3.25600004196167,2.5739998817443848,1252.699951171875,16.75,111.47,0.9754,-0.053,0.04,100.1408,4.4,97.1,1208.0,462754.0,1.18,-0.53655,244.733,251.43,1.8748777208413614,1.7370931912259246,-0.13778452961543675,1.75,1.82,4467108.0,186080.0,2240327.0,2.23,1.28,0.92,0.41,51.0,22.0,19.0,50.0,56.0,-0.0072051722192953225,0.6999999999999997,1.48,0.05999999999999994,2.25,-2.19,0.95,1.31
2017-05-26,2415.820068359375,9.8100004196167,0.08181355314342259,0.00962361082328798,0.006693457477951632,0.0029301533453363485,49.79999923706055,3.2360000610351562,2.559499979019165,1267.5999755859375,17.283000946044922,111.3,0.9753,-0.053,0.04,100.1408,4.4,97.1,1208.0,462754.0,1.18,-0.54561,244.733,251.43,1.8748777208413614,1.7370931912259246,-0.13778452961543675,1.73,1.81,4470852.0,167165.0,2222412.0,2.25,1.3,0.94,0.44,51.0,22.0,19.0,50.0,56.0,-0.009955845050560278,0.6999999999999997,1.37,0.04999999999999993,2.25,-2.2,0.95,1.31
2017-06-02,2439.070068359375,9.75,0.07829277876569445,0.00950625,0.006129759206853975,0.0033764907931460256,47.65999984741211,2.999000072479248,2.571500062942505,1276.800048828125,17.48699951171875,110.49,0.9642,-0.056,0.075,100.3471,4.3,95.0,1353.0,465130.0,1.19,-0.5528,244.955,251.746,1.633487955256463,1.6991193342490218,0.06563137899255889,1.72,1.79,4459914.0,170984.0,2221628.0,2.15,1.28,0.98,0.36,52.0,17.0,20.0,53.0,57.0,-0.011645952014158672,0.69,1.5,0.020000000000000018,2.18,-2.16,0.8699999999999999,1.17
2017-06-09,2431.77001953125,10.699999809265137,0.07126947237183229,0.011448999591827397,0.005079337692159366,0.0063696618996680315,45.83000183105469,3.0390000343322754,2.6459999084472656,1268.5,17.19300079345703,110.61,0.97,-0.056,0.075,100.3471,4.3,95.0,1353.0,465130.0,1.19,-0.5586,244.955,251.746,1.633487955256463,1.6991193342490218,0.06563137899255889,1.68,1.78,4462443.0,152444.0,2272308.0,2.21,1.35,1.01,0.43,52.0,17.0,20.0,53.0,57.0,0.010888201850233575,0.69,1.54,0.06000000000000005,2.18,-2.12,0.8599999999999999,1.2
2017-06-16,2433.14990234375,10.380000114440918,0.07229756925705952,0.010774440237579348,0.005226938520479318,0.00554750171710003,44.7400016784668,3.0369999408721924,2.5625,1254.0,16.63599967956543,110.84,0.9739,-0.056,0.075,100.3471,4.3,95.0,1353.0,465130.0,1.18,-0.56302,244.955,251.746,1.633487955256463,1.6991193342490218,0.06563137899255889,1.56,1.67,4476269.0,153646.0,2274716.0,2.16,1.32,1.03,0.49,52.0,17.0,20.0,53.0,57.0,-0.004248065049710241,0.69,1.5699999999999998,0.11999999999999988,2.18,-2.0600000000000005,0.8400000000000001,1.1300000000000001
2017-06-23,2438.300048828125,10.020000457763672,0.07771310465336763,0.01004004091735842,0.006039326634865269,0.004000714282493151,43.0099983215332,2.928999900817871,2.622999906539917,1256.199951171875,16.628000259399414,111.26,0.9692,-0.056,0.075,100.3471,4.3,95.0,1353.0,465130.0,1.18,-0.56608,244.955,251.746,1.633487955256463,1.6991193342490218,0.06563137899255889,1.59,1.7,4474257.0,212275.0,2209820.0,2.15,1.34,0.97,0.45,52.0,17.0,20.0,53.0,57.0,-0.011232185224122096,0.69,1.67,0.20999999999999996,2.18,-1.9700000000000002,0.8099999999999998,1.18
2017-06-30,2423.409912109375,11.180000305175781,0.06791655336936785,0.012499240682373057,0.004612658221574191,0.007886582460798867,46.040000915527344,3.0350000858306885,2.6989998817443848,1240.699951171875,16.56800079345703,112.4,0.9586,-0.056,0.075,100.3471,4.3,95.0,1353.0,465130.0,1.15,-0.56936,244.955,251.746,1.633487955256463,1.6991193342490218,0.06563137899255889,1.63,1.73,4463347.0,208365.0,2162742.0,2.31,1.38,1.03,0.58,48.0,19.0,21.0,45.0,60.0,0.018707082566149946,0.69,1.58,0.15999999999999992,2.18,-2.0200000000000005,0.9300000000000002,1.28
2017-07-07,2425.179931640625,11.1899995803833,0.07238372041048562,0.012521609060897844,0.005239402980463352,0.007282206080434492,44.22999954223633,2.864000082015991,2.637500047683716,1208.5999755859375,15.371000289916992,114.1,0.9644,-0.054,0.075,100.1068,4.3,93.4,1256.0,465089.0,1.12,-0.57247,244.786,251.985,1.727978456372492,1.6769627444729984,-0.05101571189949361,1.63,1.73,4467272.0,177006.0,2076340.0,2.39,1.4,1.05,0.66,48.0,19.0,21.0,45.0,60.0,0.008366136802712957,0.6899999999999995,1.5100000000000002,0.1299999999999999,2.07,-1.94,0.9900000000000002,1.34
2017-07-14,2459.27001953125,9.510000228881836,0.07233097567243241,0.009044010435333257,0.005231770041726009,0.003812240393607248,46.540000915527344,2.9800000190734863,2.684000015258789,1226.5999755859375,15.883999824523926,112.66,0.9654,-0.054,0.075,100.1068,4.3,93.4,1256.0,465089.0,1.11,-0.5757,244.786,251.985,1.727978456372492,1.6769627444729984,-0.05101571189949361,1.62,1.76,4466702.0,171033.0,2220769.0,2.33,1.35,1.04,0.57,48.0,19.0,21.0,45.0,60.0,0.007445853703179406,0.6899999999999995,1.4100000000000001,0.1399999999999999,2.07,-1.93,0.98,1.29
2017-07-21,2472.5400390625,9.359999656677246,0.07234412933957068,0.008760959357299817,0.005233673049900532,0.003527286307399285,45.77000045776367,2.9700000286102295,2.7149999141693115,1254.300048828125,16.40999984741211,111.18,0.9468,-0.054,0.075,100.1068,4.3,93.4,1256.0,465089.0,1.1,-0.5779,244.786,251.985,1.727978456372492,1.6769627444729984,-0.05101571189949361,1.62,1.76,4476903.0,180400.0,2254092.0,2.24,1.36,1.16,0.48,48.0,19.0,21.0,45.0,60.0,-0.014002082764357732,0.6899999999999995,1.3200000000000003,0.030000000000000027,2.07,-2.04,0.8800000000000001,1.0800000000000003
2017-07-28,2472.10009765625,10.289999961853027,0.07138632640491197,0.01058840992149353,0.005096007597588631,0.0054924023239049,49.709999084472656,2.940999984741211,2.870500087738037,1268.4000244140625,16.663999557495117,110.87,0.9685,-0.054,0.075,100.1068,4.3,93.4,1256.0,465089.0,1.08,-0.57753,244.786,251.985,1.727978456372492,1.6769627444729984,-0.05101571189949361,1.68,1.83,4465284.0,191404.0,2280565.0,2.3,1.34,1.08,0.47,48.0,19.0,21.0,45.0,60.0,0.0073072724721673,0.6899999999999995,1.27,0.09999999999999987,2.07,-1.97,0.9599999999999997,1.2199999999999998
2017-08-04,2476.830078125,10.029999732971191,0.0649507450873548,0.010060089464340217,0.004218599287402543,0.005841490176937674,49.58000183105469,2.7739999294281006,2.884999990463257,1258.300048828125,16.222000122070312,110.76,0.9721,-0.049,0.01,99.6925,4.4,96.8,1319.0,466020.0,1.09,-0.57445,245.519,252.535,1.9389742120581754,1.6552412618799472,-0.2837329501782282,1.65,1.8,4466846.0,180348.0,2271315.0,2.27,1.36,1.08,0.47,54.0,18.0,21.0,43.0,65.0,-5.0659564078496034e-05,0.6799999999999997,1.42,0.11999999999999988,2.0999999999999996,-1.9799999999999998,0.9099999999999999,1.19
2017-08-11,2441.320068359375,15.510000228881836,0.06564417540591902,0.024056010709991464,0.004309157764723064,0.0197468529452684,48.81999969482422,2.9830000400543213,2.9140000343322754,1287.699951171875,17.041000366210938,109.06,0.962,-0.049,0.01,99.6925,4.4,96.8,1319.0,466020.0,1.16,-0.56919,245.519,252.535,1.9389742120581754,1.6552412618799472,-0.2837329501782282,1.64,1.79,4469083.0,149862.0,2332293.0,2.19,1.3,1.03,0.4,54.0,18.0,21.0,43.0,65.0,-0.014926912224658547,0.6799999999999997,1.79,0.17999999999999994,2.0999999999999996,-1.9199999999999997,0.8899999999999999,1.16
2017-08-18,2425.550048828125,14.260000228881836,0.07837805552212285,0.020334760652771,0.006143119587428972,0.014191641065342028,48.5099983215332,2.8929998874664307,2.940500020980835,1285.699951171875,16.979999542236328,109.32,0.9642,-0.049,0.01,99.6925,4.4,96.8,1319.0,466020.0,1.15,-0.56379,245.519,252.535,1.9389742120581754,1.6552412618799472,-0.2837329501782282,1.61,1.76,4462871.0,130954.0,2336388.0,2.19,1.33,1.02,0.43,54.0,18.0,21.0,43.0,65.0,-0.01176883139384488,0.6799999999999997,1.77,0.16999999999999993,2.0999999999999996,-1.9299999999999997,0.8599999999999999,1.17
2017-08-25,2443.050048828125,11.279999732971191,0.08040872984379809,0.012723839397583014,0.006465563835092905,0.006258275562490109,47.869998931884766,2.8919999599456787,3.0329999923706055,1292.5,17.038000106811523,109.24,0.9574,-0.049,0.01,99.6925,4.4,96.8,1319.0,466020.0,1.14,-0.55976,245.519,252.535,1.9389742120581754,1.6552412618799472,-0.2837329501782282,1.57,1.75,4463837.0,82077.0,2359640.0,2.17,1.35,1.03,0.42,54.0,18.0,21.0,43.0,65.0,0.004010813309267335,0.6799999999999997,1.6800000000000002,0.08000000000000007,2.0999999999999996,-2.0199999999999996,0.8199999999999998,1.14
2017-09-01,2476.550048828125,10.130000114440918,0.08205381814884063,0.010261690231857301,0.0067328290728030085,0.0035288611590542926,47.290000915527344,3.069999933242798,3.0980000495910645,1324.5,17.7189998626709,110.09,0.9626,-0.058,0.06,99.7954,4.3,95.1,1273.0,475724.0,1.15,-0.55761,246.819,252.812,2.2329638650032235,1.5953898457655935,-0.63757401923763,1.63,1.79,4452360.0,61057.0,2364546.0,2.16,1.35,1.02,0.37,55.0,30.0,20.0,49.0,61.0,0.0033168097904353235,0.6699999999999999,1.6199999999999997,0.15999999999999992,2.0999999999999996,-1.9399999999999997,0.81,1.1400000000000001
2017-09-08,2461.429931640625,12.119999885559082,0.08505911147270302,0.014689439722595217,0.007235052444525719,0.007454387278069498,47.47999954223633,2.890000104904175,3.0215001106262207,1346.0,18.027000427246094,107.72,0.9456,-0.058,0.06,99.7954,4.3,95.1,1273.0,475724.0,1.17,-0.55728,246.819,252.812,2.2329638650032235,1.5953898457655935,-0.63757401923763,1.63,1.81,4453474.0,37563.0,2366129.0,2.06,1.27,1.04,0.25,55.0,30.0,20.0,49.0,61.0,-0.017574110739185876,0.6699999999999999,1.7199999999999998,0.1499999999999999,2.0999999999999996,-1.9499999999999997,0.79,1.02
2017-09-15,2500.22998046875,10.170000076293945,0.09080007253398653,0.010342890155181883,0.008244653172177215,0.002098236983004669,49.88999938964844,3.0239999294281006,2.927999973297119,1320.4000244140625,17.611000061035156,110.84,0.9594,-0.058,0.06,99.7954,4.3,95.1,1273.0,475724.0,1.14,-0.56014,246.819,252.812,2.2329638650032235,1.5953898457655935,-0.63757401923763,1.72,1.85,4471174.0,70232.0,2358933.0,2.2,1.39,1.05,0.35,55.0,30.0,20.0,49.0,61.0,0.01960885106475881,0.6699999999999999,1.5299999999999998,0.15999999999999992,2.0999999999999996,-1.9399999999999997,0.8100000000000003,1.1500000000000001
2017-09-22,2502.219970703125,9.59000015258789,0.07905988811723529,0.009196810292663577,0.006250465909109761,0.0029463443835538164,50.65999984741211,2.9590001106262207,2.924499988555908,1293.300048828125,16.902999877929688,112.01,0.9694,-0.058,0.06,99.7954,4.3,95.1,1273.0,475724.0,1.11,-0.56453,246.819,252.812,2.2329638650032235,1.5953898457655935,-0.63757401923763,1.71,1.84,4458576.0,127782.0,2292801.0,2.26,1.46,1.03,0.42,55.0,30.0,20.0,49.0,61.0,0.03308081276402083,0.6699999999999999,1.44,0.16999999999999993,2.0999999999999996,-1.9299999999999997,0.7999999999999998,1.2299999999999998
2017-09-29,2519.360107421875,9.510000228881836,0.058149858406161256,0.009044010435333257,0.003381406032656603,0.005662604402676654,51.66999816894531,3.006999969482422,2.9375,1281.5,16.60700035095215,112.64,0.9688,-0.058,0.06,99.7954,4.3,95.1,1273.0,475724.0,1.06,-0.57001,246.819,252.812,2.2329638650032235,1.5953898457655935,-0.63757401923763,1.68,1.84,4455661.0,164652.0,2212709.0,2.33,1.47,1.06,0.49,55.0,30.0,20.0,49.0,61.0,0.01005426273393284,0.6699999999999999,1.3399999999999999,0.1499999999999999,2.0999999999999996,-1.9499999999999997,0.8600000000000001,1.27
2017-10-06,2549.330078125,9.649999618530273,0.0512677744938686,0.009312249263763443,0.002628384701554164,0.006683864562209279,49.290000915527344,2.86299991607666,3.0144999027252197,1271.5999755859375,16.733999252319336,112.68,0.9777,-0.037,0.065,101.0247,4.2,100.7,1356.0,476107.0,1.04,-0.57687,246.663,253.526,2.0411287019761692,1.7596390813271245,-0.2814896206490447,1.78,1.87,4460422.0,160433.0,2149215.0,2.37,1.54,1.07,0.5,56.0,34.0,21.0,50.0,55.0,0.006878403201188525,0.7200000000000002,1.1600000000000001,0.1299999999999999,1.9600000000000004,-1.8300000000000005,0.8300000000000001,1.3
2017-10-13,2553.169921875,9.609999656677246,0.05025846640727519,0.009235209340133678,0.0025259134456112084,0.006709295894522469,51.45000076293945,3.0,3.118499994277954,1301.5,17.354999542236328,111.94,0.9745,-0.037,0.065,101.0247,4.2,100.7,1356.0,476107.0,1.04,-0.58395,246.663,253.526,2.0411287019761692,1.7596390813271245,-0.2814896206490447,1.71,1.85,4459415.0,169766.0,2264498.0,2.28,1.51,1.09,0.43,56.0,34.0,21.0,50.0,55.0,-0.006288476192572186,0.7200000000000002,1.2400000000000002,0.08999999999999986,1.9600000000000004,-1.8700000000000006,0.7699999999999998,1.1899999999999997
2017-10-20,2575.2099609375,9.970000267028809,0.04317837826634159,0.009940090532455452,0.0018643723497112799,0.008075718182744171,51.470001220703125,2.9149999618530273,3.1514999866485596,1277.4000244140625,17.02199935913086,113.5,0.9844,-0.037,0.065,101.0247,4.2,100.7,1356.0,476107.0,1.01,-0.59079,246.663,253.526,2.0411287019761692,1.7596390813271245,-0.2814896206490447,1.76,1.87,4469723.0,178974.0,2281294.0,2.39,1.6,1.11,0.52,56.0,34.0,21.0,50.0,55.0,0.0013161053375113268,0.7200000000000002,1.06,0.11999999999999988,1.9600000000000004,-1.8400000000000005,0.79,1.28
2017-10-27,2581.070068359375,9.800000190734863,0.04399399976925279,0.009604000373840335,0.0019354720156970148,0.0076685283581433205,53.900001525878906,2.752000093460083,3.0934998989105225,1268.5,16.70199966430664,113.82,0.999,-0.037,0.065,101.0247,4.2,100.7,1356.0,476107.0,1.0,-0.59617,246.663,253.526,2.0411287019761692,1.7596390813271245,-0.2814896206490447,1.76,1.88,4461117.0,196332.0,2243832.0,2.42,1.59,1.1,0.54,56.0,34.0,21.0,50.0,55.0,0.01600754786831874,0.7200000000000002,1.08,0.15999999999999992,1.9600000000000004,-1.8000000000000005,0.8299999999999998,1.3199999999999998
2017-11-03,2587.840087890625,9.140000343322754,0.04456208613728238,0.008353960627594007,0.0019857795209065744,0.006368181106687432,55.63999938964844,2.9839999675750732,3.1105000972747803,1266.5,16.79400062561035,114.25,1.0002,-0.048,0.035,101.2664,4.2,98.5,1299.0,480949.0,1.02,-0.60038,246.669,253.816,2.202582938683184,1.7376072726981162,-0.4649756659850679,1.74,1.86,4455887.0,193546.0,2243215.0,2.34,1.63,1.18,0.48,56.0,23.0,27.0,51.0,57.0,0.0035158875225006123,0.6999999999999997,1.17,0.08000000000000007,1.9199999999999995,-1.8399999999999994,0.71,1.16
2017-11-10,2582.300048828125,11.289999961853027,0.04451128880739881,0.012746409913864136,0.0019812548312956664,0.01076515508256847,56.7400016784668,3.2130000591278076,3.069499969482422,1272.4000244140625,16.8439998626709,113.4,0.9958,-0.048,0.035,101.2664,4.2,98.5,1299.0,480949.0,1.06,-0.60254,246.669,253.816,2.202582938683184,1.7376072726981162,-0.4649756659850679,1.78,1.88,4458552.0,177780.0,2311929.0,2.4,1.67,1.23,0.52,56.0,23.0,27.0,51.0,57.0,-0.011864913888448791,0.6999999999999997,1.4099999999999997,0.06000000000000005,1.9199999999999995,-1.8599999999999994,0.73,1.17
2017-11-17,2578.85009765625,11.430000305175781,0.05109385116378935,0.013064490697631846,0.0026105816267474585,0.010453909070884388,56.54999923706055,3.0969998836517334,3.0625,1295.800048828125,17.357999801635742,111.98,0.9882,-0.048,0.035,101.2664,4.2,98.5,1299.0,480949.0,1.06,-0.60366,246.669,253.816,2.202582938683184,1.7376072726981162,-0.4649756659850679,1.75,1.86,4448289.0,174631.0,2336255.0,2.35,1.73,1.29,0.49,56.0,23.0,27.0,51.0,57.0,-0.008850150776523513,0.6999999999999997,1.4099999999999997,0.040000000000000036,1.9199999999999995,-1.8799999999999994,0.6200000000000001,1.06
2017-11-24,2602.419921875,9.670000076293945,0.053200367973847806,0.009350890147552492,0.0028302791525528113,0.00652061099499968,58.95000076293945,2.812999963760376,3.1659998893737793,1286.699951171875,16.981000900268555,111.54,0.9788,-0.048,0.035,101.2664,4.2,98.5,1299.0,480949.0,1.04,-0.60457,246.669,253.816,2.202582938683184,1.7376072726981162,-0.4649756659850679,1.71,1.84,4450615.0,163579.0,2339907.0,2.34,1.75,1.29,0.5,56.0,23.0,27.0,51.0,57.0,0.007419103738382393,0.6999999999999997,1.3199999999999998,0.050000000000000044,1.9199999999999995,-1.8699999999999994,0.5899999999999999,1.0499999999999998
2017-12-01,2642.219970703125,11.430000305175781,0.06387030390334181,0.013064490697631846,0.00407941572070524,0.008985074976926606,58.36000061035156,3.061000108718872,3.065500020980835,1278.800048828125,16.297000885009766,111.88,0.9762,-0.042,0.045,101.4644,4.1,95.9,1311.0,483586.0,1.03,-0.60566,246.524,254.344,2.1090824745684245,1.770166453265043,-0.3389160213033815,1.72,1.86,4438592.0,172282.0,2294895.0,2.37,1.78,1.27,0.51,52.0,23.0,19.0,44.0,57.0,0.001467086914661648,0.71,1.23,0.09000000000000008,1.8199999999999998,-1.7299999999999998,0.5900000000000001,1.1
2017-12-08,2651.5,9.579999923706055,0.06227065807899584,0.009177639853820802,0.0038776348575912094,0.005300004996229592,57.36000061035156,2.7720000743865967,2.9549999237060547,1245.199951171875,15.736000061035156,113.55,0.9928,-0.042,0.045,101.4644,4.1,95.9,1311.0,483586.0,1.02,-0.60694,246.524,254.344,2.1090824745684245,1.770166453265043,-0.3389160213033815,1.71,1.88,4437148.0,127586.0,2325090.0,2.38,1.8,1.28,0.5,52.0,23.0,19.0,44.0,57.0,0.008445566467102223,0.71,1.23,0.1299999999999999,1.8199999999999998,-1.69,0.5799999999999998,1.0999999999999999
2017-12-15,2675.81005859375,9.420000076293945,0.06414396995718896,0.008873640143737793,0.00411444888186876,0.004759191261869033,57.29999923706055,2.611999988555908,3.109999895095825,1254.300048828125,15.977999687194824,112.68,0.9903,-0.042,0.045,101.4644,4.1,95.9,1311.0,483586.0,1.0,-0.60964,246.524,254.344,2.1090824745684245,1.770166453265043,-0.3389160213033815,1.77,1.88,4452726.0,76208.0,2352562.0,2.35,1.84,1.31,0.47,52.0,23.0,19.0,44.0,57.0,-0.0016855210107596576,0.71,1.2400000000000002,0.19999999999999996,1.8199999999999998,-1.6199999999999999,0.51,1.04
2017-12-22,2683.340087890625,9.899999618530273,0.06508749128920942,0.009800999244689957,0.0042363815223229115,0.0055646177223670455,58.470001220703125,2.6670000553131104,3.2144999504089355,1275.4000244140625,16.35700035095215,113.3,0.9898,-0.042,0.045,101.4644,4.1,95.9,1311.0,483586.0,0.99,-0.61344,246.524,254.344,2.1090824745684245,1.770166453265043,-0.3389160213033815,1.82,1.94,4447470.0,155612.0,2269164.0,2.48,1.91,1.33,0.54,52.0,23.0,19.0,44.0,57.0,0.03547008554178903,0.71,1.1600000000000001,0.24,1.8199999999999998,-1.5799999999999998,0.5700000000000001,1.15
2017-12-29,2673.610107421875,11.039999961853027,0.06396856962567982,0.012188159915771483,0.004091977899955446,0.008096182015816036,60.41999816894531,2.953000068664551,3.2795000076293945,1306.300048828125,17.059999465942383,112.69,0.9738,-0.042,0.045,101.4644,4.1,95.9,1311.0,483586.0,0.98,-0.61708,246.524,254.344,2.1090824745684245,1.770166453265043,-0.3389160213033815,1.86,1.96,4448680.0,190283.0,2201425.0,2.4,1.89,1.39,0.44,52.0,23.0,19.0,44.0,57.0,-0.0017132404012705216,0.71,1.1800000000000002,0.17999999999999994,1.8199999999999998,-1.64,0.51,1.01
2018-01-05,2743.14990234375,9.220000267028809,0.06513505559925292,0.008500840492401131,0.00424257546791777,0.004258265024483361,61.439998626708984,2.7950000762939453,3.2070000171661377,1320.300048828125,17.204999923706055,113.18,0.9752,-0.04,0.08,101.4625,4.0,95.7,1317.0,481414.0,0.98,-0.6207,247.867,255.204,2.0705076202751638,1.8912671130328462,-0.17924050724231755,1.95,2.01,4443718.0,211566.0,2045930.0,2.47,1.96,1.39,0.46,52.0,26.0,19.0,36.0,61.0,0.029000048760719748,0.71,0.7799999999999998,0.20999999999999996,1.6799999999999997,-1.4699999999999998,0.5100000000000002,1.0800000000000003
2018-01-12,2786.239990234375,10.15999984741211,0.0637328584849127,0.01032255968994141,0.004061877250657909,0.006260682439283501,64.30000305175781,3.200000047683716,3.200000047683716,1333.4000244140625,17.069000244140625,111.23,0.9713,-0.04,0.08,101.4625,4.0,95.7,1317.0,481414.0,0.95,-0.62071,247.867,255.204,2.0705076202751638,1.8912671130328462,-0.17924050724231755,1.92,2.01,4446062.0,206215.0,2232897.0,2.55,1.99,1.43,0.54,52.0,26.0,19.0,36.0,61.0,0.025986887504263034,0.71,0.79,0.17000000000000015,1.6799999999999997,-1.5099999999999996,0.5599999999999998,1.1199999999999999
2018-01-19,2810.300048828125,11.270000457763672,0.06412758277912331,0.012701291031799337,0.004112346873093312,0.008588944158706025,63.369998931884766,3.184999942779541,3.1670000553131104,1331.9000244140625,16.975000381469727,110.56,0.9612,-0.04,0.08,101.4625,4.0,95.7,1317.0,481414.0,0.95,-0.61631,247.867,255.204,2.0705076202751638,1.8912671130328462,-0.17924050724231755,2.0,2.06,4439145.0,227665.0,2249899.0,2.64,2.06,1.44,0.58,52.0,26.0,19.0,36.0,61.0,-0.01082197208428733,0.71,0.77,0.16000000000000014,1.6799999999999997,-1.5199999999999996,0.5800000000000001,1.2000000000000002
2018-01-26,2872.8701171875,11.079999923706055,0.07147926322524253,0.012276639830932618,0.00510928507122351,0.007167354759709109,66.13999938964844,3.505000114440918,3.182499885559082,1351.5999755859375,17.381999969482422,108.38,0.9342,-0.04,0.08,101.4625,4.0,95.7,1317.0,481414.0,0.92,-0.60745,247.867,255.204,2.0705076202751638,1.8912671130328462,-0.17924050724231755,1.93,2.09,4441317.0,269118.0,2210944.0,2.66,2.13,1.41,0.57,52.0,26.0,19.0,36.0,61.0,-0.003531070565015927,0.71,0.6499999999999999,0.2200000000000002,1.6799999999999997,-1.4599999999999995,0.5300000000000002,1.2500000000000002
2018-02-02,2762.1298828125,17.309999465942383,0.1037431445469995,0.029963608151092558,0.010762640040499632,0.019200968110592926,65.44999694824219,2.8459999561309814,3.176500082015991,1333.699951171875,16.676000595092773,110.4,0.932,-0.042,0.045,101.7085,4.1,99.7,1321.0,484031.0,0.9,-0.59377,248.991,255.711,2.2117954212386604,1.87770420481439,-0.3340912164242704,1.93,2.14,4419225.0,270244.0,2203630.0,2.84,2.15,1.48,0.7,65.0,33.0,20.0,55.0,54.0,-0.005041409876918632,0.69,0.5,0.16000000000000014,1.65,-1.4899999999999998,0.69,1.3599999999999999
2018-02-09,2619.550048828125,29.059999465942383,0.20846020453156047,0.08444835689605715,0.04345565687334003,0.04099270002271712,59.20000076293945,2.5840001106262207,3.0244998931884766,1313.0999755859375,16.115999221801758,108.44,0.9393,-0.042,0.045,101.7085,4.1,99.7,1321.0,484031.0,0.97,-0.57616,248.991,255.711,2.2117954212386604,1.87770420481439,-0.3340912164242704,1.83,2.05,4420745.0,203936.0,2244845.0,2.83,2.05,1.55,0.78,65.0,33.0,20.0,55.0,54.0,-0.00930991708307053,0.69,0.96,0.15999999999999992,1.65,-1.49,0.7800000000000002,1.28
2018-02-16,2732.219970703125,19.459999084472656,0.2162765764504735,0.037869156436767665,0.046775557521137504,-0.008906401084369839,61.68000030517578,2.558000087738037,3.243000030517578,1353.199951171875,16.69499969482422,106.1,0.9258,-0.042,0.045,101.7085,4.1,99.7,1321.0,484031.0,0.98,-0.56045,248.991,255.711,2.2117954212386604,1.87770420481439,-0.3340912164242704,2.0,2.09,4434863.0,197681.0,2253929.0,2.87,2.21,1.62,0.78,65.0,33.0,20.0,55.0,54.0,0.005177193891430752,0.69,0.6400000000000001,0.06999999999999984,1.65,-1.58,0.6600000000000001,1.25
2018-02-23,2747.300048828125,16.489999771118164,0.22151619874502637,0.027192009245147707,0.04906942630644602,-0.021877417061298313,63.54999923706055,2.625,3.2084999084472656,1328.199951171875,16.47599983215332,106.64,0.9356,-0.042,0.045,101.7085,4.1,99.7,1321.0,484031.0,1.0,-0.54555,248.991,255.711,2.2117954212386604,1.87770420481439,-0.3340912164242704,2.04,2.12,4411660.0,214677.0,2223380.0,2.88,2.25,1.64,0.76,65.0,33.0,20.0,55.0,54.0,0.016383728859017916,0.69,0.7200000000000002,0.08999999999999986,1.65,-1.56,0.6299999999999999,1.24
2018-03-02,2691.25,19.59000015258789,0.22889459413367017,0.03837681059783936,0.05239273522361759,-0.014015924625778234,61.25,2.694999933242798,3.1010000705718994,1321.0999755859375,16.392000198364258,105.65,0.9378,-0.062,0.045,102.2067,4.0,101.4,1385.0,484110.0,1.05,-0.53114,249.554,256.271,2.3597114039729084,2.1227843662331214,-0.23692703773978696,2.03,2.12,4393401.0,202620.0,2232947.0,2.86,2.25,1.65,0.74,65.0,19.0,22.0,50.0,53.0,-0.006663005468498996,0.7699999999999996,0.81,0.1399999999999999,1.7999999999999998,-1.66,0.6099999999999999,1.21
2018-03-09,2786.570068359375,14.640000343322754,0.23625371385062643,0.021432961005249034,0.055815817308213674,-0.03438285630296464,62.040000915527344,2.7320001125335693,3.115999937057495,1322.4000244140625,16.54599952697754,106.74,0.9493,-0.062,0.045,102.2067,4.0,101.4,1385.0,484110.0,1.06,-0.51795,249.554,256.271,2.3597114039729084,2.1227843662331214,-0.23692703773978696,1.96,2.12,4396097.0,195071.0,2252016.0,2.9,2.27,1.67,0.78,65.0,19.0,22.0,50.0,53.0,0.01691770958737537,0.7699999999999996,0.69,0.27,1.7999999999999998,-1.5299999999999998,0.6299999999999999,1.23
2018-03-16,2752.010009765625,15.800000190734863,0.23188375257427774,0.024964000602722174,0.053770074707928855,-0.02880607410520668,62.34000015258789,2.687999963760376,3.0929999351501465,1311.300048828125,16.20199966430664,106.1,0.9532,-0.062,0.045,102.2067,4.0,101.4,1385.0,484110.0,1.1,-0.50742,249.554,256.271,2.3597114039729084,2.1227843662331214,-0.23692703773978696,2.05,2.08,4407258.0,249929.0,2204829.0,2.85,2.31,1.78,0.77,65.0,19.0,22.0,50.0,53.0,-0.015870394494395867,0.7699999999999996,0.7600000000000002,0.1499999999999999,1.7999999999999998,-1.65,0.54,1.07
2018-03-23,2588.260009765625,24.8700008392334,0.17487157111035548,0.06185169417434699,0.03058006638260411,0.031271627791742876,65.87999725341797,2.5910000801086426,2.984499931335449,1349.300048828125,16.530000686645508,104.83,0.9465,-0.062,0.045,102.2067,4.0,101.4,1385.0,484110.0,1.15,-0.49992,249.554,256.271,2.3597114039729084,2.1227843662331214,-0.23692703773978696,2.01,2.07,4401222.0,316454.0,2123587.0,2.82,2.28,1.74,0.75,65.0,19.0,22.0,50.0,53.0,-0.006239849666431617,0.7699999999999996,0.9000000000000004,0.22999999999999998,1.7999999999999998,-1.5699999999999998,0.54,1.0799999999999998
2018-03-30,2640.8701171875,19.969999313354492,0.18935540612228136,0.03988008725753789,0.035855469827734104,0.004024617429803784,64.94000244140625,2.7330000400543213,3.0190000534057617,1322.800048828125,16.222999572753906,106.2,0.9532,-0.062,0.045,102.2067,4.0,101.4,1385.0,484110.0,1.16,-0.49832,249.554,256.271,2.3597114039729084,2.1227843662331214,-0.23692703773978696,1.92,2.05,4392198.0,318858.0,2113321.0,2.74,2.27,1.73,0.69,65.0,19.0,22.0,50.0,53.0,-0.011222985572036714,0.7699999999999996,0.9500000000000002,0.32000000000000006,1.7999999999999998,-1.4799999999999998,0.4700000000000002,1.0100000000000002
2018-04-06,2604.469970703125,21.489999771118164,0.2130408044568954,0.04618200901626588,0.04538638436364115,0.0007956246526247338,62.060001373291016,2.7009999752044678,3.053999900817871,1331.9000244140625,16.332000732421875,107.03,0.9602,-0.063,0.05,103.3329,4.0,98.8,1378.0,484154.0,1.14,-0.50198,250.546,256.63,2.462743943334811,2.150644636125887,-0.312099307208924,2.01,2.07,4386104.0,303916.0,2094045.0,2.77,2.27,1.73,0.7,59.0,15.0,21.0,46.0,51.0,-0.003484444607765683,0.8199999999999998,0.77,0.29000000000000004,1.7999999999999998,-1.5099999999999998,0.5,1.04
2018-04-13,2656.300048828125,17.40999984741211,0.20429810374647472,0.030310809468688964,0.04173771519440535,-0.011426905725716384,67.38999938964844,2.734999895095825,3.067500114440918,1344.800048828125,16.628000259399414,107.52,0.9631,-0.063,0.05,103.3329,4.0,98.8,1378.0,484154.0,1.11,-0.51206,250.546,256.63,2.462743943334811,2.150644636125887,-0.312099307208924,2.01,2.13,4383684.0,294083.0,2119965.0,2.82,2.37,1.76,0.69,59.0,15.0,21.0,46.0,51.0,0.020555325287655874,0.8199999999999998,0.5099999999999998,0.26,1.7999999999999998,-1.5399999999999998,0.44999999999999973,1.0599999999999998
2018-04-20,2670.139892578125,16.8799991607666,0.20625450761994063,0.028493437166748115,0.042540921913544145,-0.01404748474679603,68.37999725341797,2.739000082015991,3.131500005722046,1336.699951171875,17.14699935913086,107.6,0.9744,-0.063,0.05,103.3329,4.0,98.8,1378.0,484154.0,1.1,-0.52633,250.546,256.63,2.462743943334811,2.150644636125887,-0.312099307208924,2.1,2.17,4385903.0,275246.0,2141390.0,2.96,2.46,1.81,0.79,59.0,15.0,21.0,46.0,51.0,0.024892997127578198,0.8199999999999998,0.45999999999999996,0.17999999999999994,1.7999999999999998,-1.6199999999999999,0.5,1.15
2018-04-27,2669.909912109375,15.40999984741211,0.204463992448683,0.023746809529724123,0.0418055242080551,-0.018058714678330975,68.0999984741211,2.7709999084472656,3.0460000038146973,1320.300048828125,16.4060001373291,109.12,0.9884,-0.063,0.05,103.3329,4.0,98.8,1378.0,484154.0,1.12,-0.53985,250.546,256.63,2.462743943334811,2.150644636125887,-0.312099307208924,2.09,2.17,4372886.0,359599.0,2052590.0,2.96,2.49,1.82,0.79,59.0,15.0,21.0,46.0,51.0,-0.024724804216853004,0.8199999999999998,0.5699999999999998,0.26,1.7999999999999998,-1.5399999999999998,0.46999999999999975,1.14
2018-05-04,2663.419921875,14.770000457763672,0.19256336192606247,0.021815291352233906,0.037080648356267724,-0.015265357004033819,69.72000122070312,2.7109999656677246,3.065500020980835,1312.699951171875,16.43400001525879,109.16,1.0005,-0.061,0.03,102.4024,3.8,98.0,1338.0,491960.0,1.17,-0.55184,251.588,257.145,2.8010117148075553,2.272998448872432,-0.5280132659351233,2.09,2.16,4356129.0,399984.0,1994584.0,2.95,2.51,1.84,0.79,60.0,19.0,23.0,51.0,52.0,0.01837069863871532,0.8300000000000001,0.5100000000000002,0.20999999999999974,1.85,-1.6400000000000003,0.4400000000000004,1.11
2018-05-11,2727.719970703125,12.649999618530273,0.15494009777467632,0.016002249034881604,0.024006433898426258,-0.008004184863544653,70.69999694824219,2.805999994277954,3.0950000286102295,1319.0,16.676000595092773,109.26,0.9996,-0.061,0.03,102.4024,3.8,98.0,1338.0,491960.0,1.15,-0.561,251.588,257.145,2.8010117148075553,2.272998448872432,-0.5280132659351233,2.13,2.15,4358207.0,353741.0,2025750.0,2.97,2.54,1.92,0.82,60.0,19.0,23.0,51.0,52.0,0.02800843498257895,0.8300000000000001,0.41999999999999993,0.1299999999999999,1.85,-1.7200000000000002,0.43000000000000016,1.0500000000000003
2018-05-18,2712.969970703125,13.420000076293945,0.11326201459664591,0.01800964020477295,0.012828283950490831,0.005181356254282118,71.27999877929688,2.8469998836517334,3.0510001182556152,1290.199951171875,16.386999130249023,110.71,0.997,-0.061,0.03,102.4024,3.8,98.0,1338.0,491960.0,1.14,-0.56585,251.588,257.145,2.8010117148075553,2.272998448872432,-0.5280132659351233,2.14,2.15,4337609.0,337258.0,2036270.0,3.06,2.55,1.91,0.91,60.0,19.0,23.0,51.0,52.0,0.011419010923881423,0.8300000000000001,0.43000000000000016,0.1599999999999997,1.85,-1.6900000000000004,0.5100000000000002,1.1500000000000001
2018-05-25,2721.330078125,13.220000267028809,0.10227140796626798,0.017476840706024177,0.010459440887402822,0.007017399818621355,67.87999725341797,2.938999891281128,3.066999912261963,1303.300048828125,16.481000900268555,109.35,0.9912,-0.061,0.03,102.4024,3.8,98.0,1338.0,491960.0,1.16,-0.56548,251.588,257.145,2.8010117148075553,2.272998448872432,-0.5280132659351233,2.04,2.09,4337301.0,326445.0,2021946.0,2.93,2.48,1.9,0.84,60.0,19.0,23.0,51.0,52.0,-0.017143034919048745,0.8300000000000001,0.5499999999999998,0.15999999999999992,1.85,-1.6900000000000002,0.4500000000000002,1.0300000000000002
2018-06-01,2734.6201171875,13.460000038146973,0.1127349377797554,0.018117160102691647,0.012709166196205322,0.005407993906486325,65.80999755859375,2.9619998931884766,3.0915000438690186,1294.800048828125,16.38800048828125,109.49,0.9867,-0.071,0.03,103.198,4.0,98.2,1345.0,490228.0,1.21,-0.56062,251.989,257.399,2.87154783531669,2.245517307127032,-0.6260305281896583,2.06,2.09,4327519.0,325351.0,2019681.0,2.89,2.47,1.92,0.8,54.0,31.0,22.0,47.0,59.0,0.0064892726781330765,0.8700000000000001,0.6399999999999997,0.1299999999999999,1.92,-1.79,0.41999999999999993,0.9700000000000002
2018-06-08,2779.030029296875,12.180000305175781,0.10002065888697312,0.014835240743408211,0.010004132204184234,0.004831108539223977,65.73999786376953,2.890000104904175,3.2929999828338623,1298.0999755859375,16.694000244140625,109.45,0.986,-0.071,0.03,103.198,4.0,98.2,1345.0,490228.0,1.22,-0.55483,251.989,257.399,2.87154783531669,2.245517307127032,-0.6260305281896583,2.06,2.11,4319191.0,294069.0,2029579.0,2.93,2.5,1.93,0.82,54.0,31.0,22.0,47.0,59.0,0.01463310201312969,0.8700000000000001,0.54,0.17000000000000015,1.92,-1.7499999999999998,0.43000000000000016,1.0000000000000002
2018-06-15,2779.659912109375,11.979999542236328,0.0932261496871411,0.014352038903198262,0.008691114985489239,0.005660923917709023,65.05999755859375,3.0220000743865967,3.1410000324249268,1274.5999755859375,16.45199966430664,110.58,0.9962,-0.071,0.03,103.198,4.0,98.2,1345.0,490228.0,1.21,-0.54801,251.989,257.399,2.87154783531669,2.245517307127032,-0.6260305281896583,2.08,2.12,4324906.0,281188.0,2057269.0,2.93,2.55,1.94,0.81,54.0,31.0,22.0,47.0,59.0,-0.026745616352541392,0.8700000000000001,0.41999999999999993,0.20000000000000018,1.92,-1.7199999999999998,0.38000000000000034,0.9900000000000002
2018-06-22,2754.8798828125,13.770000457763672,0.08399851380215219,0.018961291260681176,0.007055750320970351,0.011905540939710826,68.58000183105469,2.944999933242798,3.0325000286102295,1267.4000244140625,16.43899917602539,109.98,0.9902,-0.071,0.03,103.198,4.0,98.2,1345.0,490228.0,1.27,-0.54219,251.989,257.399,2.87154783531669,2.245517307127032,-0.6260305281896583,2.07,2.12,4315896.0,352777.0,1971983.0,2.9,2.56,1.93,0.78,54.0,31.0,22.0,47.0,59.0,-0.019213938979779778,0.8700000000000001,0.48,0.21999999999999997,1.92,-1.7,0.33999999999999986,0.97
2018-06-29,2718.3701171875,16.09000015258789,0.09586081882094448,0.025888810491027835,0.009189296585021944,0.01669951390600589,74.1500015258789,2.9240000247955322,2.9509999752044678,1251.300048828125,16.104000091552734,110.71,0.9922,-0.071,0.03,103.198,4.0,98.2,1345.0,490228.0,1.29,-0.53903,251.989,257.399,2.87154783531669,2.245517307127032,-0.6260305281896583,2.06,2.11,4305491.0,373940.0,1940847.0,2.85,2.52,1.93,0.74,54.0,31.0,22.0,47.0,59.0,-0.012391047262490778,0.8700000000000001,0.6999999999999997,0.2100000000000002,1.92,-1.7099999999999997,0.33000000000000007,0.9200000000000002
2018-07-06,2759.820068359375,13.369999885559082,0.10004808489716267,0.017875689693984984,0.01000961929158987,0.007866070402395115,73.80000305175781,2.8580000400543213,2.812999963760376,1254.300048828125,15.980999946594238,110.48,0.9901,-0.07,0.06,103.3646,3.8,97.9,1334.0,493142.0,1.28,-0.54024,252.006,257.699,2.9495150866471143,2.267595293370639,-0.6819197932764753,2.08,2.12,4289764.0,336026.0,1917987.0,2.82,2.53,1.97,0.7,53.0,33.0,19.0,41.0,65.0,-0.014626987014496311,0.9199999999999999,0.8500000000000001,0.17999999999999994,1.9,-1.72,0.29000000000000004,0.8499999999999999
2018-07-13,2801.31005859375,12.180000305175781,0.09226168671551747,0.014835240743408211,0.008512218835592293,0.006323021907815918,71.01000213623047,2.752000093460083,2.7699999809265137,1239.5999755859375,15.73900032043457,112.38,1.0028,-0.07,0.06,103.3646,3.8,97.9,1334.0,493142.0,1.24,-0.54567,252.006,257.699,2.9495150866471143,2.267595293370639,-0.6819197932764753,2.07,2.11,4291201.0,326476.0,1958085.0,2.83,2.59,1.98,0.72,53.0,33.0,19.0,41.0,65.0,0.00941039324459303,0.9199999999999999,0.73,0.20000000000000018,1.9,-1.6999999999999997,0.2400000000000002,0.8500000000000001
2018-07-20,2801.830078125,12.859999656677246,0.08562551121799056,0.016537959116973887,0.007331728171342227,0.009206230945631659,70.45999908447266,2.756999969482422,2.746000051498413,1229.5,15.489999771118164,111.74,0.9944,-0.07,0.06,103.3646,3.8,97.9,1334.0,493142.0,1.22,-0.55368,252.006,257.699,2.9495150866471143,2.267595293370639,-0.6819197932764753,2.02,2.11,4291615.0,324457.0,1967119.0,2.89,2.6,1.99,0.78,53.0,33.0,19.0,41.0,65.0,0.0039009818538664476,0.9199999999999999,0.6599999999999997,0.17999999999999994,1.9,-1.72,0.29000000000000004,0.9000000000000001
2018-07-27,2818.820068359375,13.029999732971191,0.09166109226359591,0.016978089304122933,0.008401755834955442,0.008576333469167492,68.69000244140625,2.822000026702881,2.7874999046325684,1222.5999755859375,15.435999870300293,110.94,0.994,-0.07,0.06,103.3646,3.8,97.9,1334.0,493142.0,1.16,-0.56283,252.006,257.699,2.9495150866471143,2.267595293370639,-0.6819197932764753,2.0,2.12,4277681.0,348886.0,1947119.0,2.96,2.67,2.0,0.84,53.0,33.0,19.0,41.0,65.0,0.0011403528899575441,0.9199999999999999,0.5299999999999998,0.16000000000000014,1.9,-1.7399999999999998,0.29000000000000004,0.96
2018-08-03,2840.35009765625,11.640000343322754,0.09208999327099522,0.013548960799255383,0.008480566860651946,0.005068393938603437,68.48999786376953,2.8529999256134033,2.753499984741211,1214.199951171875,15.406000137329102,111.12,0.9926,-0.059,0.11,104.0327,3.8,96.2,1273.0,493445.0,1.15,-0.57202,252.146,257.891,2.6991801041874375,2.1208941334864617,-0.5782859707009758,2.0,2.12,4255653.0,351523.0,1937548.0,2.95,2.63,2.01,0.83,56.0,26.0,22.0,40.0,68.0,-0.01788141604434183,0.8899999999999997,0.54,0.15000000000000013,1.8799999999999994,-1.7299999999999993,0.3200000000000003,0.9400000000000004
2018-08-10,2833.280029296875,13.15999984741211,0.07873192241150676,0.017318559598388676,0.006198715606611519,0.011119843991777158,67.62999725341797,2.944000005722046,2.7325000762939453,1211.0999755859375,15.265999794006348,110.66,0.9954,-0.059,0.11,104.0327,3.8,96.2,1273.0,493445.0,1.18,-0.58112,252.146,257.891,2.6991801041874375,2.1208941334864617,-0.5782859707009758,1.98,2.09,4258030.0,326471.0,1951389.0,2.87,2.61,2.05,0.78,56.0,26.0,22.0,40.0,68.0,0.0068813411201923795,0.8899999999999997,0.6099999999999999,0.0900000000000003,1.8799999999999994,-1.7899999999999991,0.26000000000000023,0.8200000000000003
2018-08-17,2850.1298828125,12.640000343322754,0.0805468681571071,0.015976960867919936,0.006487797969918394,0.009489162898001542,65.91000366210938,2.946000099182129,2.624500036239624,1176.5,14.616000175476074,110.54,0.9948,-0.059,0.11,104.0327,3.8,96.2,1273.0,493445.0,1.18,-0.58815,252.146,257.891,2.6991801041874375,2.1208941334864617,-0.5782859707009758,1.96,2.08,4228924.0,342799.0,1922547.0,2.87,2.61,2.05,0.79,56.0,26.0,22.0,40.0,68.0,-0.02877319052569316,0.8899999999999997,0.6000000000000001,0.040000000000000036,1.8799999999999994,-1.8399999999999994,0.26000000000000023,0.8200000000000003
2018-08-24,2874.68994140625,11.989999771118164,0.0718041186071563,0.01437600945114136,0.005155831448950569,0.009220178002190792,68.72000122070312,2.9170000553131104,2.6989998817443848,1206.300048828125,14.779000282287598,111.22,0.9824,-0.059,0.11,104.0327,3.8,96.2,1273.0,493445.0,1.19,-0.59396,252.146,257.891,2.6991801041874375,2.1208941334864617,-0.5782859707009758,1.99,2.09,4228818.0,348393.0,1883254.0,2.82,2.63,2.09,0.73,56.0,26.0,22.0,40.0,68.0,0.021591196130409974,0.8899999999999997,0.5699999999999998,0.08000000000000007,1.8799999999999994,-1.7999999999999994,0.18999999999999995,0.73
2018-08-31,2901.52001953125,12.859999656677246,0.07500194372480402,0.016537959116973887,0.005625291562498669,0.010912667554475217,69.80000305175781,2.9159998893737793,2.6489999294281006,1200.300048828125,14.437999725341797,110.98,0.9698,-0.059,0.11,104.0327,3.8,96.2,1273.0,493445.0,1.21,-0.59799,252.146,257.891,2.6991801041874375,2.1208941334864617,-0.5782859707009758,1.98,2.08,4218914.0,342543.0,1883924.0,2.86,2.62,2.11,0.78,55.0,35.0,22.0,47.0,62.0,0.007556488876519755,0.8899999999999997,0.6000000000000001,0.08000000000000007,1.8799999999999994,-1.7999999999999994,0.23999999999999977,0.75
2018-09-07,2871.679931640625,14.880000114440918,0.07189227856272028,0.02214144034057617,0.00516849971693977,0.0169729406236364,67.75,2.7760000228881836,2.6034998893737793,1193.5999755859375,14.067000389099121,111.18,0.9684,-0.058,0.125,104.1004,3.7,100.1,1314.0,491507.0,1.2,-0.60016,252.439,258.368,2.2769721941990007,2.1976804898501623,-0.07929170434883837,1.98,2.1,4208496.0,323764.0,1895010.0,2.94,2.71,2.14,0.84,55.0,35.0,22.0,47.0,62.0,-0.016666213136866965,0.8999999999999999,0.48,0.04999999999999982,1.88,-1.83,0.22999999999999998,0.7999999999999998
2018-09-14,2904.97998046875,12.069999694824219,0.06557856977415792,0.014568489263305673,0.004300548813624099,0.010267940449681573,68.98999786376953,2.7669999599456787,2.627500057220459,1195.0,14.041999816894531,112.09,0.9665,-0.058,0.125,104.1004,3.7,100.1,1314.0,491507.0,1.16,-0.60046,252.439,258.368,2.2769721941990007,2.1976804898501623,-0.07929170434883837,2.0,2.1,4210812.0,303654.0,1920976.0,2.99,2.78,2.16,0.89,55.0,35.0,22.0,47.0,62.0,0.004929997029009092,0.8999999999999999,0.29000000000000004,0.040000000000000036,1.88,-1.8399999999999999,0.2100000000000004,0.8300000000000001
2018-09-21,2929.669921875,11.680000305175781,0.07067901735642987,0.013642240712890634,0.004995523494470515,0.008646717218420119,70.77999877929688,2.9769999980926514,2.8364999294281006,1196.199951171875,14.269000053405762,112.62,0.9593,-0.058,0.125,104.1004,3.7,100.1,1314.0,491507.0,1.13,-0.59781,252.439,258.368,2.2769721941990007,2.1976804898501623,-0.07929170434883837,2.02,2.15,4208059.0,335878.0,1879896.0,3.07,2.81,2.18,0.92,55.0,35.0,22.0,47.0,62.0,0.010671820580393288,0.8999999999999999,0.25,0.020000000000000018,1.88,-1.8599999999999999,0.2599999999999998,0.8899999999999997
2018-09-28,2913.97998046875,12.119999885559082,0.057524859459665796,0.014689439722595217,0.0033091094558543015,0.011380330266740915,73.25,3.007999897003174,2.7869999408721924,1191.5,14.623000144958496,113.48,0.9758,-0.058,0.125,104.1004,3.7,100.1,1314.0,491507.0,1.11,-0.59339,252.439,258.368,2.2769721941990007,2.1976804898501623,-0.07929170434883837,2.03,2.14,4192909.0,370031.0,1832500.0,3.05,2.81,2.19,0.91,55.0,35.0,22.0,47.0,62.0,-0.00803313761868633,0.8999999999999999,0.2400000000000002,0.08000000000000007,1.88,-1.7999999999999998,0.23999999999999977,0.8599999999999999
2018-10-05,2885.570068359375,14.819999694824219,0.0650423331461807,0.02196323909545899,0.004230505101098757,0.017732733994360234,74.33999633789062,3.1429998874664307,2.750999927520752,1201.199951171875,14.569000244140625,113.56,0.9922,-0.06,0.13,103.9856,3.8,98.6,1272.0,496416.0,1.13,-0.58662,252.885,258.917,2.5224699286070296,2.126409125691242,-0.3960608029157875,2.05,2.16,4174704.0,368007.0,1801576.0,3.23,2.88,2.23,1.07,55.0,39.0,21.0,51.0,61.0,-0.005239422909057323,0.9300000000000006,0.16999999999999993,0.040000000000000036,1.9200000000000004,-1.8800000000000003,0.3500000000000001,1.0
2018-10-12,2767.1298828125,21.309999465942383,0.13238490358393015,0.04541160772384647,0.017525762696926482,0.027885845026919986,71.33999633789062,3.1610000133514404,2.7929999828338623,1218.0999755859375,14.564000129699707,112.02,0.9916,-0.06,0.13,103.9856,3.8,98.6,1272.0,496416.0,1.16,-0.57662,252.885,258.917,2.5224699286070296,2.126409125691242,-0.3960608029157875,1.99,2.12,4176906.0,324721.0,1865065.0,3.15,2.85,2.28,1.03,55.0,39.0,21.0,51.0,61.0,-0.031047804289426367,0.9300000000000006,0.3900000000000001,0.040000000000000036,1.9200000000000004,-1.8800000000000003,0.2999999999999998,0.8700000000000001
2018-10-19,2767.780029296875,19.889999389648438,0.1535962734002962,0.03956120757202153,0.023591815202458535,0.015969392369562994,69.12000274658203,3.25,2.7679998874664307,1225.300048828125,14.579000473022461,112.52,0.9968,-0.06,0.13,103.9856,3.8,98.6,1272.0,496416.0,1.17,-0.56541,252.885,258.917,2.5224699286070296,2.126409125691242,-0.3960608029157875,1.98,2.11,4175446.0,332923.0,1853533.0,3.2,2.92,2.31,1.09,55.0,39.0,21.0,51.0,61.0,-0.036873216915892515,0.9300000000000006,0.3599999999999999,0.18000000000000016,1.9200000000000004,-1.7400000000000002,0.28000000000000025,0.8900000000000001
2018-10-26,2658.68994140625,24.15999984741211,0.18946798929723077,0.05837055926269531,0.03589811896833556,0.022472440294359755,67.58999633789062,3.184999942779541,2.74399995803833,1232.5,14.635000228881836,111.65,0.998,-0.06,0.13,103.9856,3.8,98.6,1272.0,496416.0,1.23,-0.55196,252.885,258.917,2.5224699286070296,2.126409125691242,-0.3960608029157875,1.93,2.06,4173070.0,369576.0,1817608.0,3.08,2.81,2.33,1.02,55.0,39.0,21.0,51.0,61.0,-0.019354892274487206,0.9300000000000006,0.7000000000000002,0.06000000000000005,1.9200000000000004,-1.8600000000000003,0.27,0.75
2018-11-02,2723.06005859375,19.510000228881836,0.20088097117978285,0.038064010893096925,0.04035316458213275,-0.0022891536890358236,63.13999938964844,3.2839999198913574,2.802999973297119,1230.9000244140625,14.706999778747559,113.09,1.0036,-0.071,0.085,104.0681,3.8,97.5,1340.0,498854.0,1.24,-0.53684,252.038,259.439,2.176601032152403,2.2153843729315836,0.03878334077918044,1.91,2.06,4139731.0,373368.0,1802252.0,3.22,2.91,2.33,1.16,53.0,36.0,24.0,43.0,71.0,0.019650737139411456,1.0,0.6000000000000001,0.06000000000000005,2.0999999999999996,-2.0399999999999996,0.31000000000000005,0.8900000000000001
2018-11-09,2781.010009765625,17.360000610351562,0.21499115248342748,0.03013696211914066,0.04622119564615237,-0.01608423352701171,60.189998626708984,3.7190001010894775,2.686500072479248,1206.4000244140625,14.102999687194824,113.77,1.0062,-0.071,0.085,104.0681,3.8,97.5,1340.0,498854.0,1.23,-0.52093,252.038,259.439,2.176601032152403,2.2153843729315836,0.03878334077918044,1.9,2.04,4141936.0,319984.0,1826131.0,3.19,2.94,2.36,1.15,53.0,36.0,24.0,43.0,71.0,-0.015165176800282735,1.0,0.5899999999999999,0.06000000000000005,2.0999999999999996,-2.0399999999999996,0.25,0.8300000000000001
2018-11-16,2736.27001953125,18.139999389648438,0.22367865636227777,0.03290595778564456,0.05003214131203394,-0.01712618352638938,56.459999084472656,4.271999835968018,2.803999900817871,1220.800048828125,14.357999801635742,112.76,1.0012,-0.071,0.085,104.0681,3.8,97.5,1340.0,498854.0,1.34,-0.50169,252.038,259.439,2.176601032152403,2.2153843729315836,0.03878334077918044,1.88,2.02,4145892.0,341094.0,1801383.0,3.08,2.81,2.36,1.06,53.0,36.0,24.0,43.0,71.0,-0.0073413407401870705,1.0,1.0599999999999996,0.1499999999999999,2.0999999999999996,-1.9499999999999997,0.27,0.7200000000000002
2018-11-23,2632.56005859375,21.520000457763672,0.20693439807000993,0.046311041970214864,0.04282184510459733,0.003489196865617536,50.41999816894531,4.308000087738037,2.7704999446868896,1221.0,14.220999717712402,112.83,0.9976,-0.071,0.085,104.0681,3.8,97.5,1340.0,498854.0,1.38,-0.48062,252.038,259.439,2.176601032152403,2.2153843729315836,0.03878334077918044,1.77,1.96,4106198.0,330202.0,1757729.0,3.05,2.81,2.41,1.09,53.0,36.0,24.0,43.0,71.0,-0.020762129681864156,1.0,1.17,0.10000000000000009,2.0999999999999996,-1.9999999999999996,0.23999999999999977,0.6399999999999997
2018-11-30,2760.169921875,18.06999969482422,0.20653018115687422,0.03265248889709473,0.042654715728691284,-0.010002226831596552,50.93000030517578,4.611999988555908,2.7774999141693115,1220.199951171875,14.093999862670898,113.54,0.9987,-0.071,0.085,104.0681,3.8,97.5,1340.0,498854.0,1.45,-0.46052,252.038,259.439,2.176601032152403,2.2153843729315836,0.03878334077918044,1.77,1.97,4097170.0,340596.0,1738659.0,3.01,2.8,2.37,1.04,54.0,35.0,21.0,36.0,88.0,0.0013554211890562176,1.0,1.17,0.14000000000000012,2.0999999999999996,-1.9599999999999995,0.20999999999999996,0.6399999999999997
2018-12-07,2633.080078125,23.229999542236328,0.22126954839636312,0.05396328787323001,0.04896021304753048,0.005003074825699526,52.61000061035156,4.48799991607666,2.757499933242798,1246.800048828125,14.571999549865723,112.6,0.9914,-0.068,-0.01,104.0936,3.9,98.3,1317.0,489113.0,1.51,-0.44155,251.233,260.063,1.9101588486313714,2.2485295505299874,0.33837070189861596,1.68,1.89,4086044.0,337564.0,1738141.0,2.85,2.72,2.4,0.96,54.0,35.0,21.0,36.0,88.0,-0.02890337302109954,1.1100000000000003,1.67,0.10999999999999988,2.3,-2.19,0.1299999999999999,0.4500000000000002
2018-12-14,2599.949951171875,21.6299991607666,0.2070643870416855,0.046785686369476394,0.042875660380948935,0.003910025988527459,51.20000076293945,3.8269999027252197,2.760499954223633,1237.0,14.512999534606934,113.35,0.997,-0.068,-0.01,104.0936,3.9,98.3,1317.0,489113.0,1.48,-0.42825,251.233,260.063,1.9101588486313714,2.2485295505299874,0.33837070189861596,1.6,1.82,4088314.0,334967.0,1735539.0,2.89,2.73,2.42,1.07,54.0,35.0,21.0,36.0,88.0,-0.01202909909931793,1.1100000000000003,1.63,0.18999999999999995,2.3,-2.11,0.16000000000000014,0.4700000000000002
2018-12-21,2416.6201171875,30.110000610351562,0.20691369126960082,0.09066121367553714,0.04281327563481169,0.04784793804072546,45.59000015258789,3.815999984741211,2.678499937057495,1253.800048828125,14.583000183105469,111.14,0.9914,-0.068,-0.01,104.0936,3.9,98.3,1317.0,489113.0,1.54,-0.4223,251.233,260.063,1.9101588486313714,2.2485295505299874,0.33837070189861596,1.55,1.77,4084274.0,350714.0,1699138.0,2.79,2.63,2.39,1.02,54.0,35.0,21.0,36.0,88.0,-0.008886178157772706,1.1100000000000003,2.3899999999999997,0.20999999999999996,2.3,-2.09,0.16000000000000014,0.3999999999999999
2018-12-28,2485.739990234375,28.34000015258789,0.26541255264742136,0.08031556086486817,0.07044382310282021,0.009871737762047958,45.33000183105469,3.302999973297119,2.678999900817871,1279.9000244140625,15.326000213623047,110.34,0.9838,-0.068,-0.01,104.0936,3.9,98.3,1317.0,489113.0,1.58,-0.42569,251.233,260.063,1.9101588486313714,2.2485295505299874,0.33837070189861596,1.52,1.73,4075636.0,374085.0,1661223.0,2.72,2.52,2.4,0.99,54.0,35.0,21.0,36.0,88.0,0.024333414174005624,1.1100000000000003,2.4699999999999998,0.19999999999999973,2.3,-2.1,0.20000000000000018,0.3200000000000003
2019-01-04,2531.93994140625,21.3799991607666,0.28949327315243784,0.045710436411438064,0.08380635520051198,-0.03809591878907392,47.959999084472656,3.0439999103546143,2.6514999866485596,1282.699951171875,15.694999694824219,108.29,0.9859,-0.064,0.0,103.4021,4.0,91.2,1254.0,490440.0,1.62,-0.43864,251.712,260.766,1.5512351381991252,2.1794329242488475,0.6281977860497223,1.58,1.76,4058378.0,379902.0,1621856.0,2.67,2.5,2.42,0.91,51.0,31.0,20.0,30.0,92.0,0.01833793512941284,1.19,2.34,0.19999999999999973,2.41,-2.2100000000000004,0.16999999999999993,0.25
2019-01-11,2596.260009765625,18.190000534057617,0.28389777579665226,0.03308761194290164,0.08059794710228624,-0.0475103351593846,51.59000015258789,3.0989999771118164,2.6695001125335693,1287.0999755859375,15.57699966430664,108.34,0.9829,-0.064,0.0,103.4021,4.0,91.2,1254.0,490440.0,1.54,-0.45852,251.712,260.766,1.5512351381991252,2.1794329242488475,0.6281977860497223,1.66,1.83,4056563.0,356698.0,1650387.0,2.71,2.55,2.43,0.88,51.0,31.0,20.0,30.0,92.0,0.01663446547020716,1.19,1.8399999999999999,0.18999999999999995,2.41,-2.22,0.16000000000000014,0.2799999999999998
2019-01-18,2670.7099609375,17.799999237060547,0.2619071389877264,0.0316839972839356,0.06859534945273622,-0.03691135216880062,53.79999923706055,3.4820001125335693,2.740999937057495,1281.300048828125,15.329999923706055,109.79,0.9954,-0.064,0.0,103.4021,4.0,91.2,1254.0,490440.0,1.46,-0.482,251.712,260.766,1.5512351381991252,2.1794329242488475,0.6281977860497223,1.67,1.83,4050044.0,351180.0,1664138.0,2.79,2.62,2.41,0.96,51.0,31.0,20.0,30.0,92.0,0.019262826149206713,1.19,1.5599999999999996,0.1499999999999999,2.41,-2.2600000000000002,0.16999999999999993,0.3799999999999999
2019-01-25,2664.760009765625,17.420000076293945,0.2572104443059816,0.03034564026580811,0.06615721266008047,-0.035811572394272365,53.689998626708984,3.177999973297119,2.73799991607666,1297.4000244140625,15.638999938964844,109.6,0.993,-0.064,0.0,103.4021,4.0,91.2,1254.0,490440.0,1.4,-0.50635,251.712,260.766,1.5512351381991252,2.1794329242488475,0.6281977860497223,1.64,1.79,4047052.0,389626.0,1621876.0,2.76,2.6,2.39,0.97,51.0,31.0,20.0,30.0,92.0,0.005719129282342046,1.19,1.63,0.20999999999999996,2.41,-2.2,0.1599999999999997,0.36999999999999966
2019-02-01,2706.530029296875,16.139999389648438,0.24712020940659857,0.026049958029785193,0.06106839789716113,-0.03501843986737593,55.2599983215332,2.7339999675750732,2.7750000953674316,1316.9000244140625,15.880000114440918,109.55,0.994,-0.055,-0.015,102.8371,3.8,93.8,1286.0,491751.0,1.36,-0.53024,252.776,261.186,1.520135265933309,2.1410889637129227,0.6209536977796137,1.72,1.88,4039678.0,403276.0,1617539.0,2.7,2.52,2.4,0.82,62.0,45.0,25.0,48.0,73.0,-0.010847073655203912,1.1600000000000001,1.6099999999999999,0.1499999999999999,2.27,-2.12,0.18000000000000016,0.30000000000000027
2019-02-08,2707.8798828125,15.720000267028809,0.16149587705238336,0.02471184083953858,0.026080918304918523,-0.0013690774653799427,52.720001220703125,2.5829999446868896,2.809999942779541,1313.699951171875,15.77299976348877,109.76,1.0,-0.055,-0.015,102.8371,3.8,93.8,1286.0,491751.0,1.34,-0.55082,252.776,261.186,1.520135265933309,2.1410889637129227,0.6209536977796137,1.69,1.82,4026350.0,352375.0,1648553.0,2.63,2.45,2.43,0.81,62.0,45.0,25.0,48.0,73.0,-0.011562798628618198,1.1600000000000001,1.6400000000000001,0.1299999999999999,2.27,-2.14,0.17999999999999972,0.19999999999999973
2019-02-15,2775.60009765625,14.90999984741211,0.1409029229667074,0.02223080954498291,0.01985363370056188,0.002377175844421032,55.59000015258789,2.625,2.802500009536743,1318.0999755859375,15.722999572753906,110.54,1.0063,-0.055,-0.015,102.8371,3.8,93.8,1286.0,491751.0,1.32,-0.56818,252.776,261.186,1.520135265933309,2.1410889637129227,0.6209536977796137,1.75,1.86,4028431.0,359109.0,1649973.0,2.66,2.52,2.43,0.8,62.0,45.0,25.0,48.0,73.0,0.018685065457787475,1.1600000000000001,1.44,0.10000000000000009,2.27,-2.17,0.14000000000000012,0.22999999999999998
2019-02-22,2792.669921875,13.510000228881836,0.10919712647729608,0.018252010618438726,0.011924012430898598,0.006327998187540129,57.2599983215332,2.7170000076293945,2.9609999656677246,1329.199951171875,15.907999992370605,110.7,0.9998,-0.055,-0.015,102.8371,3.8,93.8,1286.0,491751.0,1.32,-0.5816,252.776,261.186,1.520135265933309,2.1410889637129227,0.6209536977796137,1.82,1.91,3981420.0,333896.0,1632580.0,2.65,2.48,2.46,0.74,62.0,45.0,25.0,48.0,73.0,0.0010228443886517438,1.1600000000000001,1.3699999999999997,0.08000000000000007,2.27,-2.19,0.16999999999999993,0.18999999999999995
2019-03-01,2803.68994140625,13.569999694824219,0.10638052696527958,0.01841448917175294,0.011316816517410577,0.007097672654342364,55.79999923706055,2.8589999675750732,2.933500051498413,1296.4000244140625,15.168999671936035,111.89,0.9987,-0.041,-0.095,102.8757,3.8,98.4,1295.0,499292.0,1.28,-0.59066,254.202,261.567,1.8625227405691724,2.06656235001228,0.2040396094431074,1.85,1.96,3974590.0,310574.0,1640750.0,2.76,2.55,2.44,0.8,62.0,37.0,23.0,45.0,66.0,0.0021006443230225567,1.0699999999999998,1.29,0.10999999999999988,2.27,-2.16,0.20999999999999996,0.31999999999999984
2019-03-08,2743.070068359375,16.049999237060547,0.09808449379963248,0.025760247550964413,0.009620567923930142,0.01613967962703427,56.06999969482422,2.865000009536743,2.8940000534057617,1297.0,15.272000312805176,111.11,1.0074,-0.041,-0.095,102.8757,3.8,98.4,1295.0,499292.0,1.29,-0.59599,254.202,261.567,1.8625227405691724,2.06656235001228,0.2040396094431074,1.8,1.9,3969134.0,220045.0,1721614.0,2.62,2.45,2.46,0.72,62.0,37.0,23.0,45.0,66.0,-0.010459966028136666,1.0699999999999998,1.6099999999999999,0.08000000000000007,2.27,-2.19,0.16999999999999993,0.16000000000000014
2019-03-15,2822.47998046875,12.880000114440918,0.090365482645747,0.016589440294799807,0.0081659204537988,0.008423519841001006,58.52000045776367,2.7950000762939453,2.9035000801086426,1301.800048828125,15.253000259399414,111.57,1.0026,-0.041,-0.095,102.8757,3.8,98.4,1295.0,499292.0,1.26,-0.59992,254.202,261.567,1.8625227405691724,2.06656235001228,0.2040396094431074,1.86,1.94,3971559.0,245972.0,1703948.0,2.59,2.43,2.45,0.65,62.0,37.0,23.0,45.0,66.0,0.0006007440474708296,1.0699999999999998,1.3800000000000003,0.0900000000000003,2.27,-2.1799999999999997,0.1599999999999997,0.13999999999999968
2019-03-22,2800.7099609375,16.479999542236328,0.10651333174227028,0.02715903849121096,0.011345089838838921,0.01581394865237204,59.040000915527344,2.753000020980835,2.8359999656677246,1311.5999755859375,15.345000267028809,109.76,0.994,-0.041,-0.095,102.8757,3.8,98.4,1295.0,499292.0,1.25,-0.60384,254.202,261.567,1.8625227405691724,2.06656235001228,0.2040396094431074,1.8,1.9,3962748.0,303623.0,1629731.0,2.44,2.31,2.46,0.54,62.0,37.0,23.0,45.0,66.0,-0.010651057674036696,1.0699999999999998,1.4600000000000004,0.08999999999999986,2.27,-2.18,0.1299999999999999,-0.020000000000000018
2019-03-29,2834.39990234375,13.710000038146973,0.10470519667987971,0.018796410104598996,0.010963178211772293,0.007833231892826703,60.13999938964844,2.6619999408721924,2.936000108718872,1293.0,15.0600004196167,110.68,0.9962,-0.041,-0.095,102.8757,3.8,98.4,1295.0,499292.0,1.25,-0.60655,254.202,261.567,1.8625227405691724,2.06656235001228,0.2040396094431074,1.78,1.88,3955617.0,310868.0,1622282.0,2.41,2.27,2.4,0.53,62.0,37.0,23.0,45.0,66.0,0.008582100365104317,1.0699999999999998,1.4200000000000004,0.1200000000000001,2.27,-2.15,0.14000000000000012,0.010000000000000231
2019-04-05,2892.739990234375,12.819999694824219,0.10383889283029832,0.016435239217529308,0.01078251566422218,0.005652723553307128,63.08000183105469,2.6640000343322754,2.8924999237060547,1290.4000244140625,15.043000221252441,111.71,1.0003,-0.067,-0.045,102.274,3.7,97.2,1322.0,499343.0,1.23,-0.61059,255.548,261.997,1.9964397755302565,2.0913377235709074,0.09489794804065088,1.79,1.9,3935509.0,310188.0,1600398.0,2.5,2.35,2.44,0.6,62.0,23.0,22.0,42.0,64.0,0.03270728862526617,1.0100000000000002,1.33,0.10999999999999988,2.1700000000000004,-2.0600000000000005,0.1499999999999999,0.06000000000000005
2019-04-12,2907.409912109375,12.010000228881836,0.10522104901732973,0.014424010549774173,0.011071469156307306,0.0033525413934668673,63.88999938964844,2.6600000858306885,2.946000099182129,1290.5999755859375,14.920000076293945,112.0,1.0017,-0.067,-0.045,102.274,3.7,97.2,1322.0,499343.0,1.18,-0.61383,255.548,261.997,1.9964397755302565,2.0913377235709074,0.09489794804065088,1.86,1.95,3936784.0,262617.0,1634591.0,2.56,2.4,2.44,0.61,62.0,23.0,22.0,42.0,64.0,0.011507748255505712,1.0100000000000002,1.1500000000000004,0.06999999999999984,2.1700000000000004,-2.1000000000000005,0.16000000000000014,0.1200000000000001
2019-04-19,2905.030029296875,12.09000015258789,0.0977199848836087,0.014616810368957522,0.009549195445652713,0.005067614923304809,64.0,2.490000009536743,2.927500009536743,1271.9000244140625,14.937000274658203,111.92,1.0144,-0.067,-0.045,102.274,3.7,97.2,1322.0,499343.0,1.17,-0.6158,255.548,261.997,1.9964397755302565,2.0913377235709074,0.09489794804065088,1.86,1.95,3931827.0,285264.0,1604479.0,2.57,2.38,2.42,0.62,62.0,23.0,22.0,42.0,64.0,0.0212826104177802,1.0100000000000002,1.2000000000000002,0.1299999999999999,2.1700000000000004,-2.0400000000000005,0.18999999999999995,0.1499999999999999
2019-04-26,2939.8798828125,12.729999542236328,0.09144259779817082,0.01620528883453371,0.008361748692078036,0.007843540142455675,63.29999923706055,2.565999984741211,2.9700000286102295,1284.9000244140625,15.001999855041504,111.6,1.019,-0.067,-0.045,102.274,3.7,97.2,1322.0,499343.0,1.17,-0.61484,255.548,261.997,1.9964397755302565,2.0913377235709074,0.09489794804065088,1.86,1.97,3928273.0,378602.0,1505430.0,2.51,2.28,2.42,0.54,62.0,23.0,22.0,42.0,64.0,-0.01768829184173315,1.0100000000000002,1.23,0.06999999999999984,2.1700000000000004,-2.1000000000000005,0.22999999999999998,0.08999999999999986
2019-05-03,2945.639892578125,12.869999885559082,0.0927963166553239,0.016563689705429083,0.008611156384795144,0.007952533320633939,61.939998626708984,2.566999912261963,2.825000047683716,1279.199951171875,14.906999588012695,111.28,1.0178,-0.049,-0.095,102.392,3.6,100.0,1347.0,504741.0,1.18,-0.61148,256.092,262.217,1.7902284687663972,1.97242800754438,0.1821995387779829,1.8,1.91,3889691.0,400498.0,1461419.0,2.54,2.33,2.43,0.63,59.0,28.0,23.0,44.0,62.0,-0.010239715356125851,0.96,1.3200000000000003,0.06000000000000005,2.23,-2.17,0.20999999999999996,0.10999999999999988
2019-05-10,2881.39990234375,16.040000915527344,0.08720427325905153,0.025728162937011804,0.00760458527463933,0.018123577662372475,61.65999984741211,2.61899995803833,2.7850000858306885,1285.699951171875,14.72599983215332,109.56,1.0109,-0.049,-0.095,102.392,3.6,100.0,1347.0,504741.0,1.22,-0.60473,256.092,262.217,1.7902284687663972,1.97242800754438,0.1821995387779829,1.75,1.88,3892216.0,348357.0,1484975.0,2.47,2.26,2.43,0.59,59.0,28.0,23.0,44.0,62.0,-0.015693966496875083,0.96,1.6099999999999999,0.040000000000000036,2.23,-2.19,0.2100000000000004,0.040000000000000036
2019-05-17,2859.530029296875,15.960000038146973,0.11462876386345515,0.02547216012176514,0.01313975350486376,0.01233240661690138,62.7599983215332,2.63100004196167,2.747999906539917,1274.5,14.347999572753906,109.9,1.0108,-0.049,-0.095,102.392,3.6,100.0,1347.0,504741.0,1.24,-0.59658,256.092,262.217,1.7902284687663972,1.97242800754438,0.1821995387779829,1.71,1.81,3864749.0,323786.0,1509867.0,2.39,2.2,2.39,0.58,59.0,28.0,23.0,44.0,62.0,-0.018346164580426517,0.96,1.6700000000000004,0.0900000000000003,2.23,-2.1399999999999997,0.18999999999999995,0.0
2019-05-24,2826.06005859375,15.850000381469727,0.1214422290111017,0.025122251209259046,0.014748214987184871,0.010374036222074175,58.630001068115234,2.5980000495910645,2.7065000534057617,1283.0,14.520000457763672,109.38,1.0021,-0.049,-0.095,102.392,3.6,100.0,1347.0,504741.0,1.27,-0.58856,256.092,262.217,1.7902284687663972,1.97242800754438,0.1821995387779829,1.62,1.76,3860435.0,282864.0,1518157.0,2.32,2.16,2.35,0.56,59.0,28.0,23.0,44.0,62.0,-0.027798870876231712,0.96,1.7600000000000002,0.11000000000000032,2.23,-2.1199999999999997,0.1599999999999997,-0.03000000000000025
2019-05-31,2752.06005859375,18.709999084472656,0.12752755729865134,0.03500640657409676,0.0162632778705608,0.01874312870353596,53.5,2.4539999961853027,2.6459999084472656,1305.800048828125,14.529999732971191,108.66,1.0034,-0.049,-0.095,102.392,3.6,100.0,1347.0,504741.0,1.35,-0.58064,256.092,262.217,1.7902284687663972,1.97242800754438,0.1821995387779829,1.58,1.74,3851444.0,247777.0,1544711.0,2.14,1.95,2.35,0.4,55.0,40.0,23.0,44.0,63.0,0.0013760225984265073,0.96,2.19,0.11000000000000032,2.23,-2.1199999999999997,0.19000000000000017,-0.20999999999999996
2019-06-07,2873.340087890625,16.299999237060547,0.14846013726525073,0.026568997512817442,0.02204041235681709,0.004528585156000353,53.9900016784668,2.3369998931884766,2.630500078201294,1341.199951171875,14.994000434875488,108.15,0.9877,-0.062,-0.165,102.4375,3.6,98.2,1299.0,505251.0,1.34,-0.57529,256.143,262.739,1.6484846560762545,2.0746001344216447,0.4261154783453902,1.61,1.74,3847645.0,223638.0,1537089.0,2.09,1.85,2.28,0.35,55.0,40.0,23.0,44.0,63.0,0.011667790415446966,1.04,2.3000000000000003,0.14000000000000012,2.39,-2.25,0.23999999999999977,-0.18999999999999995
2019-06-14,2886.97998046875,15.279999732971191,0.1475048462967215,0.023347839183959967,0.021757679681019434,0.0015901595029405337,52.5099983215332,2.38700008392334,2.634500026702881,1340.0999755859375,14.781999588012695,108.44,0.999,-0.062,-0.165,102.4375,3.6,98.2,1299.0,505251.0,1.32,-0.57313,256.143,262.739,1.6484846560762545,2.0746001344216447,0.4261154783453902,1.48,1.63,3849955.0,187560.0,1586963.0,2.09,1.84,2.2,0.46,55.0,40.0,23.0,44.0,63.0,-0.003635140860533588,1.04,2.1600000000000006,0.1499999999999999,2.39,-2.24,0.24999999999999978,-0.11000000000000032
2019-06-21,2950.4599609375,15.399999618530273,0.14060940628161056,0.023715998825073262,0.019771005134867025,0.003944993690206237,57.43000030517578,2.186000108718872,2.7060000896453857,1396.199951171875,15.27299976348877,107.55,0.9789,-0.062,-0.165,102.4375,3.6,98.2,1299.0,505251.0,1.25,-0.57297,256.143,262.739,1.6484846560762545,2.0746001344216447,0.4261154783453902,1.6,1.73,3844016.0,198398.0,1567955.0,2.07,1.77,2.11,0.34,55.0,40.0,23.0,44.0,63.0,0.006798886321675321,1.04,1.8800000000000003,0.16000000000000014,2.39,-2.23,0.2999999999999998,-0.040000000000000036
2019-06-28,2941.760009765625,15.079999923706055,0.11937667623645948,0.022740639769897465,0.014250790829264469,0.008489848940632996,58.470001220703125,2.308000087738037,2.7054998874664307,1409.699951171875,15.253000259399414,107.84,0.9758,-0.062,-0.165,102.4375,3.6,98.2,1299.0,505251.0,1.22,-0.57525,256.143,262.739,1.6484846560762545,2.0746001344216447,0.4261154783453902,1.53,1.69,3826817.0,248302.0,1504737.0,2.0,1.75,2.12,0.31,55.0,40.0,23.0,44.0,63.0,0.01992279867652728,1.04,2.0000000000000004,0.17999999999999972,2.39,-2.2100000000000004,0.25,-0.1200000000000001
2019-07-05,2990.409912109375,13.279999732971191,0.11626433861479907,0.017635839290771494,0.013517396433536657,0.004118442857234837,57.5099983215332,2.4179999828338623,2.6584999561309814,1396.699951171875,14.918000221252441,108.55,0.9923,-0.071,-0.16,101.9408,3.7,98.4,1379.0,509091.0,1.19,-0.5792,256.571,263.28,1.8114648063935146,2.1657049503490455,0.35424014395553094,1.55,1.69,3813198.0,245306.0,1456496.0,2.04,1.87,2.23,0.35,58.0,43.0,24.0,40.0,66.0,-0.006743729984487837,0.9900000000000002,1.92,0.04999999999999982,2.22,-2.1700000000000004,0.16999999999999993,-0.18999999999999995
2019-07-12,3013.77001953125,12.390000343322754,0.10331150584783219,0.015351210850753798,0.010673267240546664,0.0046779436102071335,60.209999084472656,2.453000068664551,2.691499948501587,1409.9000244140625,15.16100025177002,108.0,0.9845,-0.071,-0.16,101.9408,3.7,98.4,1379.0,509091.0,1.18,-0.58114,256.571,263.28,1.8114648063935146,2.1657049503490455,0.35424014395553094,1.62,1.77,3815038.0,211115.0,1499806.0,2.12,1.84,2.14,0.35,58.0,43.0,24.0,40.0,66.0,0.013152768177519944,0.9900000000000002,1.9599999999999995,0.08999999999999986,2.22,-2.1300000000000003,0.28,-0.020000000000000018
2019-07-19,2976.610107421875,14.449999809265137,0.07950820887902871,0.020880249448776252,0.00632155527915126,0.014558694169624992,55.630001068115234,2.250999927520752,2.744499921798706,1425.0999755859375,16.117000579833984,107.78,0.9823,-0.071,-0.16,101.9408,3.7,98.4,1379.0,509091.0,1.18,-0.58098,256.571,263.28,1.8114648063935146,2.1657049503490455,0.35424014395553094,1.6,1.8,3808110.0,197005.0,1515664.0,2.05,1.8,2.06,0.25,58.0,43.0,24.0,40.0,66.0,-0.008905382870255663,0.9900000000000002,2.0100000000000002,0.1299999999999999,2.22,-2.0900000000000003,0.24999999999999978,-0.010000000000000231
2019-07-26,3025.860107421875,12.15999984741211,0.07994012803062292,0.014786559628906251,0.006390424069552384,0.008396135559353868,56.20000076293945,2.1689999103546143,2.676500082015991,1418.5,16.325000762939453,108.69,0.9933,-0.071,-0.16,101.9408,3.7,98.4,1379.0,509091.0,1.14,-0.57767,256.571,263.28,1.8114648063935146,2.1657049503490455,0.35424014395553094,1.57,1.78,3803436.0,193362.0,1518322.0,2.08,1.86,2.12,0.3,58.0,43.0,24.0,40.0,66.0,0.012096554643141374,0.9900000000000002,1.83,0.10000000000000009,2.22,-2.12,0.21999999999999997,-0.040000000000000036
2019-08-02,2932.050048828125,17.610000610351562,0.08702867122766687,0.031011212149658237,0.007573989615653332,0.023437222534004903,55.65999984741211,2.121000051498413,2.565000057220459,1445.5999755859375,16.222000122070312,106.64,0.982,-0.045,-0.28,102.639,3.6,89.8,1482.0,512561.0,1.19,-0.56993,256.558,263.877,1.7497798894291483,2.321135673598529,0.5713557841693806,1.45,1.66,3779102.0,163763.0,1534523.0,1.86,1.72,2.06,0.2,61.0,42.0,24.0,37.0,67.0,-0.028458318045141276,0.8900000000000001,2.5600000000000005,0.1299999999999999,2.24,-2.1100000000000003,0.14000000000000012,-0.19999999999999996
2019-08-09,2918.64990234375,17.969999313354492,0.13929619359341017,0.0322920875321961,0.019403429549612803,0.012888657982583294,54.5,2.11899995803833,2.5840001106262207,1496.5999755859375,16.89699935913086,105.3,0.971,-0.045,-0.28,102.639,3.6,89.8,1482.0,512561.0,1.26,-0.55906,256.558,263.877,1.7497798894291483,2.321135673598529,0.5713557841693806,1.44,1.66,3781543.0,131704.0,1539244.0,1.74,1.63,2.0,0.08,61.0,42.0,24.0,37.0,67.0,-0.012634579065280649,0.8900000000000001,2.6799999999999997,0.1200000000000001,2.24,-2.12,0.1100000000000001,-0.26
2019-08-16,2888.679931640625,18.469999313354492,0.17454017477005632,0.03411408746353155,0.030464272608761802,0.003649814854769746,54.869998931884766,2.200000047683716,2.5899999141693115,1512.5,17.09600067138672,106.34,0.98,-0.045,-0.28,102.639,3.6,89.8,1482.0,512561.0,1.31,-0.54745,256.558,263.877,1.7497798894291483,2.321135673598529,0.5713557841693806,1.34,1.54,3786018.0,129957.0,1550406.0,1.55,1.48,1.87,0.01,61.0,42.0,24.0,37.0,67.0,-0.0239163094209196,0.8900000000000001,2.84,0.16999999999999993,2.24,-2.0700000000000003,0.07000000000000006,-0.32000000000000006
2019-08-23,2847.110107421875,19.8700008392334,0.1940393941988004,0.039481693335113595,0.037651286501037454,0.0018304068340761412,54.16999816894531,2.1519999504089355,2.5260000228881836,1526.5999755859375,17.395000457763672,105.3,0.9748,-0.045,-0.28,102.639,3.6,89.8,1482.0,512561.0,1.25,-0.53714,256.558,263.877,1.7497798894291483,2.321135673598529,0.5713557841693806,1.35,1.54,3764866.0,125725.0,1516045.0,1.52,1.51,1.97,-0.02,61.0,42.0,24.0,37.0,67.0,-0.005884176710560407,0.8900000000000001,2.62,0.07000000000000006,2.24,-2.17,0.010000000000000009,-0.44999999999999996
2019-08-30,2926.4599609375,18.979999542236328,0.2011637683348568,0.036024038262329125,0.04046686169067994,-0.004442823428350812,55.099998474121094,2.2850000858306885,2.5329999923706055,1519.0999755859375,18.184999465942383,106.3,0.9899,-0.045,-0.28,102.639,3.6,89.8,1482.0,512561.0,1.25,-0.52765,256.558,263.877,1.7497798894291483,2.321135673598529,0.5713557841693806,1.35,1.55,3759946.0,145957.0,1498680.0,1.5,1.5,1.99,-0.05,61.0,42.0,24.0,37.0,67.0,0.011268734908797873,0.8900000000000001,2.46,0.050000000000000044,2.24,-2.1900000000000004,0.0,-0.49
2019-09-06,2978.7099609375,15.0,0.20618039441585462,0.0225,0.04251035504147738,-0.020010355041477378,56.52000045776367,2.496000051498413,2.615499973297119,1506.199951171875,17.968000411987305,106.8,0.9866,-0.059,-0.215,102.2917,3.5,93.2,1469.0,509282.0,1.26,-0.52069,256.759,264.388,1.7113045131695204,2.3300099083477743,0.618705395178254,1.35,1.54,3761508.0,148740.0,1487555.0,1.55,1.53,1.96,0.01,67.0,43.0,23.0,40.0,69.0,0.01336440916280594,0.8800000000000003,2.3499999999999996,0.050000000000000044,2.21,-2.16,0.020000000000000018,-0.4099999999999999
2019-09-13,3007.389892578125,13.739999771118164,0.2016477887774307,0.01887875937103272,0.040661830718827306,-0.021783071347794586,54.849998474121094,2.614000082015991,2.680999994277954,1490.9000244140625,17.43600082397461,108.12,0.9898,-0.059,-0.215,102.2917,3.5,93.2,1469.0,509282.0,1.21,-0.51526,256.759,264.388,1.7113045131695204,2.3300099083477743,0.618705395178254,1.46,1.67,3769673.0,185342.0,1456796.0,1.9,1.79,1.96,0.23,67.0,43.0,23.0,40.0,69.0,0.022629102875624252,0.8800000000000003,2.13,0.06000000000000005,2.21,-2.15,0.10999999999999988,-0.06000000000000005
2019-09-20,2992.070068359375,15.319999694824219,0.1677723559055116,0.023470239064941414,0.02814756340608565,-0.004677324341144238,58.09000015258789,2.5339999198913574,2.5899999141693115,1507.300048828125,17.738000869750977,107.95,0.993,-0.059,-0.215,102.2917,3.5,93.2,1469.0,509282.0,1.19,-0.5113,256.759,264.388,1.7113045131695204,2.3300099083477743,0.618705395178254,1.42,1.61,3844695.0,250226.0,1394122.0,1.74,1.69,1.91,0.13,67.0,43.0,23.0,40.0,69.0,-0.01688659630239579,0.8800000000000003,2.1100000000000003,0.1299999999999999,2.21,-2.08,0.050000000000000044,-0.16999999999999993
2019-09-27,2961.7900390625,17.219999313354492,0.13278340078983625,0.029652837635192917,0.017631431525314285,0.012021406109878632,55.90999984741211,2.4040000438690186,2.5829999446868896,1499.0999755859375,17.552000045776367,108.05,0.9919,-0.059,-0.215,102.2917,3.5,93.2,1469.0,509282.0,1.21,-0.51141,256.759,264.388,1.7113045131695204,2.3300099083477743,0.618705395178254,1.36,1.53,3857715.0,314189.0,1400171.0,1.69,1.63,1.8,0.16,67.0,43.0,23.0,40.0,69.0,-0.008106545716501342,0.8800000000000003,2.29,0.1399999999999999,2.21,-2.0700000000000003,0.06000000000000005,-0.1100000000000001
2019-10-04,2952.010009765625,17.040000915527344,0.14328516421664717,0.029036163120117267,0.020530638284591545,0.008505524835525722,52.810001373291016,2.3519999980926514,2.555500030517578,1506.199951171875,17.540000915527344,106.91,0.9958,-0.021,-0.15,101.4281,3.6,95.5,1523.0,510648.0,1.26,-0.51515,257.346,264.97,1.7640429444213845,2.3378148209658223,0.5737718765444377,1.27,1.5,3945831.0,335171.0,1469200.0,1.52,1.4,1.71,0.02,62.0,48.0,22.0,46.0,63.0,-0.022018093461017463,0.9100000000000001,2.67,0.18000000000000016,2.21,-2.03,0.1200000000000001,-0.18999999999999995
2019-10-11,2970.27001953125,15.579999923706055,0.1265571356374528,0.02427363976226807,0.016016708580756624,0.008256931181511447,54.70000076293945,2.2139999866485596,2.618499994277954,1482.699951171875,17.461999893188477,108.52,0.9967,-0.021,-0.15,101.4281,3.6,95.5,1523.0,510648.0,1.22,-0.52363,257.346,264.97,1.7640429444213845,2.3378148209658223,0.5737718765444377,1.34,1.56,3949955.0,318191.0,1506455.0,1.76,1.63,1.68,0.2,62.0,48.0,22.0,46.0,63.0,0.020439246582425612,0.9100000000000001,2.3899999999999997,0.14000000000000012,2.21,-2.07,0.13000000000000012,0.08000000000000007
2019-10-18,2986.199951171875,14.25,0.11957988203538195,0.020306249999999998,0.014299348187595862,0.0060069018124041355,53.779998779296875,2.319999933242798,2.625,1488.199951171875,17.50200080871582,108.44,0.9856,-0.021,-0.15,101.4281,3.6,95.5,1523.0,510648.0,1.18,-0.53605,257.346,264.97,1.7640429444213845,2.3378148209658223,0.5737718765444377,1.52,1.6,3966471.0,324604.0,1480368.0,1.76,1.58,1.66,0.16,62.0,48.0,22.0,46.0,63.0,-0.0037688379185446905,0.9100000000000001,2.3099999999999996,0.15000000000000013,2.21,-2.0599999999999996,0.17999999999999994,0.10000000000000009
2019-10-25,3022.550048828125,12.649999618530273,0.12054006132207903,0.016002249034881604,0.014529906383530574,0.0014723426513510302,56.65999984741211,2.299999952316284,2.6665000915527344,1499.5,17.861000061035156,108.75,0.9945,-0.021,-0.15,101.4281,3.6,95.5,1523.0,510648.0,1.14,-0.54986,257.346,264.97,1.7640429444213845,2.3378148209658223,0.5737718765444377,1.55,1.65,3968700.0,377985.0,1449043.0,1.8,1.63,1.66,0.15,62.0,48.0,22.0,46.0,63.0,0.013747116428039236,0.9100000000000001,2.18,0.16000000000000014,2.21,-2.05,0.17000000000000015,0.14000000000000012
2019-11-01,3066.909912109375,12.300000190734863,0.12351798737463887,0.015129000469207768,0.015256693205081448,-0.00012769273587368013,56.20000076293945,2.7139999866485596,2.6510000228881836,1508.0,18.003999710083008,108.16,0.9855,-0.043,-0.08,101.9372,3.6,96.8,1535.0,514215.0,1.16,-0.56183,257.208,265.548,2.0512779818916194,2.3546960942649298,0.3034181123733104,1.5,1.59,4019823.0,389872.0,1483702.0,1.73,1.56,1.52,0.14,60.0,44.0,24.0,41.0,60.0,0.0019342057106059123,0.8799999999999999,2.28,0.08000000000000007,2.13,-2.05,0.16999999999999993,0.20999999999999996
2019-11-08,3093.080078125,12.069999694824219,0.1178922575820845,0.014568489263305673,0.013898584397800562,0.000669904865505111,57.2400016784668,2.7890000343322754,2.677999973297119,1461.300048828125,16.783000946044922,109.14,0.9971,-0.043,-0.08,101.9372,3.6,96.8,1535.0,514215.0,1.11,-0.57126,257.208,265.548,2.0512779818916194,2.3546960942649298,0.3034181123733104,1.63,1.71,4039443.0,377029.0,1523939.0,1.94,1.68,1.55,0.23,60.0,44.0,24.0,41.0,60.0,0.030425675290938425,0.8799999999999999,2.19,0.10999999999999988,2.13,-2.02,0.26,0.3899999999999999
2019-11-15,3120.4599609375,12.050000190734863,0.08642706207152306,0.014520250459671025,0.007469637058314901,0.007050613401356124,57.720001220703125,2.687999963760376,2.634999990463257,1467.300048828125,16.933000564575195,108.8,0.9903,-0.043,-0.08,101.9372,3.6,96.8,1535.0,514215.0,1.12,-0.57619,257.208,265.548,2.0512779818916194,2.3546960942649298,0.3034181123733104,1.52,1.63,4047882.0,381955.0,1532316.0,1.84,1.61,1.57,0.21,60.0,44.0,24.0,41.0,60.0,-0.015413647787263878,0.8799999999999999,2.2499999999999996,0.08999999999999986,2.13,-2.04,0.22999999999999998,0.27
2019-11-22,3110.2900390625,12.34000015258789,0.05939762420679022,0.015227560376586916,0.0035280777614110715,0.011699482615175845,57.77000045776367,2.6649999618530273,2.6475000381469727,1463.0999755859375,16.985000610351562,108.67,0.9967,-0.043,-0.08,101.9372,3.6,96.8,1535.0,514215.0,1.13,-0.57594,257.208,265.548,2.0512779818916194,2.3546960942649298,0.3034181123733104,1.53,1.62,4030249.0,368813.0,1518759.0,1.77,1.61,1.58,0.15,60.0,44.0,24.0,41.0,60.0,-0.009979700652685608,0.8799999999999999,2.32,0.1299999999999999,2.13,-2.0,0.15999999999999992,0.18999999999999995
2019-11-29,3140.97998046875,12.619999885559082,0.0579834389423316,0.015926439711151125,0.003362079191579097,0.012564360519572028,55.16999816894531,2.2809998989105225,2.6419999599456787,1465.5999755859375,16.9689998626709,109.47,1.0001,-0.043,-0.08,101.9372,3.6,96.8,1535.0,514215.0,1.11,-0.57076,257.208,265.548,2.0512779818916194,2.3546960942649298,0.3034181123733104,1.5,1.61,4052875.0,360941.0,1526697.0,1.78,1.61,1.59,0.17,60.0,44.0,24.0,41.0,60.0,-0.0008895413752459573,0.8799999999999999,2.1999999999999997,0.11999999999999988,2.13,-2.01,0.16999999999999993,0.18999999999999995
2019-12-06,3145.909912109375,13.619999885559082,0.06925233479658376,0.018550439688262938,0.0047958858747781255,0.013754553813484813,59.20000076293945,2.3340001106262207,2.7109999656677246,1459.0999755859375,16.481000900268555,108.66,0.9909,-0.038,-0.025,101.7003,3.6,99.3,1443.0,515866.0,1.09,-0.56164,256.974,266.02,2.2851297401217163,2.2905988164406255,0.0054690763189091385,1.59,1.69,4065696.0,346971.0,1573261.0,1.84,1.61,1.53,0.15,55.0,50.0,20.0,35.0,58.0,-0.007467390349052824,0.8700000000000001,2.0300000000000002,0.1299999999999999,2.0199999999999996,-1.8899999999999997,0.22999999999999998,0.31000000000000005
2019-12-13,3168.800048828125,12.630000114440918,0.07109558322707776,0.01595169028907776,0.005054581954398341,0.010897108334679419,60.06999969482422,2.2960000038146973,2.7804999351501465,1475.5999755859375,16.91200065612793,109.28,0.9838,-0.038,-0.025,101.7003,3.6,99.3,1443.0,515866.0,1.05,-0.55401,256.974,266.02,2.2851297401217163,2.2905988164406255,0.0054690763189091385,1.62,1.7,4095491.0,326865.0,1638657.0,1.82,1.61,1.57,0.12,55.0,50.0,20.0,35.0,58.0,0.007933334600017364,0.8700000000000001,1.8499999999999999,0.08999999999999986,2.0199999999999996,-1.9299999999999997,0.20999999999999996,0.25
2019-12-20,3221.219970703125,12.510000228881836,0.06969197877447739,0.015650010572662354,0.004856971905502207,0.010793038667160148,60.439998626708984,2.328000068664551,2.811000108718872,1474.699951171875,17.128000259399414,109.45,0.9824,-0.038,-0.025,101.7003,3.6,99.3,1443.0,515866.0,1.01,-0.54999,256.974,266.02,2.2851297401217163,2.2905988164406255,0.0054690763189091385,1.67,1.77,4137052.0,332592.0,1660249.0,1.92,1.63,1.58,0.15,55.0,50.0,20.0,35.0,58.0,-0.007476109004365943,0.8700000000000001,1.6699999999999997,0.1299999999999999,2.0199999999999996,-1.8899999999999997,0.29000000000000004,0.33999999999999986
2019-12-27,3240.02001953125,13.430000305175781,0.06999195849497632,0.01803649081970216,0.0048988742539624874,0.013137616565739672,61.720001220703125,2.1579999923706055,2.8364999294281006,1513.800048828125,17.849000930786133,109.47,0.9741,-0.038,-0.025,101.7003,3.6,99.3,1443.0,515866.0,1.0,-0.55471,256.974,266.02,2.2851297401217163,2.2905988164406255,0.0054690763189091385,1.64,1.73,4165591.0,367820.0,1651927.0,1.88,1.59,1.57,0.15,55.0,50.0,20.0,35.0,58.0,0.006319786958307963,0.8700000000000001,1.7,0.1399999999999999,2.0199999999999996,-1.8799999999999997,0.2899999999999998,0.30999999999999983
2020-01-03,3234.85009765625,14.020000457763672,0.0776119686094648,0.019656041283569355,0.00602361767143655,0.013632423612132804,63.04999923706055,2.130000114440918,2.7985000610351562,1549.199951171875,18.06800079345703,107.94,0.9703,-0.032,-0.065,101.0338,3.6,99.8,1495.0,515119.0,1.03,-0.56788,257.971,266.716,2.4865719552504606,2.2817391837892886,-0.20483277146117196,1.69,1.77,4173626.0,382553.0,1615846.0,1.8,1.53,1.52,0.03,55.0,43.0,21.0,25.0,70.0,0.010035613175525926,0.8300000000000001,1.8499999999999999,0.1100000000000001,2.01,-1.8999999999999997,0.27,0.28
2020-01-10,3265.35009765625,12.5600004196167,0.07800556928112655,0.015775361054077165,0.006084868838872634,0.00969049221520453,59.040000915527344,2.2019999027252197,2.81850004196167,1557.5,18.033000946044922,109.5,0.9729,-0.032,-0.065,101.0338,3.6,99.8,1495.0,515119.0,1.01,-0.58786,257.971,266.716,2.4865719552504606,2.2817391837892886,-0.20483277146117196,1.67,1.76,4149544.0,367002.0,1654086.0,1.83,1.56,1.54,0.07,55.0,43.0,21.0,25.0,70.0,-0.00727043561222159,0.8300000000000001,1.72,0.08000000000000007,2.01,-1.9299999999999997,0.27,0.29000000000000004
2020-01-17,3329.6201171875,12.100000381469727,0.06883929700477842,0.014641000923156752,0.004738848812112095,0.009902152111044657,58.540000915527344,2.003000020980835,2.8494999408721924,1558.800048828125,18.01300048828125,110.16,0.9683,-0.032,-0.065,101.0338,3.6,99.8,1495.0,515119.0,0.99,-0.60927,257.971,266.716,2.4865719552504606,2.2817391837892886,-0.20483277146117196,1.68,1.75,4175850.0,350987.0,1686801.0,1.84,1.58,1.56,0.09,55.0,43.0,21.0,25.0,70.0,-0.009040990030352749,0.8300000000000001,1.6300000000000001,0.15999999999999992,2.01,-1.8499999999999999,0.26,0.28
2020-01-24,3295.469970703125,14.5600004196167,0.0725407749158622,0.02119936122192385,0.005262164025393781,0.01593719719653007,54.189998626708984,1.8930000066757202,2.685499906539917,1571.0999755859375,18.05699920654297,109.31,0.9712,-0.032,-0.065,101.0338,3.6,99.8,1495.0,515119.0,1.01,-0.62277,257.971,266.716,2.4865719552504606,2.2817391837892886,-0.20483277146117196,1.62,1.68,4145912.0,403941.0,1621689.0,1.7,1.49,1.54,0.02,55.0,43.0,21.0,25.0,70.0,-0.018540350506636754,0.8300000000000001,1.9200000000000002,0.040000000000000036,2.01,-1.9699999999999998,0.20999999999999996,0.15999999999999992
2020-01-31,3225.52001953125,18.84000015258789,0.10366659801612926,0.03549456057495117,0.010746763544237736,0.024747797030713434,51.560001373291016,1.840999960899353,2.5199999809265137,1582.9000244140625,17.972000122070312,108.5,0.9645,-0.032,-0.065,101.0338,3.6,99.8,1495.0,515119.0,1.09,-0.6208,257.971,266.716,2.4865719552504606,2.2817391837892886,-0.20483277146117196,1.6,1.65,4151630.0,432061.0,1616342.0,1.51,1.33,1.55,-0.14,68.0,45.0,26.0,48.0,73.0,-0.017282815510575016,0.8300000000000001,2.2700000000000005,0.07000000000000006,2.01,-1.9399999999999997,0.17999999999999994,-0.040000000000000036
2020-02-07,3327.7099609375,15.470000267028809,0.11792008004052916,0.02393209082618714,0.013905145276764803,0.010026945549422336,50.31999969482422,1.8580000400543213,2.559000015258789,1568.5999755859375,17.665000915527344,109.81,0.9777,-0.016,-0.155,101.3735,3.5,101.0,1455.0,515330.0,1.04,-0.59528,258.678,267.37,2.3348735639459495,2.3676613601035346,0.03278779615758509,1.61,1.66,4166707.0,413322.0,1645016.0,1.59,1.41,1.56,-0.07,68.0,45.0,26.0,48.0,73.0,0.013800138282480168,0.8300000000000001,2.25,-0.010000000000000009,2.11,-2.12,0.18000000000000016,0.030000000000000027
2020-02-14,3380.159912109375,13.680000305175781,0.11621946632524963,0.01871424083496095,0.013506964352925832,0.005207276482035119,52.04999923706055,1.8370000123977661,2.6054999828338623,1582.699951171875,17.71500015258789,109.77,0.9818,-0.016,-0.155,101.3735,3.5,101.0,1455.0,515330.0,1.02,-0.53571,258.678,267.37,2.3348735639459495,2.3676613601035346,0.03278779615758509,1.64,1.66,4182689.0,411237.0,1675566.0,1.59,1.42,1.58,-0.07,68.0,45.0,26.0,48.0,73.0,0.00015288802733019226,0.8300000000000001,2.06,0.030000000000000027,2.11,-2.08,0.17000000000000015,0.010000000000000009
2020-02-21,3337.75,17.079999923706055,0.11938515508700275,0.029172639739379884,0.014252815255147697,0.014919824484232187,53.380001068115234,1.9049999713897705,2.618000030517578,1644.5999755859375,18.520999908447266,111.74,0.9781,-0.016,-0.155,101.3735,3.5,101.0,1455.0,515330.0,1.05,-0.43562,258.678,267.37,2.3348735639459495,2.3676613601035346,0.03278779615758509,1.6,1.61,4171570.0,428805.0,1654118.0,1.46,1.34,1.56,-0.15,68.0,45.0,26.0,48.0,73.0,-0.009377884166245742,0.8300000000000001,2.16,0.050000000000000044,2.11,-2.0599999999999996,0.11999999999999988,-0.10000000000000009
2020-02-28,2954.219970703125,40.11000061035156,0.21665055006799536,0.1608812148962403,0.04693746084476496,0.11394375405147533,44.7599983215332,1.684000015258789,2.5460000038146973,1564.0999755859375,16.386999130249023,108.12,0.9671,-0.016,-0.155,101.3735,3.5,101.0,1455.0,515330.0,1.31,-0.29647,258.678,267.37,2.3348735639459495,2.3676613601035346,0.03278779615758509,1.33,1.41,4158637.0,439365.0,1626469.0,1.13,0.86,1.27,-0.28,68.0,45.0,26.0,48.0,73.0,-0.02421342393743299,0.8300000000000001,3.54,0.21999999999999997,2.11,-1.89,0.2699999999999999,-0.14000000000000012
2020-03-06,2972.3701171875,41.939998626708984,0.3134658489272654,0.17589634848083516,0.09826083844369118,0.07763551003714397,41.279998779296875,1.7079999446868896,2.572999954223633,1670.800048828125,17.214000701904297,105.31,0.9365,-0.047,0.005,97.4078,4.4,89.1,1346.0,468324.0,1.49,-0.1345,258.115,267.054,1.5393269919198094,2.097741687598198,0.5584146956783886,1.14,1.31,4241507.0,374515.0,1698855.0,0.74,0.49,0.45,-0.57,65.0,34.0,25.0,45.0,62.0,-0.07795779369657525,1.27,4.77,0.55,3.42,-2.87,0.25,0.29
2020-03-13,2711.02001953125,57.83000183105469,0.5822442543142826,0.33443091117797885,0.339008371681995,-0.00457746050401614,31.729999542236328,1.86899995803833,2.4739999771118164,1515.699951171875,14.456000328063965,107.15,0.9541,-0.047,0.005,97.4078,4.4,89.1,1346.0,468324.0,2.29,0.0326,258.115,267.054,1.5393269919198094,2.097741687598198,0.5584146956783886,0.53,0.9,4311911.0,380556.0,1744525.0,0.94,0.49,0.28,0.04,65.0,34.0,25.0,45.0,62.0,-0.03702642437337547,1.27,6.4399999999999995,0.8400000000000001,3.42,-2.58,0.44999999999999996,0.6599999999999999
2020-03-20,2304.919921875,66.04000091552734,0.7183514801221007,0.4361281720922852,0.5160288489936129,-0.07990067690132768,22.43000030517578,1.6039999723434448,2.190500020980835,1484.0,12.348999977111816,111.3,0.9866,-0.047,0.005,97.4078,4.4,89.1,1346.0,468324.0,3.87,0.17872,258.115,267.054,1.5393269919198094,2.097741687598198,0.5584146956783886,0.31,0.75,4668212.0,362576.0,1895588.0,0.92,0.37,0.05,0.17,65.0,34.0,25.0,45.0,62.0,-0.03176734649904231,1.27,9.22,1.93,3.42,-1.49,0.55,0.87
2020-03-27,2541.469970703125,65.54000091552734,0.8078650649881917,0.42954917200073245,0.6526459632283751,-0.22309679122764264,21.510000228881836,1.6339999437332153,2.197000026702881,1623.9000244140625,14.498000144958496,108.16,0.9558,-0.047,0.005,97.4078,4.4,89.1,1346.0,468324.0,3.24,0.27167,258.115,267.054,1.5393269919198094,2.097741687598198,0.5584146956783886,0.54,0.94,5254278.0,390252.0,2186971.0,0.72,0.25,0.03,-0.22,65.0,34.0,25.0,45.0,62.0,0.011477159033508988,1.27,8.120000000000001,1.56,3.42,-1.8599999999999999,0.47,0.69
2020-04-03,2488.64990234375,46.79999923706055,0.827896914782285,0.21902399285888677,0.6854133015060261,-0.46638930864713934,28.34000015258789,1.621000051498413,2.2100000381469727,1633.699951171875,14.435999870300293,108.53,0.9777,-0.036,-0.04,84.5619,14.8,71.8,1076.0,401028.0,3.08,0.31003,256.389,265.746,0.3290966863368272,1.4309324152566472,1.10183572891982,0.78,1.08,5811607.0,429267.0,2533908.0,0.62,0.23,0.1,-0.46,55.0,77.0,63.0,31.0,40.0,-0.023445626665918356,1.6999999999999997,8.77,1.94,3.4699999999999998,-1.5299999999999998,0.39,0.52
2020-04-10,2789.820068359375,41.66999816894531,0.851278042623366,0.17363887473999054,0.7246743058526695,-0.5510354311126789,22.760000228881836,1.7330000400543213,2.2774999141693115,1736.199951171875,15.994999885559082,108.39,0.9648,-0.036,-0.04,84.5619,14.8,71.8,1076.0,401028.0,2.61,0.29633,256.389,265.746,0.3290966863368272,1.4309324152566472,1.10183572891982,0.9,1.23,6083141.0,698578.0,2760451.0,0.73,0.23,0.25,-0.5,55.0,77.0,63.0,31.0,40.0,0.041949575336919676,1.6999999999999997,7.3,0.99,3.4699999999999998,-2.4799999999999995,0.5,0.48
2020-04-17,2874.56005859375,38.150001525878906,0.8331691871880226,0.1455422616424563,0.6941708944795502,-0.5486286328370938,18.270000457763672,1.753000020980835,2.3534998893737793,1689.199951171875,15.237000465393066,107.52,0.9662,-0.036,-0.04,84.5619,14.8,71.8,1076.0,401028.0,2.34,0.24066,256.389,265.746,0.3290966863368272,1.4309324152566472,1.10183572891982,0.67,1.01,6367887.0,889815.0,2919041.0,0.65,0.2,0.12,-0.36,55.0,77.0,63.0,31.0,40.0,-0.025843631049002152,1.6999999999999997,6.6499999999999995,1.0,3.4699999999999998,-2.4699999999999998,0.45,0.53
2020-04-24,2836.739990234375,35.93000030517578,0.7221234862040017,0.12909649219299316,0.521462329327421,-0.39236583713442785,16.940000534057617,1.746000051498413,2.3480000495910645,1723.5,15.253999710083008,107.44,0.975,-0.036,-0.04,84.5619,14.8,71.8,1076.0,401028.0,2.36,0.16187,256.389,265.746,0.3290966863368272,1.4309324152566472,1.10183572891982,0.72,1.11,6573136.0,901331.0,3103504.0,0.6,0.22,0.12,-0.51,55.0,77.0,63.0,31.0,40.0,0.014770963605614584,1.6999999999999997,7.369999999999999,0.71,3.4699999999999998,-2.76,0.38,0.48
2020-05-01,2830.7099609375,37.189998626708984,0.5202020425353591,0.13830959978546162,0.27061016505795954,-0.13230056527249792,19.780000686645508,1.8899999856948853,2.31850004196167,1694.5,14.86299991607666,106.76,0.9599,-0.047,0.0,85.9604,13.2,72.3,1250.0,478449.0,2.18,0.06449,256.394,265.412,0.11792637021070806,1.2184564692601985,1.1005300990494904,0.68,1.06,6655929.0,997507.0,3159142.0,0.64,0.2,0.12,-0.42,51.0,100.0,40.0,23.0,33.0,0.042481465337655365,1.4500000000000002,7.03,0.09,3.2800000000000002,-3.1900000000000004,0.44,0.52
2020-05-08,2929.800048828125,27.979999542236328,0.38983555132189085,0.07828803743835451,0.1519717570744426,-0.0736837196360881,24.739999771118164,1.8229999542236328,2.4084999561309814,1709.9000244140625,15.739999771118164,106.5,0.9699,-0.047,0.0,85.9604,13.2,72.3,1250.0,478449.0,2.22,-0.03503,256.394,265.412,0.11792637021070806,1.2184564692601985,1.1005300990494904,0.74,1.12,6721420.0,1127490.0,3158938.0,0.69,0.16,0.12,-0.43,51.0,100.0,40.0,23.0,33.0,0.030591248528045144,1.4500000000000002,6.85,0.35,3.2800000000000002,-2.93,0.5299999999999999,0.57
2020-05-15,2863.699951171875,31.889999389648438,0.33831865375689496,0.10169720610717778,0.11445951147987778,-0.012762305372699997,29.43000030517578,1.6460000276565552,2.3334999084472656,1753.4000244140625,17.04599952697754,107.27,0.9726,-0.047,0.0,85.9604,13.2,72.3,1250.0,478449.0,2.2,-0.12536,256.394,265.412,0.11792637021070806,1.2184564692601985,1.1005300990494904,0.75,1.09,6934227.0,1177494.0,3156929.0,0.64,0.16,0.12,-0.45,51.0,100.0,40.0,23.0,33.0,-0.03302068610318158,1.4500000000000002,7.11,0.06,3.2800000000000002,-3.22,0.48,0.52
2020-05-22,2955.449951171875,28.15999984741211,0.27671460295922923,0.079298559140625,0.07657097149088388,0.0027275876497411256,33.25,1.7309999465942383,2.4089999198913574,1734.5999755859375,17.663999557495117,107.5,0.9722,-0.047,0.0,85.9604,13.2,72.3,1250.0,478449.0,1.97,-0.20514,256.394,265.412,0.11792637021070806,1.2184564692601985,1.1005300990494904,0.8,1.12,7037258.0,1194410.0,3273303.0,0.66,0.17,0.12,-0.46,51.0,100.0,40.0,23.0,33.0,0.04195724049281384,1.4500000000000002,6.39,0.12,3.2800000000000002,-3.16,0.49,0.54
2020-05-29,3044.31005859375,27.510000228881836,0.2560000555108432,0.07568001125930787,0.0655360284215548,0.010143982837753071,35.4900016784668,1.8489999771118164,2.426500082015991,1736.9000244140625,18.440000534057617,107.77,0.9618,-0.047,0.0,85.9604,13.2,72.3,1250.0,478449.0,1.85,-0.26864,256.394,265.412,0.11792637021070806,1.2184564692601985,1.1005300990494904,0.83,1.15,7097316.0,1310491.0,3268144.0,0.65,0.16,0.14,-0.5,51.0,100.0,40.0,23.0,33.0,-0.003446382641466572,1.4500000000000002,6.04,0.07999999999999999,3.2800000000000002,-3.2,0.49,0.51
2020-06-05,3193.929931640625,24.520000457763672,0.22113493908393225,0.06012304224487307,0.04890066128365443,0.011222380961218636,39.54999923706055,1.781999945640564,2.556999921798706,1676.199951171875,17.44300079345703,109.68,0.9622,-0.048,0.03,91.5934,11.0,78.1,1334.0,518038.0,1.6,-0.31526,257.797,265.849,0.6457330475554857,1.1836841884912408,0.5379511409357551,0.95,1.27,7165217.0,1434823.0,3237461.0,0.91,0.22,0.15,-0.36,55.0,54.0,32.0,28.0,46.0,0.0720666509683047,1.2000000000000002,4.77,0.04000000000000001,2.91,-2.87,0.6900000000000001,0.76
2020-06-12,3041.31005859375,36.09000015258789,0.28020781775730635,0.1302488111013794,0.07851642113231182,0.05173238996906758,36.2599983215332,1.7309999465942383,2.6015000343322754,1729.300048828125,17.461999893188477,107.36,0.9515,-0.048,0.03,91.5934,11.0,78.1,1334.0,518038.0,1.69,-0.3452,257.797,265.849,0.6457330475554857,1.1836841884912408,0.5379511409357551,0.95,1.21,7168936.0,1506558.0,3182228.0,0.71,0.19,0.16,-0.5,55.0,54.0,32.0,28.0,46.0,-0.029032066830179122,1.2000000000000002,5.550000000000001,-0.04000000000000001,2.91,-2.95,0.52,0.5499999999999999
2020-06-19,3097.739990234375,35.119998931884766,0.2685761980712615,0.12334143249755872,0.07213317417041348,0.051208258327145234,39.75,1.6690000295639038,2.615000009536743,1745.9000244140625,17.832000732421875,106.89,0.9519,-0.048,0.03,91.5934,11.0,78.1,1334.0,518038.0,1.57,-0.36781,257.797,265.849,0.6457330475554857,1.1836841884912408,0.5379511409357551,1.06,1.3,7094690.0,1560850.0,3078491.0,0.7,0.19,0.15,-0.6,55.0,54.0,32.0,28.0,46.0,-0.000537500511021527,1.2000000000000002,5.289999999999999,0.020000000000000018,2.91,-2.89,0.51,0.5499999999999999
2020-06-26,3009.050048828125,34.72999954223633,0.27490985653425454,0.12061728682037355,0.07557542921968441,0.04504185760068914,38.4900016784668,1.4950000047683716,2.671999931335449,1772.5,18.023000717163086,107.19,0.948,-0.048,0.03,91.5934,11.0,78.1,1334.0,518038.0,1.62,-0.38597,257.797,265.849,0.6457330475554857,1.1836841884912408,0.5379511409357551,1.11,1.32,7082302.0,1623942.0,2918756.0,0.64,0.17,0.14,-0.68,55.0,54.0,32.0,28.0,46.0,-0.00440436474003196,1.2000000000000002,5.68,0.01999999999999999,2.91,-2.89,0.47,0.5
2020-07-03,3130.010009765625,27.68000030517578,0.26090066968064773,0.07661824168945315,0.06806915943981046,0.008549082249642695,40.650001525878906,1.7339999675750732,2.7335000038146973,1784.0,18.243999481201172,107.55,0.9455,-0.028,0.01,95.0256,10.2,72.5,1546.0,526304.0,1.54,-0.40305,259.101,267.389,0.9860818253037085,1.560695837131587,0.5746140118278786,1.21,1.41,7009040.0,1657620.0,2884819.0,0.68,0.16,0.14,-0.73,48.0,39.0,27.0,31.0,54.0,-0.004163878550730672,1.17,5.55,-0.010000000000000009,2.69,-2.7,0.52,0.54
2020-07-10,3185.0400390625,27.290000915527344,0.2631841751583691,0.07447441499694833,0.06926591005379111,0.005208504943157222,40.54999923706055,1.8049999475479126,2.88700008392334,1798.199951171875,18.982999801635742,106.77,0.9395,-0.028,0.01,95.0256,10.2,72.5,1546.0,526304.0,1.52,-0.42153,259.101,267.389,0.9860818253037085,1.560695837131587,0.5746140118278786,1.25,1.41,6920716.0,1653098.0,2813967.0,0.65,0.16,0.13,-0.76,48.0,39.0,27.0,31.0,54.0,-0.00012288302041674193,1.17,5.52,0.03,2.69,-2.66,0.49,0.52
2020-07-17,3224.72998046875,25.68000030517578,0.26498683380066707,0.06594624156738282,0.07021802208770235,-0.004271780520319526,40.59000015258789,1.718000054359436,2.887500047683716,1808.300048828125,19.684999465942383,107.06,0.9388,-0.028,0.01,95.0256,10.2,72.5,1546.0,526304.0,1.46,-0.4403,259.101,267.389,0.9860818253037085,1.560695837131587,0.5746140118278786,1.35,1.46,6958604.0,1655320.0,2777603.0,0.64,0.14,0.11,-0.82,48.0,39.0,27.0,31.0,54.0,-0.011771608486333667,1.17,5.12,0.039999999999999994,2.69,-2.65,0.5,0.53
2020-07-24,3215.6298828125,25.84000015258789,0.17857747497320506,0.06677056078857421,0.031889914567805676,0.03488064622076854,41.290000915527344,1.8079999685287476,2.881999969482422,1897.300048828125,22.808000564575195,105.79,0.9222,-0.028,0.01,95.0256,10.2,72.5,1546.0,526304.0,1.39,-0.45931,259.101,267.389,0.9860818253037085,1.560695837131587,0.5746140118278786,1.35,1.51,6964755.0,1804944.0,2631780.0,0.59,0.14,0.11,-0.92,48.0,39.0,27.0,31.0,54.0,0.00510786146829519,1.17,4.67,0.030000000000000013,2.69,-2.66,0.44999999999999996,0.48
2020-07-31,3271.1201171875,24.459999084472656,0.17355338436920348,0.05982915552124032,0.030120777226004484,0.029708378295235833,40.27000045776367,1.7990000247955322,2.8589999675750732,1962.800048828125,24.18899917602539,105.78,0.9113,-0.028,0.01,95.0256,10.2,72.5,1546.0,526304.0,1.41,-0.47678,259.101,267.389,0.9860818253037085,1.560695837131587,0.5746140118278786,1.4,1.55,6949032.0,1816687.0,2615272.0,0.55,0.11,0.09,-1.0,50.0,43.0,33.0,31.0,57.0,-0.009218624074093537,1.17,4.54,0.03,2.69,-2.66,0.44000000000000006,0.4600000000000001
2020-08-07,3351.280029296875,22.209999084472656,0.14927114963976765,0.049328405933227626,0.022281876114777905,0.02704652981844972,41.220001220703125,2.23799991607666,2.7904999256134033,2010.0999755859375,27.533000946044922,105.92,0.914,-0.035,0.045,95.9549,8.4,74.1,1533.0,530735.0,1.35,-0.49049,259.918,268.422,1.3096453823307153,1.7223933878284248,0.4127480054977095,1.5,1.61,6945237.0,1745228.0,2713287.0,0.57,0.13,0.1,-1.04,50.0,43.0,33.0,31.0,57.0,0.020507250353947626,1.02,4.409999999999999,0.03,2.62,-2.5900000000000003,0.43999999999999995,0.47
2020-08-14,3372.85009765625,22.049999237060547,0.12451550967301854,0.04862024663543707,0.015504112149131574,0.033116134486305494,42.0099983215332,2.3559999465942383,2.8559999465942383,1937.0,26.065000534057617,106.49,0.9091,-0.035,0.045,95.9549,8.4,74.1,1533.0,530735.0,1.35,-0.50075,259.918,268.422,1.3096453823307153,1.7223933878284248,0.4127480054977095,1.53,1.65,6957277.0,1669733.0,2788961.0,0.71,0.14,0.1,-0.94,50.0,43.0,33.0,31.0,57.0,0.019871855430912227,1.02,4.609999999999999,0.01999999999999999,2.62,-2.6,0.57,0.61
2020-08-21,3397.159912109375,22.540000915527344,0.10700901570794914,0.05080516412719735,0.011450929442784107,0.03935423468441324,42.34000015258789,2.447999954223633,2.9135000705718994,1934.5999755859375,26.707000732421875,105.88,0.9131,-0.035,0.045,95.9549,8.4,74.1,1533.0,530735.0,1.38,-0.50689,259.918,268.422,1.3096453823307153,1.7223933878284248,0.4127480054977095,1.52,1.64,7010637.0,1643505.0,2827685.0,0.64,0.16,0.1,-1.0,50.0,43.0,33.0,31.0,57.0,-0.006511658491963335,1.02,4.6,0.01999999999999999,2.62,-2.6,0.48,0.54
2020-08-28,3508.010009765625,22.959999084472656,0.09848475776219162,0.05271615579589853,0.009699247511477563,0.043016908284420965,42.970001220703125,2.6570000648498535,2.994999885559082,1964.5999755859375,27.610000610351562,105.3,0.9041,-0.035,0.045,95.9549,8.4,74.1,1533.0,530735.0,1.37,-0.5089,259.918,268.422,1.3096453823307153,1.7223933878284248,0.4127480054977095,1.68,1.77,6990418.0,1622690.0,2815794.0,0.74,0.14,0.1,-1.03,50.0,43.0,33.0,31.0,57.0,0.022345422148903595,1.02,4.35,0.03,2.62,-2.5900000000000003,0.6,0.64
2020-09-04,3426.9599609375,30.75,0.14910107371304893,0.09455625,0.02223113018238405,0.07232511981761594,39.77000045776367,2.5880000591278076,3.0464999675750732,1923.9000244140625,26.576000213623047,106.34,0.9147,-0.054,0.015,95.9669,7.8,80.4,1636.0,541302.0,1.35,-0.50676,260.28,268.933,1.3713248610564666,1.7190644053436621,0.34773954428719556,1.57,1.7,7017492.0,1639159.0,2851916.0,0.72,0.14,0.11,-0.98,45.0,45.0,26.0,35.0,61.0,-0.01268535216153081,1.0499999999999998,4.45,0.0,2.6799999999999997,-2.6799999999999997,0.58,0.61
2020-09-11,3340.969970703125,26.8700008392334,0.18427631123387334,0.07219969451004035,0.033957758881963354,0.038241935628077,37.33000183105469,2.2690000534057617,3.0339999198913574,1937.800048828125,26.73900032043457,106.17,0.9092,-0.054,0.015,95.9669,7.8,80.4,1636.0,541302.0,1.37,-0.5024,260.28,268.933,1.3713248610564666,1.7190644053436621,0.34773954428719556,1.53,1.65,7010614.0,1611083.0,2857463.0,0.67,0.13,0.11,-0.98,45.0,45.0,26.0,35.0,61.0,-0.011982978230955435,1.0499999999999998,4.53,0.0,2.6799999999999997,-2.6799999999999997,0.54,0.56
2020-09-18,3319.469970703125,25.829999923706055,0.18955077003220766,0.06671888960586547,0.03592949441980287,0.0307893951860626,41.11000061035156,2.0480000972747803,3.1135001182556152,1952.0999755859375,27.027999877929688,104.44,0.9096,-0.054,0.015,95.9669,7.8,80.4,1636.0,541302.0,1.35,-0.49855,260.28,268.933,1.3713248610564666,1.7190644053436621,0.34773954428719556,1.58,1.67,7064475.0,1614855.0,2885412.0,0.7,0.14,0.1,-0.97,45.0,45.0,26.0,35.0,61.0,0.008944798719752473,1.0499999999999998,4.48,0.01999999999999999,2.6799999999999997,-2.6599999999999997,0.5599999999999999,0.6
2020-09-25,3298.4599609375,26.3799991607666,0.20703399701719363,0.06959043557220468,0.042863075920915344,0.026727359651289334,40.25,2.1389999389648438,2.9730000495910645,1857.699951171875,23.017000198364258,105.59,0.9291,-0.054,0.015,95.9669,7.8,80.4,1636.0,541302.0,1.46,-0.49288,260.28,268.933,1.3713248610564666,1.7190644053436621,0.34773954428719556,1.43,1.58,7093161.0,1680688.0,2830499.0,0.66,0.12,0.1,-0.92,45.0,45.0,26.0,35.0,61.0,-0.026350406497290518,1.0499999999999998,4.96,0.04999999999999999,2.6799999999999997,-2.63,0.54,0.56
2020-10-02,3348.419921875,27.6299991607666,0.2160197686783211,0.0763416853623963,0.046664540459835355,0.029677144902560945,37.04999923706055,2.437999963760376,2.9784998893737793,1900.199951171875,23.97100067138672,105.36,0.9204,-0.02,0.04,96.7394,6.9,81.8,1613.0,539114.0,1.43,-0.48975,260.388,269.306,1.1820661677274913,1.6364116692455521,0.45434550151806086,1.48,1.64,7056129.0,1679152.0,2839316.0,0.7,0.13,0.09,-0.94,47.0,43.0,29.0,38.0,53.0,-0.008382450008269428,1.0899999999999999,4.59,0.020000000000000004,2.65,-2.63,0.57,0.61
2020-10-09,3477.139892578125,25.0,0.23017304546031833,0.0625,0.05297963085647777,0.00952036914352223,40.599998474121094,2.740999937057495,3.0794999599456787,1919.5,25.069000244140625,105.72,0.9103,-0.02,0.04,96.7394,6.9,81.8,1613.0,539114.0,1.35,-0.4899,260.388,269.306,1.1820661677274913,1.6364116692455521,0.45434550151806086,1.56,1.73,7074649.0,1697074.0,2840860.0,0.79,0.16,0.1,-0.94,47.0,43.0,29.0,38.0,53.0,0.005750267716596813,1.0899999999999999,4.13,0.0,2.65,-2.65,0.63,0.6900000000000001
2020-10-16,3483.81005859375,27.40999984741211,0.2048512547833051,0.07513080916351318,0.04196403658629458,0.0331667725772186,40.880001068115234,2.7730000019073486,3.065000057220459,1900.800048828125,24.368999481201172,105.41,0.9153,-0.02,0.04,96.7394,6.9,81.8,1613.0,539114.0,1.33,-0.49241,260.388,269.306,1.1820661677274913,1.6364116692455521,0.45434550151806086,1.53,1.71,7151426.0,1680998.0,2861929.0,0.76,0.14,0.11,-0.95,47.0,43.0,29.0,38.0,53.0,-0.006473353275874431,1.0899999999999999,4.15,-0.009999999999999995,2.65,-2.6599999999999997,0.62,0.65
2020-10-23,3465.389892578125,27.549999237060547,0.17568953113044822,0.07590024579620366,0.030866811348836735,0.04503343444736693,39.849998474121094,2.9709999561309814,3.125499963760376,1902.0,24.62700080871582,104.78,0.9055,-0.02,0.04,96.7394,6.9,81.8,1613.0,539114.0,1.3,-0.49831,260.388,269.306,1.1820661677274913,1.6364116692455521,0.45434550151806086,1.66,1.75,7177265.0,1724792.0,2860480.0,0.85,0.18,0.1,-0.9,47.0,43.0,29.0,38.0,53.0,-0.0019339462792673514,1.0899999999999999,4.08,0.03,2.65,-2.62,0.6699999999999999,0.75
2020-10-30,3269.9599609375,38.02000045776367,0.21101980636275638,0.14455204348083497,0.0445293586773752,0.10002268480345977,35.790000915527344,3.3540000915527344,3.0434999465942383,1877.4000244140625,23.617000579833984,104.54,0.9165,-0.02,0.04,96.7394,6.9,81.8,1613.0,539114.0,1.33,-0.50683,260.388,269.306,1.1820661677274913,1.6364116692455521,0.45434550151806086,1.59,1.7,7146306.0,1680933.0,2880781.0,0.88,0.14,0.09,-0.82,47.0,43.0,29.0,38.0,53.0,-0.011312259757901323,1.0899999999999999,4.46,0.020000000000000004,2.65,-2.63,0.74,0.79
2020-11-06,3509.43994140625,24.860000610351562,0.21319600408220868,0.061801963034668006,0.04545253615662114,0.016349426878046865,37.13999938964844,2.888000011444092,3.1489999294281006,1950.300048828125,25.645999908447266,103.32,0.8986,-0.032,0.03,97.0816,6.7,76.9,1703.0,533941.0,1.25,-0.52041,260.229,269.981,1.1745357842679605,1.6693780408814973,0.49484225661353687,1.54,1.65,7157479.0,1621346.0,2966737.0,0.83,0.16,0.1,-0.82,48.0,53.0,29.0,32.0,54.0,0.008925724553428369,1.0,3.8,0.03,2.4299999999999997,-2.4,0.6699999999999999,0.73
2020-11-13,3585.14990234375,23.100000381469727,0.21288045438790157,0.05336100176239015,0.04531808786039944,0.00804291390199071,40.130001068115234,2.994999885559082,3.17549991607666,1885.699951171875,24.759000778198242,104.61,0.9133,-0.032,0.03,97.0816,6.7,76.9,1703.0,533941.0,1.21,-0.53708,260.229,269.981,1.1745357842679605,1.6693780408814973,0.49484225661353687,1.64,1.72,7175417.0,1600837.0,2976170.0,0.89,0.17,0.09,-0.83,48.0,53.0,29.0,32.0,54.0,0.02220109837570283,1.0,3.76,0.05000000000000002,2.4299999999999997,-2.38,0.72,0.8
2020-11-20,3557.5400390625,23.700000762939453,0.2032640216502772,0.05616900361633306,0.04131626249744436,0.0148527411188887,42.150001525878906,2.6500000953674316,3.2934999465942383,1872.5999755859375,24.347999572753906,103.81,0.9118,-0.032,0.03,97.0816,6.7,76.9,1703.0,533941.0,1.16,-0.55319,260.229,269.981,1.1745357842679605,1.6693780408814973,0.49484225661353687,1.61,1.69,7243080.0,1556892.0,3043822.0,0.83,0.16,0.07,-0.86,48.0,53.0,29.0,32.0,54.0,0.04071106514030087,1.0,3.62,0.039999999999999994,2.4299999999999997,-2.3899999999999997,0.6699999999999999,0.76
2020-11-27,3638.35009765625,20.84000015258789,0.2011033836427603,0.043430560635986326,0.040442570912567234,0.002987989723419092,45.529998779296875,2.8429999351501465,3.3994998931884766,1781.9000244140625,22.55299949645996,104.39,0.909,-0.032,0.03,97.0816,6.7,76.9,1703.0,533941.0,1.13,-0.56772,260.229,269.981,1.1745357842679605,1.6693780408814973,0.49484225661353687,1.67,1.75,7216480.0,1517215.0,3083636.0,0.84,0.16,0.09,-0.91,48.0,53.0,29.0,32.0,54.0,0.03340094210423139,1.0,3.4799999999999995,0.04000000000000001,2.4299999999999997,-2.3899999999999997,0.6799999999999999,0.75
2020-12-04,3699.1201171875,20.790000915527344,0.19691978364684265,0.043222413806762776,0.03877740119151932,0.0044450126152434585,46.2599983215332,2.575000047683716,3.5139999389648438,1835.9000244140625,24.202999114990234,104.16,0.8908,-0.026,0.02,98.363,6.7,80.7,1752.0,538548.0,1.07,-0.58057,260.474,270.341,1.3620054947193205,1.624313961356294,0.2623084666369735,1.83,1.89,7222414.0,1531053.0,3117307.0,0.97,0.16,0.09,-0.92,42.0,77.0,25.0,24.0,54.0,0.009696219527288719,0.9000000000000004,3.1,0.05000000000000002,2.23,-2.18,0.8099999999999999,0.88
2020-12-11,3663.4599609375,23.309999465942383,0.1488743548186579,0.05433560751022341,0.02216357352267165,0.032172033987551765,46.56999969482422,2.5910000801086426,3.5239999294281006,1839.800048828125,24.031999588012695,103.88,0.8902,-0.026,0.02,98.363,6.7,80.7,1752.0,538548.0,1.11,-0.59074,260.474,270.341,1.3620054947193205,1.624313961356294,0.2623084666369735,1.82,1.87,7242658.0,1534243.0,3117480.0,0.9,0.11,0.08,-0.97,42.0,77.0,25.0,24.0,54.0,-0.0030533992459648536,0.9000000000000004,3.1999999999999997,0.05,2.23,-2.18,0.79,0.8200000000000001
2020-12-18,3709.409912109375,21.56999969482422,0.11670714118135202,0.04652648868347169,0.013620556802724032,0.032905931880747655,49.099998474121094,2.700000047683716,3.628499984741211,1885.699951171875,25.948999404907227,103.35,0.885,-0.026,0.02,98.363,6.7,80.7,1752.0,538548.0,1.07,-0.59813,260.474,270.341,1.3620054947193205,1.624313961356294,0.2623084666369735,1.92,1.95,7362592.0,1529698.0,3168240.0,0.95,0.13,0.08,-1.0,42.0,77.0,25.0,24.0,54.0,-0.0018515753807529425,0.9000000000000004,3.1,0.039999999999999994,2.23,-2.19,0.82,0.87
2020-12-25,3703.06005859375,21.530000686645508,0.11275574118192562,0.04635409295669561,0.012713857169485396,0.03364023578721022,48.22999954223633,2.5179998874664307,3.559999942779541,1879.9000244140625,25.81100082397461,103.52,0.8882,-0.026,0.02,98.363,6.7,80.7,1752.0,538548.0,1.06,-0.60436,260.474,270.341,1.3620054947193205,1.624313961356294,0.2623084666369735,1.92,1.97,7404039.0,1602407.0,3143041.0,0.94,0.13,0.09,-1.03,42.0,77.0,25.0,24.0,54.0,0.007688338554319459,0.9000000000000004,3.1199999999999997,0.12,2.23,-2.11,0.8099999999999999,0.85
2021-01-01,3756.070068359375,22.75,0.09935635172133239,0.051756250000000004,0.00987168462737311,0.04188456537262689,48.52000045776367,2.5390000343322754,3.5139999389648438,1893.0999755859375,26.332000732421875,103.19,0.8841,-0.017,0.055,98.8822,6.4,79.0,1855.0,559230.0,1.03,-0.60967,261.582,270.387,1.3997697415600863,1.3763703714812836,-0.02339937007880266,1.95,1.99,7363351.0,1591055.0,3122156.0,0.93,0.13,0.09,-1.06,45.0,74.0,30.0,22.0,65.0,-0.00824220720360769,0.79,2.78,0.04000000000000001,2.16,-2.12,0.8,0.8400000000000001
2021-01-08,3824.679931640625,21.559999465942383,0.10072228361816546,0.04648335769714359,0.010144978417258163,0.036338379279885424,52.2400016784668,2.700000047683716,3.6735000610351562,1834.0999755859375,24.582000732421875,103.89,0.8843,-0.017,0.055,98.8822,6.4,79.0,1855.0,559230.0,1.02,-0.61421,261.582,270.387,1.3997697415600863,1.3763703714812836,-0.02339937007880266,2.07,2.06,7334809.0,1669327.0,3068284.0,1.13,0.14,0.08,-0.93,45.0,74.0,30.0,22.0,65.0,0.03630102111425848,0.79,2.6799999999999997,0.020000000000000004,2.16,-2.14,0.9899999999999999,1.0499999999999998
2021-01-15,3768.25,24.34000015258789,0.10152278266299838,0.05924356074279785,0.010306875399638406,0.048936685343159446,52.36000061035156,2.736999988555908,3.6029999256134033,1829.300048828125,24.825000762939453,103.8,0.8894,-0.017,0.055,98.8822,6.4,79.0,1855.0,559230.0,1.0,-0.61695,261.582,270.387,1.3997697415600863,1.3763703714812836,-0.02339937007880266,2.09,2.1,7333968.0,1589421.0,3183917.0,1.11,0.13,0.09,-0.99,45.0,74.0,30.0,22.0,65.0,-0.001868921151651529,0.79,2.66,0.0,2.16,-2.16,0.9800000000000001,1.02
2021-01-22,3841.469970703125,21.90999984741211,0.10796962007967505,0.048004809331359866,0.01165743886014937,0.0363473704712105,52.27000045776367,2.446000099182129,3.635499954223633,1855.699951171875,25.52400016784668,103.76,0.8853,-0.017,0.055,98.8822,6.4,79.0,1855.0,559230.0,1.01,-0.61899,261.582,270.387,1.3997697415600863,1.3763703714812836,-0.02339937007880266,2.16,2.09,7414942.0,1626906.0,3154624.0,1.1,0.13,0.08,-0.99,45.0,74.0,30.0,22.0,65.0,0.0044116558349445905,0.79,2.67,0.009999999999999995,2.16,-2.1500000000000004,0.9700000000000001,1.02
2021-01-29,3714.239990234375,33.09000015258789,0.14142500005119288,0.10949481100982665,0.020001030639479906,0.08949378037034675,52.20000076293945,2.563999891281128,3.573499917984009,1847.300048828125,26.899999618530273,104.64,0.8905,-0.017,0.055,98.8822,6.4,79.0,1855.0,559230.0,1.02,-0.6194,261.582,270.387,1.3997697415600863,1.3763703714812836,-0.02339937007880266,2.21,2.13,7404926.0,1633540.0,3163008.0,1.11,0.11,0.06,-1.02,45.0,74.0,30.0,22.0,65.0,-0.031889634673054466,0.79,2.71,0.03,2.16,-2.1300000000000003,1.0,1.05
2021-02-05,3886.830078125,20.8700008392334,0.15370294856765807,0.04355569350296028,0.02362459639839214,0.019931097104568137,56.849998474121094,2.86299991607666,3.6389999389648438,1810.9000244140625,27.013999938964844,105.44,0.8996,-0.016,0.15,95.6149,6.2,76.8,1711.0,544891.0,0.99,-0.6216,263.014,270.793,1.6762152173745104,1.280248344990098,-0.3959668723844123,2.28,2.21,7410598.0,1625325.0,3193118.0,1.19,0.09,0.03,-1.02,50.0,47.0,31.0,28.0,56.0,0.038985810310281366,0.7199999999999998,2.3200000000000003,0.05,2.16,-2.1100000000000003,1.0999999999999999,1.16
2021-02-12,3934.830078125,19.969999313354492,0.15326791058687536,0.03988008725753789,0.02349105241566642,0.01638903484187147,59.470001220703125,2.9119999408721924,3.802000045776367,1821.5999755859375,27.322999954223633,104.94,0.8911,-0.016,0.15,95.6149,6.2,76.8,1711.0,544891.0,0.97,-0.62335,263.014,270.793,1.6762152173745104,1.280248344990098,-0.3959668723844123,2.35,2.21,7442225.0,1608906.0,3258919.0,1.2,0.11,0.04,-1.01,50.0,47.0,31.0,28.0,56.0,0.018683211016608043,0.7199999999999998,2.2199999999999998,0.060000000000000005,2.16,-2.1,1.0899999999999999,1.16
2021-02-19,3906.7099609375,22.049999237060547,0.14496895275106098,0.04862024663543707,0.02101599726173935,0.02760424937369772,59.2400016784668,3.069000005722046,4.090000152587891,1775.800048828125,27.25200080871582,105.58,0.8948,-0.016,0.15,95.6149,6.2,76.8,1711.0,544891.0,0.94,-0.62522,263.014,270.793,1.6762152173745104,1.280248344990098,-0.3959668723844123,2.29,2.14,7557402.0,1567041.0,3378907.0,1.34,0.11,0.04,-0.8,50.0,47.0,31.0,28.0,56.0,0.027837016191854413,0.7199999999999998,2.1500000000000004,0.030000000000000006,2.16,-2.1300000000000003,1.23,1.3
2021-02-26,3811.14990234375,27.950000762939453,0.16162223855454258,0.0781202542648316,0.02612174799538147,0.05199850626945013,61.5,2.7709999084472656,4.0945000648498535,1728.0999755859375,26.402000427246094,106.64,0.9092,-0.016,0.15,95.6149,6.2,76.8,1711.0,544891.0,0.95,-0.62735,263.014,270.793,1.6762152173745104,1.280248344990098,-0.3959668723844123,2.39,2.15,7590111.0,1529977.0,3369020.0,1.44,0.14,0.04,-0.71,50.0,47.0,31.0,28.0,56.0,0.017959639219881383,0.7199999999999998,2.26,0.04,2.16,-2.12,1.2999999999999998,1.4
2021-03-05,3841.93994140625,24.65999984741211,0.18711610492370226,0.060811559247436524,0.035012436721817954,0.02579912252561857,66.08999633789062,2.7009999752044678,4.086999893188477,1698.0,25.256999969482422,108.24,0.9305,-0.017,0.12,98.3856,6.1,84.9,1756.0,603581.0,1.0,-0.63158,264.877,271.459,2.619762508959189,1.6494791315614155,-0.9702833773977737,2.43,2.22,7557524.0,1429549.0,3503120.0,1.56,0.14,0.04,-0.66,46.0,43.0,34.0,28.0,57.0,0.009242384795490999,0.7000000000000002,1.99,0.04,2.13,-2.09,1.42,1.52
2021-03-12,3943.340087890625,20.690000534057617,0.17564638673491503,0.04280761220993045,0.030851653173031336,0.011955959036899114,65.61000061035156,2.5999999046325684,4.145500183105469,1719.5,25.8799991607666,108.87,0.9281,-0.017,0.12,98.3856,6.1,84.9,1756.0,603581.0,1.02,-0.63666,264.877,271.459,2.619762508959189,1.6494791315614155,-0.9702833773977737,2.51,2.26,7579901.0,1360064.0,3592010.0,1.64,0.14,0.04,-0.62,46.0,43.0,34.0,28.0,57.0,0.006730866533208722,0.7000000000000002,1.9399999999999997,0.04,2.13,-2.09,1.5,1.5999999999999999
2021-03-19,3913.10009765625,20.950000762939453,0.15964864752070726,0.04389025319671636,0.025487690655191027,0.018402562541525336,61.41999816894531,2.5350000858306885,4.123499870300293,1741.4000244140625,26.29199981689453,108.85,0.9301,-0.017,0.12,98.3856,6.1,84.9,1756.0,603581.0,1.0,-0.64212,264.877,271.459,2.619762508959189,1.6494791315614155,-0.9702833773977737,2.51,2.31,7693506.0,1272583.0,3681030.0,1.74,0.16,0.01,-0.57,46.0,43.0,34.0,28.0,57.0,-0.021740568250771124,0.7000000000000002,2.0599999999999996,0.09000000000000001,2.13,-2.04,1.58,1.73
2021-03-26,3974.5400390625,18.860000610351562,0.16916370684375012,0.035569962302246134,0.028616359713118232,0.006953602589127902,60.970001220703125,2.556999921798706,4.078499794006348,1732.199951171875,25.091999053955078,109.55,0.9398,-0.017,0.12,98.3856,6.1,84.9,1756.0,603581.0,1.01,-0.64867,264.877,271.459,2.619762508959189,1.6494791315614155,-0.9702833773977737,2.57,2.34,7719622.0,1061138.0,3826375.0,1.67,0.14,0.02,-0.67,46.0,43.0,34.0,28.0,57.0,-0.010333231905251594,0.7000000000000002,1.8699999999999999,0.06999999999999999,2.13,-2.06,1.5299999999999998,1.65
2021-04-02,4019.8701171875,17.329999923706055,0.17179929487482618,0.030032889735565185,0.029514997719487474,0.000517892016077711,61.45000076293945,2.6389999389648438,4.003499984741211,1726.5,24.934999465942383,110.67,0.9419,-0.012,0.09,98.5587,6.1,88.3,1721.0,608961.0,0.95,-0.65554,267.054,273.66,4.15969483870211,2.9780316542864504,-1.18166318441566,2.58,2.36,7688988.0,1025727.0,3876162.0,1.72,0.19,0.02,-0.64,55.0,33.0,40.0,27.0,50.0,0.00933906505331191,0.7000000000000002,1.6900000000000002,0.08,1.9600000000000002,-1.8800000000000001,1.53,1.7
2021-04-09,4128.7998046875,16.690000534057617,0.15345475077268386,0.027855611782684354,0.02354836053470652,0.004307251247977834,59.31999969482422,2.5260000228881836,4.05049991607666,1743.300048828125,25.31100082397461,109.64,0.9249,-0.012,0.09,98.5587,6.1,88.3,1721.0,608961.0,0.94,-0.66366,267.054,273.66,4.15969483870211,2.9780316542864504,-1.18166318441566,2.51,2.31,7708882.0,1010103.0,3932949.0,1.67,0.16,0.02,-0.64,55.0,33.0,40.0,27.0,50.0,0.0006757821029880588,0.7000000000000002,1.6000000000000003,0.030000000000000002,1.9600000000000002,-1.9300000000000002,1.51,1.65
2021-04-16,4185.47021484375,16.25,0.12144590546807878,0.026406250000000003,0.014749107954961527,0.011657142045038475,63.130001068115234,2.680000066757202,4.179999828338623,1779.0,26.099000930786133,108.78,0.9196,-0.012,0.09,98.5587,6.1,88.3,1721.0,608961.0,0.94,-0.67041,267.054,273.66,4.15969483870211,2.9780316542864504,-1.18166318441566,2.57,2.36,7793104.0,925094.0,3977813.0,1.59,0.16,0.02,-0.77,55.0,33.0,40.0,27.0,50.0,-0.012448085574074508,0.7000000000000002,1.5800000000000003,0.039999999999999994,1.9600000000000002,-1.9200000000000002,1.4300000000000002,1.57
2021-04-23,4180.169921875,17.329999923706055,0.11677341156699088,0.030032889735565185,0.013636029648993839,0.016396860086571347,62.13999938964844,2.7300000190734863,4.3429999351501465,1777.0,26.07699966430664,107.94,0.9152,-0.012,0.09,98.5587,6.1,88.3,1721.0,608961.0,0.95,-0.67661,267.054,273.66,4.15969483870211,2.9780316542864504,-1.18166318441566,2.44,2.34,7820948.0,1015902.0,3825455.0,1.58,0.16,0.03,-0.76,55.0,33.0,40.0,27.0,50.0,-0.006193338488668099,0.7000000000000002,1.6500000000000001,0.020000000000000004,1.9600000000000002,-1.9400000000000002,1.4200000000000002,1.55
2021-04-30,4181.169921875,18.610000610351562,0.10909421672138822,0.03463321227172855,0.011901548122053221,0.022731664149675333,63.58000183105469,2.930999994277954,4.479000091552734,1767.300048828125,25.85300064086914,109.33,0.9127,-0.012,0.09,98.5587,6.1,88.3,1721.0,608961.0,0.94,-0.68186,267.054,273.66,4.15969483870211,2.9780316542864504,-1.18166318441566,2.57,2.41,7780962.0,967689.0,3829269.0,1.65,0.16,0.01,-0.76,45.0,27.0,32.0,30.0,52.0,0.014457553084132583,0.7000000000000002,1.64,0.04,1.9600000000000002,-1.9200000000000002,1.49,1.64
2021-05-07,4232.60009765625,16.690000534057617,0.10672475055722055,0.027855611782684354,0.01139017238150095,0.016465439401183404,64.9000015258789,2.9579999446868896,4.765999794006348,1831.0999755859375,27.461999893188477,108.52,0.9009,-0.017,0.08,99.4333,5.8,82.9,1703.0,605282.0,0.93,-0.68671,269.195,275.465,4.992706537594471,3.7876961101984907,-1.2050104273959805,2.65,2.49,7810486.0,953689.0,3873728.0,1.6,0.14,0.02,-0.89,45.0,27.0,32.0,30.0,52.0,0.024408304815580387,0.6600000000000001,1.65,0.030000000000000002,2.0,-1.97,1.46,1.58
2021-05-14,4173.85009765625,18.809999465942383,0.13384190048302988,0.03538160799087528,0.017913654324909274,0.017467953665966006,65.37000274658203,2.9609999656677246,4.664000034332275,1837.9000244140625,27.35300064086914,109.37,0.9021,-0.017,0.08,99.4333,5.8,82.9,1703.0,605282.0,0.92,-0.68879,269.195,275.465,4.992706537594471,3.7876961101984907,-1.2050104273959805,2.68,2.51,7830663.0,898779.0,3947565.0,1.63,0.16,0.01,-0.88,45.0,27.0,32.0,30.0,52.0,-0.010128839864214461,0.6600000000000001,1.73,0.04,2.0,-1.96,1.47,1.6199999999999999
2021-05-21,4155.85986328125,20.149999618530273,0.1325144100963322,0.040602248462677015,0.017560068883178907,0.02304217957949811,63.58000183105469,2.9059998989105225,4.495999813079834,1876.699951171875,27.472999572753906,108.94,0.8987,-0.017,0.08,99.4333,5.8,82.9,1703.0,605282.0,0.91,-0.69127,269.195,275.465,4.992706537594471,3.7876961101984907,-1.2050104273959805,2.62,2.43,7922883.0,866119.0,3919807.0,1.63,0.17,0.01,-0.8,45.0,27.0,32.0,30.0,52.0,-0.016856546149590795,0.6600000000000001,1.75,0.03,2.0,-1.97,1.46,1.6199999999999999
2021-05-28,4204.10986328125,16.760000228881836,0.13072132253583177,0.028089760767211917,0.017088064165516958,0.01100169660169496,66.31999969482422,2.9860000610351562,4.682499885559082,1902.5,27.993000030517578,109.83,0.8995,-0.017,0.08,99.4333,5.8,82.9,1703.0,605282.0,0.9,-0.69341,269.195,275.465,4.992706537594471,3.7876961101984907,-1.2050104273959805,2.57,2.42,7903541.0,812473.0,3805178.0,1.58,0.14,0.01,-0.84,45.0,27.0,32.0,30.0,52.0,0.021543412798972948,0.6600000000000001,1.67,0.03,2.0,-1.97,1.44,1.57
2021-06-04,4229.89013671875,16.420000076293945,0.12494577058942676,0.026961640250549316,0.01561144558818566,0.011350194662363656,69.62000274658203,3.0969998836517334,4.537499904632568,1889.800048828125,27.878999710083008,109.42,0.899,-0.029,0.05,99.7987,5.9,85.5,1654.0,611950.0,0.91,-0.69434,271.696,277.651,5.391451413321335,4.439362194328367,-0.9520892189929686,2.54,2.4,7935703.0,783235.0,3814127.0,1.56,0.14,0.02,-0.84,46.0,31.0,35.0,32.0,63.0,0.014394157389921189,0.6499999999999999,1.7599999999999998,0.02,1.92,-1.9,1.42,1.54
2021-06-11,4247.43994140625,15.649999618530273,0.12057769500978248,0.024492248805999775,0.014538980533872122,0.009953268272127653,70.91000366210938,3.2960000038146973,4.541500091552734,1877.4000244140625,28.131000518798828,109.75,0.8993,-0.029,0.05,99.7987,5.9,85.5,1654.0,611950.0,0.9,-0.69359,271.696,277.651,5.391451413321335,4.439362194328367,-0.9520892189929686,2.43,2.32,7952327.0,730235.0,3874371.0,1.47,0.16,0.03,-0.85,46.0,31.0,35.0,32.0,63.0,-0.014618911981843175,0.6499999999999999,1.69,0.010000000000000002,1.92,-1.91,1.31,1.44
2021-06-18,4166.4501953125,20.700000762939453,0.12201556643166396,0.04284900315856939,0.014887798451639801,0.027961204706929588,71.63999938964844,3.2149999141693115,4.162499904632568,1767.9000244140625,25.95800018310547,110.21,0.9215,-0.029,0.05,99.7987,5.9,85.5,1654.0,611950.0,0.87,-0.69053,271.696,277.651,5.391451413321335,4.439362194328367,-0.9520892189929686,2.37,2.24,8064257.0,653889.0,3940038.0,1.45,0.26,0.05,-0.79,46.0,31.0,35.0,32.0,63.0,-0.015271884868498956,0.6499999999999999,1.6600000000000001,0.03,1.92,-1.89,1.19,1.4
2021-06-25,4280.7001953125,15.619999885559082,0.09646637764701169,0.024398439642486575,0.009305762016335876,0.0150926776261507,74.05000305175781,3.496000051498413,4.298999786376953,1776.5999755859375,26.082000732421875,110.78,0.9175,-0.029,0.05,99.7987,5.9,85.5,1654.0,611950.0,0.86,-0.68651,271.696,277.651,5.391451413321335,4.439362194328367,-0.9520892189929686,2.46,2.34,8101945.0,734689.0,3808042.0,1.54,0.28,0.06,-0.8,46.0,31.0,35.0,32.0,63.0,0.02275779350334709,0.6499999999999999,1.52,0.010000000000000009,1.92,-1.91,1.26,1.48
2021-07-02,4352.33984375,15.069999694824219,0.07954129239853353,0.022710489080200204,0.006326817196429007,0.016383671883771198,75.16000366210938,3.700000047683716,4.2820000648498535,1782.5999755859375,26.481000900268555,111.28,0.9224,-0.036,0.015,100.2519,5.4,81.2,1658.0,601817.0,0.87,-0.68095,273.003,278.648,5.365475239385398,4.210719214328185,-1.154756025057213,2.49,2.33,8078544.0,745962.0,3780791.0,1.44,0.24,0.05,-0.89,37.0,35.0,33.0,31.0,58.0,0.001124674202442888,0.6700000000000004,1.72,0.0,1.9200000000000002,-1.9200000000000002,1.2,1.39
2021-07-09,4369.5498046875,16.18000030517578,0.08600242882481841,0.02617924098754884,0.0073964177637679575,0.018782823223780883,74.55999755859375,3.6740000247955322,4.352499961853027,1810.0,26.211000442504883,110.18,0.9151,-0.036,0.015,100.2519,5.4,81.2,1658.0,601817.0,0.9,-0.67427,273.003,278.648,5.365475239385398,4.210719214328185,-1.154756025057213,2.44,2.28,8097773.0,753364.0,3870568.0,1.37,0.23,0.06,-0.91,37.0,35.0,33.0,31.0,58.0,-0.00864308627456937,0.6700000000000004,1.7499999999999998,0.0,1.9200000000000002,-1.9200000000000002,1.1400000000000001,1.31
2021-07-16,4327.16015625,18.450000762939453,0.09080426385063861,0.03404025281524664,0.008245414333456394,0.025794838481790247,71.80999755859375,3.6740000247955322,4.332499980926514,1814.5,25.777000427246094,110.13,0.9192,-0.036,0.015,100.2519,5.4,81.2,1658.0,601817.0,0.91,-0.66754,273.003,278.648,5.365475239385398,4.210719214328185,-1.154756025057213,2.52,2.33,8201651.0,704918.0,3903058.0,1.31,0.25,0.05,-1.02,37.0,35.0,33.0,31.0,58.0,-0.040417402521171354,0.6700000000000004,1.86,0.009999999999999995,1.9200000000000002,-1.9100000000000001,1.06,1.26
2021-07-23,4411.7900390625,17.200000762939453,0.11347056454611824,0.029584002624511774,0.012875569018414787,0.016708433606096987,72.06999969482422,4.059999942779541,4.406499862670898,1801.4000244140625,25.218000411987305,110.52,0.9211,-0.036,0.015,100.2519,5.4,81.2,1658.0,601817.0,0.92,-0.66102,273.003,278.648,5.365475239385398,4.210719214328185,-1.154756025057213,2.53,2.35,8240530.0,678103.0,3972940.0,1.3,0.22,0.05,-1.05,37.0,35.0,33.0,31.0,58.0,0.00744522335436996,0.6700000000000004,1.9000000000000001,0.009999999999999995,1.9200000000000002,-1.9100000000000001,1.08,1.25
2021-07-30,4395.259765625,18.239999771118164,0.11474866021012597,0.03326975916503907,0.013167255020018948,0.02010250414502012,73.94999694824219,3.9140000343322754,4.480500221252441,1812.5999755859375,25.527999877929688,109.7,0.9061,-0.036,0.015,100.2519,5.4,81.2,1658.0,601817.0,0.91,-0.65568,273.003,278.648,5.365475239385398,4.210719214328185,-1.154756025057213,2.56,2.4,8221473.0,578204.0,3984371.0,1.24,0.19,0.06,-1.16,37.0,35.0,33.0,31.0,58.0,0.001016599253910178,0.6700000000000004,1.9399999999999997,0.0,1.9200000000000002,-1.9200000000000002,1.05,1.18
2021-08-06,4436.52001953125,16.149999618530273,0.10296172432107434,0.026082248767852794,0.010601116675168911,0.015481132092683883,68.27999877929688,4.139999866485596,4.3454999923706055,1760.0,24.312000274658203,110.22,0.9142,-0.034,0.02,100.0437,5.1,70.3,1736.0,605533.0,0.93,-0.65104,273.567,278.997,5.251271554874992,3.9396919775577244,-1.3115795773172678,2.5,2.37,8235073.0,492668.0,4005578.0,1.31,0.21,0.06,-1.06,41.0,38.0,28.0,31.0,64.0,0.0023370257888273294,0.6900000000000004,2.04,0.0,1.9600000000000002,-1.9600000000000002,1.1,1.25
2021-08-13,4468.0,15.449999809265137,0.10257614970678462,0.023870249410629273,0.01052186648866869,0.013348382921960583,68.44000244140625,3.8610000610351562,4.38700008392334,1775.199951171875,23.76799964904785,109.75,0.9162,-0.034,0.02,100.0437,5.1,70.3,1736.0,605533.0,0.93,-0.64831,273.567,278.997,5.251271554874992,3.9396919775577244,-1.3115795773172678,2.52,2.37,8257159.0,434919.0,4090506.0,1.29,0.23,0.06,-1.08,41.0,38.0,28.0,31.0,64.0,-0.004865912355946392,0.6900000000000004,2.08,0.0,1.9600000000000002,-1.9600000000000002,1.06,1.23
2021-08-20,4441.669921875,18.559999465942383,0.1025431845265137,0.03444735801757816,0.01051510469283864,0.02393225332473952,62.31999969482422,3.8510000705718994,4.134500026702881,1781.0,23.104999542236328,109.77,0.9176,-0.034,0.02,100.0437,5.1,70.3,1736.0,605533.0,0.95,-0.64664,273.567,278.997,5.251271554874992,3.9396919775577244,-1.3115795773172678,2.4,2.27,8342598.0,338808.0,4186711.0,1.26,0.23,0.05,-1.01,41.0,38.0,28.0,31.0,64.0,-0.04126638599501109,0.6900000000000004,2.09,0.009999999999999995,1.9600000000000002,-1.9500000000000002,1.03,1.21
2021-08-27,4509.3701171875,16.389999389648438,0.10459306071307678,0.026863207999267617,0.010939708349329365,0.01592349964993825,68.73999786376953,4.369999885559082,4.316500186920166,1816.5999755859375,24.059999465942383,109.84,0.9122,-0.034,0.02,100.0437,5.1,70.3,1736.0,605533.0,0.92,-0.64732,273.567,278.997,5.251271554874992,3.9396919775577244,-1.3115795773172678,2.53,2.39,8332743.0,301430.0,4167748.0,1.31,0.22,0.05,-1.08,41.0,38.0,28.0,31.0,64.0,0.04688331710662393,0.6900000000000004,1.89,0.009999999999999995,1.9600000000000002,-1.9500000000000002,1.09,1.26
2021-09-03,4535.43017578125,16.40999984741211,0.07590539904514851,0.02692880949920655,0.0057616296042032325,0.021167179895003316,69.29000091552734,4.711999893188477,4.325500011444092,1830.9000244140625,24.761999130249023,109.64,0.9136,-0.022,0.065,98.8579,4.7,72.8,1640.0,609671.0,0.92,-0.6485,274.31,279.698,5.390348855079163,4.002855729865806,-1.387493125213357,2.48,2.34,8349173.0,277650.0,4193981.0,1.33,0.21,0.05,-1.01,41.0,43.0,31.0,31.0,63.0,-0.02004176424142945,0.7000000000000002,1.77,0.020000000000000004,1.8599999999999999,-1.8399999999999999,1.12,1.28
2021-09-10,4458.580078125,20.950000762939453,0.07991670278037565,0.04389025319671636,0.006386679383286901,0.03750357381342946,69.72000122070312,4.938000202178955,4.447999954223633,1789.5999755859375,23.854999542236328,109.93,0.918,-0.022,0.065,98.8579,4.7,72.8,1640.0,609671.0,0.91,-0.65035,274.31,279.698,5.390348855079163,4.002855729865806,-1.387493125213357,2.55,2.4,8357314.0,253496.0,4250506.0,1.35,0.23,0.05,-1.05,41.0,43.0,31.0,31.0,63.0,0.003045553634396441,0.7000000000000002,1.7399999999999998,0.03,1.8599999999999999,-1.8299999999999998,1.12,1.3
2021-09-17,4432.990234375,20.809999465942383,0.0821383329483338,0.043305607777252224,0.006746705739531337,0.036558902037720886,71.97000122070312,5.105000019073486,4.245500087738037,1749.4000244140625,22.295000076293945,109.94,0.9308,-0.022,0.065,98.8579,4.7,72.8,1640.0,609671.0,0.9,-0.65251,274.31,279.698,5.390348855079163,4.002855729865806,-1.387493125213357,2.51,2.33,8448770.0,230328.0,4271184.0,1.37,0.23,0.04,-0.96,41.0,43.0,31.0,31.0,63.0,0.010065186484626546,0.7000000000000002,1.67,0.019999999999999997,1.8599999999999999,-1.8399999999999999,1.1400000000000001,1.33
2021-09-24,4455.47998046875,17.75,0.1056378063377911,0.03150625,0.011159346127860658,0.02034690387213934,73.9800033569336,5.139999866485596,4.287499904632568,1749.699951171875,22.38800048828125,110.72,0.9246,-0.022,0.065,98.8579,4.7,72.8,1640.0,609671.0,0.87,-0.65371,274.31,279.698,5.390348855079163,4.002855729865806,-1.387493125213357,2.47,2.34,8489824.0,308022.0,4156747.0,1.47,0.29,0.03,-0.87,41.0,43.0,31.0,31.0,63.0,0.02163281072741034,0.7000000000000002,1.6799999999999997,0.020000000000000004,1.8599999999999999,-1.8399999999999999,1.18,1.44
2021-10-01,4357.0400390625,21.100000381469727,0.12540284300807908,0.04452100160980226,0.01572587303450893,0.028795128575293334,75.87999725341797,5.61899995803833,4.19350004196167,1757.0,22.510000228881836,110.97,0.9297,-0.027,0.095,100.1861,4.5,71.7,1707.0,618573.0,0.89,-0.65397,276.589,281.668,6.221868903328898,4.590317334184912,-1.6315515691439852,2.51,2.38,8447981.0,197744.0,4125348.0,1.48,0.27,0.04,-0.9,41.0,39.0,35.0,39.0,58.0,0.02163565252392067,0.6699999999999999,1.62,0.010000000000000002,1.77,-1.76,1.21,1.44
2021-10-08,4391.33984375,18.770000457763672,0.1316149981279335,0.03523129171844484,0.01732250773221594,0.0179087839862289,79.3499984741211,5.565000057220459,4.2829999923706055,1756.300048828125,22.679000854492188,112.15,0.9272,-0.027,0.095,100.1861,4.5,71.7,1707.0,618573.0,0.9,-0.65219,276.589,281.668,6.221868903328898,4.590317334184912,-1.6315515691439852,2.64,2.5,8464032.0,135582.0,4130050.0,1.61,0.32,0.05,-0.89,41.0,39.0,35.0,39.0,58.0,0.010200815824910505,0.6699999999999999,1.62,0.0,1.77,-1.77,1.29,1.56
2021-10-15,4471.3701171875,16.299999237060547,0.1412339167957214,0.026568997512817442,0.019947019253460752,0.0066219782593566895,82.27999877929688,5.409999847412109,4.734000205993652,1767.199951171875,23.327999114990234,114.31,0.9241,-0.027,0.095,100.1861,4.5,71.7,1707.0,618573.0,0.89,-0.64655,276.589,281.668,6.221868903328898,4.590317334184912,-1.6315515691439852,2.71,2.56,8480942.0,77858.0,4194503.0,1.59,0.41,0.05,-0.97,41.0,39.0,35.0,39.0,58.0,0.01252370535037802,0.6699999999999999,1.54,0.009999999999999995,1.77,-1.76,1.1800000000000002,1.54
2021-10-22,4544.89990234375,15.430000305175781,0.14089705207137082,0.02380849094177247,0.01985197928240258,0.003956511659369891,83.76000213623047,5.28000020980835,4.526000022888184,1795.5,24.429000854492188,113.54,0.9164,-0.027,0.095,100.1861,4.5,71.7,1707.0,618573.0,0.89,-0.63666,276.589,281.668,6.221868903328898,4.590317334184912,-1.6315515691439852,2.91,2.64,8564943.0,83386.0,4134714.0,1.66,0.48,0.06,-0.98,41.0,39.0,35.0,39.0,58.0,-0.002892553609720183,0.6699999999999999,1.4899999999999998,0.0,1.77,-1.77,1.18,1.5999999999999999
2021-10-29,4605.3798828125,16.260000228881836,0.13837132906889468,0.026438760744323733,0.01914662470829234,0.007292136036031394,83.56999969482422,5.426000118255615,4.375500202178955,1783.0,23.94499969482422,114.03,0.9165,-0.027,0.095,100.1861,4.5,71.7,1707.0,618573.0,0.89,-0.62219,276.589,281.668,6.221868903328898,4.590317334184912,-1.6315515691439852,2.89,2.51,8556181.0,213291.0,4077170.0,1.55,0.48,0.05,-0.96,41.0,39.0,35.0,39.0,58.0,0.004042888783345097,0.6699999999999999,1.5,0.020000000000000004,1.77,-1.75,1.07,1.5
2021-11-05,4697.52978515625,16.479999542236328,0.12214353966348339,0.02715903849121096,0.01491904428152494,0.01223999420968602,81.2699966430664,5.515999794006348,4.348999977111816,1816.4000244140625,24.152000427246094,113.45,0.9133,-0.039,0.05,100.8654,4.1,67.4,1765.0,624874.0,0.9,-0.6045,277.948,283.406,6.809002839806477,4.972572143965692,-1.836430695840785,2.87,2.54,8574871.0,280205.0,4086336.0,1.45,0.39,0.05,-1.09,52.0,39.0,32.0,34.0,58.0,0.016061346327754505,0.6599999999999997,1.56,0.020000000000000004,1.7199999999999998,-1.6999999999999997,1.06,1.4
2021-11-12,4682.85009765625,16.290000915527344,0.09609241140606938,0.026536412982788173,0.009233751529833292,0.01730266145295488,80.79000091552734,4.790999889373779,4.45550012588501,1867.9000244140625,25.3439998626709,113.9,0.9211,-0.039,0.05,100.8654,4.1,67.4,1765.0,624874.0,0.91,-0.58521,277.948,283.406,6.809002839806477,4.972572143965692,-1.836430695840785,3.11,2.73,8663117.0,259293.0,4169041.0,1.58,0.53,0.05,-1.15,52.0,39.0,32.0,34.0,58.0,-0.0010099389803735668,0.6599999999999997,1.5299999999999998,0.020000000000000004,1.7199999999999998,-1.6999999999999997,1.05,1.53
2021-11-19,4697.9599609375,17.90999984741211,0.08072788737390944,0.03207680945343017,0.006516991799854608,0.025559817653575567,76.0999984741211,5.065000057220459,4.4085001945495605,1851.199951171875,24.780000686645508,113.81,0.9262,-0.039,0.05,100.8654,4.1,67.4,1765.0,624874.0,0.94,-0.5672,277.948,283.406,6.809002839806477,4.972572143965692,-1.836430695840785,3.02,2.65,8674970.0,211453.0,4209802.0,1.54,0.52,0.05,-1.11,52.0,39.0,32.0,34.0,58.0,-0.00593041306191148,0.6599999999999997,1.6800000000000002,0.039999999999999994,1.7199999999999998,-1.6799999999999997,1.02,1.49
2021-11-26,4594.6201171875,28.6200008392334,0.09596607644215932,0.08191044480377205,0.009209487827702366,0.07270095697606968,68.1500015258789,5.447000026702881,4.281499862670898,1785.300048828125,23.10700035095215,113.46,0.9234,-0.039,0.05,100.8654,4.1,67.4,1765.0,624874.0,1.01,-0.55126,277.948,283.406,6.809002839806477,4.972572143965692,-1.836430695840785,2.92,2.55,8681771.0,164087.0,4162810.0,1.48,0.5,0.06,-1.07,52.0,39.0,32.0,34.0,58.0,-0.011521516557392825,0.6599999999999997,2.06,0.04000000000000001,1.7199999999999998,-1.6799999999999997,0.98,1.42
2021-12-03,4538.43017578125,30.670000076293945,0.1287205971486952,0.09406489046798706,0.016568992130316675,0.07749589833767039,66.26000213623047,4.131999969482422,4.266499996185303,1782.0,22.44499969482422,112.88,0.9185,-0.026,0.07,100.5726,3.9,70.6,1919.0,619938.0,1.03,-0.54025,278.802,285.18,7.036402865545144,5.488993530393094,-1.5474093351520501,2.72,2.43,8650402.0,152651.0,4224865.0,1.35,0.6,0.06,-1.08,48.0,55.0,29.0,29.0,60.0,-0.010109630769359928,0.6499999999999999,2.09,0.06,1.8299999999999998,-1.7699999999999998,0.7500000000000001,1.29
2021-12-10,4712.02001953125,18.690000534057617,0.145790940662834,0.0349316119963074,0.021254998379353983,0.013676613616953416,71.66999816894531,3.924999952316284,4.2829999923706055,1782.9000244140625,22.15999984741211,113.36,0.9205,-0.026,0.07,100.5726,3.9,70.6,1919.0,619938.0,1.0,-0.53813,278.802,285.18,7.036402865545144,5.488993530393094,-1.5474093351520501,2.76,2.44,8664524.0,115117.0,4275806.0,1.48,0.67,0.06,-0.96,48.0,55.0,29.0,29.0,60.0,0.004279251910221642,0.6499999999999999,1.82,0.08000000000000002,1.8299999999999998,-1.7499999999999998,0.8099999999999999,1.42
2021-12-17,4620.64013671875,21.56999969482422,0.16062819113924323,0.04652648868347169,0.02580141578866526,0.020725072894806428,70.86000061035156,3.690000057220459,4.290999889373779,1803.800048828125,22.506999969482422,113.56,0.9226,-0.026,0.07,100.5726,3.9,70.6,1919.0,619938.0,1.01,-0.54077,278.802,285.18,7.036402865545144,5.488993530393094,-1.5474093351520501,2.65,2.38,8756666.0,104798.0,4251431.0,1.41,0.66,0.05,-0.97,48.0,55.0,29.0,29.0,60.0,-0.04811599263067453,0.6499999999999999,1.89,0.09000000000000001,1.8299999999999998,-1.7399999999999998,0.7499999999999999,1.3599999999999999
2021-12-24,4725.7900390625,17.959999084472656,0.17321493899608145,0.032256156711425864,0.03000341509141622,0.0022527416200096434,73.79000091552734,3.7309999465942383,4.38700008392334,1811.199951171875,22.930999755859375,114.42,0.9186,-0.026,0.07,100.5726,3.9,70.6,1919.0,619938.0,1.0,-0.54778,278.802,285.18,7.036402865545144,5.488993530393094,-1.5474093351520501,2.72,2.47,8790495.0,84954.0,4185009.0,1.5,0.71,0.07,-0.97,48.0,55.0,29.0,29.0,60.0,0.01444071056773688,0.6499999999999999,1.6500000000000001,0.06000000000000001,1.8299999999999998,-1.7699999999999998,0.79,1.43
2021-12-31,4766.18017578125,17.219999313354492,0.17655717498877557,0.029652837635192917,0.03117243604001712,-0.0015195984048242024,75.20999908447266,3.7300000190734863,4.454999923706055,1827.5,23.327999114990234,115.17,0.9146,-0.026,0.07,100.5726,3.9,70.6,1919.0,619938.0,0.98,-0.55632,278.802,285.18,7.036402865545144,5.488993530393094,-1.5474093351520501,2.87,2.56,8757460.0,211849.0,4116196.0,1.52,0.73,0.06,-1.04,42.0,42.0,29.0,23.0,64.0,-0.00869690599199465,0.6499999999999999,1.6300000000000001,0.08000000000000002,1.8299999999999998,-1.7499999999999998,0.79,1.46
2022-01-07,4677.02978515625,18.760000228881836,0.18656268700004483,0.03519376085876465,0.0348056361806767,0.0003881246780879505,78.9000015258789,3.9159998893737793,4.4029998779296875,1797.0,22.393999099731445,115.61,0.9191,-0.02,0.17,100.1856,4.0,67.2,1920.0,631509.0,0.95,-0.5622,281.148,286.757,7.479872468289117,6.05428515424189,-1.4255873140472275,2.78,2.48,8765721.0,389751.0,3859731.0,1.76,0.87,0.1,-0.72,42.0,42.0,29.0,23.0,64.0,0.03224240769323816,0.6499999999999999,1.4400000000000002,0.04000000000000001,1.82,-1.78,0.89,1.66
2022-01-14,4662.85009765625,19.190000534057617,0.15840759020836714,0.03682561204971316,0.025092964635621974,0.011732647414091184,83.81999969482422,4.26200008392334,4.411499977111816,1816.5,22.910999298095703,113.89,0.9133,-0.02,0.17,100.1856,4.0,67.2,1920.0,631509.0,0.97,-0.56236,281.148,286.757,7.479872468289117,6.05428515424189,-1.4255873140472275,2.79,2.44,8788278.0,456401.0,3973554.0,1.78,0.99,0.13,-0.66,42.0,42.0,29.0,23.0,64.0,0.009607880367735596,0.6499999999999999,1.3299999999999998,0.010000000000000009,1.82,-1.81,0.79,1.65
2022-01-21,4397.93994140625,28.850000381469727,0.16254414106570195,0.08323225220108034,0.026420597794786813,0.05681165440629353,85.13999938964844,3.999000072479248,4.512499809265137,1831.800048828125,24.31399917602539,113.72,0.912,-0.02,0.17,100.1856,4.0,67.2,1920.0,631509.0,1.03,-0.55582,281.148,286.757,7.479872468289117,6.05428515424189,-1.4255873140472275,2.7,2.34,8867834.0,488697.0,3932521.0,1.75,1.01,0.17,-0.59,42.0,42.0,29.0,23.0,64.0,-0.04032842369671259,0.6499999999999999,1.53,-0.020000000000000018,1.82,-1.84,0.74,1.58
2022-01-28,4431.85009765625,27.65999984741211,0.1690140800913358,0.0765075591558838,0.028565759269120475,0.04794179988676332,86.81999969482422,4.638999938964844,4.302999973297119,1784.9000244140625,22.302000045776367,115.21,0.9298,-0.02,0.17,100.1856,4.0,67.2,1920.0,631509.0,1.09,-0.54182,281.148,286.757,7.479872468289117,6.05428515424189,-1.4255873140472275,2.8,2.44,8860485.0,614877.0,3796174.0,1.78,1.15,0.19,-0.66,42.0,42.0,29.0,23.0,64.0,0.011097298842386897,0.6499999999999999,1.8499999999999999,-0.04000000000000001,1.82,-1.86,0.6300000000000001,1.59
2022-02-04,4500.52978515625,23.219999313354492,0.18034261077261762,0.05391683681121831,0.032523457260283856,0.021393379550934455,92.30999755859375,4.572000026702881,4.483500003814697,1806.5999755859375,22.475000381469727,115.22,0.9248,-0.018,0.18,100.8064,3.9,62.8,1857.0,638101.0,1.09,-0.52289,283.716,288.273,7.871063897739283,6.4551151617656455,-1.4159487359736378,2.78,2.41,8873211.0,675773.0,3789714.0,1.93,1.31,0.23,-0.48,56.0,40.0,42.0,47.0,63.0,0.013815120714869861,0.7200000000000002,1.6300000000000001,-0.06,2.04,-2.1,0.6199999999999999,1.7
2022-02-11,4418.64013671875,27.360000610351562,0.1944653155950119,0.0748569633398438,0.03781675896946758,0.03704020437037622,93.0999984741211,3.940999984741211,4.505000114440918,1840.800048828125,23.365999221801758,115.91,0.9255,-0.018,0.18,100.8064,3.9,62.8,1857.0,638101.0,1.1,-0.4975,283.716,288.273,7.871063897739283,6.4551151617656455,-1.4159487359736378,2.82,2.43,8878009.0,686384.0,3771911.0,1.92,1.5,0.36,-0.51,56.0,40.0,42.0,47.0,63.0,0.010745204883294484,0.7200000000000002,1.7300000000000002,-0.08999999999999997,2.04,-2.13,0.41999999999999993,1.56
2022-02-18,4348.8701171875,27.75,0.20204469089718366,0.07700625000000001,0.04082205711973849,0.03618419288026152,91.06999969482422,4.431000232696533,4.519499778747559,1898.5999755859375,23.990999221801758,115.08,0.921,-0.018,0.18,100.8064,3.9,62.8,1857.0,638101.0,1.2,-0.46794,283.716,288.273,7.871063897739283,6.4551151617656455,-1.4159487359736378,2.86,2.41,8911033.0,692541.0,3799973.0,1.92,1.47,0.35,-0.49,56.0,40.0,42.0,47.0,63.0,-0.006818905964592521,0.7200000000000002,1.8499999999999999,-0.06999999999999995,2.04,-2.11,0.44999999999999996,1.5699999999999998
2022-02-25,4384.64990234375,27.59000015258789,0.22365293252716376,0.07612081084197998,0.050020634228000065,0.026100176613979918,91.58999633789062,4.46999979019165,4.4720001220703125,1886.5,23.996999740600586,115.62,0.9274,-0.018,0.18,100.8064,3.9,62.8,1857.0,638101.0,1.27,-0.43842,283.716,288.273,7.871063897739283,6.4551151617656455,-1.4159487359736378,3.02,2.54,8928129.0,697838.0,3769869.0,1.97,1.55,0.33,-0.57,56.0,40.0,42.0,47.0,63.0,-0.01281933112527541,0.7200000000000002,1.6900000000000002,-0.04999999999999999,2.04,-2.09,0.41999999999999993,1.64
2022-03-04,4328.8701171875,31.979999542236328,0.22480984275881338,0.10227203707214357,0.0505394654012424,0.051732571670901166,115.68000030517578,5.015999794006348,4.928999900817871,1965.0999755859375,25.781999588012695,114.65,0.9183,-0.008,0.21,101.3907,3.7,59.4,1868.0,651027.0,1.38,-0.41134,287.504,289.056,8.542455554842432,6.482378554404167,-2.060077000438265,3.19,2.67,8904455.0,682903.0,3844716.0,1.74,1.5,0.34,-0.93,60.0,39.0,36.0,47.0,64.0,-0.02309236446885225,0.8599999999999999,1.77,0.33,2.16,-1.83,0.24,1.4
2022-03-11,4204.31005859375,30.75,0.24766355079793978,0.09455625,0.0613372343938437,0.033219015606156296,109.33000183105469,4.724999904632568,4.616000175476074,1982.699951171875,26.106000900268555,117.08,0.9326,-0.008,0.21,101.3907,3.7,59.4,1868.0,651027.0,1.5,-0.39032,287.504,289.056,8.542455554842432,6.482378554404167,-2.060077000438265,3.52,2.94,8910748.0,652039.0,3959659.0,2.0,1.75,0.4,-0.94,60.0,39.0,36.0,47.0,64.0,0.01331813178562154,0.8599999999999999,1.92,0.24,2.16,-1.9200000000000002,0.25,1.6
2022-03-18,4463.1201171875,23.8700008392334,0.24114010788427115,0.056977694006500317,0.05814855163043793,-0.0011708576239376142,104.69999694824219,4.86299991607666,4.730500221252441,1928.199951171875,25.05500030517578,119.17,0.9337,-0.008,0.21,101.3907,3.7,59.4,1868.0,651027.0,1.37,-0.37833,287.504,289.056,8.542455554842432,6.482378554404167,-2.060077000438265,3.48,2.86,8954306.0,570606.0,3961721.0,2.14,1.97,0.42,-0.72,60.0,39.0,36.0,47.0,64.0,0.013711859402994797,0.8599999999999999,1.6800000000000002,0.22000000000000003,2.16,-1.9400000000000002,0.17000000000000015,1.7200000000000002
2022-03-25,4543.06005859375,20.809999465942383,0.2384788062402261,0.043305607777252224,0.0568721410257633,-0.013566533248511078,113.9000015258789,5.571000099182129,4.685999870300293,1953.800048828125,25.594999313354492,121.98,0.9308,-0.008,0.21,101.3907,3.7,59.4,1868.0,651027.0,1.29,-0.37257,287.504,289.056,8.542455554842432,6.482378554404167,-2.060077000438265,3.59,2.95,8962474.0,614616.0,3801095.0,2.48,2.3,0.55,-0.47,60.0,39.0,36.0,47.0,64.0,0.013059434150775706,0.8599999999999999,1.38,0.09999999999999998,2.16,-2.06,0.18000000000000016,1.93
2022-04-01,4545.85986328125,19.6299991607666,0.2267283396401611,0.03853368670516975,0.051405739995984245,-0.012872053290814499,99.2699966430664,5.71999979019165,4.682499885559082,1919.0999755859375,24.642000198364258,122.6,0.9256,-0.012,0.215,101.44,3.7,65.2,1859.0,660194.0,1.2,-0.37025,289.109,290.514,8.258629340882372,6.158737119052837,-2.099892221829535,3.28,2.8,8937142.0,575065.0,3829680.0,2.39,2.44,0.53,-0.41,64.0,38.0,42.0,48.0,61.0,-0.033812972531308404,0.9000000000000004,0.6499999999999999,0.10999999999999999,1.9100000000000001,-1.8000000000000003,-0.04999999999999982,1.86
2022-04-08,4488.27978515625,21.15999984741211,0.21004881453815452,0.044774559354248046,0.044120504488884035,0.0006540548653640108,98.26000213623047,6.2779998779296875,4.71999979019165,1941.5999755859375,24.819000244140625,124.31,0.9333,-0.012,0.215,101.44,3.7,65.2,1859.0,660194.0,1.2,-0.36781,289.109,290.514,8.258629340882372,6.158737119052837,-2.099892221829535,3.33,2.87,8937592.0,574451.0,3834183.0,2.72,2.53,0.7,-0.15,64.0,38.0,42.0,48.0,61.0,-0.039884370274563416,0.9000000000000004,0.8199999999999998,-0.05999999999999994,1.9100000000000001,-1.9700000000000002,0.1900000000000004,2.0200000000000005
2022-04-15,4392.58984375,22.700000762939453,0.20948620668204893,0.05152900346374518,0.04388447079003412,0.007644532673711055,106.94999694824219,7.300000190734863,4.7170000076293945,1970.9000244140625,25.690000534057617,126.31,0.9431,-0.012,0.215,101.44,3.7,65.2,1859.0,660194.0,1.26,-0.36109,289.109,290.514,8.258629340882372,6.158737119052837,-2.099892221829535,3.33,2.89,8965487.0,547308.0,3823644.0,2.83,2.47,0.79,-0.06,64.0,38.0,42.0,48.0,61.0,0.0036369899038490115,0.9000000000000004,0.9300000000000002,0.0,1.9100000000000001,-1.9100000000000001,0.3599999999999999,2.04
2022-04-22,4271.77978515625,28.209999084472656,0.200834496941365,0.07958040483459483,0.040334495161691145,0.03924590967290369,102.06999969482422,6.533999919891357,4.582499980926514,1931.0,24.256999969482422,128.78,0.9587,-0.012,0.215,101.44,3.7,65.2,1859.0,660194.0,1.33,-0.35086,289.109,290.514,8.258629340882372,6.158737119052837,-2.099892221829535,3.37,2.98,8955851.0,711406.0,3652101.0,2.9,2.72,0.83,-0.08,64.0,38.0,42.0,48.0,61.0,-0.007834681711260005,0.9000000000000004,0.8999999999999999,0.07000000000000006,1.9100000000000001,-1.84,0.17999999999999972,2.07
2022-04-29,4131.93017578125,33.400001525878906,0.22832214763956918,0.11155601019287134,0.052131003102745224,0.05942500709012612,104.69000244140625,7.24399995803833,4.394999980926514,1909.300048828125,23.040000915527344,129.84,0.9723,-0.012,0.215,101.44,3.7,65.2,1859.0,660194.0,1.39,-0.33594,289.109,290.514,8.258629340882372,6.158737119052837,-2.099892221829535,3.3,2.88,8939199.0,944328.0,3331982.0,2.89,2.7,0.85,0.01,64.0,38.0,42.0,48.0,61.0,-0.0028432987335544925,0.9000000000000004,1.1800000000000002,0.16000000000000003,1.9100000000000001,-1.75,0.18999999999999995,2.04
2022-05-06,4123.33984375,30.190000534057617,0.2555575795320011,0.0911436132246399,0.06530967645625506,0.025833936768384844,109.7699966430664,8.043000221252441,4.261499881744385,1881.199951171875,22.325000762939453,130.35,0.9858,-0.018,0.235,101.3335,3.6,58.4,1704.0,659847.0,1.4,-0.31841,292.296,292.063,8.581511543676523,6.0254478790408905,-2.5560636646356327,3.22,2.86,8939972.0,945478.0,3296085.0,3.12,2.72,0.85,0.26,65.0,42.0,39.0,50.0,60.0,0.012136916974806455,0.9900000000000002,1.2799999999999998,0.22000000000000008,2.22,-2.0,0.3999999999999999,2.27
2022-05-13,4023.889892578125,28.8700008392334,0.27519530592336605,0.08334769484573372,0.07573245640225502,0.007615238443478695,110.48999786376953,7.663000106811523,4.180500030517578,1807.4000244140625,20.983999252319336,129.23,1.0014,-0.018,0.235,101.3335,3.6,58.4,1704.0,659847.0,1.47,-0.2996,292.296,292.063,8.581511543676523,6.0254478790408905,-2.5560636646356327,3.03,2.69,8942008.0,945658.0,3288552.0,2.93,2.61,1.03,0.24,65.0,42.0,39.0,50.0,60.0,-0.02488811682374248,0.9900000000000002,1.73,-0.20999999999999996,2.22,-2.43,0.3200000000000003,1.9000000000000001
2022-05-20,3901.360107421875,29.43000030517578,0.29922273733697624,0.08661249179626465,0.08953424653943308,-0.002921754743168428,113.2300033569336,8.083000183105469,4.281000137329102,1841.800048828125,21.66900062561035,127.86,0.9749,-0.018,0.235,101.3335,3.6,58.4,1704.0,659847.0,1.55,-0.28058,292.296,292.063,8.581511543676523,6.0254478790408905,-2.5560636646356327,2.88,2.55,8945898.0,886964.0,3356377.0,2.78,2.6,1.03,0.23,65.0,42.0,39.0,50.0,60.0,-0.0031134183643732882,0.9900000000000002,2.0100000000000002,0.030000000000000027,2.22,-2.1900000000000004,0.17999999999999972,1.7499999999999998
2022-05-27,4158.240234375,25.719999313354492,0.31994064709266407,0.06615183646789555,0.1023620176620726,-0.03621018119417706,115.06999969482422,8.72700023651123,4.303999900817871,1851.300048828125,22.059999465942383,127.14,0.9575,-0.018,0.235,101.3335,3.6,58.4,1704.0,659847.0,1.41,-0.25925,292.296,292.063,8.581511543676523,6.0254478790408905,-2.5560636646356327,2.95,2.63,8914281.0,821535.0,3306180.0,2.74,2.47,1.08,0.11,65.0,42.0,39.0,50.0,60.0,0.02717370975657355,0.9900000000000002,1.2900000000000005,0.1399999999999999,2.22,-2.08,0.27,1.6600000000000001
2022-06-03,4108.5400390625,24.790000915527344,0.32232582097686413,0.061454414539184654,0.10389393486840946,-0.04243952032922481,118.87000274658203,8.52299976348877,4.477499961853027,1845.4000244140625,21.889999389648438,130.71,0.9625,-0.038,0.225,101.018,3.6,50.0,1737.0,666113.0,1.38,-0.23616,296.311,294.05,9.059757964784154,5.906335651591377,-3.1534223131927774,3.04,2.74,8915050.0,789532.0,3322030.0,2.96,2.66,1.21,0.22,63.0,46.0,39.0,48.0,71.0,0.015214849302848037,1.0299999999999994,1.0699999999999998,-0.09999999999999987,2.1299999999999994,-2.2299999999999995,0.2999999999999998,1.75
2022-06-10,3900.860107421875,27.75,0.3124962369743528,0.07700625000000001,0.09765389812313087,-0.020647648123130857,120.66999816894531,8.850000381469727,4.301000118255615,1871.5,21.913000106811523,134.19,0.9886,-0.038,0.225,101.018,3.6,50.0,1737.0,666113.0,1.41,-0.21172,296.311,294.05,9.059757964784154,5.906335651591377,-3.1534223131927774,3.13,2.76,8918254.0,723384.0,3339405.0,3.15,3.06,1.39,0.39,63.0,46.0,39.0,48.0,71.0,-0.01813616834234444,1.0299999999999994,1.3699999999999997,-0.27,2.1299999999999994,-2.3999999999999995,0.08999999999999986,1.76
2022-06-17,3674.840087890625,31.1299991607666,0.2995902747937098,0.09690768477493295,0.08975433275097056,0.007153352023962389,109.55999755859375,6.943999767303467,4.017499923706055,1835.5999755859375,21.572999954223633,135.14,0.9717,-0.038,0.225,101.018,3.6,50.0,1737.0,666113.0,1.5,-0.18795,296.311,294.05,9.059757964784154,5.906335651591377,-3.1534223131927774,2.8,2.58,8932420.0,656870.0,3283954.0,3.25,3.17,1.63,0.67,63.0,46.0,39.0,48.0,71.0,-0.020971321016193915,1.0299999999999994,2.0100000000000002,-0.51,2.1299999999999994,-2.6399999999999997,0.08000000000000007,1.62
2022-06-24,3911.739990234375,27.229999542236328,0.30949421207755434,0.07414728750701906,0.09578666730950619,-0.021639379802487133,107.62000274658203,6.21999979019165,3.759999990463257,1826.5,21.115999221801758,135.22,0.9569,-0.038,0.225,101.018,3.6,50.0,1737.0,666113.0,1.55,-0.17221,296.311,294.05,9.059757964784154,5.906335651591377,-3.1534223131927774,2.82,2.56,8934346.0,758283.0,3147556.0,3.13,3.04,1.73,0.57,63.0,46.0,39.0,48.0,71.0,-0.028658680142437255,1.0299999999999994,2.0399999999999996,-0.5899999999999999,2.1299999999999994,-2.7199999999999993,0.08999999999999986,1.4
2022-07-01,3825.330078125,26.700000762939453,0.27873812501826983,0.07128900407409673,0.07769494233870063,-0.006405938264603894,108.43000030517578,5.730000019073486,3.61899995803833,1798.9000244140625,19.597000122070312,135.09,0.9623,-0.012,0.18,101.223,3.5,51.5,1703.0,659550.0,1.65,-0.16602,296.276,295.088,8.52481474562552,5.899916740834321,-2.6248980047911985,2.6,2.34,8913553.0,756627.0,3130087.0,2.88,2.84,1.73,0.54,63.0,58.0,35.0,48.0,76.0,-0.038831092823362834,1.1500000000000004,3.02,-0.5899999999999999,2.31,-2.9,0.040000000000000036,1.15
2022-07-08,3899.3798828125,24.639999389648438,0.27584626355855124,0.06071295699218753,0.07609116111921371,-0.01537820412702618,104.79000091552734,6.033999919891357,3.5320000648498535,1740.5999755859375,19.16699981689453,136.16,0.9775,-0.012,0.18,101.223,3.5,51.5,1703.0,659550.0,1.57,-0.16942,296.276,295.088,8.52481474562552,5.899916740834321,-2.6248980047911985,2.62,2.37,8891851.0,700457.0,3190627.0,3.09,3.12,1.98,0.72,63.0,58.0,35.0,48.0,76.0,0.017101982213409896,1.1500000000000004,2.4600000000000004,-0.8399999999999999,2.31,-3.15,-0.03000000000000025,1.1099999999999999
2022-07-15,3863.159912109375,24.229999542236328,0.26502603018625187,0.058709287781677263,0.07023879667628409,-0.011529508894606827,97.58999633789062,7.015999794006348,3.234499931335449,1702.4000244140625,18.54800033569336,138.57,0.9776,-0.012,0.18,101.223,3.5,51.5,1703.0,659550.0,1.58,-0.18279,296.276,295.088,8.52481474562552,5.899916740834321,-2.6248980047911985,2.59,2.36,8895867.0,652572.0,3273436.0,2.93,3.13,2.37,0.57,63.0,58.0,35.0,48.0,76.0,-0.012380816002287132,1.1500000000000004,2.4899999999999998,0.16000000000000014,2.31,-2.15,-0.19999999999999973,0.56
2022-07-22,3961.6298828125,23.030000686645508,0.26957816647770577,0.05303809316268925,0.07267238784148165,-0.0196342946787924,94.69999694824219,8.298999786376953,3.3485000133514404,1727.0999755859375,18.584999084472656,136.12,0.9613,-0.012,0.18,101.223,3.5,51.5,1703.0,659550.0,1.52,-0.20177,296.276,295.088,8.52481474562552,5.899916740834321,-2.6248980047911985,2.56,2.34,8899213.0,613878.0,3284324.0,2.77,2.98,2.49,0.43,63.0,58.0,35.0,48.0,76.0,0.04310906759324603,1.1500000000000004,2.06,0.10999999999999988,2.31,-2.2,-0.20999999999999996,0.2799999999999998
2022-07-29,4130.2900390625,21.329999923706055,0.22971102749300795,0.045496889674530035,0.05276715615189345,-0.007270266477363417,98.62000274658203,8.229000091552734,3.5840001106262207,1762.9000244140625,20.1560001373291,133.25,0.9513,-0.012,0.18,101.223,3.5,51.5,1703.0,659550.0,1.51,-0.21984,296.276,295.088,8.52481474562552,5.899916740834321,-2.6248980047911985,2.73,2.53,8890004.0,602945.0,3256875.0,2.67,2.89,2.41,0.14,63.0,58.0,35.0,48.0,76.0,0.020404567734375822,1.1500000000000004,1.8699999999999997,0.16999999999999993,2.31,-2.14,-0.2200000000000002,0.2599999999999998
2022-08-05,4145.18994140625,21.149999618530273,0.19956658165741412,0.044732248386383074,0.039826820514425335,0.004905427871957739,89.01000213623047,8.064000129699707,3.552999973297119,1772.9000244140625,19.819000244140625,135.33,0.9635,-0.018,0.22,101.0963,3.6,58.2,1557.0,663566.0,1.49,-0.23301,296.171,296.535,8.262692503116241,6.286089097732228,-1.9766034053840134,2.64,2.46,8874620.0,594115.0,3259011.0,2.83,3.24,2.58,0.37,65.0,63.0,32.0,45.0,72.0,-0.00802593301267011,1.08,1.5400000000000005,0.04999999999999982,2.2500000000000004,-2.2000000000000006,-0.41000000000000014,0.25
2022-08-12,4280.14990234375,19.530000686645508,0.1790797163747493,0.0381420926820374,0.03206954481686065,0.006072547865176754,92.08999633789062,8.767999649047852,3.6760001182556152,1798.5999755859375,20.677000045776367,133.57,0.943,-0.018,0.22,101.0963,3.6,58.2,1557.0,663566.0,1.41,-0.24043,296.171,296.535,8.262692503116241,6.286089097732228,-1.9766034053840134,2.67,2.47,8879138.0,557265.0,3348147.0,2.84,3.25,2.63,0.37,65.0,63.0,32.0,45.0,72.0,0.024929706795872773,1.08,1.35,0.07000000000000028,2.2500000000000004,-2.18,-0.41000000000000014,0.20999999999999996
2022-08-19,4228.47998046875,20.600000381469727,0.18346817821240552,0.04243600157165529,0.03366057241657899,0.008775429155076293,90.7699966430664,9.336000442504883,3.683500051498413,1747.5999755859375,19.058000564575195,137.01,0.959,-0.018,0.22,101.0963,3.6,58.2,1557.0,663566.0,1.42,-0.2381,296.171,296.535,8.262692503116241,6.286089097732228,-1.9766034053840134,2.72,2.55,8849762.0,545321.0,3346750.0,2.98,3.25,2.74,0.43,65.0,63.0,32.0,45.0,72.0,-0.02022433043844189,1.08,1.5500000000000003,-0.040000000000000036,2.2500000000000004,-2.2900000000000005,-0.27,0.23999999999999977
2022-08-26,4057.659912109375,25.559999465942383,0.21363613935350956,0.0653313572698975,0.045640400037872154,0.019690957232025345,93.05999755859375,9.295999526977539,3.7114999294281006,1736.0999755859375,18.739999771118164,137.07,0.9635,-0.018,0.22,101.0963,3.6,58.2,1557.0,663566.0,1.42,-0.22565,296.171,296.535,8.262692503116241,6.286089097732228,-1.9766034053840134,2.73,2.57,8851436.0,535267.0,3307365.0,3.04,3.37,2.89,0.47,65.0,63.0,32.0,45.0,72.0,0.009494921186497935,1.08,1.7500000000000004,-0.13999999999999968,2.2500000000000004,-2.39,-0.33000000000000007,0.1499999999999999
2022-09-02,3924.260009765625,25.469999313354492,0.20106687248580285,0.06487208650222782,0.040427887211222105,0.02444419929100572,86.87000274658203,8.78600025177002,3.4214999675750732,1709.800048828125,17.775999069213867,140.03,0.9801,-0.049,0.24,101.2918,3.5,58.6,1600.0,661854.0,1.5,-0.20486,296.808,298.226,8.20166964383362,6.624287624509306,-1.5773820193243138,2.55,2.47,8826093.0,612536.0,3248654.0,3.2,3.4,2.94,0.73,67.0,58.0,36.0,50.0,69.0,-0.01782266028596739,1.1000000000000005,1.5399999999999996,-0.20999999999999996,2.1700000000000004,-2.3800000000000003,-0.19999999999999973,0.26000000000000023
2022-09-09,4067.360107421875,22.790000915527344,0.19390726430394117,0.05193841417297372,0.0376000271498385,0.014338387023135224,86.79000091552734,7.995999813079834,3.5810000896453857,1716.199951171875,18.658000946044922,142.44,0.9604,-0.049,0.24,101.2918,3.5,58.6,1600.0,661854.0,1.47,-0.17918,296.808,298.226,8.20166964383362,6.624287624509306,-1.5773820193243138,2.51,2.42,8822401.0,581295.0,3285498.0,3.33,3.56,3.08,0.91,67.0,58.0,36.0,50.0,69.0,0.0040210916300760235,1.1000000000000005,1.0500000000000003,-0.33999999999999986,2.1700000000000004,-2.5100000000000002,-0.22999999999999998,0.25
2022-09-16,3873.330078125,26.299999237060547,0.2270104735737759,0.06916899598693853,0.05153375511219001,0.01763524087474852,85.11000061035156,7.763999938964844,3.561000108718872,1671.699951171875,19.29599952697754,143.04,0.9647,-0.049,0.24,101.2918,3.5,58.6,1600.0,661854.0,1.48,-0.15154,296.808,298.226,8.20166964383362,6.624287624509306,-1.5773820193243138,2.49,2.38,8832759.0,593808.0,3234928.0,3.45,3.85,3.2,1.07,67.0,58.0,36.0,50.0,69.0,-0.01795271446349478,1.1000000000000005,1.48,-0.45999999999999996,2.1700000000000004,-2.6300000000000003,-0.3999999999999999,0.25
2022-09-23,3693.22998046875,29.920000076293945,0.22653562699464067,0.08952064045654297,0.05131839029785497,0.038202250158688,78.73999786376953,6.828000068664551,3.371500015258789,1645.300048828125,18.840999603271484,143.18,0.9816,-0.049,0.24,101.2918,3.5,58.6,1600.0,661854.0,1.51,-0.12639,296.808,298.226,8.20166964383362,6.624287624509306,-1.5773820193243138,2.38,2.37,8816802.0,692496.0,3104032.0,3.69,4.2,3.24,1.32,67.0,58.0,36.0,50.0,69.0,-0.03295362046456544,1.1000000000000005,1.6,-0.48,2.1700000000000004,-2.6500000000000004,-0.5100000000000002,0.44999999999999973
2022-09-30,3585.6201171875,31.6200008392334,0.23254677445060784,0.09998244530731208,0.05407800230738188,0.045904442999930205,79.48999786376953,6.765999794006348,3.441999912261963,1662.4000244140625,18.959999084472656,144.71,0.9845,-0.049,0.24,101.2918,3.5,58.6,1600.0,661854.0,1.67,-0.10757,296.808,298.226,8.20166964383362,6.624287624509306,-1.5773820193243138,2.14,2.15,8795567.0,689569.0,2960598.0,3.83,4.22,3.33,1.68,65.0,51.0,35.0,54.0,65.0,0.03141751832745299,1.1000000000000005,1.9099999999999997,-0.5800000000000001,2.1700000000000004,-2.7500000000000004,-0.3899999999999997,0.5
2022-10-07,3639.659912109375,31.360000610351562,0.26739612120119927,0.09834496382812503,0.07150068563344644,0.026844278194678592,92.63999938964844,6.748000144958496,3.4124999046325684,1700.5,20.191999435424805,145.19,0.9914,-0.05,0.245,101.2529,3.6,59.9,1594.0,668671.0,1.6,-0.10031,298.012,299.399,7.7454273308049215,6.294999786983246,-1.4504275438216752,2.36,2.27,8759053.0,633939.0,2972874.0,3.89,4.3,3.45,1.62,65.0,51.0,35.0,54.0,65.0,0.03892208529119519,1.1600000000000001,1.0399999999999996,0.2799999999999998,2.28,-2.0,-0.4099999999999997,0.43999999999999995
2022-10-14,3583.070068359375,32.02000045776367,0.2716609716784994,0.10252804293151856,0.07379968353330645,0.02872835939821211,85.61000061035156,6.453000068664551,3.450500011444092,1641.699951171875,18.014999389648438,148.46,1.0049,-0.05,0.245,101.2529,3.6,59.9,1594.0,668671.0,1.7,-0.10202,298.012,299.399,7.7454273308049215,6.294999786983246,-1.4504275438216752,2.44,2.41,8758969.0,608302.0,3087912.0,4.0,4.48,3.81,1.59,65.0,51.0,35.0,54.0,65.0,-0.01853483193409574,1.1600000000000001,1.1700000000000004,0.20000000000000018,2.28,-2.0799999999999996,-0.4800000000000004,0.18999999999999995
2022-10-21,3752.75,29.690000534057617,0.28512635662038505,0.08814961317123414,0.081297039239615,0.006852573931619144,85.05000305175781,4.959000110626221,3.5230000019073486,1651.0,19.042999267578125,146.35,0.9981,-0.05,0.245,101.2529,3.6,59.9,1594.0,668671.0,1.71,-0.11232,298.012,299.399,7.7454273308049215,6.294999786983246,-1.4504275438216752,2.69,2.52,8743922.0,607199.0,3092044.0,4.21,4.49,4.09,1.69,65.0,51.0,35.0,54.0,65.0,0.03595840675822903,1.1600000000000001,1.0100000000000002,-0.2599999999999998,2.28,-2.5399999999999996,-0.28000000000000025,0.1200000000000001
2022-10-28,3901.06005859375,25.75,0.27011663515762546,0.06630625,0.07296299658887774,-0.006656746588877743,87.9000015258789,5.684000015258789,3.4660000801086426,1639.5999755859375,19.14699935913086,147.68,0.9968,-0.05,0.245,101.2529,3.6,59.9,1594.0,668671.0,1.66,-0.12735,298.012,299.399,7.7454273308049215,6.294999786983246,-1.4504275438216752,2.62,2.51,8723090.0,634548.0,3042838.0,4.02,4.41,4.18,1.51,65.0,51.0,35.0,54.0,65.0,-0.01657665238055713,1.1600000000000001,0.56,0.16000000000000014,2.28,-2.1199999999999997,-0.39000000000000057,-0.16000000000000014
2022-11-04,3770.550048828125,24.549999237060547,0.2725270851339596,0.06027024625396734,0.07427101213161248,-0.014000765877645142,92.61000061035156,6.400000095367432,3.7144999504089355,1672.5,20.790000915527344,147.22,0.9981,-0.067,0.25,100.9552,3.6,56.7,1401.0,659458.0,1.61,-0.14506,297.711,300.325,7.110322794191726,5.969880665899807,-1.1404421282919186,2.61,2.48,8676870.0,598544.0,3062727.0,4.17,4.66,4.21,1.69,69.0,50.0,36.0,52.0,63.0,-0.0024884205300427596,1.17,0.8799999999999994,0.22000000000000064,2.18,-1.9599999999999995,-0.4900000000000002,-0.040000000000000036
2022-11-11,3992.929931640625,22.520000457763672,0.30286729279870145,0.0507150420617676,0.09172859704721435,-0.04101355498544675,88.95999908447266,5.879000186920166,3.9509999752044678,1766.0,21.645999908447266,141.78,0.9672,-0.067,0.25,100.9552,3.6,56.7,1401.0,659458.0,1.58,-0.16199,297.711,300.325,7.110322794191726,5.969880665899807,-1.1404421282919186,2.47,2.39,8678886.0,527479.0,3067888.0,3.82,4.34,4.28,1.43,69.0,50.0,36.0,52.0,63.0,0.03900646680287252,1.17,0.9199999999999995,0.1200000000000001,2.18,-2.06,-0.52,-0.4600000000000004
2022-11-18,3965.340087890625,23.1200008392334,0.27139639966544515,0.053453443880615306,0.07365600575136604,-0.02020256187075073,80.08000183105469,6.302999973297119,3.631999969482422,1751.9000244140625,20.97599983215332,140.03,0.9522,-0.067,0.25,100.9552,3.6,56.7,1401.0,659458.0,1.45,-0.17479,297.711,300.325,7.110322794191726,5.969880665899807,-1.1404421282919186,2.28,2.25,8625620.0,502982.0,3128277.0,3.82,4.51,4.34,1.57,69.0,50.0,36.0,52.0,63.0,-0.02645191389552859,1.17,0.7600000000000002,0.0699999999999994,2.18,-2.1100000000000008,-0.69,-0.52
2022-11-25,4026.1201171875,20.5,0.2620029493618582,0.04202499999999999,0.06864554547431242,-0.026620545474312432,76.27999877929688,7.02400016784668,3.626499891281128,1753.300048828125,21.424999237060547,139.21,0.9459,-0.067,0.25,100.9552,3.6,56.7,1401.0,659458.0,1.4,-0.18267,297.711,300.325,7.110322794191726,5.969880665899807,-1.1404421282919186,2.34,2.32,8621390.0,479474.0,3160730.0,3.68,4.42,4.41,1.36,69.0,50.0,36.0,52.0,63.0,-0.007549177394189734,1.17,0.6299999999999994,0.010000000000000675,2.18,-2.1699999999999995,-0.7399999999999998,-0.73
2022-12-02,4071.699951171875,19.059999465942383,0.2552862236130993,0.036328357964172386,0.06517105596663733,-0.028842698002464945,79.9800033569336,6.281000137329102,3.8480000495910645,1795.9000244140625,23.038000106811523,134.89,0.9369,-0.07,0.41,99.7664,3.5,59.8,1410.0,651763.0,1.4,-0.18747,296.797,301.394,6.4544013314108195,5.685531944736666,-0.7688693866741536,2.51,2.43,8584576.0,511474.0,3168995.0,3.51,4.28,4.34,1.08,68.0,58.0,37.0,42.0,59.0,-0.004022735493274772,1.1600000000000001,0.8799999999999999,0.010000000000000675,1.9699999999999998,-1.959999999999999,-0.7700000000000005,-0.8300000000000001
2022-12-09,3934.3798828125,22.829999923706055,0.2542672315430806,0.05212088965164184,0.06465182503658257,-0.012530935384940725,71.0199966430664,6.244999885559082,3.875999927520752,1798.0999755859375,23.53499984741211,136.4,0.932,-0.07,0.41,99.7664,3.5,59.8,1410.0,651763.0,1.37,-0.19066,296.797,301.394,6.4544013314108195,5.685531944736666,-0.7688693866741536,2.3,2.26,8582735.0,432335.0,3199048.0,3.57,4.33,4.31,1.31,68.0,58.0,37.0,42.0,59.0,-0.03463510885188933,1.1600000000000001,0.8399999999999999,0.040000000000000036,1.9699999999999998,-1.9299999999999997,-0.7600000000000002,-0.7399999999999998
2022-12-16,3852.360107421875,22.6200008392334,0.24784750092126798,0.05116644379669196,0.06142838371291793,-0.010261939916225968,74.29000091552734,6.599999904632568,3.7614998817443848,1790.0,23.150999069213867,136.55,0.9324,-0.07,0.41,99.7664,3.5,59.8,1410.0,651763.0,1.39,-0.1972,296.797,301.394,6.4544013314108195,5.685531944736666,-0.7688693866741536,2.14,2.13,8583413.0,355517.0,3188634.0,3.48,4.17,4.31,1.35,68.0,58.0,37.0,42.0,59.0,-0.00527872989303102,1.1600000000000001,1.0499999999999998,0.03000000000000025,1.9699999999999998,-1.9399999999999995,-0.69,-0.8299999999999996
2022-12-23,3844.820068359375,20.8700008392334,0.18578695694243194,0.04355569350296028,0.03451679336992906,0.00903890013303122,79.55999755859375,5.078999996185303,3.802999973297119,1795.9000244140625,23.763999938964844,132.78,0.9335,-0.07,0.41,99.7664,3.5,59.8,1410.0,651763.0,1.38,-0.20736,296.797,301.394,6.4544013314108195,5.685531944736666,-0.7688693866741536,2.29,2.2,8564411.0,459780.0,3088621.0,3.75,4.31,4.34,1.55,68.0,58.0,37.0,42.0,59.0,-0.009452858676737508,1.1600000000000001,0.9699999999999998,0.21999999999999975,1.9699999999999998,-1.75,-0.5599999999999996,-0.5899999999999999
2022-12-30,3839.5,21.670000076293945,0.18939564993632577,0.04695889033065796,0.03587071221480326,0.011088178115854705,80.26000213623047,4.474999904632568,3.805500030517578,1819.699951171875,23.86199951171875,131.81,0.9241,-0.07,0.41,99.7664,3.5,59.8,1410.0,651763.0,1.38,-0.22471,296.797,301.394,6.4544013314108195,5.685531944736666,-0.7688693866741536,2.33,2.3,8551169.0,427926.0,3017889.0,3.88,4.41,4.42,1.58,68.0,58.0,37.0,42.0,59.0,0.004696476157700561,1.1600000000000001,1.17,0.15000000000000036,1.9699999999999998,-1.8199999999999994,-0.5300000000000002,-0.54
2023-01-06,3895.080078125,21.1299991607666,0.2004638259454302,0.04464768645339973,0.040185745512679734,0.0044619409407199995,73.7699966430664,3.7100000381469727,3.9084999561309814,1864.199951171875,23.82200050354004,132.21,0.9293,-0.02,0.49,100.505,3.5,64.9,1410.0,680253.0,1.4,-0.24739,299.17,302.642,6.410146968856267,5.539533472591773,-0.870613496264494,2.18,2.21,8507429.0,423625.0,2830144.0,3.55,4.24,4.67,1.34,70.0,47.0,34.0,38.0,68.0,0.012751904812407178,1.0999999999999996,0.94,0.04999999999999982,1.9700000000000002,-1.9200000000000004,-0.6900000000000004,-1.12
2023-01-13,3999.090087890625,18.350000381469727,0.17851241789176667,0.03367225139999391,0.031866683341564735,0.0018055680584291786,79.86000061035156,3.4189999103546143,4.207499980926514,1918.4000244140625,24.231000900268555,127.85,0.9284,-0.02,0.49,100.505,3.5,64.9,1410.0,680253.0,1.32,-0.27182,299.17,302.642,6.410146968856267,5.539533472591773,-0.870613496264494,2.2,2.18,8508587.0,372340.0,3081237.0,3.49,4.22,4.67,1.31,70.0,47.0,34.0,38.0,68.0,0.03791088375762504,1.0999999999999996,0.6800000000000002,0.08000000000000007,1.9700000000000002,-1.8900000000000001,-0.7299999999999995,-1.1799999999999997
2023-01-20,3972.610107421875,19.850000381469727,0.18171918995356273,0.03940225151443483,0.03302186399737901,0.006380387517055816,81.30999755859375,3.1740000247955322,4.248499870300293,1926.4000244140625,23.829999923706055,129.97,0.9221,-0.02,0.49,100.505,3.5,64.9,1410.0,680253.0,1.29,-0.29272,299.17,302.642,6.410146968856267,5.539533472591773,-0.870613496264494,2.23,2.23,8489039.0,339018.0,3147332.0,3.48,4.14,4.72,1.25,70.0,47.0,34.0,38.0,68.0,0.013209314321782925,1.0999999999999996,0.8199999999999998,0.05999999999999961,1.9700000000000002,-1.9100000000000006,-0.6599999999999997,-1.2399999999999998
2023-01-27,4070.56005859375,18.510000228881836,0.1791934257647224,0.03426201084732056,0.03211028383729708,0.002151727010023481,79.68000030517578,3.1089999675750732,4.223999977111816,1928.5999755859375,23.527000427246094,129.94,0.9218,-0.02,0.49,100.505,3.5,64.9,1410.0,680253.0,1.25,-0.30935,299.17,302.642,6.410146968856267,5.539533472591773,-0.870613496264494,2.33,2.33,8470557.0,491848.0,3031889.0,3.52,4.19,4.73,1.19,70.0,47.0,34.0,38.0,68.0,0.030579159592635984,1.0999999999999996,0.7000000000000006,0.040000000000000036,1.9700000000000002,-1.9300000000000002,-0.6700000000000004,-1.2100000000000004
2023-02-03,4136.47998046875,18.329999923706055,0.17240329952036,0.0335988897203064,0.02972289768550696,0.0038759920347994394,73.38999938964844,2.4100000858306885,4.063000202178955,1862.9000244140625,22.333999633789062,131.07,0.925,-0.019,0.5,100.6416,3.6,66.9,1618.0,672152.0,1.2,-0.31659,300.84,304.123,6.035613077866597,5.498260329618088,-0.5373527482485096,2.27,2.22,8433610.0,560089.0,3015506.0,3.53,4.3,4.7,1.31,80.0,49.0,38.0,57.0,69.0,0.007118490795623286,1.0300000000000002,0.20000000000000018,0.05999999999999961,1.8399999999999999,-1.7800000000000002,-0.77,-1.1700000000000004
2023-02-10,4090.4599609375,20.530000686645508,0.16697997884993346,0.0421480928193665,0.027882313336724224,0.01426577948264228,79.72000122070312,2.5139999389648438,4.027500152587891,1862.800048828125,22.034000396728516,131.5,0.9246,-0.019,0.5,100.6416,3.6,66.9,1618.0,672152.0,1.23,-0.3127,300.84,304.123,6.035613077866597,5.498260329618088,-0.5373527482485096,2.47,2.33,8435369.0,493277.0,3037584.0,3.74,4.5,4.79,1.41,80.0,49.0,38.0,57.0,69.0,0.0018925333405745979,1.0300000000000002,0.4900000000000002,0.0,1.8399999999999999,-1.8399999999999999,-0.7599999999999998,-1.0499999999999998
2023-02-17,4079.090087890625,20.020000457763672,0.16350070364478328,0.04008004183288577,0.026732480092339247,0.013347561740546524,76.33999633789062,2.2750000953674316,4.113999843597412,1840.4000244140625,21.694000244140625,134.21,0.9266,-0.019,0.5,100.6416,3.6,66.9,1618.0,672152.0,1.26,-0.29812,300.84,304.123,6.035613077866597,5.498260329618088,-0.5373527482485096,2.5,2.36,8384767.0,490379.0,3041038.0,3.82,4.6,4.84,1.46,80.0,49.0,38.0,57.0,69.0,-0.015121338711531354,1.0300000000000002,0.6299999999999999,0.019999999999999574,1.8399999999999999,-1.8200000000000003,-0.7799999999999998,-1.02
2023-02-24,3970.0400390625,21.670000076293945,0.16319052570231504,0.04695889033065796,0.026631147678997946,0.020327742651660017,76.31999969482422,2.4509999752044678,3.9549999237060547,1808.800048828125,20.805999755859375,136.36,0.94,-0.019,0.5,100.6416,3.6,66.9,1618.0,672152.0,1.28,-0.27274,300.84,304.123,6.035613077866597,5.498260329618088,-0.5373527482485096,2.47,2.38,8382190.0,477333.0,3016577.0,3.95,4.78,4.86,1.57,80.0,49.0,38.0,57.0,69.0,0.002721358051339589,1.0300000000000002,0.5300000000000002,0.0,1.8399999999999999,-1.8399999999999999,-0.8300000000000001,-0.9100000000000001
2023-03-03,4045.639892578125,18.489999771118164,0.1624630953609345,0.03418800915359498,0.026394257354256098,0.007793751799338885,79.68000030517578,3.009000062942505,4.078000068664551,1847.699951171875,21.093000411987305,136.09,0.9381,-0.017,0.32,101.0205,3.5,62.0,1480.0,665071.0,1.25,-0.24179,301.836,305.147,4.984974122099173,5.566741392671326,0.5817672705721533,2.71,2.52,8339684.0,381245.0,2998303.0,3.97,4.86,4.91,1.45,85.0,47.0,41.0,54.0,66.0,0.027505922181356647,1.1100000000000003,0.3899999999999997,0.02999999999999936,2.05,-2.0200000000000005,-0.8900000000000001,-0.94
2023-03-10,3861.590087890625,24.799999237060547,0.16645816421024331,0.06150399621582037,0.02770832043224433,0.033795675783576035,76.68000030517578,2.430000066757202,4.045499801635742,1862.0,20.375,135.05,0.9213,-0.017,0.32,101.0205,3.5,62.0,1480.0,665071.0,1.37,-0.20926,301.836,305.147,4.984974122099173,5.566741392671326,0.5817672705721533,2.34,2.26,8342283.0,333350.0,2999720.0,3.7,4.6,5.01,1.44,85.0,47.0,41.0,54.0,66.0,-0.030329068182537226,1.1100000000000003,0.9500000000000002,0.09999999999999964,2.05,-1.9500000000000002,-0.8999999999999995,-1.3099999999999996
2023-03-17,3916.639892578125,25.510000228881836,0.1658948512412412,0.06507601116775513,0.02752110166835355,0.03755490949940159,66.73999786376953,2.3380000591278076,3.9135000705718994,1969.800048828125,22.35099983215332,132.01,0.9284,-0.017,0.32,101.0205,3.5,62.0,1480.0,665071.0,1.62,-0.17776,301.836,305.147,4.984974122099173,5.566741392671326,0.5817672705721533,2.1,2.1,8639300.0,232866.0,3251482.0,3.39,3.81,4.52,1.29,85.0,47.0,41.0,54.0,66.0,-0.04098900487680757,1.1100000000000003,1.5099999999999998,0.5899999999999999,2.05,-1.46,-0.41999999999999993,-1.1299999999999994
2023-03-24,3970.989990234375,21.739999771118164,0.17014616753997008,0.04726275900482179,0.02894971832853957,0.01831304067628222,69.26000213623047,2.2160000801086426,4.101500034332275,1982.0999755859375,23.246999740600586,130.64,0.9181,-0.017,0.32,101.0205,3.5,62.0,1480.0,665071.0,1.54,-0.15903,301.836,305.147,4.984974122099173,5.566741392671326,0.5817672705721533,2.21,2.22,8733787.0,259587.0,3425075.0,3.38,3.76,4.74,1.16,85.0,47.0,41.0,54.0,66.0,0.006635881770486943,1.1100000000000003,1.5599999999999996,0.33000000000000007,2.05,-1.7199999999999998,-0.3799999999999999,-1.3600000000000003
2023-03-31,4109.31005859375,18.700000762939453,0.17349524902966856,0.03496900285339361,0.030100601435866712,0.0048684014175269,75.66999816894531,2.2160000801086426,4.104499816894531,1969.0,24.076000213623047,132.75,0.9129,-0.017,0.32,101.0205,3.5,62.0,1480.0,665071.0,1.45,-0.15506,301.836,305.147,4.984974122099173,5.566741392671326,0.5817672705721533,2.4,2.32,8705942.0,183577.0,3437592.0,3.48,4.06,4.85,1.16,81.0,49.0,41.0,50.0,65.0,0.023035404588506687,1.1100000000000003,0.9199999999999999,0.22000000000000064,2.05,-1.8299999999999992,-0.5799999999999996,-1.3699999999999997
2023-04-07,4105.02001953125,18.399999618530273,0.16321026007171843,0.03385599859619143,0.026637588992677968,0.00721840960351346,80.69999694824219,2.010999917984009,4.026000022888184,2011.9000244140625,25.024999618530273,132.11,0.9049,-0.015,0.385,101.253,3.4,63.7,1474.0,670494.0,1.46,-0.15824,303.363,306.534,4.930320398188925,5.514364195873522,0.5840437976845969,2.33,2.25,8632384.0,168793.0,3292058.0,3.39,3.97,4.95,1.14,81.0,49.0,41.0,50.0,65.0,-0.03525051498813858,1.0600000000000005,1.38,0.0600000000000005,2.0700000000000003,-2.01,-0.5800000000000001,-1.56
2023-04-14,4137.64013671875,17.06999969482422,0.16197153564506253,0.029138488958129895,0.026234778359219762,0.0029037105989101336,82.5199966430664,2.114000082015991,4.107500076293945,2002.199951171875,25.423999786376953,133.74,0.8955,-0.015,0.385,101.253,3.4,63.7,1474.0,670494.0,1.39,-0.16941,303.363,306.534,4.930320398188925,5.514364195873522,0.5840437976845969,2.31,2.3,8614797.0,109208.0,3413989.0,3.52,4.08,5.14,1.22,81.0,49.0,41.0,50.0,65.0,0.01949114649975418,1.0600000000000005,0.9699999999999998,-0.11000000000000032,2.0700000000000003,-2.1800000000000006,-0.56,-1.6199999999999997
2023-04-21,4133.52001953125,16.770000457763672,0.1375253812775099,0.02812329153533938,0.018913230495524472,0.009210061039814907,77.87000274658203,2.2330000400543213,3.9800000190734863,1979.5,25.05299949645996,134.28,0.8926,-0.015,0.385,101.253,3.4,63.7,1474.0,670494.0,1.38,-0.18286,303.363,306.534,4.930320398188925,5.514364195873522,0.5840437976845969,2.3,2.28,8593263.0,166555.0,3303152.0,3.57,4.17,5.14,1.29,81.0,49.0,41.0,50.0,65.0,-0.011237244546590844,1.0600000000000005,1.0,-0.1200000000000001,2.0700000000000003,-2.1900000000000004,-0.6000000000000001,-1.5699999999999998
2023-04-28,4169.47998046875,15.779999732971191,0.13385283537870749,0.02490083915725709,0.017916581538919365,0.006984257618337725,76.77999877929688,2.4100000858306885,3.869999885559082,1990.0999755859375,24.999000549316406,135.99,0.8911,-0.015,0.385,101.253,3.4,63.7,1474.0,670494.0,1.4,-0.19365,303.363,306.534,4.930320398188925,5.514364195873522,0.5840437976845969,2.2,2.18,8562768.0,291702.0,3135655.0,3.44,4.04,5.1,1.26,81.0,49.0,41.0,50.0,65.0,0.0039288779802277105,1.0600000000000005,1.04,-0.0600000000000005,2.0700000000000003,-2.130000000000001,-0.6000000000000001,-1.6599999999999997
2023-05-05,4136.25,17.190000534057617,0.13179260516766023,0.029549611836090117,0.017369290776878783,0.012180321059211335,71.33999633789062,2.13700008392334,3.871500015258789,2017.4000244140625,25.743000030517578,134.85,0.8913,-0.051,0.43,100.9286,3.6,59.0,1575.0,673902.0,1.48,-0.20207,304.127,307.652,4.047609272791974,5.337547036084689,1.2899377632927145,2.19,2.21,8503994.0,269216.0,3089706.0,3.44,3.92,5.26,1.23,78.0,51.0,45.0,50.0,63.0,-0.016400529750826585,1.0999999999999996,1.1999999999999997,0.0,2.1999999999999997,-2.1999999999999997,-0.48,-1.8199999999999998
2023-05-12,4124.080078125,17.030000686645508,0.12635933500782648,0.029002092338714647,0.01596668154362012,0.013035410795094526,70.04000091552734,2.2660000324249268,3.7165000438690186,2014.5,23.992000579833984,135.63,0.8971,-0.051,0.43,100.9286,3.6,59.0,1575.0,673902.0,1.48,-0.20878,304.127,307.652,4.047609272791974,5.337547036084689,1.2899377632927145,2.11,2.18,8503017.0,197666.0,3196429.0,3.46,3.98,5.25,1.28,78.0,51.0,45.0,50.0,63.0,-0.006678639241534853,1.0999999999999996,1.19,0.0,2.1999999999999997,-2.1999999999999997,-0.52,-1.79
2023-05-19,4191.97998046875,16.809999465942383,0.12649839061124213,0.028257608204498318,0.01600184282723439,0.012255765377263927,71.55000305175781,2.5850000381469727,3.7225000858306885,1978.699951171875,23.920000076293945,137.67,0.8989,-0.051,0.43,100.9286,3.6,59.0,1575.0,673902.0,1.45,-0.21291,304.127,307.652,4.047609272791974,5.337547036084689,1.2899377632927145,2.19,2.24,8456760.0,116220.0,3248878.0,3.7,4.28,5.29,1.46,78.0,51.0,45.0,50.0,63.0,0.04235263269916863,1.0999999999999996,1.0500000000000003,-0.04999999999999982,2.1999999999999997,-2.2499999999999996,-0.5800000000000001,-1.5899999999999999
2023-05-26,4205.4501953125,17.950000762939453,0.13433560920379253,0.032220252738952695,0.018046055900154068,0.014174196838798628,72.66999816894531,2.180999994277954,3.6735000610351562,1944.0999755859375,23.239999771118164,140.53,0.906,-0.051,0.43,100.9286,3.6,59.0,1575.0,673902.0,1.41,-0.21496,304.127,307.652,4.047609272791974,5.337547036084689,1.2899377632927145,2.13,2.23,8436255.0,61952.0,3240172.0,3.8,4.54,5.34,1.57,78.0,51.0,45.0,50.0,63.0,0.02469703095898601,1.0999999999999996,0.9600000000000004,0.019999999999999574,2.1999999999999997,-2.18,-0.7400000000000002,-1.54
2023-06-02,4282.3701171875,14.600000381469727,0.14248416155798532,0.02131600111389162,0.020301736294882064,0.0010142648190095555,71.73999786376953,2.171999931335449,3.7225000858306885,1952.4000244140625,23.64299964904785,139.76,0.9075,-0.066,0.395,100.1196,3.6,64.2,1464.0,677117.0,1.39,-0.21676,305.109,308.322,2.9691776545588855,4.853596327155252,1.8844186725963663,2.13,2.18,8385854.0,48954.0,3309447.0,3.69,4.5,5.5,1.51,94.0,58.0,43.0,53.0,72.0,0.012087747965063844,1.0999999999999996,0.6200000000000001,-0.05000000000000071,2.0,-2.0500000000000007,-0.81,-1.81
2023-06-09,4298.85986328125,13.829999923706055,0.12323724015138984,0.01912688978897095,0.015187417360131333,0.003939472428839616,70.16999816894531,2.253999948501587,3.7890000343322754,1962.199951171875,24.333999633789062,139.35,0.9026,-0.066,0.395,100.1196,3.6,64.2,1464.0,677117.0,1.4,-0.21784,305.109,308.322,2.9691776545588855,4.853596327155252,1.8844186725963663,2.13,2.2,8389325.0,44756.0,3349751.0,3.75,4.59,5.37,1.55,94.0,58.0,43.0,53.0,72.0,0.0071152942812125666,1.0999999999999996,0.54,0.08999999999999986,2.0,-1.9100000000000001,-0.8399999999999999,-1.62
2023-06-16,4409.58984375,13.539999961853027,0.11647877647635474,0.018333159896698,0.013567305369428611,0.004765854527269388,71.77999877929688,2.631999969482422,3.884500026702881,1958.4000244140625,24.076000213623047,141.82,0.8943,-0.066,0.395,100.1196,3.6,64.2,1464.0,677117.0,1.35,-0.21985,305.109,308.322,2.9691776545588855,4.853596327155252,1.8844186725963663,2.17,2.22,8388323.0,102118.0,3325261.0,3.77,4.7,5.34,1.55,94.0,58.0,43.0,53.0,72.0,0.007985640464899545,1.0999999999999996,0.40000000000000036,0.11000000000000032,2.0,-1.8899999999999997,-0.9300000000000002,-1.5699999999999998
2023-06-23,4348.330078125,13.4399995803833,0.11230660890117715,0.018063358872070327,0.012612774402881962,0.005450584469188365,69.16000366210938,2.7290000915527344,3.805999994277954,1919.0999755859375,22.327999114990234,143.78,0.8979,-0.066,0.395,100.1196,3.6,64.2,1464.0,677117.0,1.35,-0.22387,305.109,308.322,2.9691776545588855,4.853596327155252,1.8844186725963663,2.16,2.21,8362060.0,276850.0,3251558.0,3.74,4.71,5.41,1.53,94.0,58.0,43.0,53.0,72.0,-0.010779786988310393,1.0999999999999996,0.6500000000000004,0.04999999999999982,2.0,-1.9500000000000002,-0.9699999999999998,-1.67
2023-06-30,4450.3798828125,13.59000015258789,0.11434132059848792,0.018468810414733892,0.013073937596206198,0.005394872818527694,70.63999938964844,2.7980000972747803,3.740999937057495,1921.0999755859375,22.809999465942383,144.47,0.8947,-0.066,0.395,100.1196,3.6,64.2,1464.0,677117.0,1.3,-0.22997,305.109,308.322,2.9691776545588855,4.853596327155252,1.8844186725963663,2.18,2.22,8340914.0,390571.0,3171567.0,3.81,4.87,5.43,1.59,85.0,70.0,35.0,52.0,76.0,0.029552586813643332,1.0999999999999996,0.2999999999999998,0.03000000000000025,2.0,-1.9699999999999998,-1.06,-1.6199999999999997
2023-07-07,4398.9501953125,14.829999923706055,0.11026677363352394,0.021992889773712162,0.01215876136754681,0.009834128406165352,73.86000061035156,2.5820000171661377,3.7669999599456787,1926.199951171875,23.091999053955078,142.21,0.8887,-0.046,0.595,100.9067,3.5,71.5,1522.0,678424.0,1.28,-0.23872,305.691,308.96,3.177780177942169,4.700970557935236,1.5231903799930668,2.22,2.27,8298312.0,415441.0,3114989.0,4.06,4.94,5.46,1.79,85.0,70.0,35.0,52.0,76.0,0.0035344491443447534,1.08,0.18000000000000016,-0.019999999999999574,1.8400000000000003,-1.8599999999999999,-0.8800000000000008,-1.4000000000000004
2023-07-14,4505.419921875,13.34000015258789,0.10087415245898519,0.017795560407104498,0.010175594634318589,0.007619965772785909,75.41999816894531,2.5390000343322754,3.921999931335449,1960.0999755859375,25.013999938964844,138.74,0.8616,-0.046,0.595,100.9067,3.5,71.5,1522.0,678424.0,1.28,-0.2516,305.691,308.96,3.177780177942169,4.700970557935236,1.5231903799930668,2.15,2.24,8296923.0,514337.0,3166607.0,3.83,4.74,5.49,1.59,85.0,70.0,35.0,52.0,76.0,0.004430044951777047,1.08,0.0,-0.04999999999999982,1.8400000000000003,-1.8900000000000001,-0.9100000000000001,-1.6600000000000001
2023-07-21,4536.33984375,13.600000381469727,0.09425506383637036,0.01849600103759767,0.008884017058798252,0.009611983978799418,77.06999969482422,2.7130000591278076,3.802999973297119,1964.300048828125,24.697999954223633,141.75,0.8658,-0.046,0.595,100.9067,3.5,71.5,1522.0,678424.0,1.26,-0.26656,305.691,308.96,3.177780177942169,4.700970557935236,1.5231903799930668,2.23,2.35,8274552.0,531135.0,3230457.0,3.84,4.82,5.5,1.49,85.0,70.0,35.0,52.0,76.0,-0.015908172562561974,1.08,-0.009999999999999787,-0.0699999999999994,1.8400000000000003,-1.9099999999999997,-0.9800000000000004,-1.6600000000000001
2023-07-28,4582.22998046875,13.329999923706055,0.09606857611861061,0.01776888979660034,0.00922917131745728,0.00853971847914306,80.58000183105469,2.638000011444092,3.9170000553131104,1960.4000244140625,24.3700008392334,140.72,0.8687,-0.046,0.595,100.9067,3.5,71.5,1522.0,678424.0,1.19,-0.28256,305.691,308.96,3.177780177942169,4.700970557935236,1.5231903799930668,2.28,2.38,8243344.0,543597.0,3172244.0,3.96,4.87,5.52,1.58,85.0,70.0,35.0,52.0,76.0,0.017606627941940976,1.08,-0.08000000000000007,-0.08000000000000007,1.8400000000000003,-1.9200000000000004,-0.9100000000000001,-1.5599999999999996
2023-08-04,4478.02978515625,17.100000381469727,0.09925782517803557,0.02924100130462648,0.009852115859073472,0.019388885445553006,82.81999969482422,2.5769999027252197,3.8450000286102295,1939.5999755859375,23.617000579833984,141.79,0.8713,-0.064,0.64,100.8393,3.7,69.4,1561.0,684755.0,1.22,-0.3,307.026,309.58,3.6651123843995492,4.399143440066089,0.7340310556665397,2.26,2.38,8206764.0,517459.0,3189533.0,4.05,4.78,5.54,1.67,76.0,59.0,36.0,47.0,70.0,0.01563742224751752,1.0699999999999994,-0.16000000000000014,-0.08000000000000007,1.8499999999999996,-1.9299999999999997,-0.7300000000000004,-1.4900000000000002
2023-08-11,4464.0498046875,14.84000015258789,0.0960764011770301,0.02202256045288086,0.009230674863129631,0.01279188558975123,83.19000244140625,2.7699999809265137,3.7144999504089355,1912.9000244140625,22.673999786376953,144.94,0.8765,-0.064,0.64,100.8393,3.7,69.4,1561.0,684755.0,1.22,-0.31584,307.026,309.58,3.6651123843995492,4.399143440066089,0.7340310556665397,2.3,2.36,8208241.0,444594.0,3222856.0,4.16,4.89,5.54,1.8,76.0,59.0,36.0,47.0,70.0,-0.012837486923151861,1.0699999999999994,-0.33999999999999986,0.05999999999999961,1.8499999999999996,-1.79,-0.7299999999999995,-1.38
2023-08-18,4369.7099609375,17.299999237060547,0.09902401717533016,0.029928997360229553,0.009805755977540083,0.02012324138268947,81.25,2.5510001182556152,3.6989998817443848,1886.0999755859375,22.69499969482422,145.15,0.8817,-0.064,0.64,100.8393,3.7,69.4,1561.0,684755.0,1.27,-0.32831,307.026,309.58,3.6651123843995492,4.399143440066089,0.7340310556665397,2.22,2.32,8145727.0,435795.0,3245971.0,4.26,4.92,5.55,1.94,76.0,59.0,36.0,47.0,70.0,-0.004618982539327316,1.0699999999999994,-0.15000000000000036,0.040000000000000036,1.8499999999999996,-1.8099999999999996,-0.6600000000000001,-1.29
2023-08-25,4405.7099609375,15.680000305175781,0.10788374363889758,0.02458624095703126,0.011638902141543374,0.012947338815487885,79.83000183105469,2.5399999618530273,3.759999990463257,1911.0999755859375,24.219999313354492,146.38,0.886,-0.064,0.64,100.8393,3.7,69.4,1561.0,684755.0,1.23,-0.33705,307.026,309.58,3.6651123843995492,4.399143440066089,0.7340310556665397,2.25,2.33,8139066.0,413787.0,3186789.0,4.25,5.03,5.61,1.92,76.0,59.0,36.0,47.0,70.0,0.006250727178513197,1.0699999999999994,-0.27,-0.019999999999999574,1.8499999999999996,-1.8699999999999992,-0.7800000000000002,-1.3600000000000003
2023-09-01,4515.77001953125,13.09000015258789,0.11438091724781169,0.017134810399475103,0.013082994230450744,0.0040518161690243585,85.55000305175781,2.765000104904175,3.8125,1939.800048828125,24.23200035095215,146.2,0.8857,-0.054,0.765,101.0211,3.7,67.8,1537.0,689403.0,1.22,-0.34252,307.789,310.539,3.69969812134443,4.128747996485882,0.42904987514145176,2.17,2.26,8121316.0,470800.0,3238345.0,4.18,4.87,5.53,1.92,96.0,61.0,36.0,51.0,68.0,0.03725411948994946,1.0300000000000002,-0.5699999999999998,0.020000000000000462,1.7800000000000002,-1.7599999999999998,-0.6900000000000004,-1.3500000000000005
2023-09-08,4457.490234375,13.84000015258789,0.11451276277538804,0.019154560422363288,0.013113172838452297,0.006041387583910991,87.51000213623047,2.6050000190734863,3.680500030517578,1918.4000244140625,22.892000198364258,147.7,0.8927,-0.054,0.765,101.0211,3.7,67.8,1537.0,689403.0,1.23,-0.34218,307.789,310.539,3.69969812134443,4.128747996485882,0.42904987514145176,2.26,2.33,8101318.0,470881.0,3307291.0,4.26,4.98,5.55,1.93,96.0,61.0,36.0,51.0,68.0,-0.009684610605163568,1.0300000000000002,-0.5299999999999998,0.040000000000000036,1.7800000000000002,-1.7400000000000002,-0.7200000000000006,-1.29
2023-09-15,4450.31982421875,13.789999961853027,0.11446334073042315,0.01901640989479065,0.013101856371168947,0.005914553523621703,90.7699966430664,2.6440000534057617,3.7634999752044678,1923.699951171875,23.125999450683594,147.83,0.896,-0.054,0.765,101.0211,3.7,67.8,1537.0,689403.0,1.22,-0.33738,307.789,310.539,3.69969812134443,4.128747996485882,0.42904987514145176,2.27,2.35,8098779.0,521507.0,3335459.0,4.33,5.02,5.56,1.98,96.0,61.0,36.0,51.0,68.0,-0.010626440772758244,1.0300000000000002,-0.5899999999999999,0.019999999999999574,1.7800000000000002,-1.7600000000000007,-0.6899999999999995,-1.2299999999999995
2023-09-22,4320.06005859375,17.200000762939453,0.1204718889842306,0.029584002624511774,0.014513476035428782,0.015070526589082991,90.02999877929688,2.63700008392334,3.6654999256134033,1925.4000244140625,23.59600067138672,148.24,0.9064,-0.054,0.765,101.0211,3.7,67.8,1537.0,689403.0,1.2,-0.32839,307.789,310.539,3.69969812134443,4.128747996485882,0.42904987514145176,2.29,2.37,8024090.0,640296.0,3231649.0,4.44,5.1,5.56,2.07,96.0,61.0,36.0,51.0,68.0,-0.01765155571624614,1.0300000000000002,-0.44999999999999973,0.019999999999999574,1.7800000000000002,-1.7600000000000007,-0.6599999999999993,-1.1199999999999992
2023-09-29,4288.0498046875,17.520000457763672,0.12112273892266491,0.030695041604003923,0.014670717884128045,0.016024323719875878,90.79000091552734,2.928999900817871,3.7260000705718994,1848.0999755859375,22.236000061035156,149.43,0.9141,-0.054,0.765,101.0211,3.7,67.8,1537.0,689403.0,1.24,-0.31615,307.789,310.539,3.69969812134443,4.128747996485882,0.42904987514145176,2.22,2.35,8002064.0,681143.0,3170324.0,4.59,5.03,5.55,2.24,96.0,61.0,36.0,51.0,68.0,0.03263802517118057,1.0300000000000002,-0.34999999999999964,0.019999999999999574,1.7800000000000002,-1.7600000000000007,-0.4400000000000004,-0.96
2023-10-06,4308.5,17.450000762939453,0.12259739761595055,0.030450252662658744,0.015030121902203477,0.015420130760455267,82.79000091552734,3.3380000591278076,3.624500036239624,1830.199951171875,21.540000915527344,149.08,0.9082,-0.02,0.95,100.4689,3.9,63.8,1528.0,686148.0,1.29,-0.30494,307.671,311.457,3.241144651893202,4.027401561127464,0.786256909234262,2.17,2.31,7955782.0,668009.0,3145720.0,4.78,5.08,5.63,2.47,82.0,59.0,39.0,57.0,64.0,0.00916408976810838,1.0199999999999996,-0.46999999999999975,-0.020000000000000462,1.83,-1.8500000000000005,-0.2999999999999998,-0.8499999999999996
2023-10-13,4327.77978515625,19.31999969482422,0.11505603957067355,0.03732623882080079,0.013237892241688398,0.024088346579112394,87.69000244140625,3.2360000610351562,3.5799999237060547,1927.4000244140625,22.726999282836914,149.62,0.9018,-0.02,0.95,100.4689,3.9,63.8,1528.0,686148.0,1.27,-0.2954,307.671,311.457,3.241144651893202,4.027401561127464,0.786256909234262,2.26,2.34,7952054.0,709160.0,3288945.0,4.63,5.04,5.62,2.29,82.0,59.0,39.0,57.0,64.0,-0.005100399552660099,1.0199999999999996,-0.5,0.0600000000000005,1.83,-1.7699999999999996,-0.41000000000000014,-0.9900000000000002
2023-10-20,4224.16015625,21.709999084472656,0.12937401672276305,0.04713240602478035,0.016737636202981774,0.03039476982179858,88.75,2.8989999294281006,3.5420000553131104,1982.5,23.35099983215332,149.85,0.8918,-0.02,0.95,100.4689,3.9,63.8,1528.0,686148.0,1.33,-0.28949,307.671,311.457,3.241144651893202,4.027401561127464,0.786256909234262,2.47,2.47,7933162.0,759878.0,3353881.0,4.93,5.07,5.58,2.46,82.0,59.0,39.0,57.0,64.0,-0.01621422422551455,1.0199999999999996,-0.28000000000000025,0.09000000000000075,1.83,-1.7399999999999993,-0.14000000000000057,-0.6500000000000004
2023-10-27,4117.3701171875,21.270000457763672,0.1301871490934868,0.04524129194732668,0.016948693789089763,0.028292598158236915,85.54000091552734,3.1640000343322754,3.634000062942505,1988.5999755859375,22.770000457763672,149.6,0.9021,-0.02,0.95,100.4689,3.9,63.8,1528.0,686148.0,1.31,-0.28856,307.671,311.457,3.241144651893202,4.027401561127464,0.786256909234262,2.39,2.42,7907830.0,834418.0,3261886.0,4.84,4.99,5.59,2.42,82.0,59.0,39.0,57.0,64.0,-0.012015788441935628,1.0199999999999996,-0.2699999999999996,0.040000000000000036,1.83,-1.79,-0.15000000000000036,-0.75
2023-11-03,4358.33984375,14.90999984741211,0.14757632020812256,0.02223080954498291,0.021778770286170323,0.00045203925881258725,80.51000213623047,3.515000104904175,3.674499988555908,1991.5,23.201000213623047,149.36,0.8984,-0.015,0.66,100.8639,3.7,61.3,1503.0,685328.0,1.29,-0.29331,307.051,312.392,3.1372707088417773,4.017980521102138,0.8807098122603607,2.32,2.39,7866664.0,820487.0,3267216.0,4.57,4.83,5.53,2.18,88.0,57.0,43.0,50.0,62.0,0.01565362339296457,1.0099999999999998,-0.45999999999999996,0.15000000000000036,1.79,-1.6399999999999997,-0.2599999999999998,-0.96
2023-11-10,4415.240234375,14.170000076293945,0.14798273901448464,0.020078890216217043,0.021898891046229073,-0.00182000083001203,77.16999816894531,3.0329999923706055,3.5834999084472656,1932.5999755859375,22.21500015258789,151.04,0.8996,-0.015,0.66,100.8639,3.7,61.3,1503.0,685328.0,1.26,-0.30183,307.051,312.392,3.1372707088417773,4.017980521102138,0.8807098122603607,2.28,2.32,7860691.0,772686.0,3328908.0,4.61,5.04,5.53,2.29,88.0,57.0,43.0,50.0,62.0,0.011699926255758147,1.0099999999999998,-0.46999999999999975,0.10000000000000053,1.79,-1.6899999999999995,-0.4299999999999997,-0.9199999999999999
2023-11-17,4514.02001953125,13.800000190734863,0.14570448328934638,0.019044000526428222,0.02122979645061542,-0.0021857959241871963,75.88999938964844,2.9600000381469727,3.737499952316284,1981.5999755859375,23.80900001525879,149.82,0.887,-0.015,0.66,100.8639,3.7,61.3,1503.0,685328.0,1.2,-0.31234,307.051,312.392,3.1372707088417773,4.017980521102138,0.8807098122603607,2.23,2.28,7814991.0,738562.0,3391713.0,4.44,4.88,5.5,2.16,88.0,57.0,43.0,50.0,62.0,0.009304904775146117,1.0099999999999998,-0.5099999999999998,0.09999999999999964,1.79,-1.6900000000000004,-0.4399999999999995,-1.0599999999999996
2023-11-24,4559.33984375,12.460000038146973,0.14418961342873343,0.015525160095062258,0.020790644620727584,-0.005265484525665326,75.54000091552734,2.8550000190734863,3.7964999675750732,2002.199951171875,24.32900047302246,149.57,0.8818,-0.015,0.66,100.8639,3.7,61.3,1503.0,685328.0,1.14,-0.3235,307.051,312.392,3.1372707088417773,4.017980521102138,0.8807098122603607,2.21,2.26,7810814.0,706017.0,3453853.0,4.47,4.92,5.54,2.21,88.0,57.0,43.0,50.0,62.0,-0.006238099422635127,1.0099999999999998,-0.6499999999999999,0.0699999999999994,1.79,-1.7200000000000006,-0.4500000000000002,-1.0700000000000003
2023-12-01,4594.6298828125,12.630000114440918,0.13050044594495447,0.01595169028907776,0.01703036639183198,-0.0010786761027542224,74.06999969482422,2.813999891281128,3.9089999198913574,2071.0,25.499000549316406,147.0,0.8706,-0.012,0.62,100.6031,3.8,69.7,1519.0,686277.0,1.11,-0.33389,306.746,313.195,3.3521228314302265,3.9154727698627045,0.563349938432478,2.12,2.22,7796145.0,739209.0,3441581.0,4.22,4.56,5.43,2.0,84.0,63.0,44.0,41.0,64.0,0.0071920832069591895,0.8999999999999995,-0.14999999999999947,0.11999999999999922,1.62,-1.5000000000000009,-0.33999999999999986,-1.21
2023-12-08,4604.3701171875,12.350000381469727,0.10657468962554097,0.015252250942230238,0.01135816446878039,0.0038940864734498485,71.2300033569336,2.5810000896453857,3.819999933242798,1998.300048828125,22.97100067138672,144.88,0.881,-0.012,0.62,100.6031,3.8,69.7,1519.0,686277.0,1.1,-0.34271,306.746,313.195,3.3521228314302265,3.9154727698627045,0.563349938432478,2.11,2.21,7737385.0,682509.0,3513374.0,4.23,4.71,5.44,2.02,84.0,63.0,44.0,41.0,64.0,-0.0012780905467186798,0.8999999999999995,-0.2699999999999996,0.1200000000000001,1.62,-1.5,-0.47999999999999954,-1.21
2023-12-15,4719.18994140625,12.279999732971191,0.09259948174938945,0.015079839344177254,0.00857466402025551,0.006505175323921744,71.43000030517578,2.490999937057495,3.884999990463257,2021.0999755859375,23.8700008392334,141.8,0.8688,-0.012,0.62,100.6031,3.8,69.7,1519.0,686277.0,1.04,-0.35164,306.746,313.195,3.3521228314302265,3.9154727698627045,0.563349938432478,2.17,2.22,7739566.0,658440.0,3540619.0,3.91,4.44,5.44,1.69,84.0,63.0,44.0,41.0,64.0,0.01888076248168173,0.8999999999999995,-0.5099999999999998,0.1200000000000001,1.62,-1.5,-0.5300000000000002,-1.5300000000000002
2023-12-22,4754.6298828125,13.029999732971191,0.10205996359645962,0.016978089304122933,0.010416236169310663,0.00656185313481227,73.55999755859375,2.609999895095825,3.8954999446868896,2057.10009765625,24.290000915527344,142.6,0.8564,-0.012,0.62,100.6031,3.8,69.7,1519.0,686277.0,1.07,-0.36074,306.746,313.195,3.3521228314302265,3.9154727698627045,0.563349938432478,2.16,2.19,7724063.0,732196.0,3536105.0,3.9,4.31,5.44,1.71,84.0,63.0,44.0,41.0,64.0,0.005943789846743153,0.8999999999999995,-0.6299999999999994,0.1200000000000001,1.62,-1.5,-0.4099999999999997,-1.5400000000000005
2023-12-29,4769.830078125,12.449999809265137,0.08249015708984414,0.015500249525070196,0.006804626016707164,0.008695623508363032,71.6500015258789,2.5139999389648438,3.880500078201294,2062.39990234375,23.85300064086914,140.92,0.8405,-0.012,0.62,100.6031,3.8,69.7,1519.0,686277.0,1.04,-0.36911,306.746,313.195,3.3521228314302265,3.9154727698627045,0.563349938432478,2.12,2.16,7712781.0,731405.0,3446459.0,3.88,4.23,5.4,1.72,84.0,63.0,44.0,41.0,64.0,-0.011068253028918711,0.8999999999999995,-0.6799999999999997,0.16000000000000014,1.62,-1.46,-0.35000000000000053,-1.5200000000000005
2024-01-05,4697.240234375,13.350000381469727,0.08867250075981381,0.017822251018524183,0.007862812390999181,0.009959438627525002,73.80999755859375,2.8929998874664307,3.7945001125335693,2042.4000244140625,23.121999740600586,144.52,0.8486,-0.014,0.73,99.2223,3.7,79.0,1545.0,680456.0,1.09,-0.37766,308.417,314.319,3.0908847812280538,3.8583540949372663,0.7674693137092126,2.19,2.22,7681024.0,758448.0,3262895.0,4.05,4.4,5.47,1.83,80.0,52.0,44.0,38.0,71.0,-0.02988288559174257,0.8099999999999996,-0.37999999999999945,0.1200000000000001,1.62,-1.5,-0.35000000000000053,-1.42
2024-01-12,4783.830078125,12.699999809265137,0.09643558134214125,0.01612899951553345,0.009299821348796741,0.0068291781667367095,72.68000030517578,3.312999963760376,3.740000009536743,2046.699951171875,23.16200065612793,144.86,0.8523,-0.014,0.73,99.2223,3.7,79.0,1545.0,680456.0,1.02,-0.38569,308.417,314.319,3.0908847812280538,3.8583540949372663,0.7674693137092126,2.22,2.27,7686710.0,747565.0,3498748.0,3.96,4.14,5.45,1.69,80.0,52.0,44.0,38.0,71.0,0.0024153175015417805,0.8099999999999996,-0.49999999999999956,0.1299999999999999,1.62,-1.4900000000000002,-0.17999999999999972,-1.4900000000000002
2024-01-19,4839.81005859375,13.300000190734863,0.1036144914076577,0.017689000507354738,0.010735962829667572,0.0069530376776871655,73.41000366210938,2.5190000534057617,3.7869999408721924,2026.5,22.570999145507812,148.21,0.8694,-0.014,0.73,99.2223,3.7,79.0,1545.0,680456.0,1.01,-0.39282,308.417,314.319,3.0908847812280538,3.8583540949372663,0.7674693137092126,2.3,2.34,7673741.0,748883.0,3611719.0,4.15,4.39,5.45,1.81,80.0,52.0,44.0,38.0,71.0,0.020521756145283954,0.8099999999999996,-0.5199999999999996,0.08000000000000007,1.62,-1.54,-0.23999999999999932,-1.2999999999999998
2024-01-26,4890.97021484375,13.260000228881836,0.10075947295400536,0.01758276060699463,0.010152471389968939,0.007430289217025692,78.01000213623047,2.7119998931884766,3.8505001068115234,2016.800048828125,22.7549991607666,147.94,0.8635,-0.014,0.73,99.2223,3.7,79.0,1545.0,680456.0,0.97,-0.39903,308.417,314.319,3.0908847812280538,3.8583540949372663,0.7674693137092126,2.26,2.3,7677230.0,799358.0,3526683.0,4.15,4.34,5.44,1.85,80.0,52.0,44.0,38.0,71.0,0.008169863471242303,0.8099999999999996,-0.6699999999999995,0.08999999999999986,1.62,-1.5300000000000002,-0.1899999999999995,-1.29
2024-02-02,4958.60986328125,13.850000381469727,0.11603251533543063,0.019182251056671158,0.013463544615066944,0.005718706441604214,72.27999877929688,2.0789999961853027,3.821500062942505,2036.0999755859375,22.701000213623047,148.54,0.8676,-0.006,0.71,100.285,3.9,76.9,1577.0,685280.0,1.02,-0.40589,310.326,315.564,3.1531711208615976,3.7619647313751337,0.6087936105135361,2.19,2.21,7630124.0,841550.0,3526230.0,4.03,4.36,5.43,1.82,89.0,50.0,48.0,54.0,67.0,-0.004907466491180124,0.7399999999999993,-0.7399999999999998,0.0699999999999994,1.5599999999999996,-1.4900000000000002,-0.33000000000000007,-1.3999999999999995
2024-02-09,5026.60986328125,12.930000305175781,0.10573725592898431,0.01671849078918458,0.011180367291391527,0.005538123497793054,76.83999633789062,1.847000002861023,3.686000108718872,2023.300048828125,22.527999877929688,149.38,0.875,-0.006,0.71,100.285,3.9,76.9,1577.0,685280.0,1.0,-0.41269,310.326,315.564,3.1531711208615976,3.7619647313751337,0.6087936105135361,2.28,2.25,7631300.0,802135.0,3599323.0,4.17,4.48,5.44,1.92,89.0,50.0,48.0,54.0,67.0,0.015801082065112732,0.7399999999999993,-0.8799999999999999,0.05999999999999961,1.5599999999999996,-1.5,-0.3100000000000005,-1.2700000000000005
2024-02-16,5005.56982421875,14.239999771118164,0.11219591781466295,0.020277759348144537,0.012587923974274605,0.007689835373869932,79.19000244140625,1.6089999675750732,3.8380000591278076,2011.5,23.43899917602539,150.34,0.8813,-0.006,0.71,100.285,3.9,76.9,1577.0,685280.0,0.96,-0.42055,310.326,315.564,3.1531711208615976,3.7619647313751337,0.6087936105135361,2.38,2.33,7633874.0,838005.0,3540945.0,4.3,4.64,5.44,1.97,89.0,50.0,48.0,54.0,67.0,-0.0025027078600496173,0.7399999999999993,-0.8700000000000001,0.05999999999999961,1.5599999999999996,-1.5,-0.33999999999999986,-1.1400000000000006
2024-02-23,5088.7998046875,13.75,0.12170584341344831,0.018906250000000003,0.0148123123209788,0.004093937679021203,76.48999786376953,1.6030000448226929,3.881999969482422,2038.5999755859375,22.9689998626709,150.36,0.8804,-0.006,0.71,100.285,3.9,76.9,1577.0,685280.0,0.95,-0.42863,310.326,315.564,3.1531711208615976,3.7619647313751337,0.6087936105135361,2.34,2.3,7581683.0,785465.0,3565999.0,4.26,4.67,5.46,1.96,89.0,50.0,48.0,54.0,67.0,-0.0016368053505373403,0.7399999999999993,-0.98,0.040000000000000036,1.5599999999999996,-1.5199999999999996,-0.41000000000000014,-1.2000000000000002
2024-03-01,5137.080078125,13.109999656677246,0.11964884697912175,0.01718720909980775,0.014315846583433291,0.0028713625163744594,79.97000122070312,1.8350000381469727,3.8550000190734863,2086.89990234375,23.149999618530273,150.2,0.8844,0.022,0.725,100.4575,3.9,79.4,1476.0,687641.0,1.01,-0.43495,312.332,316.792,3.4773850700380304,3.8161935067360986,0.33880843669806815,2.4,2.32,7567807.0,785821.0,3567552.0,4.19,4.54,5.42,1.87,98.0,37.0,45.0,57.0,58.0,0.020123113070291833,0.7400000000000002,-0.8900000000000001,0.0699999999999994,1.54,-1.4700000000000006,-0.34999999999999964,-1.2299999999999995
2024-03-08,5123.68994140625,14.739999771118164,0.12641020547342754,0.021726759325256355,0.01597954004783417,0.005747219277422184,78.01000213623047,1.8049999475479126,3.884999990463257,2178.60009765625,24.339000701904297,147.17,0.8766,0.022,0.725,100.4575,3.9,79.4,1476.0,687641.0,0.99,-0.43859,312.332,316.792,3.4773850700380304,3.8161935067360986,0.33880843669806815,2.34,2.28,7538857.0,767733.0,3626176.0,4.09,4.48,5.46,1.81,98.0,37.0,45.0,57.0,58.0,-0.014129934387843898,0.7400000000000002,-0.9500000000000002,0.08000000000000007,1.54,-1.46,-0.39000000000000057,-1.37
2024-03-15,5117.08984375,14.40999984741211,0.11621507783854616,0.0207648095602417,0.013505944317019344,0.007258865243222355,81.04000091552734,1.6549999713897705,4.112500190734863,2157.300048828125,25.200000762939453,149.14,0.8837,0.022,0.725,100.4575,3.9,79.4,1476.0,687641.0,0.93,-0.43998,312.332,316.792,3.4773850700380304,3.8161935067360986,0.33880843669806815,2.39,2.32,7541969.0,768369.0,3624633.0,4.31,4.72,5.48,1.99,98.0,37.0,45.0,57.0,58.0,0.008149502761406618,0.7400000000000002,-1.0499999999999998,0.07000000000000028,1.54,-1.4699999999999998,-0.41000000000000014,-1.1700000000000008
2024-03-22,5234.18017578125,13.0600004196167,0.11448893258072003,0.017056361096038836,0.013107715683472656,0.00394864541256618,80.62999725341797,1.659000039100647,3.996000051498413,2158.10009765625,24.691999435424805,151.35,0.8983,0.022,0.725,100.4575,3.9,79.4,1476.0,687641.0,0.92,-0.43808,312.332,316.792,3.4773850700380304,3.8161935067360986,0.33880843669806815,2.41,2.35,7514348.0,809298.0,3553424.0,4.22,4.59,5.46,1.87,98.0,37.0,45.0,57.0,58.0,0.011707139751549652,0.7400000000000002,-1.13,0.08999999999999986,1.54,-1.4500000000000002,-0.3700000000000001,-1.2400000000000002
2024-03-29,5254.35009765625,13.010000228881836,0.10530139905723936,0.01692601059555054,0.01108838464341197,0.005837625952138572,83.16999816894531,1.7630000114440918,4.003499984741211,2217.39990234375,24.797000885009766,151.22,0.9015,0.022,0.725,100.4575,3.9,79.4,1476.0,687641.0,0.93,-0.43352,312.332,316.792,3.4773850700380304,3.8161935067360986,0.33880843669806815,2.38,2.32,7484739.0,802233.0,3496121.0,4.2,4.59,5.46,1.88,98.0,37.0,45.0,57.0,58.0,-0.007698799073060444,0.7400000000000002,-1.0899999999999999,0.09999999999999964,1.54,-1.4400000000000004,-0.3899999999999997,-1.2599999999999998
2024-04-05,5204.33984375,16.030000686645508,0.09964340178607536,0.025696092201385544,0.009928807519501247,0.0157672846818843,86.91000366210938,1.784999966621399,4.239500045776367,2325.699951171875,27.399999618530273,151.59,0.9005,0.077,0.87,100.2434,3.9,77.2,1459.0,687602.0,0.92,-0.42803,313.548,317.649,3.357363950119163,3.6260251717590952,0.268661221639932,2.45,2.37,7439558.0,768651.0,3414288.0,4.39,4.73,5.43,2.02,93.0,33.0,51.0,47.0,57.0,0.019275490798505695,0.7199999999999998,-1.3599999999999999,0.09999999999999964,1.46,-1.3600000000000003,-0.34000000000000075,-1.04
2024-04-12,5123.41015625,17.309999465942383,0.11317427005548673,0.029963608151092558,0.012808415402592241,0.017155192748500317,85.66000366210938,1.7699999809265137,4.257500171661377,2356.199951171875,28.2549991607666,153.12,0.912,0.077,0.87,100.2434,3.9,77.2,1459.0,687602.0,0.92,-0.42212,313.548,317.649,3.357363950119163,3.6260251717590952,0.268661221639932,2.47,2.39,7438176.0,704971.0,3586845.0,4.5,4.88,5.45,2.11,93.0,33.0,51.0,47.0,57.0,-0.0014621301911922693,0.7199999999999998,-1.29,0.08999999999999986,1.46,-1.37,-0.3799999999999999,-0.9500000000000002
2024-04-19,4967.22998046875,18.709999084472656,0.11001698127752316,0.03500640657409676,0.01210373616941888,0.02290267040467788,83.13999938964844,1.7519999742507935,4.501999855041504,2398.39990234375,28.808000564575195,154.55,0.9092,0.077,0.87,100.2434,3.9,77.2,1459.0,687602.0,0.94,-0.41698,313.548,317.649,3.357363950119163,3.6260251717590952,0.268661221639932,2.44,2.41,7405506.0,796535.0,3522717.0,4.62,4.97,5.45,2.21,93.0,33.0,51.0,47.0,57.0,-0.03488224059713977,0.7199999999999998,-1.17,0.08999999999999986,1.46,-1.37,-0.34999999999999964,-0.8300000000000001
2024-04-26,5099.9599609375,15.029999732971191,0.11782968242650455,0.022590089197311407,0.013883834060730915,0.008706255136580493,83.8499984741211,1.6139999628067017,4.568999767303467,2334.800048828125,27.240999221801758,157.62,0.9142,0.077,0.87,100.2434,3.9,77.2,1459.0,687602.0,0.9,-0.41481,313.548,317.649,3.357363950119163,3.6260251717590952,0.268661221639932,2.44,2.43,7402434.0,941430.0,3324363.0,4.67,4.96,5.46,2.24,93.0,33.0,51.0,47.0,57.0,0.007960351888888882,0.7199999999999998,-1.38,0.08999999999999986,1.46,-1.37,-0.29000000000000004,-0.79
2024-05-03,5127.7900390625,13.489999771118164,0.12828311310865717,0.018198009382476812,0.016456557108848528,0.0017414522736282842,78.11000061035156,2.1419999599456787,4.573500156402588,2299.0,26.44499969482422,152.85,0.9047,0.077,1.07,100.863,3.9,69.1,1407.0,692774.0,0.89,-0.41466,314.069,318.095,3.2690290569400204,3.394419668976645,0.12539061203662438,2.35,2.35,7362474.0,917177.0,3252733.0,4.5,4.81,5.45,2.15,93.0,36.0,53.0,50.0,63.0,-0.016750902731234325,0.7000000000000002,-1.4000000000000004,0.08999999999999986,1.4699999999999998,-1.38,-0.3099999999999996,-0.9500000000000002
2024-05-10,5222.68017578125,12.550000190734863,0.13017870978435664,0.015750250478744513,0.01694649648111975,-0.001196246002375237,78.26000213623047,2.252000093460083,4.69350004196167,2367.300048828125,28.274999618530273,155.85,0.9063,0.077,1.07,100.863,3.9,69.1,1407.0,692774.0,0.89,-0.41538,314.069,318.095,3.2690290569400204,3.394419668976645,0.12539061203662438,2.34,2.34,7353408.0,851591.0,3331156.0,4.5,4.87,5.47,2.16,93.0,36.0,53.0,50.0,63.0,-0.009475674596716537,0.7000000000000002,-1.3600000000000003,0.08000000000000007,1.4699999999999998,-1.3899999999999997,-0.3700000000000001,-0.9699999999999998
2024-05-17,5303.27001953125,11.989999771118164,0.12403290806777986,0.01437600945114136,0.01538416228375033,-0.0010081528326089696,80.05999755859375,2.625999927520752,5.057000160217285,2412.199951171875,31.047000885009766,155.57,0.9079,0.077,1.07,100.863,3.9,69.1,1407.0,692774.0,0.89,-0.41572,314.069,318.095,3.2690290569400204,3.394419668976645,0.12539061203662438,2.32,2.32,7304272.0,787133.0,3369747.0,4.42,4.83,5.46,2.1,93.0,36.0,53.0,50.0,63.0,-0.003468942713748497,0.7000000000000002,-1.3900000000000006,0.08999999999999986,1.4699999999999998,-1.38,-0.41000000000000014,-1.04
2024-05-24,5304.72021484375,11.930000305175781,0.11407390115098273,0.014232490728149423,0.01301285492380418,0.0012196358043452434,77.72000122070312,2.5199999809265137,4.778500080108643,2332.5,30.329999923706055,156.9,0.9143,0.077,1.07,100.863,3.9,69.1,1407.0,692774.0,0.89,-0.41508,314.069,318.095,3.2690290569400204,3.394419668976645,0.12539061203662438,2.33,2.32,7299566.0,725376.0,3390794.0,4.46,4.93,5.46,2.14,93.0,36.0,53.0,50.0,63.0,0.0001420571219719058,0.7000000000000002,-1.3700000000000006,0.08000000000000007,1.4699999999999998,-1.3899999999999997,-0.46999999999999975,-1.0
2024-05-31,5277.509765625,12.920000076293945,0.1108469020302334,0.016692640197143553,0.01228703568970016,0.004405604507443393,76.98999786376953,2.5869998931884766,4.610000133514404,2322.89990234375,30.297000885009766,157.19,0.9034,0.077,1.07,100.863,3.9,69.1,1407.0,692774.0,0.88,-0.41157,314.069,318.095,3.2690290569400204,3.394419668976645,0.12539061203662438,2.34,2.35,7284319.0,704335.0,3409342.0,4.51,4.89,5.46,2.16,90.0,37.0,51.0,49.0,61.0,-0.006086007839685529,0.7000000000000002,-1.2800000000000002,0.08999999999999986,1.4699999999999998,-1.38,-0.3799999999999999,-0.9500000000000002
2024-06-07,5346.990234375,12.220000267028809,0.10302030701582442,0.014932840652618417,0.010613183657634721,0.004319656994983696,75.52999877929688,2.9179999828338623,4.494500160217285,2305.199951171875,29.334999084472656,156.58,0.896,0.077,1.05,100.894,4.1,68.2,1461.0,692449.0,0.9,-0.40587,314.175,318.39,2.971397107263307,3.2654173234475614,0.2940202161842542,2.28,2.3,7255687.0,710309.0,3408310.0,4.43,4.87,5.52,2.13,90.0,37.0,51.0,49.0,61.0,-8.63334958888613e-05,0.6900000000000004,-1.1599999999999997,0.0600000000000005,1.5100000000000007,-1.4500000000000002,-0.4400000000000004,-1.0899999999999999
2024-06-14,5431.60009765625,12.65999984741211,0.08338496490969027,0.016027559613647463,0.006953052372990278,0.009074507240657184,78.44999694824219,2.88100004196167,4.551000118255615,2331.39990234375,29.402000427246094,157.28,0.8907,0.077,1.05,100.894,4.1,68.2,1461.0,692449.0,0.95,-0.39869,314.175,318.39,2.971397107263307,3.2654173234475614,0.2940202161842542,2.11,2.17,7258974.0,673573.0,3455134.0,4.2,4.67,5.51,2.03,90.0,37.0,51.0,49.0,61.0,0.0038761811308525296,0.6900000000000004,-1.0199999999999996,0.05999999999999961,1.5100000000000007,-1.450000000000001,-0.46999999999999975,-1.3099999999999996
2024-06-21,5464.6201171875,13.199999809265137,0.07709082116693523,0.017423999496459966,0.005942994708192389,0.011481004788267576,80.7300033569336,2.7049999237060547,4.49399995803833,2316.39990234375,29.572999954223633,159.45,0.8938,0.077,1.05,100.894,4.1,68.2,1461.0,692449.0,0.96,-0.39097,314.175,318.39,2.971397107263307,3.2654173234475614,0.2940202161842542,2.19,2.23,7252542.0,723410.0,3434274.0,4.25,4.7,5.49,2.02,90.0,37.0,51.0,49.0,61.0,0.011590604688666906,0.6900000000000004,-1.0999999999999996,0.07999999999999918,1.5100000000000007,-1.4300000000000015,-0.4500000000000002,-1.2400000000000002
2024-06-28,5460.47998046875,12.4399995803833,0.07249174919118181,0.015475358955993671,0.005255053700797209,0.010220305255196462,81.54000091552734,2.6010000705718994,4.390500068664551,2327.699951171875,29.23699951171875,160.88,0.8992,0.077,1.05,100.894,4.1,68.2,1461.0,692449.0,0.96,-0.38432,314.175,318.39,2.971397107263307,3.2654173234475614,0.2940202161842542,2.24,2.28,7231163.0,765417.0,3302647.0,4.36,4.71,5.48,2.08,90.0,37.0,51.0,49.0,61.0,0.006615183101410367,0.6900000000000004,-1.1299999999999994,0.1200000000000001,1.5100000000000007,-1.3900000000000006,-0.34999999999999964,-1.12
2024-07-05,5567.18994140625,12.479999542236328,0.07522600507670138,0.015575038857421895,0.005658951839799902,0.009916087017621993,83.16000366210938,2.319000005722046,4.6585001945495605,2388.5,31.38800048828125,160.73,0.8976,0.078,1.045,99.9757,4.2,66.4,1436.0,698835.0,0.92,-0.37903,314.54,318.94,2.8947531984913066,3.2301916105644812,0.3354384120731746,2.22,2.28,7221520.0,761373.0,3184180.0,4.28,4.6,5.46,2.0,80.0,41.0,45.0,45.0,63.0,0.006768148390279579,0.7199999999999998,-0.98,0.09999999999999964,1.5899999999999999,-1.4900000000000002,-0.3199999999999994,-1.1799999999999997
2024-07-12,5615.35009765625,12.460000038146973,0.07394656373162302,0.015525160095062258,0.005468094287714985,0.010057065807347273,82.20999908447266,2.3289999961853027,4.598499774932861,2414.0,30.88599967956543,157.88,0.8942,0.078,1.045,99.9757,4.2,66.4,1436.0,698835.0,0.92,-0.37358,314.54,318.94,2.8947531984913066,3.2301916105644812,0.3354384120731746,2.15,2.24,7224079.0,736402.0,3341977.0,4.18,4.45,5.43,1.94,80.0,41.0,45.0,45.0,63.0,-0.006452922040115864,0.7199999999999998,-1.06,0.08000000000000007,1.5899999999999999,-1.5099999999999998,-0.27000000000000046,-1.25
2024-07-19,5505.0,16.520000457763672,0.08626333137046832,0.027291041512451195,0.007441362339131224,0.01984967917331997,80.12999725341797,2.128000020980835,4.218999862670898,2395.5,29.08799934387207,157.38,0.8884,0.078,1.045,99.9757,4.2,66.4,1436.0,698835.0,0.93,-0.36868,314.54,318.94,2.8947531984913066,3.2301916105644812,0.3354384120731746,2.18,2.32,7208247.0,751593.0,3331425.0,4.25,4.49,5.43,1.93,80.0,41.0,45.0,45.0,63.0,-0.0038166836051514905,0.7199999999999998,-1.1600000000000001,0.019999999999999574,1.5899999999999999,-1.5700000000000003,-0.2400000000000002,-1.1799999999999997
2024-07-26,5459.10009765625,16.389999389648438,0.11820630889254623,0.026863207999267617,0.013972731462000053,0.012890476537267563,77.16000366210938,2.00600004196167,4.104499816894531,2380.0,27.860000610351562,153.86,0.8826,0.078,1.045,99.9757,4.2,66.4,1436.0,698835.0,0.95,-0.365,314.54,318.94,2.8947531984913066,3.2301916105644812,0.3354384120731746,2.13,2.27,7205455.0,774315.0,3308580.0,4.2,4.36,5.38,1.93,80.0,41.0,45.0,45.0,63.0,-0.01349016421813872,0.7199999999999998,-1.15,0.14999999999999947,1.5899999999999999,-1.4400000000000004,-0.16000000000000014,-1.1799999999999997
2024-08-02,5346.56005859375,23.389999389648438,0.14198380834327984,0.05470920714477543,0.020159401831661223,0.034549805313114204,73.5199966430664,1.9670000076293945,4.084000110626221,2425.699951171875,28.246000289916992,146.98,0.8605,0.227,0.89,100.4309,4.2,67.9,1476.0,697039.0,1.06,-0.36312,314.796,319.75,2.5307302964569622,3.2850959364300047,0.7543656399730425,1.89,2.04,7178391.0,786486.0,3293519.0,3.8,3.88,5.29,1.76,80.0,43.0,41.0,43.0,67.0,-0.053796249267867566,0.7299999999999995,-0.1499999999999999,-0.16999999999999993,1.7299999999999995,-1.8999999999999995,-0.08000000000000007,-1.4900000000000002
2024-08-09,5344.16015625,20.3700008392334,0.18453079487526222,0.041493693419036935,0.0340516142572961,0.007442079161740833,76.83999633789062,2.1429998874664307,3.9800000190734863,2432.10009765625,27.48699951171875,146.49,0.8639,0.227,0.89,100.4309,4.2,67.9,1476.0,697039.0,1.05,-0.36428,314.796,319.75,2.5307302964569622,3.2850959364300047,0.7543656399730425,1.96,2.1,7175256.0,770931.0,3351662.0,3.94,4.05,5.33,1.84,80.0,43.0,41.0,43.0,67.0,0.006736976992663142,0.7299999999999995,-0.3799999999999999,0.08000000000000007,1.7299999999999995,-1.6499999999999995,-0.10999999999999988,-1.3900000000000001
2024-08-16,5554.25,14.800000190734863,0.19502154280466721,0.0219040005645752,0.03803340215791265,-0.01612940159333745,76.6500015258789,2.122999906539917,4.127500057220459,2498.60009765625,28.777999877929688,148.13,0.8685,0.227,0.89,100.4309,4.2,67.9,1476.0,697039.0,0.98,-0.37254,314.796,319.75,2.5307302964569622,3.2850959364300047,0.7543656399730425,1.97,2.08,7177688.0,794120.0,3346138.0,3.89,4.06,5.33,1.81,80.0,43.0,41.0,43.0,67.0,0.019308906870294146,0.7299999999999995,-0.5800000000000001,0.07000000000000028,1.7299999999999995,-1.6599999999999993,-0.16999999999999948,-1.44
2024-08-23,5634.60986328125,15.859999656677246,0.19753747194744845,0.025153958910980236,0.03902105282338898,-0.013867093912408746,74.83000183105469,2.0220000743865967,4.194499969482422,2508.39990234375,29.785999298095703,144.86,0.8492,0.227,0.89,100.4309,4.2,67.9,1476.0,697039.0,0.96,-0.38283,314.796,319.75,2.5307302964569622,3.2850959364300047,0.7543656399730425,2.01,2.13,7139952.0,736494.0,3355586.0,3.81,3.9,5.25,1.68,80.0,43.0,41.0,43.0,67.0,5.5142816923019894e-05,0.7299999999999995,-0.6800000000000002,0.1299999999999999,1.7299999999999995,-1.5999999999999996,-0.08999999999999986,-1.44
2024-08-30,5648.39990234375,15.0,0.1924002976811581,0.0225,0.03701787454779825,-0.014517874547798251,73.55000305175781,2.127000093460083,4.144999980926514,2493.800048828125,28.731000900268555,145.95,0.8493,0.227,0.89,100.4309,4.2,67.9,1476.0,697039.0,0.95,-0.39435,314.796,319.75,2.5307302964569622,3.2850959364300047,0.7543656399730425,2.01,2.15,7123238.0,745851.0,3313566.0,3.91,3.91,5.21,1.76,80.0,43.0,41.0,43.0,67.0,-0.0016367596549173857,0.7299999999999995,-0.7400000000000002,0.15999999999999925,1.7299999999999995,-1.5700000000000003,0.0,-1.2999999999999998
2024-09-06,5408.419921875,22.3799991607666,0.19466819363115964,0.050086436243591374,0.03789570561161866,0.012190730631972714,67.66999816894531,2.2750000953674316,4.014500141143799,2493.5,27.808000564575195,142.13,0.8428,0.227,0.855,99.8084,4.1,70.1,1434.0,703055.0,0.99,-0.4056,315.301,320.732,2.440633031069983,3.2823574494668994,0.8417244183969164,1.86,2.03,7112567.0,733959.0,3243002.0,3.72,3.66,5.13,1.69,83.0,44.0,42.0,51.0,63.0,-0.040906418106773236,0.7400000000000002,-0.33000000000000007,0.11000000000000032,1.6999999999999997,-1.5899999999999994,0.06000000000000005,-1.4099999999999997
2024-09-13,5626.02001953125,16.559999465942383,0.1885983632861116,0.0274233582312012,0.03556934263420013,-0.008145984402998928,68.6500015258789,2.305000066757202,4.175000190734863,2581.300048828125,30.698999404907227,140.66,0.8479,0.227,0.855,99.8084,4.1,70.1,1434.0,703055.0,0.99,-0.41549,315.301,320.732,2.440633031069983,3.2823574494668994,0.8417244183969164,1.95,2.08,7115001.0,755958.0,3320818.0,3.66,3.57,4.97,1.58,83.0,44.0,42.0,51.0,63.0,0.013295215046662538,0.7400000000000002,-0.3500000000000001,0.16999999999999993,1.6999999999999997,-1.5299999999999998,0.0900000000000003,-1.3099999999999996
2024-09-20,5702.5498046875,16.149999618530273,0.1416423577510737,0.026082248767852794,0.02006255750928315,0.0060196912585696455,71.91999816894531,2.434000015258789,4.281499862670898,2619.89990234375,31.176000595092773,143.9,0.8496,0.227,0.855,99.8084,4.1,70.1,1434.0,703055.0,0.93,-0.42351,315.301,320.732,2.440633031069983,3.2823574494668994,0.8417244183969164,2.02,2.15,7109137.0,771194.0,3313281.0,3.73,3.55,4.75,1.58,83.0,44.0,42.0,51.0,63.0,0.020177851693051974,0.7400000000000002,-0.5700000000000003,0.11000000000000032,1.6999999999999997,-1.5899999999999994,0.18000000000000016,-1.02
2024-09-27,5738.169921875,16.959999084472656,0.12829555321165778,0.028764156894531337,0.016459748973885312,0.012304407920646025,68.18000030517578,2.9019999504089355,4.540999889373779,2644.300048828125,31.518999099731445,142.6,0.8424,0.227,0.855,99.8084,4.1,70.1,1434.0,703055.0,0.92,-0.42979,315.301,320.732,2.440633031069983,3.2823574494668994,0.8417244183969164,2.03,2.15,7080059.0,806771.0,3169149.0,3.75,3.55,4.68,1.6,83.0,44.0,42.0,51.0,63.0,0.009809685434066498,0.7400000000000002,-0.5800000000000001,0.17999999999999972,1.6999999999999997,-1.52,0.20000000000000018,-0.9299999999999997
2024-10-04,5751.06982421875,19.209999084472656,0.12810109696519548,0.03690240648254403,0.016409891043686415,0.020492515438857616,74.37999725341797,2.8540000915527344,4.522500038146973,2645.800048828125,32.12799835205078,148.69,0.8589,0.227,0.935,99.4695,4.1,70.5,1428.0,708290.0,0.87,-0.43404,315.664,321.731,2.597904904914672,3.298689706765301,0.7007848018506291,2.14,2.23,7046925.0,798277.0,3089598.0,3.98,3.93,4.73,1.75,85.0,43.0,51.0,56.0,61.0,0.014254354630024741,0.6799999999999997,-1.2099999999999995,0.14999999999999947,1.5300000000000002,-1.3800000000000008,0.04999999999999982,-0.7500000000000004
2024-10-11,5815.02978515625,20.459999084472656,0.1308114148377276,0.0418611562536622,0.01711162625184806,0.024749530001814138,75.55999755859375,2.631999969482422,4.451499938964844,2657.60009765625,31.520000457763672,149.12,0.8574,0.227,0.935,99.4695,4.1,70.5,1428.0,708290.0,0.84,-0.43728,315.664,321.731,2.597904904914672,3.298689706765301,0.7007848018506291,2.25,2.33,7046840.0,802115.0,3186207.0,4.08,3.95,4.73,1.75,85.0,43.0,51.0,56.0,61.0,0.01288604137574271,0.6799999999999997,-1.1199999999999997,0.08000000000000007,1.5300000000000002,-1.4500000000000002,0.1299999999999999,-0.6500000000000004
2024-10-18,5864.669921875,18.030000686645508,0.09703985259381322,0.03250809247604375,0.009416732991428999,0.02309135948461475,69.22000122070312,2.257999897003174,4.3460001945495605,2713.699951171875,33.03200149536133,149.58,0.8659,0.227,0.935,99.4695,4.1,70.5,1428.0,708290.0,0.83,-0.44176,315.664,321.731,2.597904904914672,3.298689706765301,0.7007848018506291,2.23,2.31,7039284.0,791792.0,3209877.0,4.08,3.95,4.73,1.77,85.0,43.0,51.0,56.0,61.0,-0.005967004824570429,0.6799999999999997,-1.2199999999999998,-0.040000000000000036,1.5300000000000002,-1.5700000000000003,0.1299999999999999,-0.6500000000000004
2024-10-25,5808.1201171875,20.329999923706055,0.09378176567801472,0.04133088968978882,0.00879501957368606,0.03253587011610276,71.77999877929688,2.559999942779541,4.3394999504089355,2740.89990234375,33.60300064086914,152.08,0.8664,0.227,0.935,99.4695,4.1,70.5,1428.0,708290.0,0.85,-0.44637,315.664,321.731,2.597904904914672,3.298689706765301,0.7007848018506291,2.32,2.29,7029408.0,829991.0,3230145.0,4.25,4.11,4.73,1.96,85.0,43.0,51.0,56.0,61.0,0.0062926442978956665,0.6799999999999997,-1.2099999999999995,0.14000000000000057,1.5300000000000002,-1.3899999999999997,0.13999999999999968,-0.4800000000000004
2024-11-01,5728.7998046875,21.8799991607666,0.09945589645944132,0.04787343632751472,0.009891475340551112,0.03798196098696361,69.48999786376953,2.6630001068115234,4.347499847412109,2738.60009765625,32.54199981689453,152.94,0.8704,0.227,1.05,99.2925,4.2,71.8,1508.0,711853.0,0.86,-0.45245,315.493,322.657,2.7493803960905616,3.2859356193500444,0.5365552232594828,2.37,2.33,7013490.0,835237.0,3236958.0,4.37,4.21,4.61,2.04,88.0,42.0,53.0,49.0,60.0,0.00343315815037748,0.6400000000000006,-1.5300000000000002,0.25,1.42,-1.17,0.16000000000000014,-0.2400000000000002
2024-11-08,5995.5400390625,14.9399995803833,0.12811611592648212,0.02232035874618532,0.016413739160087804,0.005906619586097516,70.37999725341797,2.6689999103546143,4.286499977111816,2687.5,31.358999252319336,152.58,0.8755,0.227,1.05,99.2925,4.2,71.8,1508.0,711853.0,0.77,-0.46044,315.493,322.657,2.7493803960905616,3.2859356193500444,0.5365552232594828,2.43,2.35,6994299.0,842051.0,3274120.0,4.3,4.26,4.63,1.95,88.0,42.0,53.0,49.0,60.0,0.04047122293380527,0.6400000000000006,-1.7300000000000004,0.1299999999999999,1.42,-1.29,0.040000000000000036,-0.33000000000000007
2024-11-15,5870.6201171875,16.139999389648438,0.13095695763786763,0.026049958029785193,0.01714972475376626,0.008900233276018934,67.0199966430664,2.822999954223633,4.051000118255615,2565.699951171875,30.371000289916992,154.59,0.8878,0.227,1.05,99.2925,4.2,71.8,1508.0,711853.0,0.8,-0.4679,315.493,322.657,2.7493803960905616,3.2859356193500444,0.5365552232594828,2.39,2.33,6967108.0,832186.0,3244149.0,4.43,4.31,4.6,2.1,88.0,42.0,53.0,49.0,60.0,0.009726747185298054,0.6400000000000006,-1.6400000000000001,0.14999999999999947,1.42,-1.2700000000000005,0.1200000000000001,-0.16999999999999993
2024-11-22,5969.33984375,15.239999771118164,0.12364744587071566,0.02322575930236817,0.015288690870351559,0.007937068432016612,71.23999786376953,3.128999948501587,4.073999881744385,2709.89990234375,31.30900001525879,154.73,0.8946,0.227,1.05,99.2925,4.2,71.8,1508.0,711853.0,0.8,-0.47298,315.493,322.657,2.7493803960905616,3.2859356193500444,0.5365552232594828,2.43,2.34,6923731.0,751873.0,3286885.0,4.41,4.37,4.63,2.07,88.0,42.0,53.0,49.0,60.0,0.001344734557596615,0.6400000000000006,-1.7500000000000004,0.1299999999999999,1.42,-1.29,0.040000000000000036,-0.21999999999999975
2024-11-29,6032.3798828125,13.510000228881836,0.12140261687644771,0.018252010618438726,0.014738595384449547,0.0035134152339891794,68.0,3.36299991607666,4.08050012588501,2657.0,30.684999465942383,150.41,0.8822,0.227,1.05,99.2925,4.2,71.8,1508.0,711853.0,0.82,-0.47641,315.493,322.657,2.7493803960905616,3.2859356193500444,0.5365552232594828,2.33,2.26,6905140.0,775250.0,3227674.0,4.18,4.13,4.58,1.92,88.0,42.0,53.0,49.0,60.0,-0.013976253614483847,0.6400000000000006,-1.6400000000000001,0.16999999999999993,1.42,-1.25,0.04999999999999982,-0.40000000000000036
2024-12-06,6090.27001953125,12.770000457763672,0.1179017012609606,0.01630729116912844,0.013900811160228798,0.0024064800088996405,67.19999694824219,3.0759999752044678,4.138500213623047,2638.60009765625,31.18600082397461,149.78,0.8776,0.227,1.09,100.3273,4.1,74.0,1480.0,717265.0,0.81,-0.47874,315.605,323.259,2.888057219980067,3.2133335461932644,0.32527632621319746,2.31,2.24,6895827.0,789516.0,3225075.0,4.15,4.1,4.42,1.91,87.0,44.0,45.0,42.0,61.0,0.01622337956550039,0.5999999999999996,-1.7199999999999998,0.15000000000000036,1.4100000000000001,-1.2599999999999998,0.05000000000000071,-0.2699999999999996
2024-12-13,6051.08984375,13.8100004196167,0.10738942064214789,0.01907161115898134,0.011532487665856178,0.007539123493125162,71.29000091552734,3.2799999713897705,4.14900016784668,2656.0,30.655000686645508,153.74,0.8929,0.227,1.09,100.3273,4.1,74.0,1480.0,717265.0,0.78,-0.4803,315.605,323.259,2.888057219980067,3.2133335461932644,0.32527632621319746,2.4,2.33,6897485.0,775067.0,3264559.0,4.4,4.25,4.34,2.07,87.0,44.0,45.0,42.0,61.0,0.003543203155722022,0.5999999999999996,-1.7099999999999995,0.1899999999999995,1.4100000000000001,-1.2200000000000006,0.15000000000000036,0.0600000000000005
2024-12-20,5930.85009765625,18.360000610351562,0.11908075526443807,0.03370896224121098,0.014180226274348994,0.019528735966861985,69.45999908447266,3.747999906539917,4.040999889373779,2628.699951171875,29.65999984741211,156.11,0.8928,0.227,1.09,100.3273,4.1,74.0,1480.0,717265.0,0.82,-0.48147,315.605,323.259,2.888057219980067,3.2133335461932644,0.32527632621319746,2.34,2.29,6889332.0,767932.0,3282229.0,4.52,4.3,4.34,2.23,87.0,44.0,45.0,42.0,61.0,-0.010536867186996531,0.5999999999999996,-1.5299999999999998,0.1899999999999995,1.4100000000000001,-1.2200000000000006,0.21999999999999975,0.17999999999999972
2024-12-27,5970.83984375,15.949999809265137,0.1287283085054212,0.02544024939155579,0.016570977410666893,0.008869271980888896,70.5999984741211,3.5139999389648438,4.0625,2617.199951171875,29.655000686645508,157.73,0.9018,0.227,1.09,100.3273,4.1,74.0,1480.0,717265.0,0.81,-0.48552,315.605,323.259,2.888057219980067,3.2133335461932644,0.32527632621319746,2.38,2.34,6885963.0,764770.0,3247382.0,4.62,4.31,4.31,2.28,87.0,44.0,45.0,42.0,61.0,0.0009231118374271041,0.5999999999999996,-1.5499999999999998,0.22999999999999954,1.4100000000000001,-1.1800000000000006,0.3100000000000005,0.3100000000000005
2025-01-03,5942.47021484375,16.1299991607666,0.13043862598969255,0.026017687292633124,0.017014235150078896,0.009003452142554227,73.95999908447266,3.3540000915527344,4.0395002365112305,2645.0,29.805999755859375,157.2,0.9096,0.293,1.245,100.0647,4.0,71.7,1460.0,711095.0,0.83,-0.4903,317.671,324.638,3.0004831121501097,3.282970485398584,0.2824873732484745,2.4,2.34,6852491.0,719873.0,3095997.0,4.6,4.28,4.34,2.26,84.0,34.0,46.0,38.0,69.0,-0.0033792306721129135,0.6200000000000001,-1.8199999999999998,0.21999999999999975,1.4500000000000002,-1.2300000000000004,0.3199999999999994,0.2599999999999998
2025-01-10,5827.0400390625,19.540000915527344,0.14086266945547915,0.03818116357788095,0.01984229164612358,0.01833887193175737,76.56999969482422,3.989000082015991,4.274499893188477,2708.5,31.090999603271484,157.68,0.9172,0.293,1.245,100.0647,4.0,71.7,1460.0,711095.0,0.83,-0.49647,317.671,324.638,3.0004831121501097,3.282970485398584,0.2824873732484745,2.51,2.43,6853554.0,652636.0,3254743.0,4.77,4.4,4.36,2.34,84.0,34.0,46.0,38.0,69.0,0.0005188592469818811,0.6200000000000001,-1.8199999999999998,0.010000000000000675,1.4500000000000002,-1.4399999999999995,0.3699999999999992,0.40999999999999925
2025-01-17,5996.66015625,15.970000267028809,0.15195712220699853,0.02550409085289002,0.023090966989432686,0.002413123863457333,77.87999725341797,3.947999954223633,4.337500095367432,2744.300048828125,30.951000213623047,156.3,0.9148,0.293,1.245,100.0647,4.0,71.7,1460.0,711095.0,0.82,-0.50183,317.671,324.638,3.0004831121501097,3.282970485398584,0.2824873732484745,2.52,2.41,6834070.0,641225.0,3340816.0,4.61,4.27,4.34,2.2,84.0,34.0,46.0,38.0,69.0,0.028649186471164954,0.6200000000000001,-1.9899999999999998,0.040000000000000036,1.4500000000000002,-1.4100000000000001,0.34000000000000075,0.27000000000000046
2025-01-24,6101.240234375,14.850000381469727,0.15384131778023177,0.022052251132965106,0.023667151056358256,-0.0016148999233931496,74.66000366210938,4.0269999504089355,4.289999961853027,2777.300048828125,31.023000717163086,155.58,0.9044,0.293,1.245,100.0647,4.0,71.7,1460.0,711095.0,0.8,-0.50689,317.671,324.638,3.0004831121501097,3.282970485398584,0.2824873732484745,2.52,2.43,6831760.0,677282.0,3332278.0,4.63,4.27,4.35,2.2,84.0,34.0,46.0,38.0,69.0,-0.008518838548471797,0.6200000000000001,-2.03,0.03000000000000025,1.4500000000000002,-1.42,0.3600000000000003,0.28000000000000025
2025-01-31,6040.52978515625,16.43000030517578,0.16094944026502891,0.026994491002807628,0.02590472232162611,0.0010897686811815188,72.52999877929688,3.0439999103546143,4.26200008392334,2812.5,32.12799835205078,154.91,0.9088,0.293,1.245,100.0647,4.0,71.7,1460.0,711095.0,0.82,-0.50989,317.671,324.638,3.0004831121501097,3.282970485398584,0.2824873732484745,2.54,2.42,6818186.0,784206.0,3224785.0,4.58,4.22,4.31,2.16,91.0,37.0,49.0,57.0,63.0,-0.016548837093917967,0.6200000000000001,-1.9499999999999997,0.009999999999999787,1.4500000000000002,-1.4400000000000004,0.3600000000000003,0.27000000000000046
2025-02-07,6025.990234375,16.540000915527344,0.13595673995067073,0.02735716302856454,0.018484235138014306,0.008872927890550233,71.0,3.309000015258789,4.581500053405762,2867.300048828125,32.334999084472656,151.3,0.9101,0.478,1.37,101.0993,4.2,64.7,1454.0,711757.0,0.84,-0.50896,319.082,325.465,2.82154895174751,3.13755688228059,0.31600793053307985,2.59,2.42,6810935.0,805593.0,3177065.0,4.49,4.29,4.35,2.07,91.0,37.0,49.0,57.0,63.0,-0.004327303971648859,0.5999999999999996,-1.7800000000000002,0.05999999999999961,1.4699999999999998,-1.4100000000000001,0.20000000000000018,0.14000000000000057
2025-02-14,6114.6298828125,14.770000457763672,0.12715551295810681,0.021815291352233906,0.01616852447563927,0.005646766876594635,70.73999786376953,3.7249999046325684,4.656499862670898,2883.60009765625,32.80099868774414,152.25,0.8983,0.478,1.37,101.0993,4.2,64.7,1454.0,711757.0,0.8,-0.5045,319.082,325.465,2.82154895174751,3.13755688228059,0.31600793053307985,2.62,2.43,6813513.0,828102.0,3220027.0,4.47,4.26,4.34,2.04,91.0,37.0,49.0,57.0,63.0,0.006436211879406055,0.5999999999999996,-1.83,0.03000000000000025,1.4699999999999998,-1.4399999999999995,0.20999999999999996,0.1299999999999999
2025-02-21,6013.1298828125,18.209999084472656,0.128853421445735,0.0331604066656495,0.0166032042182722,0.0165572024473773,70.4000015258789,4.234000205993652,4.559999942779541,2937.60009765625,32.97600173950195,149.49,0.899,0.478,1.37,101.0993,4.2,64.7,1454.0,711757.0,0.81,-0.49507,319.082,325.465,2.82154895174751,3.13755688228059,0.31600793053307985,2.61,2.42,6782332.0,790062.0,3270082.0,4.42,4.19,4.32,2.0,91.0,37.0,49.0,57.0,63.0,-0.03356093528305393,0.5999999999999996,-1.6700000000000004,0.08000000000000007,1.4699999999999998,-1.3899999999999997,0.22999999999999954,0.09999999999999964
2025-02-28,5954.5,19.6299991607666,0.12829154732114367,0.03853368670516975,0.016458721114053245,0.0220749655911165,69.76000213623047,3.8340001106262207,4.514500141143799,2836.800048828125,31.2189998626709,150.64,0.9019,0.478,1.37,101.0993,4.2,64.7,1454.0,711757.0,0.88,-0.4817,319.082,325.465,2.82154895174751,3.13755688228059,0.31600793053307985,2.58,2.38,6766101.0,681161.0,3327249.0,4.24,3.99,4.32,1.86,98.0,34.0,64.0,55.0,68.0,-0.005620884396446554,0.5999999999999996,-1.58,0.09999999999999964,1.4699999999999998,-1.37,0.25,-0.08000000000000007
2025-03-07,5770.2001953125,23.3700008392334,0.14673675556114676,0.05461569392257697,0.021531675432611735,0.03308401848996524,67.04000091552734,4.39900016784668,4.683000087738037,2904.699951171875,32.54800033569336,147.13,0.8774,0.477,1.485,101.0404,4.2,57.0,1481.0,722572.0,0.89,-0.46504,319.799,325.69,2.3907252538964974,2.808783050077035,0.4180577961805376,2.52,2.33,6756764.0,548331.0,3312625.0,4.32,3.99,4.34,1.99,98.0,34.0,64.0,55.0,68.0,-0.026140548682432062,0.6399999999999997,-1.31,0.08999999999999986,1.6499999999999995,-1.5599999999999996,0.33000000000000007,-0.019999999999999574
2025-03-14,5638.93994140625,21.770000457763672,0.1749056765977231,0.04739329199310305,0.030591995706107305,0.016801296286995743,67.18000030517578,4.104000091552734,4.869500160217285,2994.5,34.1870002746582,148.51,0.8855,0.477,1.485,101.0404,4.2,57.0,1481.0,722572.0,0.94,-0.4467,319.799,325.69,2.3907252538964974,2.808783050077035,0.4180577961805376,2.48,2.3,6759571.0,512581.0,3400235.0,4.31,4.02,4.33,2.01,98.0,34.0,64.0,55.0,68.0,0.0007779931071906603,0.6399999999999997,-1.0300000000000002,0.04999999999999982,1.6499999999999995,-1.5999999999999996,0.29000000000000004,-0.020000000000000462
2025-03-21,5667.56005859375,19.280000686645508,0.17802799186815474,0.03717184264770512,0.03169396588860777,0.005477876759097354,68.27999877929688,3.9800000190734863,5.087500095367432,3018.199951171875,33.290000915527344,148.98,0.8834,0.477,1.485,101.0404,4.2,57.0,1481.0,722572.0,0.92,-0.42878,319.799,325.69,2.3907252538964974,2.808783050077035,0.4180577961805376,2.51,2.33,6755982.0,435936.0,3467789.0,4.25,3.94,4.33,1.92,98.0,34.0,64.0,55.0,68.0,0.007388171420962413,0.6399999999999997,-1.0700000000000003,0.08999999999999986,1.6499999999999995,-1.5599999999999996,0.31000000000000005,-0.08000000000000007
2025-03-28,5580.93994140625,21.649999618530273,0.1894067166009679,0.046872248348236105,0.03587490429355936,0.010997344054676741,69.36000061035156,4.065000057220459,5.112500190734863,3086.5,34.64400100708008,150.26,0.8809,0.477,1.485,101.0404,4.2,57.0,1481.0,722572.0,0.94,-0.41199,319.799,325.69,2.3907252538964974,2.808783050077035,0.4180577961805376,2.58,2.37,6740253.0,360177.0,3450933.0,4.27,3.89,4.33,1.9,98.0,34.0,64.0,55.0,68.0,-0.009397618194344407,0.6399999999999997,-0.81,0.0699999999999994,1.6499999999999995,-1.58,0.37999999999999945,-0.0600000000000005
2025-04-04,5074.080078125,45.310001373291016,0.2867927225989559,0.20529962244476335,0.08225006573572166,0.12304955670904169,61.9900016784668,3.8369998931884766,4.384500026702881,3012.0,29.115999221801758,145.93,0.8547,0.477,1.31,101.1279,4.2,52.2,1422.0,721789.0,1.14,-0.39697,320.795,326.467,2.3112888616734883,2.7760200724699313,0.464731210796443,2.34,2.18,6723452.0,313326.0,3379339.0,4.01,3.68,4.28,1.83,97.0,30.0,59.0,52.0,64.0,-0.06350122538029268,0.7299999999999995,0.16999999999999993,0.1299999999999999,1.8999999999999995,-1.7699999999999996,0.3299999999999996,-0.27000000000000046
2025-04-11,5363.35986328125,37.560001373291016,0.41260774975944975,0.14107537031616227,0.1702451551615567,-0.029169784845394425,61.5,3.5269999504089355,4.507500171661377,3222.199951171875,31.823999404907227,143.57,0.8153,0.477,1.31,101.1279,4.2,52.2,1422.0,721789.0,1.18,-0.38619,320.795,326.467,2.3112888616734883,2.7760200724699313,0.464731210796443,2.33,2.2,6727416.0,306049.0,3474682.0,4.48,3.96,4.34,2.28,97.0,30.0,59.0,52.0,64.0,0.02589363442920608,0.7299999999999995,-0.020000000000000462,0.14999999999999947,1.8999999999999995,-1.75,0.5200000000000005,0.14000000000000057
2025-04-18,5282.7001953125,29.649999618530273,0.4105377687185788,0.08791224773788456,0.16854125954442928,-0.08062901180654472,64.68000030517578,3.244999885559082,4.731500148773193,3308.699951171875,32.41999816894531,142.22,0.8174,0.477,1.31,101.1279,4.2,52.2,1422.0,721789.0,1.11,-0.3866,320.795,326.467,2.3112888616734883,2.7760200724699313,0.464731210796443,2.26,2.23,6727113.0,422983.0,3452030.0,4.34,3.81,4.34,2.11,97.0,30.0,59.0,52.0,64.0,-0.012280852462205116,0.7299999999999995,-0.2600000000000007,0.16999999999999993,1.8999999999999995,-1.7299999999999995,0.5299999999999998,0.0
2025-04-25,5525.2099609375,24.84000015258789,0.42188133364179997,0.06170256075805664,0.17798385967538374,-0.11628129891732711,63.02000045776367,2.937000036239624,4.8354997634887695,3282.39990234375,32.98899841308594,143.75,0.8285,0.477,1.31,101.1279,4.2,52.2,1422.0,721789.0,1.04,-0.39309,320.795,326.467,2.3112888616734883,2.7760200724699313,0.464731210796443,2.32,2.27,6726930.0,606632.0,3256734.0,4.29,3.74,4.32,2.02,97.0,30.0,59.0,52.0,64.0,0.035006651414373494,0.7299999999999995,-0.6100000000000003,0.03000000000000025,1.8999999999999995,-1.8699999999999992,0.5499999999999998,-0.03000000000000025
2025-05-02,5686.669921875,22.68000030517578,0.4174302396148732,0.051438241384277356,0.17424800494493045,-0.1228097635606531,58.290000915527344,3.630000114440918,4.627500057220459,3231.89990234375,31.98900032043457,144.52,0.8262,0.477,1.5,100.9655,4.3,52.2,1394.0,716101.0,1.06,-0.40638,321.465,326.893,2.354896535474671,2.7658403935930886,0.4109438581184177,2.31,2.27,6709277.0,595741.0,3219214.0,4.33,3.83,4.33,2.06,95.0,33.0,61.0,50.0,69.0,0.015712566170453652,0.75,-0.8199999999999998,0.07000000000000028,1.87,-1.7999999999999998,0.5,0.0
2025-05-09,5659.91015625,21.899999618530273,0.4143676453498325,0.04796099832916262,0.17170054551276456,-0.12373954718360194,61.02000045776367,3.7950000762939453,4.611000061035156,3335.39990234375,32.67599868774414,145.15,0.8298,0.477,1.5,100.9655,4.3,52.2,1394.0,716101.0,1.02,-0.42359,321.465,326.893,2.354896535474671,2.7658403935930886,0.4109438581184177,2.39,2.29,6710889.0,583727.0,3218636.0,4.37,3.88,4.34,2.08,95.0,33.0,61.0,50.0,69.0,0.018980018264600346,0.75,-0.8900000000000001,0.07000000000000028,1.87,-1.7999999999999998,0.4900000000000002,0.03000000000000025
2025-05-16,5958.3798828125,17.239999771118164,0.3914171119886484,0.029721759210815435,0.15320735555753415,-0.12348559634671871,62.4900016784668,3.3340001106262207,4.555500030517578,3182.0,32.15800094604492,146.02,0.8396,0.477,1.5,100.9655,4.3,52.2,1394.0,716101.0,0.93,-0.44104,321.465,326.893,2.354896535474671,2.7658403935930886,0.4109438581184177,2.42,2.34,6713270.0,575846.0,3235723.0,4.43,3.98,4.37,2.09,95.0,33.0,61.0,50.0,69.0,0.0368344328726072,0.75,-1.2599999999999998,0.03000000000000025,1.87,-1.8399999999999999,0.44999999999999973,0.05999999999999961
2025-05-23,5802.81982421875,22.290000915527344,0.19594633860165012,0.049684414081420984,0.038394967611392515,0.011289446470028469,61.529998779296875,3.3340001106262207,4.80649995803833,3363.60009765625,33.44200134277344,142.61,0.8214,0.477,1.5,100.9655,4.3,52.2,1394.0,716101.0,0.93,-0.45569,321.465,326.893,2.354896535474671,2.7658403935930886,0.4109438581184177,2.4,2.33,6688726.0,503055.0,3289469.0,4.51,4.0,4.36,2.18,95.0,33.0,61.0,50.0,69.0,-0.015908103924414142,0.75,-1.02,0.05999999999999961,1.87,-1.8100000000000005,0.5099999999999998,0.14999999999999947
2025-05-30,5911.68994140625,18.56999969482422,0.18302398486730667,0.03448448886657716,0.0334977790367081,0.0009867098298690577,60.790000915527344,3.447000026702881,4.652500152587891,3288.89990234375,32.891998291015625,144.18,0.8229,0.477,1.5,100.9655,4.3,52.2,1394.0,716101.0,0.91,-0.46757,321.465,326.893,2.354896535474671,2.7658403935930886,0.4109438581184177,2.39,2.34,6673244.0,467204.0,3270661.0,4.41,3.89,4.36,2.07,95.0,33.0,61.0,50.0,69.0,-0.0032319283994381998,0.75,-1.1099999999999999,0.04999999999999982,1.87,-1.8200000000000003,0.52,0.04999999999999982
2025-06-06,6000.35986328125,16.770000457763672,0.1425735780840476,0.02812329153533938,0.02032722516768802,0.007796066367651358,64.58000183105469,3.7839999198913574,4.829999923706055,3322.699951171875,36.025001525878906,144.87,0.822,0.477,1.42,101.4785,4.1,60.7,1393.0,723033.0,0.87,-0.47675,322.561,327.658,2.669213018222316,2.910895442696071,0.24168242447375476,2.35,2.31,6672885.0,378947.0,3294381.0,4.51,4.04,4.43,2.2,84.0,33.0,63.0,51.0,71.0,0.01731974602872584,0.6900000000000004,-1.29,0.07000000000000028,1.7700000000000005,-1.7000000000000002,0.46999999999999975,0.08000000000000007
2025-06-13,5976.97021484375,20.81999969482422,0.14805224897216362,0.043347238729248054,0.021919468425715526,0.021427770303532528,72.9800033569336,3.5810000896453857,4.802999973297119,3431.199951171875,36.28099822998047,144.04,0.8116,0.477,1.42,101.4785,4.1,60.7,1393.0,723033.0,0.88,-0.48425,322.561,327.658,2.669213018222316,2.910895442696071,0.24168242447375476,2.31,2.28,6677155.0,332907.0,3407108.0,4.41,3.96,4.45,2.13,84.0,33.0,63.0,51.0,71.0,-0.0006694381292623821,0.6900000000000004,-1.1999999999999997,0.04999999999999982,1.7700000000000005,-1.7200000000000006,0.4500000000000002,-0.040000000000000036
2025-06-20,5967.83984375,20.6200008392334,0.143746076871609,0.04251844346099861,0.020662934615978526,0.021855508845020084,74.93000030517578,3.8469998836517334,4.826000213623047,3368.10009765625,35.97600173950195,145.92,0.8175,0.477,1.42,101.4785,4.1,60.7,1393.0,723033.0,0.88,-0.4907,322.561,327.658,2.669213018222316,2.910895442696071,0.24168242447375476,2.37,2.33,6681056.0,337762.0,3406366.0,4.38,3.9,4.39,2.05,84.0,33.0,63.0,51.0,71.0,0.012073808315741896,0.6900000000000004,-1.25,0.11000000000000032,1.7700000000000005,-1.6600000000000001,0.48,-0.009999999999999787
2025-06-27,6173.06982421875,16.31999969482422,0.1182456042286321,0.02663423900390626,0.013982022919394299,0.012652216084511963,65.5199966430664,3.739000082015991,5.06850004196167,3273.699951171875,36.0369987487793,144.74,0.7989,0.477,1.42,101.4785,4.1,60.7,1393.0,723033.0,0.88,-0.49741,322.561,327.658,2.669213018222316,2.910895442696071,0.24168242447375476,2.31,2.29,6662200.0,364375.0,3369328.0,4.29,3.73,4.39,2.0,84.0,33.0,63.0,51.0,71.0,0.013182345336517928,0.6900000000000004,-1.3599999999999999,0.10999999999999943,1.7700000000000005,-1.660000000000001,0.56,-0.09999999999999964
2025-07-04,6279.35009765625,16.3799991607666,0.11850328843743753,0.026830437250671454,0.014043029370486515,0.01278740788018494,66.5,3.38700008392334,5.018499851226807,3332.5,36.775001525878906,144.96,0.7951,0.478,1.545,101.894,4.3,61.7,1362.0,727727.0,0.8,-0.50439,323.048,328.682,2.7049023971513986,3.0544930080893096,0.349590610937911,2.37,2.33,6659598.0,359516.0,3225980.0,4.35,3.88,4.42,2.02,84.0,36.0,66.0,53.0,74.0,0.010144815303198959,0.6499999999999995,-1.5899999999999999,0.0600000000000005,1.71,-1.6499999999999995,0.46999999999999975,-0.07000000000000028
2025-07-11,6259.75,16.399999618530273,0.09135332467437457,0.02689599874877931,0.008345429929061694,0.018550568819717617,68.44999694824219,3.313999891281128,5.561999797821045,3356.0,38.67599868774414,147.29,0.7962,0.478,1.545,101.894,4.3,61.7,1362.0,727727.0,0.83,-0.51092,323.048,328.682,2.7049023971513986,3.0544930080893096,0.349590610937911,2.44,2.37,6661912.0,319889.0,3330249.0,4.43,3.9,4.41,2.06,84.0,36.0,66.0,53.0,74.0,0.005192077326302336,0.6499999999999995,-1.4199999999999995,0.009999999999999787,1.71,-1.7000000000000002,0.5299999999999998,0.019999999999999574
2025-07-18,6296.7900390625,16.40999984741211,0.09233353737545866,0.02692880949920655,0.00852548212426522,0.01840332737494133,67.33999633789062,3.565000057220459,5.578000068664551,3353.0,38.222999572753906,148.55,0.8001,0.478,1.545,101.894,4.3,61.7,1362.0,727727.0,0.8,-0.51597,323.048,328.682,2.7049023971513986,3.0544930080893096,0.349590610937911,2.5,2.41,6659273.0,296247.0,3398822.0,4.44,3.88,4.4,2.03,84.0,36.0,66.0,53.0,74.0,0.000808850081619017,0.6499999999999995,-1.4599999999999995,0.04999999999999982,1.71,-1.6600000000000001,0.5600000000000005,0.040000000000000036
2025-07-25,6388.64013671875,14.930000305175781,0.08681042931833348,0.02229049091125489,0.007536050638433373,0.014754440272821518,65.16000366210938,3.109999895095825,5.763500213623047,3334.0,38.16699981689453,147.77,0.7965,0.478,1.545,101.894,4.3,61.7,1362.0,727727.0,0.78,-0.5202,323.048,328.682,2.7049023971513986,3.0544930080893096,0.349590610937911,2.47,2.44,6657715.0,323176.0,3362277.0,4.4,3.91,4.42,1.96,84.0,36.0,66.0,53.0,74.0,-0.0015785344037790132,0.6499999999999995,-1.5499999999999998,0.05999999999999961,1.71,-1.6500000000000004,0.4900000000000002,-0.019999999999999574
2025-08-01,6238.009765625,20.3799991607666,0.08877657676777288,0.04153443657928474,0.007881280582604271,0.033653155996680464,67.33000183105469,3.0829999446868896,4.412499904632568,3347.699951171875,36.7869987487793,148.06,0.8068,0.477,1.6,101.6247,4.3,58.2,1330.0,731700.0,0.82,-0.52305,323.976,329.7,2.9161742842984006,3.111806098514469,0.19563181421606846,2.38,2.33,6642578.0,370507.0,3347414.0,4.23,3.69,4.35,1.9,96.0,42.0,72.0,57.0,79.0,-0.02161672885850792,0.6500000000000004,-1.13,0.0699999999999994,1.7400000000000002,-1.6700000000000008,0.5400000000000005,-0.11999999999999922
2025-08-08,6389.4501953125,15.149999618530273,0.09240815204587292,0.022952248844146747,0.008539266564533169,0.014412982279613578,63.880001068115234,2.990000009536743,4.45550012588501,3439.10009765625,38.41699981689453,147.7,0.8073,0.477,1.6,101.6247,4.3,58.2,1330.0,731700.0,0.8,-0.52482,323.976,329.7,2.9161742842984006,3.111806098514469,0.19563181421606846,2.46,2.39,6640843.0,421043.0,3332492.0,4.27,3.76,4.32,1.88,96.0,42.0,72.0,57.0,79.0,0.007435867808702755,0.6500000000000004,-1.3199999999999998,0.1200000000000001,1.7400000000000002,-1.62,0.5099999999999998,-0.05000000000000071
2025-08-15,6449.7998046875,15.09000015258789,0.09402678687401742,0.022770810460510254,0.008841036649851893,0.013929773810658361,62.79999923706055,2.9159998893737793,4.478000164031982,3336.0,37.89400100708008,147.0,0.8061,0.477,1.6,101.6247,4.3,58.2,1330.0,731700.0,0.75,-0.52732,323.976,329.7,2.9161742842984006,3.111806098514469,0.19563181421606846,2.42,2.38,6643615.0,504304.0,3320050.0,4.33,3.75,4.3,1.95,96.0,42.0,72.0,57.0,79.0,-0.0014838560923039843,0.6500000000000004,-1.38,0.17999999999999972,1.7400000000000002,-1.5600000000000005,0.5800000000000001,0.03000000000000025
2025-08-22,6466.91015625,14.220000267028809,0.10091498283477533,0.020220840759429943,0.010183833760543,0.010037006998886943,63.65999984741211,2.697999954223633,4.447500228881836,3374.39990234375,39.00299835205078,146.82,0.8016,0.477,1.6,101.6247,4.3,58.2,1330.0,731700.0,0.77,-0.52843,323.976,329.7,2.9161742842984006,3.111806098514469,0.19563181421606846,2.48,2.41,6618415.0,519534.0,3317292.0,4.26,3.68,4.27,1.85,96.0,42.0,72.0,57.0,79.0,0.007980126040901073,0.6500000000000004,-1.38,0.05000000000000071,1.7400000000000002,-1.6899999999999995,0.5799999999999996,-0.009999999999999787
2025-08-29,6460.259765625,15.359999656677246,0.10300239266699167,0.02359295894531251,0.010609492895125139,0.01298346605018737,64.01000213623047,2.996999979019165,4.518499851226807,3473.699951171875,40.20000076293945,146.9,0.7996,0.477,1.6,101.6247,4.3,58.2,1330.0,731700.0,0.8,-0.5293,323.976,329.7,2.9161742842984006,3.111806098514469,0.19563181421606846,2.47,2.41,6603384.0,589998.0,3224967.0,4.23,3.59,4.23,1.82,96.0,42.0,72.0,57.0,79.0,0.018915792124518067,0.6500000000000004,-1.44,0.10000000000000053,1.7400000000000002,-1.6399999999999997,0.6400000000000006,0.0
2025-09-05,6481.5,15.180000305175781,0.10715707182566964,0.02304324092651368,0.011482638042251721,0.01156060288426196,61.869998931884766,3.0480000972747803,4.482500076293945,3613.199951171875,41.07400131225586,146.84,0.7958,0.477,1.645,101.668,4.4,55.1,1415.0,732192.0,0.79,-0.52935,324.8,330.418,3.0126767755256134,3.0199668258857892,0.007290050360175826,2.42,2.37,6602071.0,597513.0,3181701.0,4.1,3.51,4.07,1.73,93.0,45.0,77.0,56.0,80.0,-0.005780011485051843,0.6200000000000001,-1.29,0.25,1.71,-1.46,0.5899999999999999,0.02999999999999936
2025-09-12,6584.2900390625,14.760000228881836,0.1077926596883676,0.021785760675659186,0.011619257482692229,0.010166503192966957,62.689998626708984,2.940999984741211,4.588500022888184,3649.39990234375,42.387001037597656,147.85,0.7975,0.477,1.645,101.668,4.4,55.1,1415.0,732192.0,0.77,-0.52947,324.8,330.418,3.0126767755256134,3.0199668258857892,0.007290050360175826,2.42,2.36,6605962.0,672274.0,3160774.0,4.06,3.56,4.08,1.7,93.0,45.0,77.0,56.0,80.0,0.006077650649353024,0.6200000000000001,-1.33,0.020000000000000018,1.71,-1.69,0.49999999999999956,-0.020000000000000462
2025-09-19,6664.35986328125,15.449999809265137,0.08453393585264041,0.023870249410629273,0.007145986310738323,0.01672426309989095,62.68000030517578,2.888000011444092,4.568999767303467,3671.5,42.5359992980957,147.83,0.7949,0.477,1.645,101.668,4.4,55.1,1415.0,732192.0,0.74,-0.52821,324.8,330.418,3.0126767755256134,3.0199668258857892,0.007290050360175826,2.43,2.39,6608597.0,756376.0,3073355.0,4.14,3.57,4.03,1.75,93.0,45.0,77.0,56.0,80.0,0.016221694757681204,0.6200000000000001,-1.4,0.029999999999999805,1.71,-1.6800000000000002,0.5699999999999998,0.10999999999999943
2025-09-26,6643.7001953125,15.289999961853027,0.08311093033833909,0.023378409883346555,0.006907426741704253,0.016470983141642304,65.72000122070312,2.8350000381469727,4.7154998779296875,3775.300048828125,46.22100067138672,149.52,0.7985,0.477,1.645,101.668,4.4,55.1,1415.0,732192.0,0.75,-0.52719,324.8,330.418,3.0126767755256134,3.0199668258857892,0.007290050360175826,2.42,2.38,6608395.0,804856.0,3002218.0,4.2,3.63,4.02,1.82,93.0,45.0,77.0,56.0,80.0,0.0007964005081699068,0.6200000000000001,-1.37,0.020000000000000018,1.71,-1.69,0.5700000000000003,0.1800000000000006
2025-10-03,6715.7900390625,16.649999618530273,0.07777864632552078,0.027722248729705825,0.006049517824230448,0.021672730905475376,60.880001068115234,3.3239998817443848,5.058000087738037,3880.800048828125,47.59700012207031,147.33,0.7949,0.477,1.655,101.2075,4.4,53.6,1411.0,731051.0,0.75,-0.5258,324.8,330.418,3.0126767755256134,3.0199668258857892,0.007290050360175826,2.38,2.33,6587119.0,805139.0,2966094.0,4.13,3.58,4.03,1.8,96.0,45.0,100.0,66.0,76.0,-0.030473343021305478,0.6100000000000003,-1.2599999999999998,0.08999999999999986,1.6800000000000006,-1.5900000000000007,0.5499999999999998,0.09999999999999964
2025-10-10,6552.509765625,21.65999984741211,0.10765805347270678,0.046915559338989256,0.011590256477532193,0.03532530286145706,58.900001525878906,3.1059999465942383,4.848499774932861,3975.89990234375,46.9379997253418,151.94,0.8015,0.477,1.655,101.2075,4.4,53.6,1411.0,731051.0,0.81,-0.52355,324.8,330.418,3.0126767755256134,3.0199668258857892,0.007290050360175826,2.35,2.3,6590815.0,807428.0,2998471.0,4.05,3.52,4.02,1.75,96.0,45.0,100.0,66.0,76.0,-0.03165496119692916,0.6100000000000003,-0.8799999999999994,-0.009999999999999787,1.6800000000000006,-1.6900000000000004,0.5299999999999998,0.03000000000000025
2025-10-17,6664.009765625,20.780000686645508,0.11191287245207422,0.04318084285369878,0.012524491020474234,0.03065635183322455,57.540000915527344,3.007999897003174,4.93149995803833,4189.89990234375,49.86399841308594,150.33,0.7919,0.477,1.655,101.2075,4.4,53.6,1411.0,731051.0,0.8,-0.51975,324.8,330.418,3.0126767755256134,3.0199668258857892,0.007290050360175826,2.29,2.27,6596454.0,809593.0,3019028.0,4.02,3.46,4.0,1.75,96.0,45.0,100.0,66.0,76.0,-0.0010912830344476099,0.6100000000000003,-1.0199999999999996,0.010000000000000231,1.6800000000000006,-1.6700000000000004,0.5599999999999996,0.019999999999999574
2025-10-24,6791.68994140625,16.3700008392334,0.11716867155343148,0.026797692747650214,0.013728497593595904,0.01306919515405431,61.5,3.303999900817871,5.093500137329102,4118.39990234375,48.37699890136719,152.82,0.7958,0.477,1.655,101.2075,4.4,53.6,1411.0,731051.0,0.77,-0.51639,324.8,330.418,3.0126767755256134,3.0199668258857892,0.007290050360175826,2.4,2.29,6589533.0,908001.0,2933037.0,4.02,3.48,3.93,1.73,96.0,45.0,100.0,66.0,76.0,0.0167410913130559,0.6100000000000003,-1.1799999999999997,0.14000000000000012,1.6800000000000006,-1.5400000000000005,0.5399999999999996,0.08999999999999941
2025-10-31,6840.2001953125,17.440000534057617,0.124314460766124,0.030415361862793,0.015454085155572183,0.014961276707220816,60.97999954223633,4.124000072479248,5.065499782562256,3982.199951171875,47.99399948120117,154.05,0.8027,0.477,1.655,101.2075,4.4,53.6,1411.0,731051.0,0.8,-0.51263,324.8,330.418,3.0126767755256134,3.0199668258857892,0.007290050360175826,2.4,2.3,6587034.0,957990.0,2848021.0,4.11,3.6,3.89,1.81,95.0,85.0,81.0,50.0,82.0,0.021734443997234454,0.6100000000000003,-1.1199999999999997,0.14000000000000012,1.6800000000000006,-1.5400000000000005,0.5100000000000002,0.2200000000000002
2025-11-07,6728.7998046875,19.079999923706055,0.13055478803884527,0.0364046397088623,0.017044552679867816,0.019360087028994482,59.75,4.315000057220459,4.938000202178955,3999.39990234375,48.016998291015625,153.06,0.804,0.478,1.805,101.3605,4.5,51.0,1388.0,734718.0,0.84,-0.50928,324.122,331.043,2.735084455122627,2.5990448060944082,-0.13603964902821897,2.36,2.28,6572732.0,940979.0,2862569.0,4.11,3.55,3.92,1.83,95.0,85.0,81.0,50.0,82.0,-0.015985906533305155,0.6000000000000005,-0.94,0.10000000000000009,1.7700000000000005,-1.6700000000000004,0.5600000000000005,0.1900000000000004
2025-11-14,6734.10986328125,19.829999923706055,0.14586212228986767,0.03932288969741821,0.02127575871890431,0.018047130978513903,60.09000015258789,4.565999984741211,5.049499988555908,4087.60009765625,50.59000015258789,154.64,0.7933,0.478,1.805,101.3605,4.5,51.0,1388.0,734718.0,0.83,-0.50749,324.122,331.043,2.735084455122627,2.5990448060944082,-0.13603964902821897,2.38,2.28,6580462.0,953816.0,2855030.0,4.14,3.62,3.95,1.86,95.0,85.0,81.0,50.0,82.0,-0.01129260112272279,0.6000000000000005,-1.02,0.07000000000000028,1.7700000000000005,-1.7000000000000002,0.5199999999999996,0.1899999999999995
2025-11-21,6602.990234375,23.43000030517578,0.13608638625093947,0.054896491430053714,0.018519504522839885,0.03637698690721383,58.060001373291016,4.579999923706055,5.008500099182129,4076.699951171875,49.87300109863281,156.58,0.8087,0.478,1.805,101.3605,4.5,51.0,1388.0,734718.0,0.86,-0.50702,324.122,331.043,2.735084455122627,2.5990448060944082,-0.13603964902821897,2.32,2.24,6555283.0,941926.0,2888643.0,4.06,3.51,3.9,1.82,95.0,85.0,81.0,50.0,82.0,-0.03002856268563825,0.6000000000000005,-0.8999999999999999,0.1200000000000001,1.7700000000000005,-1.6500000000000004,0.5499999999999998,0.1599999999999997
2025-11-28,6849.08984375,16.350000381469727,0.13802786369016876,0.026732251247406018,0.019051691154871805,0.007680560092534212,58.54999923706055,4.849999904632568,5.185500144958496,4218.2998046875,56.44599914550781,156.17,0.8036,0.478,1.805,101.3605,4.5,51.0,1388.0,734718.0,0.82,-0.50887,324.122,331.043,2.735084455122627,2.5990448060944082,-0.13603964902821897,2.29,2.23,6552419.0,903394.0,2896586.0,4.02,3.47,3.88,1.79,95.0,85.0,81.0,50.0,82.0,0.011125235555329512,0.6000000000000005,-1.1399999999999997,0.14000000000000012,1.7700000000000005,-1.6300000000000003,0.5499999999999994,0.13999999999999968
2025-12-05,6870.39990234375,15.40999984741211,0.13382584243636506,0.023746809529724123,0.017909356103802804,0.0058374534259213184,60.08000183105469,5.289000034332275,5.381999969482422,4212.89990234375,58.422000885009766,155.3,0.805,0.557,2.06,101.6781,4.4,52.9,1455.0,734685.0,0.79,-0.51232,324.054,331.814,2.6770805278750087,2.6464847073089937,-0.030595820566015064,2.34,2.26,6535781.0,937167.0,2858284.0,4.14,3.56,3.71,1.88,96.0,92.0,82.0,41.0,84.0,0.03684068863441096,0.5900000000000007,-1.2899999999999996,0.25,1.7600000000000007,-1.5100000000000007,0.5799999999999996,0.4299999999999997
2025-12-12,6827.41015625,15.739999771118164,0.12968553210947897,0.02477475927947998,0.0168183372385187,0.00795642204096128,57.439998626708984,4.11299991607666,5.2835001945495605,4300.10009765625,61.36199951171875,155.81,0.796,0.557,2.06,101.6781,4.4,52.9,1455.0,734685.0,0.8,-0.51749,324.054,331.814,2.6770805278750087,2.6464847073089937,-0.030595820566015064,2.32,2.26,6539303.0,858946.0,2932112.0,4.19,3.52,3.63,1.93,96.0,92.0,82.0,41.0,84.0,0.004526732374416993,0.5900000000000007,-1.2299999999999995,0.10999999999999988,1.7600000000000007,-1.6500000000000008,0.6700000000000004,0.5600000000000005
2025-12-19,6834.5,14.90999984741211,0.12919720651405303,0.02223080954498291,0.016691918171034867,0.005538891373948043,56.65999984741211,3.9839999675750732,5.439499855041504,4361.39990234375,66.84500122070312,157.43,0.795,0.557,2.06,101.6781,4.4,52.9,1455.0,734685.0,0.8,-0.52564,324.054,331.814,2.6770805278750087,2.6464847073089937,-0.030595820566015064,2.27,2.24,6556861.0,833093.0,2959044.0,4.16,3.48,3.62,1.92,96.0,92.0,82.0,41.0,84.0,-0.0006030231860777815,0.5900000000000007,-1.2399999999999998,0.10999999999999988,1.7600000000000007,-1.6500000000000008,0.6800000000000002,0.54
2025-12-26,6929.93994140625,13.600000381469727,0.12360875423080414,0.01849600103759767,0.01527912412249134,0.0032168769151063297,56.7400016784668,4.366000175476074,5.766499996185303,4529.10009765625,76.48600006103516,156.63,0.79,0.557,2.06,101.6781,4.4,52.9,1455.0,734685.0,0.79,-0.53631,324.054,331.814,2.6770805278750087,2.6464847073089937,-0.030595820566015064,2.22,2.23,6581231.0,837120.0,2955581.0,4.14,3.46,3.64,1.91,96.0,92.0,82.0,41.0,84.0,0.0054587698502577275,0.5900000000000007,-1.2799999999999998,0.08999999999999986,1.7600000000000007,-1.6700000000000008,0.6799999999999997,0.49999999999999956
